{
"type": "FeatureCollection",
"name": "catchments_hs",
"crs": { "type": "name", "properties": { "name": "urn:ogc:def:crs:OGC:1.3:CRS84" } },
"features": [
{ "type": "Feature", "properties": { "HS_ID": "1010", "HS_Name": "Bartram, John", "HS_Grade": "9-12" }, "geometry": { "type": "Polygon", "coordinates": [ [ [ -75.208732996512211, 39.946840008824537 ], [ -75.208537796493673, 39.945761818078836 ], [ -75.208384411369309, 39.945655609614157 ], [ -75.208270247125668, 39.94576580082321 ], [ -75.208111370645426, 39.945665425032281 ], [ -75.207467621987561, 39.945281924510311 ], [ -75.205838832435006, 39.944319761683452 ], [ -75.205488679983603, 39.944112922210614 ], [ -75.20532648644479, 39.944081111798852 ], [ -75.204604890228694, 39.943954452972676 ], [ -75.203294210850473, 39.944083011965688 ], [ -75.203054507415686, 39.943622628121254 ], [ -75.203843894892415, 39.943159031803418 ], [ -75.204546857570676, 39.942551994291264 ], [ -75.205033088832465, 39.941841089418539 ], [ -75.205151124104518, 39.941109705274719 ], [ -75.205159163673954, 39.940658015609316 ], [ -75.205165335117712, 39.940273277762493 ], [ -75.205162132091999, 39.938603951228068 ], [ -75.205161751335865, 39.938405283949507 ], [ -75.205166128105844, 39.937061048418542 ], [ -75.205375906404626, 39.935877028775224 ], [ -75.205597131106956, 39.93548447427488 ], [ -75.205848477311434, 39.935038461585521 ], [ -75.206425414322666, 39.934357865804564 ], [ -75.207572912607404, 39.933166337097873 ], [ -75.20969119752047, 39.930835934591173 ], [ -75.2105231926855, 39.929722293704202 ], [ -75.210743554246989, 39.929267201457165 ], [ -75.211160537468118, 39.928406227444718 ], [ -75.211576304820099, 39.927608832401482 ], [ -75.212147221216824, 39.926347893775571 ], [ -75.2124034902631, 39.925391307200861 ], [ -75.212558014111181, 39.92420605590867 ], [ -75.212367731396611, 39.923395248822935 ], [ -75.211954448365759, 39.922650256788586 ], [ -75.211116703134039, 39.921952470057143 ], [ -75.209941368010547, 39.921190596095826 ], [ -75.208883167744546, 39.920983189008737 ], [ -75.207711093453923, 39.920872302717115 ], [ -75.206478643116256, 39.920901574082293 ], [ -75.205240901149082, 39.921072222050803 ], [ -75.203753481983398, 39.92103920149291 ], [ -75.202621675466858, 39.920589535899154 ], [ -75.202039540570226, 39.919939811356137 ], [ -75.201994528607543, 39.919781946952661 ], [ -75.201844627725123, 39.919256237059905 ], [ -75.201944575108826, 39.918550913909932 ], [ -75.202463861633234, 39.917444533142344 ], [ -75.20359825025902, 39.915615965798992 ], [ -75.204108834833164, 39.914495235089639 ], [ -75.204704144634945, 39.913319778727612 ], [ -75.205422666925799, 39.912288564424024 ], [ -75.206358320653379, 39.911347068097314 ], [ -75.207216129997846, 39.911012324931868 ], [ -75.208480502756288, 39.910615834252646 ], [ -75.209491383966537, 39.910609938141782 ], [ -75.212279003769424, 39.910756583074331 ], [ -75.213561389884205, 39.910615150981968 ], [ -75.214645806191967, 39.910115556509176 ], [ -75.215307921057587, 39.90960661702622 ], [ -75.215683644214565, 39.908893231045681 ], [ -75.215696464108163, 39.907563337006181 ], [ -75.215457612897822, 39.905591091598396 ], [ -75.215111478205699, 39.903786283051382 ], [ -75.214686441147393, 39.90188067180712 ], [ -75.214052011475729, 39.900663816645171 ], [ -75.213583251415216, 39.899931753250279 ], [ -75.212110552751284, 39.898285960912069 ], [ -75.211572290800078, 39.897836224048731 ], [ -75.210631792380283, 39.897050385553577 ], [ -75.209537912290003, 39.896332755669114 ], [ -75.208116811443375, 39.895522952552717 ], [ -75.206431881689866, 39.894891238246629 ], [ -75.204673561297298, 39.894257866007919 ], [ -75.202200101944896, 39.893834988846379 ], [ -75.200409179792786, 39.8935829020716 ], [ -75.197918846051294, 39.892876535363982 ], [ -75.197348498685358, 39.89255420050884 ], [ -75.196641613074547, 39.892154693323199 ], [ -75.195377006373931, 39.890852930227915 ], [ -75.195005540562263, 39.889005029920099 ], [ -75.194744220218212, 39.887159583817478 ], [ -75.194351056761107, 39.884179124399644 ], [ -75.194232585698742, 39.881954784067588 ], [ -75.193727941876617, 39.880018780224418 ], [ -75.193249884883642, 39.878184668892878 ], [ -75.194306209732133, 39.877583978488516 ], [ -75.198859180208203, 39.875317130956333 ], [ -75.205792173189195, 39.871571579248439 ], [ -75.211984879979028, 39.867472844805398 ], [ -75.216038144711746, 39.87111631570761 ], [ -75.215789218220948, 39.875042240934121 ], [ -75.215727268053087, 39.87601919374201 ], [ -75.215722592138533, 39.876096865692517 ], [ -75.21590037854007, 39.876060781394173 ], [ -75.216047822062393, 39.87602589451069 ], [ -75.216204131129345, 39.875992188274303 ], [ -75.216360077822728, 39.875956244738127 ], [ -75.216700704418287, 39.875877910409237 ], [ -75.216845890451694, 39.875844428626245 ], [ -75.217013873818459, 39.875808276381157 ], [ -75.217516602322604, 39.875746705422642 ], [ -75.21770149581333, 39.875721042352993 ], [ -75.217859926485886, 39.875702143680627 ], [ -75.218034365777797, 39.875684070651531 ], [ -75.218324898930575, 39.875679545594913 ], [ -75.218856771168319, 39.875673033149127 ], [ -75.219241092172595, 39.875592848119794 ], [ -75.219444406425296, 39.875545105533405 ], [ -75.219635031682444, 39.875498169895089 ], [ -75.219737237457778, 39.875477555821803 ], [ -75.220865390162473, 39.875571534280418 ], [ -75.22104101539999, 39.875587046031967 ], [ -75.221264212911038, 39.875606141876695 ], [ -75.222083884585402, 39.875675620762372 ], [ -75.222699195786177, 39.875731361270077 ], [ -75.22287056878406, 39.87575196887402 ], [ -75.223110540083056, 39.875780408591503 ], [ -75.223765939687311, 39.875859138785479 ], [ -75.224654138197991, 39.876024380546433 ], [ -75.224857674190901, 39.8760613443255 ], [ -75.225028589244658, 39.876094672396718 ], [ -75.225952704134187, 39.876267935805863 ], [ -75.22686666491272, 39.876404688473905 ], [ -75.227119147074717, 39.876437058648378 ], [ -75.228471672826785, 39.876632398326834 ], [ -75.228725560683515, 39.87666862419978 ], [ -75.228906784980339, 39.876693811084024 ], [ -75.229986333495788, 39.876848180427515 ], [ -75.230476795982369, 39.876890064343421 ], [ -75.230644758102429, 39.876902553720996 ], [ -75.230847274459833, 39.876920306590229 ], [ -75.231026787909158, 39.876936971392126 ], [ -75.23189970450801, 39.877014402944106 ], [ -75.232310483023142, 39.877057607485561 ], [ -75.232549371537957, 39.877083032876712 ], [ -75.23265783054886, 39.877094397632689 ], [ -75.232814890368616, 39.877112434108788 ], [ -75.232991685687722, 39.877129481194835 ], [ -75.233271045478659, 39.877155990450177 ], [ -75.233987749883966, 39.877179587672849 ], [ -75.234122264614854, 39.877182205026124 ], [ -75.234303047288307, 39.877137171584202 ], [ -75.234481910443733, 39.877095781699651 ], [ -75.234664034926425, 39.877052144866887 ], [ -75.235025554661647, 39.876965732166859 ], [ -75.23553897150353, 39.876752877526108 ], [ -75.235796754047612, 39.876580401562144 ], [ -75.235928340183406, 39.876489436409223 ], [ -75.23605087032027, 39.876405015486299 ], [ -75.236370654915262, 39.876188655940808 ], [ -75.236641156520975, 39.875737749515295 ], [ -75.236714522796277, 39.875615424068322 ], [ -75.236774023377436, 39.875476197226867 ], [ -75.236933298226745, 39.875117984042369 ], [ -75.237500191094142, 39.875081582503888 ], [ -75.237591556073028, 39.874983141045647 ], [ -75.237519004256441, 39.874890695687526 ], [ -75.237460894468128, 39.874805372170599 ], [ -75.238111012773828, 39.874594178573446 ], [ -75.238246209539312, 39.874447832912644 ], [ -75.238352047094622, 39.874333236143215 ], [ -75.238689845413077, 39.873960288602717 ], [ -75.238993723129184, 39.873837568937397 ], [ -75.239172304717727, 39.87361000947071 ], [ -75.239261279787328, 39.873491639364246 ], [ -75.239348522263427, 39.873373187083509 ], [ -75.239404656301275, 39.873300867026003 ], [ -75.240099773220749, 39.873031208126591 ], [ -75.240105316827368, 39.872859818033795 ], [ -75.240102036922437, 39.872732155446798 ], [ -75.240101418084322, 39.87261461255595 ], [ -75.240471891577101, 39.872382904911035 ], [ -75.240918186174099, 39.872403784289062 ], [ -75.241089386031234, 39.872439127318984 ], [ -75.241216663586471, 39.872467145592061 ], [ -75.241395603997347, 39.872507835651504 ], [ -75.241556091852601, 39.872541472125604 ], [ -75.241746896989312, 39.872586626310628 ], [ -75.24225469025518, 39.872793909017403 ], [ -75.24256821080327, 39.872956274616861 ], [ -75.242712932515346, 39.873031671465917 ], [ -75.246755948865186, 39.875086926773605 ], [ -75.246825077052819, 39.87514468498987 ], [ -75.248431166739493, 39.876486517705899 ], [ -75.251770075499621, 39.876008268019795 ], [ -75.252257276553181, 39.875938474510157 ], [ -75.253441150026191, 39.876008504533132 ], [ -75.25397901087355, 39.876043168205356 ], [ -75.256128361728813, 39.876173826886571 ], [ -75.257421201463643, 39.876252398504143 ], [ -75.25858930430843, 39.876323377245299 ], [ -75.259521094420563, 39.876379988422485 ], [ -75.261249868190333, 39.876485000209975 ], [ -75.262534644480255, 39.876571013380968 ], [ -75.264832056484153, 39.880647354801496 ], [ -75.265003452965388, 39.880982833205088 ], [ -75.265112413497235, 39.881656916238938 ], [ -75.264545055325812, 39.882113666598059 ], [ -75.264297954803027, 39.882242189378964 ], [ -75.263081780206662, 39.882355790919661 ], [ -75.262262890781713, 39.882571844384138 ], [ -75.261945609860774, 39.882888888678572 ], [ -75.261885560920078, 39.883068711526931 ], [ -75.26196484148015, 39.883240184373655 ], [ -75.262432568892493, 39.883634293208175 ], [ -75.264134345177226, 39.884133774271774 ], [ -75.264444105348232, 39.884314917831581 ], [ -75.264638235659177, 39.884733768815003 ], [ -75.264227371783036, 39.885002233135566 ], [ -75.263153223040462, 39.885300639938613 ], [ -75.262729533067613, 39.885554059885592 ], [ -75.26261697096848, 39.885805005360233 ], [ -75.262682861256437, 39.886025962062227 ], [ -75.262803763171334, 39.886083081334739 ], [ -75.263683818086051, 39.886145291220913 ], [ -75.263981482869312, 39.886096905427756 ], [ -75.264283665052673, 39.886193010021614 ], [ -75.264798480887393, 39.886445423270416 ], [ -75.264851524646943, 39.886537082190337 ], [ -75.264934097504494, 39.886673786544648 ], [ -75.265037720973837, 39.88683343320686 ], [ -75.26510529938659, 39.886981055725023 ], [ -75.26513539479528, 39.88715597271247 ], [ -75.265129033073066, 39.887330098344975 ], [ -75.265095919973731, 39.887537374225644 ], [ -75.264978543681863, 39.887754064691919 ], [ -75.264877595248166, 39.887920518124176 ], [ -75.264725815870904, 39.888080248867482 ], [ -75.264596727354274, 39.888217984654474 ], [ -75.264446585418895, 39.888332777773456 ], [ -75.264261216792846, 39.888413079117861 ], [ -75.263996462925732, 39.888469173198068 ], [ -75.263725853484843, 39.888485789009252 ], [ -75.263376474263922, 39.888461345439168 ], [ -75.262976875223259, 39.888413323280126 ], [ -75.262679770915, 39.88835628254045 ], [ -75.262473142416468, 39.888419255849165 ], [ -75.262293214662279, 39.88855026444439 ], [ -75.262199963101907, 39.888705640223556 ], [ -75.262133821924948, 39.888917819787352 ], [ -75.262096025328219, 39.889153098775623 ], [ -75.262080927017422, 39.889366385421482 ], [ -75.262087853861715, 39.889675715294565 ], [ -75.262101302650962, 39.889906485419516 ], [ -75.262123279373498, 39.890103713064313 ], [ -75.26210961692523, 39.890277681125511 ], [ -75.262102425247747, 39.890474274709419 ], [ -75.26203587226054, 39.890697687851059 ], [ -75.261882221186795, 39.891307087450272 ], [ -75.261855003222436, 39.891452653996886 ], [ -75.261790298038946, 39.891625513952114 ], [ -75.26173349960942, 39.89178168083324 ], [ -75.261605425594297, 39.891891329227413 ], [ -75.261504929299534, 39.891945360884002 ], [ -75.261313488880134, 39.89199179832044 ], [ -75.261098528551543, 39.892082694841029 ], [ -75.260730025279486, 39.89218149889544 ], [ -75.260141733199063, 39.892303635552949 ], [ -75.259929032576139, 39.89233274416236 ], [ -75.259745704535291, 39.89235686749074 ], [ -75.259541323877684, 39.892358047102931 ], [ -75.259349879820789, 39.892404480334605 ], [ -75.259107600042938, 39.892444187204539 ], [ -75.258958468203929, 39.892530889134818 ], [ -75.25877811246913, 39.892673125835529 ], [ -75.258568790968368, 39.892809113170678 ], [ -75.258387196596459, 39.892985050898375 ], [ -75.258212687290495, 39.893166764562345 ], [ -75.258022976987135, 39.893365013105985 ], [ -75.257829413318333, 39.893568796144798 ], [ -75.257670103503955, 39.893733976614065 ], [ -75.257433754005731, 39.89400990882352 ], [ -75.256910621957573, 39.894543810220398 ], [ -75.256743191920052, 39.894731297975582 ], [ -75.256665740086419, 39.894853283937302 ], [ -75.256662650946694, 39.894937539468344 ], [ -75.256710194214605, 39.895034138047237 ], [ -75.25679193612693, 39.895193316318029 ], [ -75.256968271703016, 39.895360175074842 ], [ -75.257124994577055, 39.895464768468614 ], [ -75.257274634028249, 39.895563587218206 ], [ -75.257389809476948, 39.895706627387611 ], [ -75.257362786017595, 39.895846576067918 ], [ -75.257277011187497, 39.895996490520382 ], [ -75.257147276008027, 39.896151069228786 ], [ -75.256935264809044, 39.896360071954597 ], [ -75.25676239047749, 39.896496847241174 ], [ -75.256450426734688, 39.89684421313536 ], [ -75.256236760992209, 39.897098151577779 ], [ -75.25609099485132, 39.897291730248554 ], [ -75.255982307327557, 39.897469252593993 ], [ -75.255805103057583, 39.897723981836968 ], [ -75.255618194496776, 39.897944772897873 ], [ -75.255507238231587, 39.898184080419469 ], [ -75.255330648484431, 39.898421958548532 ], [ -75.255225872482171, 39.898492758411308 ], [ -75.255156735239865, 39.898586818077412 ], [ -75.255095921805506, 39.898652951588879 ], [ -75.255095698327281, 39.898762377387868 ], [ -75.255117673798821, 39.898855797334477 ], [ -75.255167073473999, 39.898901843644197 ], [ -75.2552346435902, 39.899049472898035 ], [ -75.255339910560323, 39.899164190349104 ], [ -75.255487494982333, 39.899319182958173 ], [ -75.255650794731295, 39.899505469046098 ], [ -75.255519274418575, 39.899671817467542 ], [ -75.253712575027151, 39.901659723545819 ], [ -75.251289309337878, 39.904404646539732 ], [ -75.253490304412125, 39.905589316202828 ], [ -75.25247650491923, 39.906629316501153 ], [ -75.252394338106058, 39.906632790886725 ], [ -75.252152416299396, 39.90666124858005 ], [ -75.251990927869741, 39.906685836261303 ], [ -75.251755264669839, 39.906742538619824 ], [ -75.251628592331997, 39.906812856580132 ], [ -75.251497652141126, 39.906899945242884 ], [ -75.251303068870712, 39.907030619593833 ], [ -75.25105680761277, 39.907177031015351 ], [ -75.250870339535894, 39.907285395521455 ], [ -75.250714079006428, 39.907366309166811 ], [ -75.250444903861407, 39.907540328011379 ], [ -75.250317609160078, 39.907627495774172 ], [ -75.250270748989053, 39.907710796000956 ], [ -75.25022327032454, 39.907810947483931 ], [ -75.250204759821699, 39.907917350997835 ], [ -75.250184802431491, 39.908063074666224 ], [ -75.250198422178002, 39.908288228500957 ], [ -75.250192433254725, 39.908451119714002 ], [ -75.25016621596852, 39.908568599552147 ], [ -75.250116672524328, 39.908724919747058 ], [ -75.25004503830661, 39.908886379494284 ], [ -75.250002786705537, 39.909042858658452 ], [ -75.249933014253756, 39.909153765566259 ], [ -75.249892001482749, 39.909276543093171 ], [ -75.249918077521187, 39.909361434647835 ], [ -75.250005976816766, 39.909450847654334 ], [ -75.250149753809083, 39.909512644596127 ], [ -75.250280010247508, 39.909543592126013 ], [ -75.25046964910014, 39.909547726872887 ], [ -75.250650755515281, 39.90958540390406 ], [ -75.250881884924695, 39.909652278423017 ], [ -75.251105309484331, 39.909730227093895 ], [ -75.251226826974261, 39.909800332938431 ], [ -75.251296876537197, 39.909880560379769 ], [ -75.251284833880064, 39.910009591046041 ], [ -75.251236322929969, 39.910137827771827 ], [ -75.251121754845727, 39.910275867252992 ], [ -75.251000303282723, 39.910402511315006 ], [ -75.250870525119751, 39.910557084678793 ], [ -75.250719897753356, 39.910683093370814 ], [ -75.250613656197061, 39.910793206576137 ], [ -75.250536379160607, 39.910909573348064 ], [ -75.250399305301741, 39.911063985363626 ], [ -75.250192939551923, 39.911216886387031 ], [ -75.249926638359554, 39.911312265420229 ], [ -75.249748692654791, 39.91138708470563 ], [ -75.249518444769976, 39.91149449164228 ], [ -75.249333201976555, 39.911569152053538 ], [ -75.249162135438453, 39.911655365782202 ], [ -75.248982947143489, 39.911763883640049 ], [ -75.248855021503857, 39.911867902793439 ], [ -75.24876273932388, 39.911995182787898 ], [ -75.248720483976683, 39.912151662400717 ], [ -75.248685315725439, 39.912313916108836 ], [ -75.248597641117101, 39.912514375069854 ], [ -75.248557449368022, 39.912614684969647 ], [ -75.248509347110812, 39.912731686129263 ], [ -75.248432064303955, 39.912848050580642 ], [ -75.24837749211359, 39.912942424466763 ], [ -75.248294362855773, 39.913019311341927 ], [ -75.248211646817182, 39.913084963697841 ], [ -75.248055161896005, 39.913171491369397 ], [ -75.247831789269469, 39.913290289523935 ], [ -75.247601740989865, 39.913392075882498 ], [ -75.247400454419463, 39.913505733991244 ], [ -75.247200615850261, 39.913580071629028 ], [ -75.247116657398607, 39.913679423859598 ], [ -75.247069169888832, 39.913779574931084 ], [ -75.247064413726051, 39.913908764408163 ], [ -75.247117804378334, 39.914044843650089 ], [ -75.247222876301265, 39.91416518896758 ], [ -75.247334083989614, 39.914299656019466 ], [ -75.247412089138152, 39.914419671610979 ], [ -75.247489294154761, 39.914539562460675 ], [ -75.247552847225023, 39.914583322370106 ], [ -75.247632585697104, 39.914637510393973 ], [ -75.247706629621291, 39.914723043031103 ], [ -75.247715997047763, 39.914838631235881 ], [ -75.247654911958179, 39.914956181269432 ], [ -75.247555004788879, 39.915079875646377 ], [ -75.247486469626082, 39.915214743145164 ], [ -75.247347948829244, 39.915400532460218 ], [ -75.247188409613827, 39.915633064899126 ], [ -75.247137232708397, 39.915728100742683 ], [ -75.247057740103102, 39.915852240368615 ], [ -75.246988991901134, 39.91593116033966 ], [ -75.246920373417495, 39.916006584551397 ], [ -75.246842424921951, 39.916088799437205 ], [ -75.246767951216626, 39.916199936311884 ], [ -75.246764293278233, 39.916330103917431 ], [ -75.246787141917963, 39.916449482405426 ], [ -75.24683526643048, 39.916560674885694 ], [ -75.246877504160366, 39.916708450661794 ], [ -75.246936747516287, 39.916872357826598 ], [ -75.246961941609044, 39.916927951260668 ], [ -75.247020745398331, 39.916980371694969 ], [ -75.247103530474973, 39.917028944883285 ], [ -75.247172055713065, 39.917079392542249 ], [ -75.247205979394252, 39.917160115939652 ], [ -75.247179256186698, 39.917229288335683 ], [ -75.247239427183985, 39.917403627433529 ], [ -75.247304867736588, 39.9176166728151 ], [ -75.247347459096815, 39.917786895310698 ], [ -75.247358156049543, 39.91799404346667 ], [ -75.247348171982665, 39.918431167186114 ], [ -75.247332900818762, 39.918680070846854 ], [ -75.24733416041262, 39.918811772050837 ], [ -75.24739079615388, 39.919015219704882 ], [ -75.247497402003233, 39.91927148751153 ], [ -75.247584269402239, 39.919400353902084 ], [ -75.247622662002712, 39.919518755052721 ], [ -75.247623230358698, 39.91966925026631 ], [ -75.247596274574974, 39.919903793003904 ], [ -75.247581128786805, 39.919983405691475 ], [ -75.247527811145531, 39.920104511203277 ], [ -75.247487390745988, 39.920207084559735 ], [ -75.24747679000069, 39.920329122343354 ], [ -75.247466018655786, 39.92045585687962 ], [ -75.247461175285579, 39.920587423072988 ], [ -75.247468536157612, 39.920719257426988 ], [ -75.247468350340824, 39.920973192614703 ], [ -75.247460784740255, 39.921344533605094 ], [ -75.247485589854648, 39.921500260963903 ], [ -75.247515073554055, 39.921672165022926 ], [ -75.247506072986212, 39.921773458151137 ], [ -75.247471578454494, 39.921880864930415 ], [ -75.247392120193908, 39.922048424486057 ], [ -75.2472899788077, 39.92216846252407 ], [ -75.247163598465704, 39.922283270035244 ], [ -75.247068599102022, 39.922375246505716 ], [ -75.246935942638899, 39.922494619967054 ], [ -75.246641782987453, 39.922770354026689 ], [ -75.246521332155353, 39.922889990805359 ], [ -75.24636253132843, 39.923055818344672 ], [ -75.246266663218663, 39.923171290232581 ], [ -75.24618840967679, 39.92330595669069 ], [ -75.246158807816116, 39.923446388631852 ], [ -75.246140543000934, 39.923610579521032 ], [ -75.246133792905994, 39.923793834565949 ], [ -75.246129639024147, 39.923906605792766 ], [ -75.246095316611971, 39.924009314605378 ], [ -75.24607268104576, 39.924126383644399 ], [ -75.24603191218192, 39.924238355335774 ], [ -75.24599079341958, 39.92435972663845 ], [ -75.245944782548861, 39.924448071533504 ], [ -75.245866529238555, 39.924582737820707 ], [ -75.245795069405887, 39.924698741495533 ], [ -75.24572631377977, 39.924824209650218 ], [ -75.24568010915975, 39.924883713050654 ], [ -75.245636545771035, 39.924939815206947 ], [ -75.245553226293126, 39.925046155174584 ], [ -75.245438869668007, 39.925165925844013 ], [ -75.245264740450125, 39.9254160610055 ], [ -75.245198688628733, 39.92555099520392 ], [ -75.245127399747318, 39.925662300861958 ], [ -75.245050182402451, 39.925768772892866 ], [ -75.244992483602857, 39.925842754388256 ], [ -75.244868343798132, 39.925896474373801 ], [ -75.244762342021232, 39.925955292773928 ], [ -75.244626169773682, 39.926004046449698 ], [ -75.244520167686147, 39.926062862825283 ], [ -75.244401438113869, 39.926135510561757 ], [ -75.244336075634081, 39.926251646642442 ], [ -75.244301749361668, 39.926354354014642 ], [ -75.244330812312313, 39.926477256518702 ], [ -75.244412791478808, 39.926573100638805 ], [ -75.244507670242939, 39.926650415607355 ], [ -75.244577098105495, 39.926755389930804 ], [ -75.244597699898122, 39.926859295658048 ], [ -75.244580125432336, 39.927004693248222 ], [ -75.244579821135204, 39.927178682754317 ], [ -75.244551770728307, 39.927276824134736 ], [ -75.244498095593173, 39.92740732522266 ], [ -75.244426456059941, 39.927528027413047 ], [ -75.244342265414957, 39.9276578616889 ], [ -75.244269934855637, 39.927797357824495 ], [ -75.24419933380706, 39.927889867984511 ], [ -75.244121592795224, 39.928010435780429 ], [ -75.244055364132493, 39.928150067838722 ], [ -75.244001619957146, 39.928365212818598 ], [ -75.243985256519906, 39.928477718131049 ], [ -75.243966811875012, 39.928646607159664 ], [ -75.243967025656659, 39.928806502067928 ], [ -75.243971649467127, 39.929178107794748 ], [ -75.243967012530263, 39.929469567830509 ], [ -75.243968068982781, 39.929603337935681 ], [ -75.243982416834612, 39.929714441188466 ], [ -75.244009987800752, 39.929794986094478 ], [ -75.244099288496656, 39.929858071666054 ], [ -75.244189278751179, 39.929902362200373 ], [ -75.244278577448881, 39.929965446680818 ], [ -75.244355149505651, 39.930042360769633 ], [ -75.244405750741265, 39.930161032421871 ], [ -75.244428539256177, 39.930288500949246 ], [ -75.244381657454767, 39.930400338625439 ], [ -75.244274608893107, 39.930487349358785 ], [ -75.244131283642105, 39.930564160954887 ], [ -75.243950817638918, 39.930654270316637 ], [ -75.243813595894537, 39.930731214908128 ], [ -75.243694166673137, 39.930822657747235 ], [ -75.243635942335487, 39.930910734045156 ], [ -75.243605289924531, 39.93107935804133 ], [ -75.243558234095772, 39.931195894802144 ], [ -75.243516413641004, 39.931336059191466 ], [ -75.243475116366454, 39.931462127252146 ], [ -75.243434509793431, 39.931569398560292 ], [ -75.243418316818207, 39.931677203463693 ], [ -75.243401602660725, 39.931799107429178 ], [ -75.243343032852678, 39.931896581521166 ], [ -75.243279569230268, 39.931961031730381 ], [ -75.243185936320529, 39.932015415176444 ], [ -75.243104684042365, 39.93206536780086 ], [ -75.243049510019148, 39.932153511418399 ], [ -75.242935138263789, 39.932273277803617 ], [ -75.242844487856118, 39.932412375415076 ], [ -75.242722279808888, 39.932578998543043 ], [ -75.242624658665108, 39.932741455023589 ], [ -75.242529463971962, 39.93283812799006 ], [ -75.242453098826402, 39.932921104834485 ], [ -75.24235093355388, 39.933041138480121 ], [ -75.242286255562178, 39.933138478527006 ], [ -75.242239888352003, 39.933236219839024 ], [ -75.242147224512479, 39.933347055612963 ], [ -75.242012700737149, 39.933433462680028 ], [ -75.24188906490582, 39.93347308305222 ], [ -75.241717121579896, 39.933497539006908 ], [ -75.241557731648541, 39.933512862005713 ], [ -75.241397820085581, 39.933542283838023 ], [ -75.241188906205025, 39.933575334886861 ], [ -75.240973887644373, 39.933608252004298 ], [ -75.240759737429045, 39.933617674482697 ], [ -75.240516456247988, 39.933588837228776 ], [ -75.240244044482722, 39.933521741857717 ], [ -75.240161146392154, 39.933493624967497 ], [ -75.239924039284929, 39.93355793659746 ], [ -75.239527178146957, 39.933567607673169 ], [ -75.23920095964462, 39.933456963586245 ], [ -75.238939083613303, 39.933274859440573 ], [ -75.238739236687394, 39.933124523316117 ], [ -75.238497675813463, 39.93303408955861 ], [ -75.238237874706968, 39.933006693924817 ], [ -75.238000824078284, 39.933011045221562 ], [ -75.237776883294245, 39.933085201268341 ], [ -75.236835599665852, 39.933757894630375 ], [ -75.236647596328794, 39.933906180675912 ], [ -75.236661779701777, 39.934087550085465 ], [ -75.236651331174841, 39.934204886556202 ], [ -75.236603392399815, 39.934344915588198 ], [ -75.236553368284007, 39.934541328229585 ], [ -75.236523739289453, 39.934681757607912 ], [ -75.236468652759328, 39.934849843708484 ], [ -75.236392570833061, 39.935172657047133 ], [ -75.236319693406401, 39.935326245383393 ], [ -75.236170071688164, 39.935407612638365 ], [ -75.236013305606136, 39.935517039570115 ], [ -75.235862987840108, 39.935617201263923 ], [ -75.23566401318611, 39.935711594671545 ], [ -75.23545823673777, 39.935824649600576 ], [ -75.235263800878897, 39.935961464314836 ], [ -75.234979211938452, 39.936223273683858 ], [ -75.234920104620826, 39.936334838917311 ], [ -75.234921859844533, 39.936452442920405 ], [ -75.234916643241263, 39.936593407317538 ], [ -75.234846195379518, 39.936681213249408 ], [ -75.234773217886584, 39.936754854073563 ], [ -75.234743934430952, 39.936885884271639 ], [ -75.234787028066151, 39.937042015932981 ], [ -75.234781637252297, 39.937187678805252 ], [ -75.234800485814773, 39.937338577353181 ], [ -75.234869387995317, 39.937457652082088 ], [ -75.234920846473898, 39.937552833661691 ], [ -75.234968480804412, 39.937751388174206 ], [ -75.234975645499944, 39.937887919976433 ], [ -75.234982811327541, 39.938024453604029 ], [ -75.235003402973462, 39.938128362860937 ], [ -75.235073871190906, 39.93820514931663 ], [ -75.235162997237495, 39.938272941142358 ], [ -75.235295549702869, 39.938322873167628 ], [ -75.235489665808927, 39.938360047879996 ], [ -75.235781621468519, 39.938394663877084 ], [ -75.235945910012816, 39.938412372964677 ], [ -75.236146825708033, 39.938430884619315 ], [ -75.236347393951121, 39.938458792892128 ], [ -75.236499999008686, 39.938462137337908 ], [ -75.236683816619404, 39.938447356385467 ], [ -75.236879844021644, 39.938432840876388 ], [ -75.237144408112556, 39.938382206511235 ], [ -75.237448995217818, 39.938323042842136 ], [ -75.237621821982074, 39.938275099076563 ], [ -75.237769363958648, 39.938250115381194 ], [ -75.237965737830407, 39.938226202842529 ], [ -75.238173278239302, 39.938230748270435 ], [ -75.238326229092124, 39.938224690584761 ], [ -75.238498013065907, 39.938204940029244 ], [ -75.238737116156727, 39.938181959138817 ], [ -75.238872448894398, 39.938156707609778 ], [ -75.239007434372539, 39.938140851999236 ], [ -75.239184280076216, 39.938149426781841 ], [ -75.239336708633232, 39.938157466792738 ], [ -75.239452860970076, 39.938155306162585 ], [ -75.239563082008118, 39.938148312398404 ], [ -75.239709582813759, 39.938151518974131 ], [ -75.239819283099479, 39.938158623135386 ], [ -75.239922531424313, 39.938174991466475 ], [ -75.240037295505829, 39.938210419969636 ], [ -75.240139678677252, 39.938250281510349 ], [ -75.240258636712781, 39.938337533037931 ], [ -75.24040995404313, 39.938458408504857 ], [ -75.240592764596784, 39.938636405667815 ], [ -75.240711550509417, 39.938728352515945 ], [ -75.240762672312883, 39.938832929382201 ], [ -75.240739328647052, 39.93896879310816 ], [ -75.24069871200355, 39.939076066109067 ], [ -75.240627228150061, 39.939192065636611 ], [ -75.240544403846513, 39.93928430646644 ], [ -75.240424952861488, 39.939375745837125 ], [ -75.240342300497204, 39.93946328530307 ], [ -75.240240642209031, 39.939569221582197 ], [ -75.240143873874246, 39.939708183502709 ], [ -75.24001675359591, 39.939841776143744 ], [ -75.239951199183679, 39.939962610041633 ], [ -75.239891993601603, 39.940040146825446 ], [ -75.239439905950363, 39.939820635715883 ], [ -75.239205991437757, 39.93973645308418 ], [ -75.239001185417692, 39.939719805165218 ], [ -75.238731875577429, 39.939738236652524 ], [ -75.238451977456791, 39.939829415310101 ], [ -75.23807984787716, 39.940064534529235 ], [ -75.237871446986688, 39.940145116009099 ], [ -75.237736003174206, 39.940175596995736 ], [ -75.237585447657082, 39.940187504362918 ], [ -75.237199516003756, 39.940154722115857 ], [ -75.237080986524361, 39.940155167925631 ], [ -75.236929756864626, 39.940185303009947 ], [ -75.236760937949867, 39.94026370621124 ], [ -75.236606879544766, 39.94036655046353 ], [ -75.235034538696212, 39.941475085310906 ], [ -75.233829518223573, 39.942317580676658 ], [ -75.234321267450369, 39.942742063837684 ], [ -75.234530491105829, 39.942908227120192 ], [ -75.234733594817527, 39.943088277988203 ], [ -75.235219915897588, 39.943495670466625 ], [ -75.234600587180495, 39.943947222941162 ], [ -75.234474445483471, 39.944028219465949 ], [ -75.234185736369824, 39.944238815680897 ], [ -75.233718153720389, 39.944560304836266 ], [ -75.233223562040195, 39.944137944561085 ], [ -75.232818855322606, 39.943791942656368 ], [ -75.232320739893638, 39.943371185770019 ], [ -75.230947168967816, 39.944337549003123 ], [ -75.230458416385233, 39.943924421815652 ], [ -75.23005121269729, 39.94358192200805 ], [ -75.229553259147039, 39.943169442721221 ], [ -75.229060612925394, 39.942755102798657 ], [ -75.22864957612461, 39.942407255232631 ], [ -75.228164730615319, 39.941984116866529 ], [ -75.2279150932508, 39.941779548000397 ], [ -75.227701838083178, 39.941604793462417 ], [ -75.227336886333248, 39.941293408582709 ], [ -75.226886223175697, 39.940908914931875 ], [ -75.226392409022736, 39.940503158774114 ], [ -75.226210282436739, 39.940339421539839 ], [ -75.225982046775741, 39.940139386231067 ], [ -75.225744138924867, 39.939945856313116 ], [ -75.225481137403065, 39.939726193300849 ], [ -75.224114701129125, 39.940692397196408 ], [ -75.223616566397197, 39.941047078373188 ], [ -75.223426725720174, 39.94117663554379 ], [ -75.223239264507782, 39.941312821226155 ], [ -75.222754324753623, 39.941655933289461 ], [ -75.222066996471241, 39.942139645670636 ], [ -75.221368174919476, 39.942627989592012 ], [ -75.220791768745627, 39.943025390677526 ], [ -75.220221644394343, 39.943416208805857 ], [ -75.219548038094871, 39.943895408082099 ], [ -75.219153373656923, 39.9441773686857 ], [ -75.219003226316843, 39.944284637209066 ], [ -75.218407855547724, 39.944703115329176 ], [ -75.217733096614396, 39.945184403620921 ], [ -75.216472281400243, 39.946068466973657 ], [ -75.21516235800388, 39.946979391846966 ], [ -75.213962058299074, 39.945975807557694 ], [ -75.213325180176923, 39.946428740261318 ], [ -75.212682898833421, 39.946880804965346 ], [ -75.211390186162149, 39.947797178506711 ], [ -75.210599590919045, 39.948349747884208 ], [ -75.209052752312033, 39.948400650405489 ], [ -75.208914924995952, 39.947746190122025 ], [ -75.208865798429031, 39.947512744859047 ], [ -75.208732996512211, 39.946840008824537 ] ] ] } },
{ "type": "Feature", "properties": { "HS_ID": "1020", "HS_Name": "West Philadelphia HS", "HS_Grade": "9-12" }, "geometry": { "type": "Polygon", "coordinates": [ [ [ -75.191170879808027, 39.970174153296561 ], [ -75.190533303213726, 39.969523141662748 ], [ -75.189003307387921, 39.968639946461813 ], [ -75.187069083333967, 39.967747703382905 ], [ -75.185592696562495, 39.966908111989476 ], [ -75.184849223265886, 39.96614149173918 ], [ -75.184356608433816, 39.965550289347171 ], [ -75.183648737691513, 39.964572192293062 ], [ -75.18354554441072, 39.964437321152374 ], [ -75.183472258287068, 39.964341536181628 ], [ -75.18287764460743, 39.963564374202626 ], [ -75.18195851251086, 39.962581540396265 ], [ -75.181075084289972, 39.961627798810703 ], [ -75.180220215305454, 39.960405820580903 ], [ -75.180051079952193, 39.960132068330672 ], [ -75.179975829700012, 39.960010271561337 ], [ -75.179838992260017, 39.959788789316093 ], [ -75.179478734327006, 39.958860905268139 ], [ -75.179295167951523, 39.957880374074989 ], [ -75.179364548959427, 39.957018719111211 ], [ -75.179523648662737, 39.956215676865817 ], [ -75.179566894823438, 39.956123041556218 ], [ -75.17986268049421, 39.955489439517251 ], [ -75.179899503429255, 39.95541056100268 ], [ -75.180183958222003, 39.954801220932225 ], [ -75.180310916296349, 39.954484184194968 ], [ -75.180447927761151, 39.954142038791403 ], [ -75.18103424743272, 39.952999285513336 ], [ -75.181251865767649, 39.952575133235761 ], [ -75.181741729327697, 39.951520486538286 ], [ -75.181772281198434, 39.951454706568086 ], [ -75.182434838634521, 39.950464820092947 ], [ -75.183013745760604, 39.949741926184167 ], [ -75.183676482390638, 39.949233166955381 ], [ -75.184660804126906, 39.948491032151153 ], [ -75.186381925575148, 39.947257678409784 ], [ -75.186767726554933, 39.946981536991267 ], [ -75.186870200153734, 39.946914571631581 ], [ -75.187353201490694, 39.94659947458657 ], [ -75.187922943512049, 39.946227784440097 ], [ -75.188256655278835, 39.946010073837257 ], [ -75.188891645373019, 39.945525822624006 ], [ -75.189392412525464, 39.945143924061774 ], [ -75.189458824175418, 39.945084777719806 ], [ -75.189852871888121, 39.944733834026827 ], [ -75.19022943637431, 39.944398455763718 ], [ -75.190679741794256, 39.94398197943417 ], [ -75.190991369494043, 39.943693759295009 ], [ -75.191058513707631, 39.943636688137012 ], [ -75.191573410309886, 39.943199036019045 ], [ -75.191770059472631, 39.943031884652463 ], [ -75.192531162023712, 39.942596033495391 ], [ -75.193645603189069, 39.942281245825818 ], [ -75.193697379037332, 39.942280125631662 ], [ -75.19386792557836, 39.942276342724618 ], [ -75.19460271708914, 39.942260124464859 ], [ -75.195776200448378, 39.942342866783449 ], [ -75.196921972163196, 39.94267969748617 ], [ -75.197951634815936, 39.943169607215758 ], [ -75.199093134229827, 39.943605358300005 ], [ -75.199965124130841, 39.943879462067194 ], [ -75.200427525553096, 39.943944167373786 ], [ -75.200806782898866, 39.943997229054908 ], [ -75.20161442497789, 39.943969597474428 ], [ -75.201809901472387, 39.943962903004589 ], [ -75.203054507415686, 39.943622628121254 ], [ -75.203294210850473, 39.944083011965688 ], [ -75.204604890228694, 39.943954452972676 ], [ -75.20532648644479, 39.944081111798852 ], [ -75.205488679983603, 39.944112922210614 ], [ -75.205838832435006, 39.944319761683452 ], [ -75.207467621987561, 39.945281924510311 ], [ -75.208111370645426, 39.945665425032281 ], [ -75.208270247125668, 39.94576580082321 ], [ -75.208384411369309, 39.945655609614157 ], [ -75.208537796493673, 39.945761818078836 ], [ -75.208732996512211, 39.946840008824537 ], [ -75.208865798429031, 39.947512744859047 ], [ -75.208914924995952, 39.947746190122025 ], [ -75.209052752312033, 39.948400650405489 ], [ -75.210599590919045, 39.948349747884208 ], [ -75.211390186162149, 39.947797178506711 ], [ -75.212682898833421, 39.946880804965346 ], [ -75.213325180176923, 39.946428740261318 ], [ -75.213962058299074, 39.945975807557694 ], [ -75.21516235800388, 39.946979391846966 ], [ -75.215874871618055, 39.947569146549839 ], [ -75.216560763744951, 39.948152976470936 ], [ -75.217122339636674, 39.948611898537088 ], [ -75.219235771954629, 39.948369210737816 ], [ -75.221237313274898, 39.948162344468329 ], [ -75.221249307167696, 39.948277742180053 ], [ -75.221087864240232, 39.949027734852855 ], [ -75.220936882389708, 39.949727402021807 ], [ -75.220776468190053, 39.950514077833539 ], [ -75.220616931304789, 39.95127655126354 ], [ -75.222589969082847, 39.951520619003283 ], [ -75.22243591661028, 39.952281857575478 ], [ -75.2222800420233, 39.953041001577255 ], [ -75.222192839668992, 39.953414996710286 ], [ -75.222057584994758, 39.954103963743123 ], [ -75.222037670166827, 39.954174524525271 ], [ -75.22192358674242, 39.954724257174952 ], [ -75.221798292514578, 39.955320872144064 ], [ -75.221687392617781, 39.955855362306686 ], [ -75.221560224861037, 39.956462883842811 ], [ -75.221493881686897, 39.956831736809178 ], [ -75.221398762329272, 39.957228293732683 ], [ -75.221245210583007, 39.957985122820219 ], [ -75.221086697731835, 39.958732966663561 ], [ -75.220920916733391, 39.959506370957527 ], [ -75.221909495659077, 39.959627117542702 ], [ -75.222396840047679, 39.959681565509342 ], [ -75.22290106608358, 39.959746376214433 ], [ -75.223884337800115, 39.959863163092983 ], [ -75.224213221277225, 39.959900717209557 ], [ -75.22477258922504, 39.959976294057363 ], [ -75.224868065705294, 39.960006758007914 ], [ -75.226209478808741, 39.960160334180415 ], [ -75.226851170944528, 39.960240004755271 ], [ -75.227444050101695, 39.960312277073569 ], [ -75.227976176654451, 39.960378542769682 ], [ -75.228646456659533, 39.960464835881055 ], [ -75.228319507687374, 39.962034653689898 ], [ -75.227671772353034, 39.961956483381137 ], [ -75.227160734198705, 39.961893461633011 ], [ -75.226518888536887, 39.961813839321806 ], [ -75.225853950738312, 39.961729026473314 ], [ -75.225293496757345, 39.961659478843281 ], [ -75.224542130276021, 39.961568838865297 ], [ -75.223551983859309, 39.961444797032897 ], [ -75.222567847923045, 39.96132161960476 ], [ -75.22206583290648, 39.961258976455497 ], [ -75.221579416193279, 39.961199312968439 ], [ -75.220592477027239, 39.961075874663564 ], [ -75.219650427027162, 39.960957506554315 ], [ -75.219439007655524, 39.960942355930939 ], [ -75.219693762204088, 39.962524503152707 ], [ -75.219769535968524, 39.963011308410685 ], [ -75.220044780566596, 39.963820869515132 ], [ -75.220111487138539, 39.964360750603895 ], [ -75.220170996355307, 39.964845529988814 ], [ -75.218360981368306, 39.965028922370664 ], [ -75.218294675598685, 39.964490831904207 ], [ -75.218227931702941, 39.96395720516584 ], [ -75.216377419365571, 39.964095690799596 ], [ -75.215162948518341, 39.964189471409036 ], [ -75.214700151689314, 39.964221150655838 ], [ -75.214195595392212, 39.964259332972219 ], [ -75.213707293543692, 39.964296283029604 ], [ -75.213228537752713, 39.964332508643821 ], [ -75.213338060876239, 39.965168923090971 ], [ -75.21337609340226, 39.96546691866709 ], [ -75.213406945047481, 39.965708649216324 ], [ -75.213514114337812, 39.966578304228435 ], [ -75.213650012259563, 39.967697369548347 ], [ -75.213707576974841, 39.968127131120852 ], [ -75.2137500779954, 39.968482924461519 ], [ -75.213795680553346, 39.968832845125597 ], [ -75.213817106585125, 39.969036114236879 ], [ -75.213845159285938, 39.969228128539193 ], [ -75.213846021519316, 39.969289782379064 ], [ -75.214350158989774, 39.969238605392739 ], [ -75.214808397005413, 39.969192318164168 ], [ -75.215289929991727, 39.96914249371158 ], [ -75.215762179949863, 39.969095077834702 ], [ -75.21636818230418, 39.969031120310341 ], [ -75.216996405308691, 39.968970685609527 ], [ -75.217171978686025, 39.970352397707558 ], [ -75.217437605731249, 39.972435647689181 ], [ -75.216086008316978, 39.971619381332857 ], [ -75.214990170969358, 39.970956060713675 ], [ -75.214688105428351, 39.970774549650059 ], [ -75.214542410752657, 39.970684580300258 ], [ -75.214319058870203, 39.97054349282827 ], [ -75.213900079218163, 39.970296393465716 ], [ -75.212934425633705, 39.969713906666762 ], [ -75.212641818992495, 39.969537402347399 ], [ -75.212134985860217, 39.969229150501654 ], [ -75.21133586950053, 39.968727078409337 ], [ -75.211516605226294, 39.969655762505049 ], [ -75.210138364925925, 39.969805350585318 ], [ -75.209201375252562, 39.969908239553398 ], [ -75.208227686137349, 39.970016885317946 ], [ -75.207171510963349, 39.970134859313823 ], [ -75.206641606849132, 39.970188824391379 ], [ -75.205843086604659, 39.970276336071088 ], [ -75.205293838049485, 39.970327241442625 ], [ -75.204746460104488, 39.970386547913037 ], [ -75.20430221981367, 39.970442136607083 ], [ -75.20418303772162, 39.970429675097726 ], [ -75.203602220967511, 39.9702620380829 ], [ -75.203633246641218, 39.970432344209172 ], [ -75.203651927124682, 39.970536711194448 ], [ -75.203722568371859, 39.970929910094668 ], [ -75.20372444604061, 39.970940143918327 ], [ -75.203737785195401, 39.971013532968371 ], [ -75.203486539446715, 39.971014585288415 ], [ -75.203143860935739, 39.971018855159635 ], [ -75.20280217542728, 39.971035584416121 ], [ -75.202461466792144, 39.971068570446405 ], [ -75.202125827275154, 39.971116791388944 ], [ -75.201795276313959, 39.971186091640469 ], [ -75.201469914145804, 39.971269047396866 ], [ -75.201148341898218, 39.971358961099298 ], [ -75.200830039619134, 39.971456298762838 ], [ -75.20051677833527, 39.971561889946933 ], [ -75.200206583913427, 39.971674321300306 ], [ -75.199901329644462, 39.971795192318368 ], [ -75.199609663784543, 39.971931487936274 ], [ -75.199331723179824, 39.972085236761771 ], [ -75.199065968642898, 39.97225320340781 ], [ -75.198818962322022, 39.972435742887889 ], [ -75.198379886438218, 39.972837364965613 ], [ -75.198173739918516, 39.973048173442372 ], [ -75.197969736226241, 39.973260481653227 ], [ -75.197762677488157, 39.973470471768493 ], [ -75.197694270335049, 39.973552606852572 ], [ -75.197476759158292, 39.973757450820955 ], [ -75.197243477194661, 39.973953150655376 ], [ -75.197009068045858, 39.974144841619982 ], [ -75.196769721707113, 39.974332909260127 ], [ -75.196525446193334, 39.974517514102544 ], [ -75.196277105860204, 39.974698965475255 ], [ -75.196025582264284, 39.974877551471948 ], [ -75.195772038565892, 39.975054075529791 ], [ -75.195756120042049, 39.975064932430101 ], [ -75.195412237751597, 39.975103464112649 ], [ -75.19489863948678, 39.975163122542078 ], [ -75.194661354878022, 39.975187925353012 ], [ -75.194627529959561, 39.975191460927334 ], [ -75.194610616913835, 39.975193228697748 ], [ -75.194404169457783, 39.975214808203482 ], [ -75.194386200603105, 39.975216685777021 ], [ -75.194350269877859, 39.975220441972304 ], [ -75.194232272298549, 39.975232775243633 ], [ -75.193167670104174, 39.97534404688129 ], [ -75.193068199291801, 39.97522587002581 ], [ -75.192676104603422, 39.974556828745897 ], [ -75.192515246394876, 39.974279588107642 ], [ -75.191856032116135, 39.972736595546799 ], [ -75.191569978950511, 39.971541539557435 ], [ -75.191170879808027, 39.970174153296561 ] ] ] } },
{ "type": "Feature", "properties": { "HS_ID": "1100", "HS_Name": "Sayre, William", "HS_Grade": "9-12" }, "geometry": { "type": "Polygon", "coordinates": [ [ [ -75.237283291284243, 39.968900118372623 ], [ -75.237502714634587, 39.967855480246691 ], [ -75.237818473056123, 39.966331409314407 ], [ -75.237161454850266, 39.966252005669489 ], [ -75.23650507401203, 39.966168230655036 ], [ -75.235842946512946, 39.966086637883961 ], [ -75.234855082819365, 39.965963696050622 ], [ -75.233904238080541, 39.965847997738443 ], [ -75.234063280173146, 39.965086532123195 ], [ -75.23422456767922, 39.964326150828221 ], [ -75.234376354155245, 39.963565807028537 ], [ -75.234459329390063, 39.963200941933792 ], [ -75.234540185657806, 39.962808752708526 ], [ -75.233810517015797, 39.962713922148474 ], [ -75.233223610673363, 39.962644976846512 ], [ -75.23252865584044, 39.962558783241448 ], [ -75.231117003537932, 39.962385276152361 ], [ -75.230552802930873, 39.962311037464794 ], [ -75.22997789457618, 39.962241470319711 ], [ -75.229439388705885, 39.962172316173969 ], [ -75.228900051657405, 39.962108580531357 ], [ -75.228319507687374, 39.962034653689898 ], [ -75.228646456659533, 39.960464835881055 ], [ -75.227976176654451, 39.960378542769682 ], [ -75.227444050101695, 39.960312277073569 ], [ -75.226851170944528, 39.960240004755271 ], [ -75.226209478808741, 39.960160334180415 ], [ -75.224868065705294, 39.960006758007914 ], [ -75.22477258922504, 39.959976294057363 ], [ -75.224213221277225, 39.959900717209557 ], [ -75.223884337800115, 39.959863163092983 ], [ -75.22290106608358, 39.959746376214433 ], [ -75.222396840047679, 39.959681565509342 ], [ -75.221909495659077, 39.959627117542702 ], [ -75.220920916733391, 39.959506370957527 ], [ -75.221086697731835, 39.958732966663561 ], [ -75.221245210583007, 39.957985122820219 ], [ -75.221398762329272, 39.957228293732683 ], [ -75.221493881686897, 39.956831736809178 ], [ -75.221560224861037, 39.956462883842811 ], [ -75.221687392617781, 39.955855362306686 ], [ -75.221798292514578, 39.955320872144064 ], [ -75.22192358674242, 39.954724257174952 ], [ -75.222037670166827, 39.954174524525271 ], [ -75.222057584994758, 39.954103963743123 ], [ -75.222192839668992, 39.953414996710286 ], [ -75.2222800420233, 39.953041001577255 ], [ -75.22243591661028, 39.952281857575478 ], [ -75.222589969082847, 39.951520619003283 ], [ -75.220616931304789, 39.95127655126354 ], [ -75.220776468190053, 39.950514077833539 ], [ -75.220936882389708, 39.949727402021807 ], [ -75.221087864240232, 39.949027734852855 ], [ -75.221249307167696, 39.948277742180053 ], [ -75.221237313274898, 39.948162344468329 ], [ -75.219235771954629, 39.948369210737816 ], [ -75.217122339636674, 39.948611898537088 ], [ -75.216560763744951, 39.948152976470936 ], [ -75.215874871618055, 39.947569146549839 ], [ -75.21516235800388, 39.946979391846966 ], [ -75.216472281400243, 39.946068466973657 ], [ -75.217733096614396, 39.945184403620921 ], [ -75.218407855547724, 39.944703115329176 ], [ -75.219003226316843, 39.944284637209066 ], [ -75.219153373656923, 39.9441773686857 ], [ -75.219548038094871, 39.943895408082099 ], [ -75.220221644394343, 39.943416208805857 ], [ -75.220791768745627, 39.943025390677526 ], [ -75.221368174919476, 39.942627989592012 ], [ -75.222066996471241, 39.942139645670636 ], [ -75.222754324753623, 39.941655933289461 ], [ -75.223239264507782, 39.941312821226155 ], [ -75.223426725720174, 39.94117663554379 ], [ -75.223616566397197, 39.941047078373188 ], [ -75.224114701129125, 39.940692397196408 ], [ -75.225481137403065, 39.939726193300849 ], [ -75.225744138924867, 39.939945856313116 ], [ -75.225982046775741, 39.940139386231067 ], [ -75.226210282436739, 39.940339421539839 ], [ -75.226392409022736, 39.940503158774114 ], [ -75.226886223175697, 39.940908914931875 ], [ -75.227336886333248, 39.941293408582709 ], [ -75.227701838083178, 39.941604793462417 ], [ -75.2279150932508, 39.941779548000397 ], [ -75.228164730615319, 39.941984116866529 ], [ -75.22864957612461, 39.942407255232631 ], [ -75.229060612925394, 39.942755102798657 ], [ -75.229553259147039, 39.943169442721221 ], [ -75.23005121269729, 39.94358192200805 ], [ -75.230458416385233, 39.943924421815652 ], [ -75.230947168967816, 39.944337549003123 ], [ -75.232320739893638, 39.943371185770019 ], [ -75.232818855322606, 39.943791942656368 ], [ -75.233223562040195, 39.944137944561085 ], [ -75.233718153720389, 39.944560304836266 ], [ -75.234185736369824, 39.944238815680897 ], [ -75.234474445483471, 39.944028219465949 ], [ -75.234600587180495, 39.943947222941162 ], [ -75.235219915897588, 39.943495670466625 ], [ -75.234733594817527, 39.943088277988203 ], [ -75.234530491105829, 39.942908227120192 ], [ -75.234321267450369, 39.942742063837684 ], [ -75.233829518223573, 39.942317580676658 ], [ -75.235034538696212, 39.941475085310906 ], [ -75.236606879544766, 39.94036655046353 ], [ -75.236760937949867, 39.94026370621124 ], [ -75.236929756864626, 39.940185303009947 ], [ -75.237080986524361, 39.940155167925631 ], [ -75.237199516003756, 39.940154722115857 ], [ -75.237585447657082, 39.940187504362918 ], [ -75.237736003174206, 39.940175596995736 ], [ -75.237871446986688, 39.940145116009099 ], [ -75.23807984787716, 39.940064534529235 ], [ -75.238451977456791, 39.939829415310101 ], [ -75.238731875577429, 39.939738236652524 ], [ -75.239001185417692, 39.939719805165218 ], [ -75.239205991437757, 39.93973645308418 ], [ -75.239439905950363, 39.939820635715883 ], [ -75.239891993601603, 39.940040146825446 ], [ -75.23979706027086, 39.940166150899927 ], [ -75.239636193965296, 39.940303707782014 ], [ -75.23952755920206, 39.94043300312952 ], [ -75.239411085355414, 39.940609154188401 ], [ -75.239399946235963, 39.940745285754296 ], [ -75.239431191170794, 39.940891748735254 ], [ -75.239462784487174, 39.941028816554109 ], [ -75.239494550331841, 39.941161185848721 ], [ -75.239562769076855, 39.941299054384046 ], [ -75.23963150767996, 39.941422825582713 ], [ -75.239735140745097, 39.941594388723047 ], [ -75.239846265780542, 39.941728492006696 ], [ -75.239986872401531, 39.941891459470881 ], [ -75.240074619857111, 39.941996837199369 ], [ -75.240150680128721, 39.942087849549992 ], [ -75.240252548579221, 39.942141808259372 ], [ -75.240367493009032, 39.942172538839138 ], [ -75.240519584893107, 39.942189974285192 ], [ -75.240790192322251, 39.942224110944181 ], [ -75.240954320293639, 39.942246511400988 ], [ -75.241179666196288, 39.942265548369278 ], [ -75.241448091224441, 39.94227612249648 ], [ -75.241583257710573, 39.942255565363922 ], [ -75.241828131233802, 39.942242109411659 ], [ -75.242035856389791, 39.942241949332988 ], [ -75.242292247867098, 39.942247555178483 ], [ -75.242609160185935, 39.942268590334528 ], [ -75.243066825117651, 39.942283297392571 ], [ -75.243175839114315, 39.942309193223913 ], [ -75.243333862778627, 39.942331457742824 ], [ -75.243421837204878, 39.942403130693727 ], [ -75.243531325985444, 39.942443931772218 ], [ -75.243844668215573, 39.942478995021183 ], [ -75.244069844780327, 39.942502724859985 ], [ -75.244410139304719, 39.942552482238106 ], [ -75.244659210768432, 39.942590840628341 ], [ -75.245013275590125, 39.94259857374972 ], [ -75.245226412004513, 39.942617336971288 ], [ -75.245409896165043, 39.942611938211286 ], [ -75.245562683009709, 39.942610571177454 ], [ -75.245740060628179, 39.942605039457149 ], [ -75.24588691642434, 39.942598841120777 ], [ -75.246051565238389, 39.942607136961783 ], [ -75.246191796349393, 39.942614901352577 ], [ -75.246349476681473, 39.942646558742574 ], [ -75.246470873901075, 39.942668018520955 ], [ -75.246567335305642, 39.942703043463496 ], [ -75.246662757167471, 39.942766259301514 ], [ -75.246744933542999, 39.942857402353141 ], [ -75.246823192100877, 39.94297197212903 ], [ -75.246872247278247, 39.943132930920534 ], [ -75.246965075079473, 39.943266630343381 ], [ -75.247026204701058, 39.943400966043917 ], [ -75.247042751625216, 39.943479941376857 ], [ -75.247052019061442, 39.943560088623627 ], [ -75.247108567444755, 39.943683589883044 ], [ -75.24721031694115, 39.943906831522746 ], [ -75.247304183653597, 39.944012336036174 ], [ -75.247378871399334, 39.944140937002118 ], [ -75.247422171751822, 39.944292363592453 ], [ -75.247509588920806, 39.944407133557633 ], [ -75.247633634528995, 39.944522702539757 ], [ -75.24775716387451, 39.94465236694402 ], [ -75.247898660602061, 39.944791829492083 ], [ -75.248091873589402, 39.944937121264829 ], [ -75.248168120799434, 39.945023431592901 ], [ -75.248213672315543, 39.945113773749505 ], [ -75.248233421386033, 39.945241174929215 ], [ -75.248320841144903, 39.94535594427412 ], [ -75.248414539787177, 39.945466146404257 ], [ -75.248563700648731, 39.945563452033824 ], [ -75.248706065719091, 39.94567941926833 ], [ -75.248895711330462, 39.945838739524611 ], [ -75.249079254564151, 39.945997926398334 ], [ -75.249244312329537, 39.94616141402755 ], [ -75.249460655493195, 39.946342476911745 ], [ -75.249583471718637, 39.946408639811608 ], [ -75.249709946129457, 39.946458423006675 ], [ -75.24981078915431, 39.946540564200838 ], [ -75.249917391156501, 39.946632236266105 ], [ -75.249966345769849, 39.946713248177467 ], [ -75.250035801352482, 39.946818220034217 ], [ -75.250115565971115, 39.946975142410032 ], [ -75.250153114180748, 39.947117038786168 ], [ -75.250203219714081, 39.94724980335922 ], [ -75.250228557994532, 39.947391432714568 ], [ -75.250270483901147, 39.947580449863011 ], [ -75.250308033938282, 39.947722346212153 ], [ -75.250339996902241, 39.947850013079524 ], [ -75.250365681330706, 39.947982246292277 ], [ -75.250416478145297, 39.948096214922089 ], [ -75.250474417978808, 39.948182123740807 ], [ -75.250557296204377, 39.948254468203409 ], [ -75.250723745604162, 39.948380362950353 ], [ -75.251063554013911, 39.948693433522351 ], [ -75.251193028159818, 39.948827927486121 ], [ -75.251317259768257, 39.948938792142364 ], [ -75.251442013551468, 39.949035562119782 ], [ -75.251506405723745, 39.949112206370074 ], [ -75.251557205295441, 39.949226174492217 ], [ -75.251567918889805, 39.949433321220639 ], [ -75.251517754119831, 39.949634439735135 ], [ -75.251412641305251, 39.949834361407255 ], [ -75.251309948039349, 39.949968500313432 ], [ -75.251243018082292, 39.95012693131531 ], [ -75.251195099342993, 39.950266965525223 ], [ -75.251152938496972, 39.950416529686017 ], [ -75.251150115138387, 39.950576356185024 ], [ -75.251140122281981, 39.950681946345497 ], [ -75.251173817344082, 39.950762625233942 ], [ -75.251267554865407, 39.950955121187576 ], [ -75.251349401764926, 39.951055657938639 ], [ -75.251425660008664, 39.951141965190445 ], [ -75.251516692579528, 39.951200379653116 ], [ -75.251585494827339, 39.951281823030463 ], [ -75.251609166645991, 39.951385793918945 ], [ -75.251609512142338, 39.951501015605324 ], [ -75.251626302804738, 39.951625999087362 ], [ -75.251646232888362, 39.951748702055291 ], [ -75.25164870854735, 39.951847509935895 ], [ -75.251635665926102, 39.951982347430111 ], [ -75.251613891710846, 39.952046610283432 ], [ -75.25157728897976, 39.952128108685258 ], [ -75.251512002405562, 39.952241901847451 ], [ -75.251410744736418, 39.952378421961839 ], [ -75.251282500896735, 39.952542569618629 ], [ -75.251186340317119, 39.952665094667012 ], [ -75.251152617021461, 39.952751358842569 ], [ -75.251152040056539, 39.952850100252427 ], [ -75.251179111630591, 39.952944740743881 ], [ -75.251194676471187, 39.953061469747126 ], [ -75.251125558866391, 39.953196338136081 ], [ -75.251048533274613, 39.953296941642193 ], [ -75.250922795016805, 39.953392958358293 ], [ -75.250790602173282, 39.953498237967629 ], [ -75.250648820897993, 39.953615064660411 ], [ -75.250488462114916, 39.953738540278245 ], [ -75.250352526805571, 39.953862548756696 ], [ -75.250137244727696, 39.954067123666988 ], [ -75.250048568256432, 39.954152188258391 ], [ -75.250004330749817, 39.954233519844706 ], [ -75.249954907102762, 39.954331196798393 ], [ -75.249863564678364, 39.954405623725023 ], [ -75.249799095577885, 39.954497094662194 ], [ -75.249758398726414, 39.954606718762577 ], [ -75.249764369700301, 39.954734994139024 ], [ -75.249750272073967, 39.954827563746591 ], [ -75.249695893561551, 39.954976861213446 ], [ -75.249613489794115, 39.955181979614629 ], [ -75.249576797707533, 39.955265826199735 ], [ -75.249494135367769, 39.955353374879245 ], [ -75.249390266813833, 39.95539460893449 ], [ -75.24925782712927, 39.955423464869419 ], [ -75.249182008077454, 39.955491174921242 ], [ -75.249143916032168, 39.95557146438572 ], [ -75.249122400545801, 39.955657992364657 ], [ -75.249135557786516, 39.955757035020689 ], [ -75.249174840693328, 39.955851942211346 ], [ -75.249217605772756, 39.955935170061132 ], [ -75.249262472996975, 39.956044308466495 ], [ -75.249274798088535, 39.956124520266478 ], [ -75.249234704707035, 39.956217698966434 ], [ -75.249080097823153, 39.956350703625901 ], [ -75.248988624392894, 39.956428652655184 ], [ -75.2489578609147, 39.956517331490573 ], [ -75.248926233705163, 39.956629503755046 ], [ -75.248947860013757, 39.956747541056913 ], [ -75.24903571026266, 39.956934032353217 ], [ -75.249194704492837, 39.957013915835226 ], [ -75.249314921162423, 39.95706826489392 ], [ -75.249401552828402, 39.957121882693272 ], [ -75.249518811189432, 39.957204387889917 ], [ -75.249638610434729, 39.957322206816542 ], [ -75.249778378649481, 39.957426357585341 ], [ -75.250037299806053, 39.957655373637294 ], [ -75.250178914739138, 39.957792483631103 ], [ -75.250243139810792, 39.95787382525328 ], [ -75.250360158275214, 39.95801510314481 ], [ -75.250463209377386, 39.958120805518163 ], [ -75.250559897208959, 39.958233421215603 ], [ -75.250666345655233, 39.958329792866131 ], [ -75.250736073496867, 39.95842771516412 ], [ -75.25079341757629, 39.958530069919163 ], [ -75.250839816933379, 39.958639240083478 ], [ -75.250876222167562, 39.95872938164171 ], [ -75.25088244165444, 39.958809462014472 ], [ -75.250892780325429, 39.958943710469072 ], [ -75.250883651151042, 39.959025808086992 ], [ -75.250850352965145, 39.959100323571214 ], [ -75.25075355116455, 39.959156998205401 ], [ -75.250606860084815, 39.95924079953987 ], [ -75.250454237036095, 39.959319769187147 ], [ -75.250292453381192, 39.959398539948992 ], [ -75.250081563645637, 39.959483294346668 ], [ -75.249826143030816, 39.959574131817121 ], [ -75.249652580221948, 39.959640887983689 ], [ -75.249553240896518, 39.959683397724646 ], [ -75.249443703541857, 39.959753900546836 ], [ -75.249318294673671, 39.959840516632909 ], [ -75.249214431296537, 39.959922899049459 ], [ -75.249123299150583, 39.959991450274288 ], [ -75.248973638392627, 39.960072835985841 ], [ -75.24883705485739, 39.960130991632184 ], [ -75.248690879397728, 39.960200695935995 ], [ -75.248547757181257, 39.96027046392674 ], [ -75.248459849106254, 39.960334384471686 ], [ -75.248384642123057, 39.960426797334215 ], [ -75.248335471172766, 39.960517425374078 ], [ -75.248282728733017, 39.960622083240388 ], [ -75.248199456173381, 39.960726075355637 ], [ -75.248059063744577, 39.960887605194706 ], [ -75.247975529746043, 39.960998646222521 ], [ -75.247923392029293, 39.961086858720833 ], [ -75.247892366644564, 39.961182585486554 ], [ -75.247880151732247, 39.961281853418932 ], [ -75.24787274447921, 39.961342045686941 ], [ -75.24786981508592, 39.961463073241113 ], [ -75.247841336299729, 39.961614110633533 ], [ -75.247815722978345, 39.961728766312817 ], [ -75.247758499907562, 39.961872121143507 ], [ -75.247708763402073, 39.961978021036636 ], [ -75.247702768871292, 39.962057835265909 ], [ -75.247744987247302, 39.962197481674963 ], [ -75.247777732189064, 39.962304003738296 ], [ -75.247753874056016, 39.962453966996797 ], [ -75.247673274039983, 39.962813951796377 ], [ -75.24763272940713, 39.962963908801704 ], [ -75.247489449373859, 39.963120671911106 ], [ -75.247409354778071, 39.963221205473275 ], [ -75.247405416961044, 39.963328103309429 ], [ -75.247435714120527, 39.963418113665291 ], [ -75.247480498105631, 39.963529600672189 ], [ -75.247565059595317, 39.963639605442857 ], [ -75.247447374594444, 39.964391926196676 ], [ -75.247464351418046, 39.964481379304722 ], [ -75.247169157938558, 39.96592870104606 ], [ -75.24610900459362, 39.96579829700115 ], [ -75.24579194506066, 39.967319375064456 ], [ -75.245473913840058, 39.968837805800113 ], [ -75.244416013990318, 39.968707975928233 ], [ -75.243428775588882, 39.968584480317872 ], [ -75.242755475173965, 39.968501825409575 ], [ -75.242124473737732, 39.968425250108311 ], [ -75.24145297711469, 39.968341677267212 ], [ -75.240464813077608, 39.968218936673708 ], [ -75.239479226329138, 39.968098598180035 ], [ -75.239132095148719, 39.969754754208537 ], [ -75.239134528254425, 39.969894156939112 ], [ -75.239046020943547, 39.969963852802039 ], [ -75.238289302958748, 39.970049354997677 ], [ -75.237456158177565, 39.970142539223417 ], [ -75.237293445503553, 39.969261160104026 ], [ -75.237241276005037, 39.968978565083212 ], [ -75.237283291284243, 39.968900118372623 ] ] ] } },
{ "type": "Feature", "properties": { "HS_ID": "2000", "HS_Name": "South Philadelphia HS", "HS_Grade": "9-12" }, "geometry": { "type": "MultiPolygon", "coordinates": [ [ [ [ -75.156371921143432, 39.923887217923721 ], [ -75.156455445262722, 39.923476440435437 ], [ -75.156529413803398, 39.923142209990857 ], [ -75.156627642947768, 39.922689604490671 ], [ -75.156723424949547, 39.922242990412578 ], [ -75.156796516090992, 39.921888314809664 ], [ -75.156893985541402, 39.921458325610956 ], [ -75.156990756411048, 39.921008485528304 ], [ -75.15705478271272, 39.920717378930277 ], [ -75.157163209872792, 39.920212749193524 ], [ -75.157433637104162, 39.918962680036756 ], [ -75.157993301453331, 39.919026931126133 ], [ -75.158462203885037, 39.919093210586041 ], [ -75.158997923394494, 39.919164686799753 ], [ -75.159277702068906, 39.917915040802129 ], [ -75.15927772748951, 39.917915042740972 ], [ -75.159551147241814, 39.916672668420425 ], [ -75.15901050678805, 39.916595323844533 ], [ -75.158512789902815, 39.916539987469967 ], [ -75.157982098919888, 39.916474053530791 ], [ -75.158284023107768, 39.915079948239608 ], [ -75.158095485283411, 39.915048675423485 ], [ -75.157746613357304, 39.915003057854165 ], [ -75.157485428550487, 39.914960086092641 ], [ -75.157767227425396, 39.913701127579998 ], [ -75.158019440657597, 39.912463032257982 ], [ -75.158630245429208, 39.912542260151234 ], [ -75.159203288542713, 39.91261606957395 ], [ -75.159777091654931, 39.912691796225694 ], [ -75.160392291350917, 39.912756864337183 ], [ -75.160532263257323, 39.912105476943061 ], [ -75.160698262721297, 39.91136962299742 ], [ -75.160703980823172, 39.91134408935303 ], [ -75.160782933618805, 39.910983831833512 ], [ -75.160791733271836, 39.910943680291027 ], [ -75.160824106589232, 39.910795966944107 ], [ -75.160950211197573, 39.910215623025181 ], [ -75.161218127214752, 39.90901129470074 ], [ -75.161895489706993, 39.905831117449111 ], [ -75.162307524451592, 39.903944550565491 ], [ -75.164648526468781, 39.887612504005048 ], [ -75.162171293899618, 39.882907329176682 ], [ -75.164187006175254, 39.882571043062768 ], [ -75.166995120772825, 39.882029875902681 ], [ -75.167563655275245, 39.881981265249628 ], [ -75.172144092485979, 39.881286798262558 ], [ -75.173867946782551, 39.881122261921433 ], [ -75.175058709443292, 39.881127178541576 ], [ -75.179287493125415, 39.8807632363566 ], [ -75.183094856298979, 39.880871525812758 ], [ -75.186266003387303, 39.880776404069437 ], [ -75.188330576281942, 39.880233990850925 ], [ -75.191168337494034, 39.878957201713462 ], [ -75.193249884883642, 39.878184668892878 ], [ -75.194232585698742, 39.881954784067588 ], [ -75.194351056761107, 39.884179124399644 ], [ -75.194744220218212, 39.887159583817478 ], [ -75.195005540562263, 39.889005029920099 ], [ -75.195377006373931, 39.890852930227915 ], [ -75.196641613074547, 39.892154693323199 ], [ -75.197348498685358, 39.89255420050884 ], [ -75.197918846051294, 39.892876535363982 ], [ -75.200409179792786, 39.8935829020716 ], [ -75.202200101944896, 39.893834988846379 ], [ -75.204673561297298, 39.894257866007919 ], [ -75.206431881689866, 39.894891238246629 ], [ -75.208116811443375, 39.895522952552717 ], [ -75.209537912290003, 39.896332755669114 ], [ -75.210631792380283, 39.897050385553577 ], [ -75.211572290800078, 39.897836224048731 ], [ -75.212110552751284, 39.898285960912069 ], [ -75.213583251415216, 39.899931753250279 ], [ -75.214052011475729, 39.900663816645171 ], [ -75.214686441147393, 39.90188067180712 ], [ -75.215111478205699, 39.903786283051382 ], [ -75.215457612897822, 39.905591091598396 ], [ -75.215696464108163, 39.907563337006181 ], [ -75.215683644214565, 39.908893231045681 ], [ -75.215307921057587, 39.90960661702622 ], [ -75.214645806191967, 39.910115556509176 ], [ -75.213561389884205, 39.910615150981968 ], [ -75.212279003769424, 39.910756583074331 ], [ -75.209491383966537, 39.910609938141782 ], [ -75.208480502756288, 39.910615834252646 ], [ -75.207216129997846, 39.911012324931868 ], [ -75.206358320653379, 39.911347068097314 ], [ -75.205422666925799, 39.912288564424024 ], [ -75.204704144634945, 39.913319778727612 ], [ -75.204108834833164, 39.914495235089639 ], [ -75.20359825025902, 39.915615965798992 ], [ -75.202463861633234, 39.917444533142344 ], [ -75.201944575108826, 39.918550913909932 ], [ -75.201844627725123, 39.919256237059905 ], [ -75.201994528607543, 39.919781946952661 ], [ -75.201791324429465, 39.919819308072611 ], [ -75.200062380518361, 39.920137182962613 ], [ -75.195046513306266, 39.921012687583286 ], [ -75.194485335307306, 39.921085070263388 ], [ -75.193864481103759, 39.92113019159607 ], [ -75.19249473767232, 39.921267072634862 ], [ -75.191819916357744, 39.921388914671006 ], [ -75.191222154026477, 39.921500199794387 ], [ -75.191067943475147, 39.921533210498559 ], [ -75.190816344173896, 39.921584347136822 ], [ -75.190601465380652, 39.921628021702489 ], [ -75.190472472641815, 39.921654239566806 ], [ -75.190341960454688, 39.921674377599821 ], [ -75.190158601171589, 39.92170215116824 ], [ -75.190060582890766, 39.921717130711869 ], [ -75.189812587187532, 39.921399340080001 ], [ -75.189418698799102, 39.921007844650489 ], [ -75.189324502044229, 39.920914220147075 ], [ -75.189164222102832, 39.920746252371217 ], [ -75.189104939525166, 39.920684126443362 ], [ -75.188254594716625, 39.919754693708711 ], [ -75.188039942324622, 39.919456388448218 ], [ -75.187796434953412, 39.91925229894715 ], [ -75.187437415775264, 39.919050855891015 ], [ -75.187354451556388, 39.919006847013584 ], [ -75.186962292710461, 39.918867726114776 ], [ -75.186024785915052, 39.918690979128776 ], [ -75.185100329042228, 39.91855425626558 ], [ -75.184403372521757, 39.918443802130426 ], [ -75.182821510392543, 39.918233589219206 ], [ -75.182793564313883, 39.918359721358541 ], [ -75.18251211277969, 39.919630008029692 ], [ -75.182221268398678, 39.920871756083955 ], [ -75.181418469051977, 39.920773618414913 ], [ -75.181235353560226, 39.920738874625904 ], [ -75.180894868999431, 39.92070525566362 ], [ -75.180315208714489, 39.920621012522581 ], [ -75.17976291264516, 39.920550683259279 ], [ -75.17952902810957, 39.920521501296875 ], [ -75.179269240464393, 39.920489878413058 ], [ -75.178738502232505, 39.920416146838662 ], [ -75.177954860968768, 39.920309942989029 ], [ -75.177168291238402, 39.920219553776221 ], [ -75.176367667419271, 39.920109903474064 ], [ -75.17561598837203, 39.920014348078297 ], [ -75.175046835561162, 39.919944882434102 ], [ -75.174588346319425, 39.919885815943545 ], [ -75.174034281899736, 39.919810776183567 ], [ -75.173492879370485, 39.919744054387245 ], [ -75.173005779890062, 39.919680750769871 ], [ -75.172447365939263, 39.919622458981152 ], [ -75.171940351485731, 39.919544971646438 ], [ -75.171487857875476, 39.919486505887484 ], [ -75.170855014988561, 39.919411454882209 ], [ -75.170711251437126, 39.919394994977459 ], [ -75.170448151782693, 39.920640631710327 ], [ -75.170179800898566, 39.9218860886198 ], [ -75.169881030610668, 39.923132437406899 ], [ -75.169628171323239, 39.924373265706869 ], [ -75.169363458126114, 39.925591661893485 ], [ -75.168583705247954, 39.925735735040625 ], [ -75.168270056167444, 39.925797966414656 ], [ -75.16814853042905, 39.925876331564794 ], [ -75.167351960288613, 39.926580514436417 ], [ -75.167075447144455, 39.926799609730743 ], [ -75.16693484483217, 39.926969742214716 ], [ -75.166804924863726, 39.927037223679925 ], [ -75.166072429060307, 39.927663809011612 ], [ -75.165615668051487, 39.928048721411578 ], [ -75.164991056197493, 39.92860420597809 ], [ -75.164916180380288, 39.928697275280562 ], [ -75.164719220315334, 39.928806524439196 ], [ -75.163504892344037, 39.929831163437392 ], [ -75.163381468896873, 39.929865258210597 ], [ -75.163091171366005, 39.929793807012175 ], [ -75.161530461928976, 39.92959128489457 ], [ -75.159956146124372, 39.929381552047431 ], [ -75.158394971760146, 39.929178905161812 ], [ -75.158489256020644, 39.928750906892908 ], [ -75.158570528947351, 39.928382143012492 ], [ -75.158667099296963, 39.927956284864322 ], [ -75.157116847459349, 39.927753536802015 ], [ -75.155546671648352, 39.927551239445989 ], [ -75.155635762593093, 39.927121617352611 ], [ -75.155728935640212, 39.926746419919525 ], [ -75.155817440653081, 39.926326879491995 ], [ -75.155916487800269, 39.925890500490439 ], [ -75.155997142663523, 39.925533794249013 ], [ -75.156095899582013, 39.925104929380275 ], [ -75.156189559331239, 39.924672522577652 ], [ -75.156274772649368, 39.924315763437434 ], [ -75.156371921143432, 39.923887217923721 ] ], [ [ -75.164441712584846, 39.923703064142721 ], [ -75.164532155511012, 39.923260508564589 ], [ -75.164441688514728, 39.923703061332425 ], [ -75.164441712584846, 39.923703064142721 ] ], [ [ -75.166285924612069, 39.922669256565541 ], [ -75.166375971356132, 39.922234831581314 ], [ -75.166285900457197, 39.922669254116329 ], [ -75.166285924612069, 39.922669256565541 ] ], [ [ -75.16076688597542, 39.918354951627606 ], [ -75.160827369403862, 39.91811789286897 ], [ -75.160827343987037, 39.918117890921309 ], [ -75.16076688597542, 39.918354951627606 ], [ -75.160541490740698, 39.919362121589884 ], [ -75.160541516148086, 39.919362123560632 ], [ -75.16076688597542, 39.918354951627606 ] ], [ [ -75.175661052784832, 39.888558589920933 ], [ -75.175506636710764, 39.887220747284204 ], [ -75.175521979319711, 39.887429451301976 ], [ -75.175661052784832, 39.888558589920933 ] ] ], [ [ [ -75.166244705492574, 39.942855169146064 ], [ -75.165779396613459, 39.942786384401465 ], [ -75.165627581162468, 39.942785998437252 ], [ -75.165717535788616, 39.942406443210984 ], [ -75.165832591940017, 39.941804609729964 ], [ -75.166059849291912, 39.940800978519441 ], [ -75.166133887367252, 39.940422143899596 ], [ -75.16622545223106, 39.940034714650565 ], [ -75.166434773144971, 39.939056811917069 ], [ -75.166713599154519, 39.937845795024678 ], [ -75.16686335964188, 39.937181234426667 ], [ -75.166955670570971, 39.936733330982285 ], [ -75.167169301492947, 39.935677321641911 ], [ -75.167494969924761, 39.934114489113519 ], [ -75.167769203767904, 39.932922573067856 ], [ -75.1680514503838, 39.931713787949768 ], [ -75.168319619667841, 39.930481666285708 ], [ -75.168568272080009, 39.929253610830031 ], [ -75.168690842301771, 39.92864403725369 ], [ -75.168828119448236, 39.928035002761476 ], [ -75.168957737646949, 39.928036671436729 ], [ -75.169581709941539, 39.92813406591879 ], [ -75.170049972628632, 39.928188333573878 ], [ -75.170593633192993, 39.928266826050368 ], [ -75.171137875462961, 39.928330017163077 ], [ -75.171596227458508, 39.928388553433507 ], [ -75.172155520669776, 39.928464240878235 ], [ -75.172699996421414, 39.928521347013678 ], [ -75.173162091674826, 39.928588976641983 ], [ -75.173728853125198, 39.928661678717177 ], [ -75.175290408372518, 39.928868270262896 ], [ -75.175879537281745, 39.928942223357367 ], [ -75.176335220475238, 39.929001123898445 ], [ -75.176872311727848, 39.929062922406146 ], [ -75.176962359651824, 39.928641162351575 ], [ -75.177034623855562, 39.928279185479369 ], [ -75.177137166543744, 39.92784396973726 ], [ -75.177222999814745, 39.927425473055287 ], [ -75.177302928635953, 39.927069538127789 ], [ -75.177401665006201, 39.926626790856012 ], [ -75.177949480069884, 39.926696112693129 ], [ -75.178408055677934, 39.92674854414242 ], [ -75.178970921539786, 39.926830360441684 ], [ -75.179611901388157, 39.926913714072739 ], [ -75.180248827452459, 39.927003479449418 ], [ -75.180894078384384, 39.927074755196443 ], [ -75.181434333990879, 39.92714252943955 ], [ -75.181923648779232, 39.927210519038312 ], [ -75.182479707453609, 39.927270987225683 ], [ -75.183070027623017, 39.92734731877907 ], [ -75.183567270979282, 39.927414552536362 ], [ -75.184135724490218, 39.927488390721443 ], [ -75.184693565353015, 39.92756397357725 ], [ -75.18518707344316, 39.927629321868586 ], [ -75.185774485308528, 39.927696343468895 ], [ -75.185991440629735, 39.927728243845486 ], [ -75.186858820040968, 39.927832140172725 ], [ -75.18759758428763, 39.927927613924204 ], [ -75.189181454870777, 39.928130404032508 ], [ -75.190744229589555, 39.92832825837985 ], [ -75.190668593009079, 39.928669416761224 ], [ -75.190602330306405, 39.92897811824831 ], [ -75.190535432735189, 39.929266492297451 ], [ -75.190474744494651, 39.929559773947368 ], [ -75.190222048709387, 39.930780386809893 ], [ -75.190127315765992, 39.931220084595047 ], [ -75.18994936187903, 39.932003488518227 ], [ -75.189688576363352, 39.933228640370665 ], [ -75.189416952601732, 39.934430371372919 ], [ -75.189317617940389, 39.934867517007845 ], [ -75.189237135178928, 39.935244278921147 ], [ -75.18914801425673, 39.935672620795202 ], [ -75.189062659170659, 39.936096819177266 ], [ -75.188978009780485, 39.936458124820071 ], [ -75.188885571251902, 39.936888071951458 ], [ -75.187327602999773, 39.936680228893579 ], [ -75.185756407865156, 39.936483928728663 ], [ -75.185727908957361, 39.936480347936531 ], [ -75.185499936355669, 39.937598274968558 ], [ -75.185416433763848, 39.937953698860845 ], [ -75.185391896318194, 39.938058864797576 ], [ -75.18530335339068, 39.938515780134516 ], [ -75.185271019414401, 39.938663579602959 ], [ -75.185234838497507, 39.938824544195832 ], [ -75.185168149727687, 39.939115485637423 ], [ -75.184956101127327, 39.940085341016534 ], [ -75.183141072922197, 39.939896858480409 ], [ -75.181495283297295, 39.9396885432555 ], [ -75.179838911819701, 39.939479802181062 ], [ -75.178251967385336, 39.939269057267786 ], [ -75.176311496454431, 39.939022745187259 ], [ -75.174751851193804, 39.938827358599937 ], [ -75.174651103702871, 39.939301432411426 ], [ -75.174577055527251, 39.939641701536921 ], [ -75.174481401363479, 39.940057295817574 ], [ -75.174377344508301, 39.940527727135105 ], [ -75.174272804299008, 39.941022763217305 ], [ -75.174187746652123, 39.941422116658089 ], [ -75.174105103990911, 39.941794789421479 ], [ -75.173885276191868, 39.942801545330539 ], [ -75.173783428121567, 39.943292971740746 ], [ -75.173668549889186, 39.943776464819422 ], [ -75.172105588851707, 39.943578076921717 ], [ -75.171027713595223, 39.94344147559621 ], [ -75.1705336675154, 39.943381344634787 ], [ -75.169998126222907, 39.943311690588018 ], [ -75.169730175498302, 39.94327887233473 ], [ -75.169339659597838, 39.943226759555181 ], [ -75.168958183384618, 39.943185989900151 ], [ -75.168261421945601, 39.943096944520853 ], [ -75.16781562182075, 39.943046216677814 ], [ -75.167370646946992, 39.942996182332074 ], [ -75.166244705492574, 39.942855169146064 ] ] ] ] } },
{ "type": "Feature", "properties": { "HS_ID": "2010", "HS_Name": "Franklin, Benjamin HS", "HS_Grade": "9-12" }, "geometry": { "type": "Polygon", "coordinates": [ [ [ -75.148752803389641, 39.976053196905738 ], [ -75.149059196083485, 39.974629243367652 ], [ -75.149552017071699, 39.974694448447792 ], [ -75.150040948234107, 39.974758282007812 ], [ -75.150231571073022, 39.974782468309556 ], [ -75.150948633926959, 39.97487344024389 ], [ -75.151617069714021, 39.974960553070389 ], [ -75.151916690619828, 39.973589833498167 ], [ -75.152023531334748, 39.973106284066745 ], [ -75.152188367424117, 39.972319593119806 ], [ -75.152450123837269, 39.971145161948535 ], [ -75.152574546018087, 39.970571700083809 ], [ -75.15269159270909, 39.970055951747469 ], [ -75.152783500923391, 39.969624409413065 ], [ -75.152907122888635, 39.969067136710343 ], [ -75.153019234572085, 39.96855028260989 ], [ -75.152000700917696, 39.968299180915906 ], [ -75.151463010212197, 39.968176206752105 ], [ -75.150973556731898, 39.968078967362622 ], [ -75.15051564764147, 39.967972376112968 ], [ -75.149558502643458, 39.967733564369766 ], [ -75.148690237763432, 39.967517677650577 ], [ -75.147910497226249, 39.96732631826535 ], [ -75.147147841768572, 39.967127849969309 ], [ -75.146504780635482, 39.966842825167546 ], [ -75.145891316170406, 39.966548164290479 ], [ -75.145757828853547, 39.966493928625376 ], [ -75.144906073260259, 39.966096608938173 ], [ -75.144586330970142, 39.965945479047811 ], [ -75.144002543014807, 39.965671032854083 ], [ -75.143377523625588, 39.965380879124133 ], [ -75.142529666342313, 39.964986459831266 ], [ -75.141631395109528, 39.96457373788683 ], [ -75.140706422729167, 39.964139708528386 ], [ -75.139931971332032, 39.963777785249093 ], [ -75.139754901770289, 39.963692321574527 ], [ -75.14006138678748, 39.962737902133767 ], [ -75.139785787742042, 39.962673831773408 ], [ -75.139602215915048, 39.962630351711383 ], [ -75.139296795993531, 39.962558010537755 ], [ -75.139222018105187, 39.962540411289254 ], [ -75.138275494502196, 39.96231762501553 ], [ -75.138082907460358, 39.962937644900229 ], [ -75.137170839282774, 39.962820848330722 ], [ -75.13675691661966, 39.962767571015327 ], [ -75.13629652065309, 39.962452641935364 ], [ -75.135702544426721, 39.962047993115434 ], [ -75.129087908088636, 39.960709141203942 ], [ -75.130495223148372, 39.959595907579896 ], [ -75.130730667113767, 39.959319392641497 ], [ -75.130967685037092, 39.95904102734594 ], [ -75.131079841853179, 39.95890930328347 ], [ -75.13132845710625, 39.958569744871284 ], [ -75.131538075718197, 39.958283444870993 ], [ -75.131960371579694, 39.957566035903334 ], [ -75.132268026732504, 39.957043373107695 ], [ -75.132532098752293, 39.956570957433144 ], [ -75.132808525086418, 39.956020214005797 ], [ -75.133224406299888, 39.9552361472415 ], [ -75.134435688872657, 39.953037480013549 ], [ -75.134877788151158, 39.952075979518042 ], [ -75.135206006189392, 39.951136968114454 ], [ -75.135447261972871, 39.950420052464708 ], [ -75.135607782623921, 39.949927370706035 ], [ -75.135671694912773, 39.949731206468535 ], [ -75.13574097388188, 39.949518565833095 ], [ -75.135793984024176, 39.949294798867626 ], [ -75.135878701421518, 39.948937185527214 ], [ -75.135941182435786, 39.948673438732264 ], [ -75.13603708917114, 39.948268585483895 ], [ -75.136048376984704, 39.948061401594217 ], [ -75.136137422423914, 39.947674525956756 ], [ -75.136214708514544, 39.947143308464568 ], [ -75.136239927227592, 39.946951593642282 ], [ -75.136287749547265, 39.946588053986403 ], [ -75.136303673655817, 39.946174054516646 ], [ -75.13631648281023, 39.945841034840363 ], [ -75.136288880539027, 39.945559358256396 ], [ -75.136259569615731, 39.94526023672833 ], [ -75.13622743114334, 39.944932253100966 ], [ -75.136170176949193, 39.944592687493646 ], [ -75.136098808061433, 39.944169404034305 ], [ -75.136025489914346, 39.943734554679395 ], [ -75.135966571120292, 39.943346747954415 ], [ -75.135903393407318, 39.942930910542763 ], [ -75.135860572809349, 39.942649055419913 ], [ -75.135832873850376, 39.942454294698464 ], [ -75.135792059544059, 39.942167314279388 ], [ -75.135737081752424, 39.941590929777483 ], [ -75.135713075244354, 39.941246105470796 ], [ -75.135699224064965, 39.940760233717931 ], [ -75.142386440048639, 39.940757611941919 ], [ -75.144060926878083, 39.94097303772363 ], [ -75.145032052834338, 39.941099938419619 ], [ -75.145667909670635, 39.941182349593497 ], [ -75.14674352614594, 39.941311595615865 ], [ -75.147604809258951, 39.941423638057572 ], [ -75.14809775404467, 39.941487516115302 ], [ -75.149180660923449, 39.9416213555008 ], [ -75.149647279282647, 39.941677975822898 ], [ -75.150407699434837, 39.941775750993706 ], [ -75.150756895774819, 39.941819800412915 ], [ -75.151189437091972, 39.941878403773643 ], [ -75.151561115246309, 39.94192342684314 ], [ -75.152334290524635, 39.94201626298095 ], [ -75.153917692813479, 39.942206410856805 ], [ -75.155489510946964, 39.94240817980446 ], [ -75.156271452412852, 39.942507107149694 ], [ -75.156671303368981, 39.942551231476564 ], [ -75.157059098586856, 39.942597730852803 ], [ -75.157572792890548, 39.942666781642849 ], [ -75.158043811341244, 39.942731291387261 ], [ -75.15863139924636, 39.942802234273834 ], [ -75.159104475631509, 39.94286101689687 ], [ -75.159778739876572, 39.942946696271811 ], [ -75.160205664382644, 39.942998326765277 ], [ -75.161378867223235, 39.9431392443094 ], [ -75.16178373559589, 39.943187307635206 ], [ -75.163355507479125, 39.943379983595946 ], [ -75.164131605039074, 39.943480137863254 ], [ -75.164373041567757, 39.943517176659192 ], [ -75.165421727204389, 39.943646961524706 ], [ -75.165535846311684, 39.943201686586946 ], [ -75.165627581162468, 39.942785998437252 ], [ -75.165779396613459, 39.942786384401465 ], [ -75.166244705492574, 39.942855169146064 ], [ -75.167370646946992, 39.942996182332074 ], [ -75.16781562182075, 39.943046216677814 ], [ -75.168261421945601, 39.943096944520853 ], [ -75.168958183384618, 39.943185989900151 ], [ -75.169339659597838, 39.943226759555181 ], [ -75.169730175498302, 39.94327887233473 ], [ -75.169998126222907, 39.943311690588018 ], [ -75.1705336675154, 39.943381344634787 ], [ -75.171027713595223, 39.94344147559621 ], [ -75.172105588851707, 39.943578076921717 ], [ -75.173668549889186, 39.943776464819422 ], [ -75.175242118819, 39.943970530038563 ], [ -75.177169587127722, 39.944210957541983 ], [ -75.178766362926865, 39.944401920202473 ], [ -75.180410192363624, 39.944603119292381 ], [ -75.180611507197554, 39.944632090593686 ], [ -75.180951025007957, 39.944671194832956 ], [ -75.182781164859435, 39.944907039721258 ], [ -75.183349320088737, 39.94497731916546 ], [ -75.183887421824807, 39.945036669021881 ], [ -75.185007885899523, 39.945179717662178 ], [ -75.18570281208811, 39.945277339313307 ], [ -75.185686889606799, 39.946160001891016 ], [ -75.185913782029232, 39.94621981036947 ], [ -75.186166267805518, 39.946403238643342 ], [ -75.186870200153734, 39.946914571631581 ], [ -75.186767726554933, 39.946981536991267 ], [ -75.186381925575148, 39.947257678409784 ], [ -75.184660804126906, 39.948491032151153 ], [ -75.183676482390638, 39.949233166955381 ], [ -75.183013745760604, 39.949741926184167 ], [ -75.182434838634521, 39.950464820092947 ], [ -75.181772281198434, 39.951454706568086 ], [ -75.181741729327697, 39.951520486538286 ], [ -75.181251865767649, 39.952575133235761 ], [ -75.18103424743272, 39.952999285513336 ], [ -75.180447927761151, 39.954142038791403 ], [ -75.180310916296349, 39.954484184194968 ], [ -75.180183958222003, 39.954801220932225 ], [ -75.179899503429255, 39.95541056100268 ], [ -75.17986268049421, 39.955489439517251 ], [ -75.179566894823438, 39.956123041556218 ], [ -75.179523648662737, 39.956215676865817 ], [ -75.179364548959427, 39.957018719111211 ], [ -75.179295167951523, 39.957880374074989 ], [ -75.179478734327006, 39.958860905268139 ], [ -75.179838992260017, 39.959788789316093 ], [ -75.179975829700012, 39.960010271561337 ], [ -75.180051079952193, 39.960132068330672 ], [ -75.180220215305454, 39.960405820580903 ], [ -75.181075084289972, 39.961627798810703 ], [ -75.18195851251086, 39.962581540396265 ], [ -75.18287764460743, 39.963564374202626 ], [ -75.183472258287068, 39.964341536181628 ], [ -75.18354554441072, 39.964437321152374 ], [ -75.183648737691513, 39.964572192293062 ], [ -75.184356608433816, 39.965550289347171 ], [ -75.184849223265886, 39.96614149173918 ], [ -75.185592696562495, 39.966908111989476 ], [ -75.181121775408741, 39.967463599612877 ], [ -75.179684783001207, 39.967417407677743 ], [ -75.180163681769557, 39.967794395545113 ], [ -75.180062820116149, 39.968416647134021 ], [ -75.179914602375746, 39.969090943561298 ], [ -75.17983743980075, 39.96944775366466 ], [ -75.17977598962257, 39.969693539893058 ], [ -75.179754889068647, 39.96981497856104 ], [ -75.179651616869364, 39.970310272091929 ], [ -75.178606401891869, 39.970181658250219 ], [ -75.178056687529676, 39.970113729414585 ], [ -75.177806508101426, 39.971208969504445 ], [ -75.177538730300768, 39.972438556473904 ], [ -75.177862946149745, 39.972481031370066 ], [ -75.177863875620318, 39.973833454430981 ], [ -75.177852679205515, 39.974248936524702 ], [ -75.177123534151519, 39.97432823474788 ], [ -75.176419648462186, 39.974404185387613 ], [ -75.175936584917068, 39.974453623779304 ], [ -75.175456715694381, 39.974504660838321 ], [ -75.17378624577708, 39.97467888698813 ], [ -75.172092336418658, 39.974855903415211 ], [ -75.170401710995193, 39.975039382279796 ], [ -75.16914490341496, 39.975168563448086 ], [ -75.168263449167284, 39.975260196644022 ], [ -75.168145324788085, 39.975035024475972 ], [ -75.168055032335786, 39.974870992326942 ], [ -75.167731957065541, 39.974320808202734 ], [ -75.167220148978004, 39.973398707164655 ], [ -75.166539675023216, 39.972381597428637 ], [ -75.166272108558545, 39.972037642881503 ], [ -75.165972893576139, 39.971608896715708 ], [ -75.165778801455374, 39.971340492220726 ], [ -75.165618189230358, 39.971192002497176 ], [ -75.165311331532749, 39.970911444385621 ], [ -75.164555161782772, 39.970817943351825 ], [ -75.162981268304364, 39.970624201717932 ], [ -75.161404538443875, 39.970429631873714 ], [ -75.160560719901056, 39.970320887387757 ], [ -75.159853416326087, 39.970221629022966 ], [ -75.15970329166511, 39.970203112066187 ], [ -75.159441966579109, 39.971468323386617 ], [ -75.159237641086762, 39.97238526979509 ], [ -75.159057703687665, 39.973206128900586 ], [ -75.15878329590781, 39.97448373998995 ], [ -75.158526998487758, 39.9758515450687 ], [ -75.158227929086252, 39.977217108818117 ], [ -75.158239623958707, 39.977281450598127 ], [ -75.157915626067108, 39.978708863327036 ], [ -75.157582797319776, 39.980224194510981 ], [ -75.157255473877086, 39.981694821044464 ], [ -75.156915778236026, 39.98322097007847 ], [ -75.156613909741537, 39.98470003179937 ], [ -75.156276371490677, 39.986284634879127 ], [ -75.155407743181925, 39.986180876153782 ], [ -75.154939781630659, 39.986119456251267 ], [ -75.15406310987008, 39.986004580541611 ], [ -75.153276337950871, 39.985900652194807 ], [ -75.152485707351062, 39.985802946312305 ], [ -75.151702355404083, 39.985701710041653 ], [ -75.150914779971018, 39.985598532846559 ], [ -75.149472878100127, 39.985410443765964 ], [ -75.149342600812261, 39.985393448501888 ], [ -75.149433250793948, 39.984962431910496 ], [ -75.149503987607034, 39.984630248336458 ], [ -75.149686331806578, 39.983808717791725 ], [ -75.150013144117366, 39.982316206246132 ], [ -75.149442852804242, 39.982242079566809 ], [ -75.148438393559999, 39.982111586467269 ], [ -75.147946230205093, 39.982050274322191 ], [ -75.147455136014102, 39.981987551670116 ], [ -75.147782518677914, 39.980496006284852 ], [ -75.148111662187901, 39.97899896517788 ], [ -75.148448925997826, 39.977446981252434 ], [ -75.148752803389641, 39.976053196905738 ] ] ] } },
{ "type": "Feature", "properties": { "HS_ID": "2160", "HS_Name": "Furness, Horace", "HS_Grade": "9-12" }, "geometry": { "type": "Polygon", "coordinates": [ [ [ -75.142386440048639, 39.940757611941919 ], [ -75.142231658061434, 39.940737742859731 ], [ -75.135699224064965, 39.940760233717931 ], [ -75.135703574214844, 39.940378566798543 ], [ -75.135708297686534, 39.939964099364794 ], [ -75.135703768851528, 39.939818746405734 ], [ -75.135721866365046, 39.939289239104497 ], [ -75.135738348237567, 39.93889872943511 ], [ -75.135754038211019, 39.938526944836042 ], [ -75.135776550380058, 39.937993535805369 ], [ -75.135792219507906, 39.937330195264707 ], [ -75.135825628482138, 39.936830614911671 ], [ -75.135852345746045, 39.936197530329565 ], [ -75.135875239359081, 39.935655046754441 ], [ -75.135899385745219, 39.93508287412741 ], [ -75.135925315309834, 39.934468407485291 ], [ -75.135947217898575, 39.933949377522929 ], [ -75.135942473679464, 39.93364611772413 ], [ -75.135915441500714, 39.932508267430421 ], [ -75.135722783997423, 39.930651314087598 ], [ -75.135456512690055, 39.929515778826818 ], [ -75.134801208888192, 39.927750960292649 ], [ -75.134307845382949, 39.926621600693714 ], [ -75.134064312349409, 39.92595733789328 ], [ -75.133151194317932, 39.923935206723755 ], [ -75.136689808954984, 39.923806874526996 ], [ -75.133146003114291, 39.923930523655002 ], [ -75.132989263348435, 39.923586677628322 ], [ -75.13284091412423, 39.923261234398488 ], [ -75.132685501427417, 39.922920294248442 ], [ -75.132499184337647, 39.922511552563762 ], [ -75.132334945062951, 39.922151240130994 ], [ -75.132081084690171, 39.921594304631839 ], [ -75.131870458859751, 39.921132212899145 ], [ -75.131270578686582, 39.919909966030183 ], [ -75.131182460839355, 39.919517823339923 ], [ -75.130757347108769, 39.918479756627171 ], [ -75.130441350496127, 39.9175657810001 ], [ -75.130041280377611, 39.91609061029353 ], [ -75.129514007963166, 39.913217616036533 ], [ -75.129522105596777, 39.913218408973457 ], [ -75.129380904575456, 39.912194977523683 ], [ -75.129294156603365, 39.911286189017495 ], [ -75.129229876201194, 39.909901268757238 ], [ -75.129217335786237, 39.908829006456479 ], [ -75.129240679567516, 39.908223408229169 ], [ -75.129405132326681, 39.906636368865648 ], [ -75.129853791697172, 39.904642217374843 ], [ -75.130694944077604, 39.902172932838425 ], [ -75.132717809460758, 39.897390573963683 ], [ -75.134869647938544, 39.893113213479403 ], [ -75.135934570320273, 39.891187341788175 ], [ -75.137805106918279, 39.889119368277122 ], [ -75.139618545148153, 39.887330853383475 ], [ -75.141126468705139, 39.885937058154113 ], [ -75.142523951228142, 39.885153888036896 ], [ -75.144615279641144, 39.884346096058962 ], [ -75.146172974453108, 39.884111064567222 ], [ -75.151379716846662, 39.883817672254224 ], [ -75.153143383398302, 39.883704613886209 ], [ -75.154696309298686, 39.883594176875626 ], [ -75.156365747334647, 39.883475430191609 ], [ -75.1576403018653, 39.883384754589777 ], [ -75.158695622160849, 39.8833010273243 ], [ -75.159980700793653, 39.883199057814174 ], [ -75.162180296697898, 39.882914684753857 ], [ -75.164648526468781, 39.887612504005048 ], [ -75.162316531218153, 39.903951906157509 ], [ -75.16190449554415, 39.905838472146883 ], [ -75.16114417983502, 39.909353109897204 ], [ -75.160923991667289, 39.910388649807388 ], [ -75.160833114102545, 39.910803322652349 ], [ -75.160800740801605, 39.910951036001649 ], [ -75.160712987261505, 39.911351444143925 ], [ -75.160542536963405, 39.912112677462105 ], [ -75.1604025651407, 39.912764064868561 ], [ -75.159787365369553, 39.912698996812253 ], [ -75.15921356221925, 39.912623269311652 ], [ -75.158640518999988, 39.912549460840566 ], [ -75.158029712982483, 39.912470232975586 ], [ -75.157777499910594, 39.913708328319963 ], [ -75.157495701195927, 39.914967286857888 ], [ -75.157756886037077, 39.915010258596013 ], [ -75.158105758007039, 39.91505587613409 ], [ -75.158294295855882, 39.91508714893331 ], [ -75.157992373049993, 39.916481253377526 ], [ -75.158523064064752, 39.916547188169496 ], [ -75.159020781011137, 39.916602524499389 ], [ -75.159561420364795, 39.91667986900044 ], [ -75.159288001071729, 39.917922241987796 ], [ -75.159008221387694, 39.919171887983985 ], [ -75.158472501844983, 39.919100410918219 ], [ -75.158003600488442, 39.919034132427015 ], [ -75.157443936070379, 39.918969881387895 ], [ -75.15717350899979, 39.920219950568772 ], [ -75.157065081904562, 39.920724580315287 ], [ -75.157001055674542, 39.921015686018706 ], [ -75.156904283659145, 39.921465526983823 ], [ -75.156806815432773, 39.921895516217738 ], [ -75.156733724337101, 39.922250191827203 ], [ -75.156637926244983, 39.922696803790153 ], [ -75.156539687583845, 39.923149410841013 ], [ -75.156465720254971, 39.923483641318626 ], [ -75.156382195019859, 39.923894418787896 ], [ -75.156370635255072, 39.923892890324204 ], [ -75.156274772649368, 39.924315763437434 ], [ -75.156189559331239, 39.924672522577652 ], [ -75.156095899582013, 39.925104929380275 ], [ -75.155997142663523, 39.925533794249013 ], [ -75.155916487800269, 39.925890500490439 ], [ -75.155817440653081, 39.926326879491995 ], [ -75.155728935640212, 39.926746419919525 ], [ -75.155635762593093, 39.927121617352611 ], [ -75.155546671648352, 39.927551239445989 ], [ -75.157116847459349, 39.927753536802015 ], [ -75.158667099296963, 39.927956284864322 ], [ -75.158570528947351, 39.928382143012492 ], [ -75.158489256020644, 39.928750906892908 ], [ -75.158394971760146, 39.929178905161812 ], [ -75.159956146124372, 39.929381552047431 ], [ -75.161530461928976, 39.92959128489457 ], [ -75.163091171366005, 39.929793807012175 ], [ -75.163381468896873, 39.929865258210597 ], [ -75.163504892344037, 39.929831163437392 ], [ -75.164719220315334, 39.928806524439196 ], [ -75.164916180380288, 39.928697275280562 ], [ -75.164991056197493, 39.92860420597809 ], [ -75.165615668051487, 39.928048721411578 ], [ -75.166072429060307, 39.927663809011612 ], [ -75.166804924863726, 39.927037223679925 ], [ -75.16693484483217, 39.926969742214716 ], [ -75.167075447144455, 39.926799609730743 ], [ -75.167351960288613, 39.926580514436417 ], [ -75.16814853042905, 39.925876331564794 ], [ -75.168270056167444, 39.925797966414656 ], [ -75.168583705247954, 39.925735735040625 ], [ -75.169363458126114, 39.925591661893485 ], [ -75.169096055119311, 39.926817926055307 ], [ -75.168828119448236, 39.928035002761476 ], [ -75.168690842301771, 39.92864403725369 ], [ -75.168568272080009, 39.929253610830031 ], [ -75.168319619667841, 39.930481666285708 ], [ -75.1680514503838, 39.931713787949768 ], [ -75.167769203767904, 39.932922573067856 ], [ -75.167494969924761, 39.934114489113519 ], [ -75.167169301492947, 39.935677321641911 ], [ -75.166955670570971, 39.936733330982285 ], [ -75.16686335964188, 39.937181234426667 ], [ -75.166713599154519, 39.937845795024678 ], [ -75.166434773144971, 39.939056811917069 ], [ -75.16622545223106, 39.940034714650565 ], [ -75.166133887367252, 39.940422143899596 ], [ -75.166059849291912, 39.940800978519441 ], [ -75.165832591940017, 39.941804609729964 ], [ -75.165717535788616, 39.942406443210984 ], [ -75.165627581162468, 39.942785998437252 ], [ -75.165535846311684, 39.943201686586946 ], [ -75.165421727204389, 39.943646961524706 ], [ -75.164373041567757, 39.943517176659192 ], [ -75.164131605039074, 39.943480137863254 ], [ -75.163355507479125, 39.943379983595946 ], [ -75.16178373559589, 39.943187307635206 ], [ -75.161378867223235, 39.9431392443094 ], [ -75.160205664382644, 39.942998326765277 ], [ -75.159778739876572, 39.942946696271811 ], [ -75.159104475631509, 39.94286101689687 ], [ -75.15863139924636, 39.942802234273834 ], [ -75.158043811341244, 39.942731291387261 ], [ -75.157572792890548, 39.942666781642849 ], [ -75.157059098586856, 39.942597730852803 ], [ -75.156671303368981, 39.942551231476564 ], [ -75.156271452412852, 39.942507107149694 ], [ -75.155489510946964, 39.94240817980446 ], [ -75.153917692813479, 39.942206410856805 ], [ -75.152334290524635, 39.94201626298095 ], [ -75.151561115246309, 39.94192342684314 ], [ -75.151189437091972, 39.941878403773643 ], [ -75.150756895774819, 39.941819800412915 ], [ -75.150407699434837, 39.941775750993706 ], [ -75.149647279282647, 39.941677975822898 ], [ -75.149180660923449, 39.9416213555008 ], [ -75.14809775404467, 39.941487516115302 ], [ -75.147604809258951, 39.941423638057572 ], [ -75.14674352614594, 39.941311595615865 ], [ -75.145667909670635, 39.941182349593497 ], [ -75.145032052834338, 39.941099938419619 ], [ -75.144060926878083, 39.94097303772363 ], [ -75.142386440048639, 39.940757611941919 ] ], [ [ -75.139974695621135, 39.92367429702476 ], [ -75.143212767472676, 39.923400315758691 ], [ -75.143060574467697, 39.923391134221319 ], [ -75.141266727256507, 39.923554959984919 ], [ -75.139974695621135, 39.92367429702476 ] ], [ [ -75.15479577404362, 39.923678803888876 ], [ -75.154807329889636, 39.923680332002647 ], [ -75.154898269517645, 39.923277971463541 ], [ -75.154973808295665, 39.922942072661883 ], [ -75.155066728976195, 39.922503539229481 ], [ -75.155055239495894, 39.922502072082551 ], [ -75.154963533543324, 39.922934871644998 ], [ -75.154887994722458, 39.923270770439892 ], [ -75.15479577404362, 39.923678803888876 ] ], [ [ -75.154163824651093, 39.919000531453904 ], [ -75.154248420831266, 39.918553689309043 ], [ -75.154237059854779, 39.918552229668748 ], [ -75.154153550580119, 39.918993330364145 ], [ -75.154060372559272, 39.919362578769345 ], [ -75.153976119597459, 39.919798689338329 ], [ -75.15387226073473, 39.920239413377651 ], [ -75.153792422247193, 39.920616806139293 ], [ -75.153691721910619, 39.921048699506365 ], [ -75.153607405492096, 39.921477316479255 ], [ -75.153535591582809, 39.921822912732537 ], [ -75.153452277403872, 39.922204867783158 ], [ -75.153455894242526, 39.922291943155017 ], [ -75.153465922742015, 39.922293223895672 ], [ -75.153462550716711, 39.922212068909019 ], [ -75.153545866016174, 39.921830113877533 ], [ -75.153617679880853, 39.921484517617763 ], [ -75.153701995108719, 39.921055899710723 ], [ -75.153802696525247, 39.920624007261239 ], [ -75.153882533795112, 39.920246614466009 ], [ -75.153986392636725, 39.919805889517235 ], [ -75.154070646676175, 39.919369779867473 ], [ -75.154163824651093, 39.919000531453904 ] ], [ [ -75.152607933879636, 39.917056823358806 ], [ -75.15259651542145, 39.91705534130508 ], [ -75.152510984066637, 39.917482617922232 ], [ -75.152429904368503, 39.917863685821118 ], [ -75.152327984907728, 39.91830105752566 ], [ -75.152339588011657, 39.918302548473413 ], [ -75.152440178086565, 39.917870887065455 ], [ -75.152521257735629, 39.917489819159329 ], [ -75.152607933879636, 39.917056823358806 ] ], [ [ -75.151288197911271, 39.915609154405054 ], [ -75.151276756253779, 39.915607495026677 ], [ -75.15101595295495, 39.916843271663495 ], [ -75.15102743037761, 39.916844767365859 ], [ -75.151288197911271, 39.915609154405054 ] ] ] } },
{ "type": "Feature", "properties": { "HS_ID": "3416", "HS_Name": "Mastery Charter School at Gratz", "HS_Grade": "7-12" }, "geometry": { "type": "Polygon", "coordinates": [ [ [ -75.147955010837364, 40.013978614620505 ], [ -75.147914386853856, 40.013927404492165 ], [ -75.147228844978784, 40.014081402108864 ], [ -75.147221891377868, 40.01343296184335 ], [ -75.146476802946054, 40.013343114491541 ], [ -75.143320315304479, 40.012927423875787 ], [ -75.142795286399377, 40.012858788197867 ], [ -75.142329266931952, 40.01279113891426 ], [ -75.141786607552106, 40.012709919956578 ], [ -75.142112640922591, 40.011238071682747 ], [ -75.142438809551678, 40.009744029134566 ], [ -75.14276347100018, 40.008269788549612 ], [ -75.142772957863414, 40.008154990454926 ], [ -75.142774275616929, 40.008045591373154 ], [ -75.143063434353152, 40.006722226308064 ], [ -75.143098017363968, 40.006563806583301 ], [ -75.143438260470006, 40.005072838644544 ], [ -75.143301592136837, 40.004722377551538 ], [ -75.143139932475606, 40.00428493094099 ], [ -75.143293649867772, 40.003524692503206 ], [ -75.143501273317213, 40.003551563694693 ], [ -75.143743653948434, 40.003582933988362 ], [ -75.144038413583672, 40.002234264746107 ], [ -75.144123663227475, 40.002159226596397 ], [ -75.144064517565084, 40.001912907235642 ], [ -75.143798092935683, 40.001455853895116 ], [ -75.143346433943009, 40.000744015445925 ], [ -75.144173278341981, 40.000431689331563 ], [ -75.144463397585838, 40.000328858228855 ], [ -75.144767010663074, 39.99891678999964 ], [ -75.145097955630575, 39.997426025465138 ], [ -75.145237380350295, 39.996758356874224 ], [ -75.145312766892474, 39.99639505500938 ], [ -75.145427411480711, 39.995930181623194 ], [ -75.145605097580869, 39.995103289313249 ], [ -75.145749695690384, 39.994440584236486 ], [ -75.145838085532972, 39.994038562044047 ], [ -75.14590955203704, 39.993716619707364 ], [ -75.145983241780712, 39.993390051478151 ], [ -75.146089596891997, 39.992849600250246 ], [ -75.146882363615106, 39.992950120735038 ], [ -75.147887036904862, 39.993079879941128 ], [ -75.148082023112366, 39.992376304715386 ], [ -75.148308556569617, 39.991505109455296 ], [ -75.148378439215975, 39.991217649854057 ], [ -75.148346223019715, 39.991069969587443 ], [ -75.148306958160717, 39.990969600674362 ], [ -75.148153138336482, 39.990725529002781 ], [ -75.148027398808878, 39.990562789923672 ], [ -75.147602755332287, 39.989961381659739 ], [ -75.147543752260503, 39.989864978105913 ], [ -75.147811312959007, 39.989906397761054 ], [ -75.148340982929199, 39.989971948983268 ], [ -75.148898121461158, 39.990037386804808 ], [ -75.149359103359046, 39.990093105293091 ], [ -75.14991623019813, 39.990170796234409 ], [ -75.150479317500356, 39.990248048190551 ], [ -75.150922074849859, 39.990305055018872 ], [ -75.151491277736639, 39.990373551890599 ], [ -75.152872214101706, 39.990552877700352 ], [ -75.153070264242814, 39.990578595857073 ], [ -75.153969970440585, 39.990697430797553 ], [ -75.155069726450193, 39.990839119926328 ], [ -75.155271064697658, 39.990854301803637 ], [ -75.155499898775432, 39.989794409414742 ], [ -75.155593106021911, 39.989370487132838 ], [ -75.1559358974676, 39.987878554987908 ], [ -75.156276371490677, 39.986284634879127 ], [ -75.156613909741537, 39.98470003179937 ], [ -75.156915778236026, 39.98322097007847 ], [ -75.157255473877086, 39.981694821044464 ], [ -75.158897008214453, 39.981915040873027 ], [ -75.160470749277138, 39.982129650958704 ], [ -75.160146718266986, 39.983628898433594 ], [ -75.160051875126172, 39.984070259270332 ], [ -75.159955617642609, 39.984505307145071 ], [ -75.159812118030459, 39.985149374337269 ], [ -75.161383372872692, 39.985340495711981 ], [ -75.162951247186086, 39.985543730646697 ], [ -75.163615119041864, 39.985636223648072 ], [ -75.163748437167783, 39.985658196097624 ], [ -75.16451834027832, 39.985760603768952 ], [ -75.165317674596238, 39.985862954522062 ], [ -75.166098831869405, 39.985967163689374 ], [ -75.165763440449282, 39.987515001890308 ], [ -75.164977218866269, 39.987422261124195 ], [ -75.164185086304997, 39.987312077754197 ], [ -75.163842617076668, 39.988907785078503 ], [ -75.163501808997779, 39.990402590136888 ], [ -75.163183884196542, 39.991891659821384 ], [ -75.16294179904925, 39.993044584418044 ], [ -75.162850181309011, 39.993481241024014 ], [ -75.163208755544161, 39.993324243819188 ], [ -75.163750194637188, 39.993967407460183 ], [ -75.163645506285704, 39.994015792031412 ], [ -75.163350493459035, 39.994148322421083 ], [ -75.163052950470643, 39.994277649610268 ], [ -75.162753452252574, 39.994404057743509 ], [ -75.162451670763218, 39.99452782503193 ], [ -75.162148512958751, 39.994649222386677 ], [ -75.161843567962237, 39.994768518945996 ], [ -75.161632026721733, 39.994849646448799 ], [ -75.161537185104706, 39.99488598566942 ], [ -75.161229784186887, 39.995001919436717 ], [ -75.160921358987451, 39.995116575987772 ], [ -75.16061238107612, 39.995230246167772 ], [ -75.160458845033475, 39.995286151429148 ], [ -75.160302278195971, 39.99534316033575 ], [ -75.159992421765324, 39.995455666584427 ], [ -75.15968224437357, 39.99556799088046 ], [ -75.159372142837569, 39.995680417888252 ], [ -75.159103965504229, 39.995787685077389 ], [ -75.158927845079575, 39.996640395389797 ], [ -75.158713614132395, 39.997652155834757 ], [ -75.158581459306902, 39.99820623506163 ], [ -75.158600524087873, 39.998328302691036 ], [ -75.158996820399423, 39.998828117554716 ], [ -75.158622657239462, 39.999027408273079 ], [ -75.158812225465738, 39.999257262374705 ], [ -75.158996023520174, 39.99947923625237 ], [ -75.159180337412408, 39.999700925014444 ], [ -75.159365399833675, 39.999922217678773 ], [ -75.159561507923584, 40.000138163057265 ], [ -75.159771303179568, 40.000346684385228 ], [ -75.159990484020739, 40.000548785576576 ], [ -75.160220654240931, 40.000743763024388 ], [ -75.160464794109089, 40.000928858303567 ], [ -75.160721025743868, 40.001103237877174 ], [ -75.160980128647452, 40.001275047033594 ], [ -75.161240496930915, 40.001445843436557 ], [ -75.161501999840823, 40.001615707022843 ], [ -75.161764512443071, 40.001784718762444 ], [ -75.162027902745123, 40.001952960368321 ], [ -75.162292043402488, 40.00212051456046 ], [ -75.162556805934528, 40.002287463133371 ], [ -75.162822061963212, 40.002453885182184 ], [ -75.163087679534385, 40.002619892158826 ], [ -75.163353696511919, 40.002785904787004 ], [ -75.163620737066765, 40.002951223522345 ], [ -75.163682975978347, 40.00298909789413 ], [ -75.163851075409838, 40.003010034771556 ], [ -75.164286536810522, 40.00307313876192 ], [ -75.164233490395432, 40.003317107376866 ], [ -75.16416664603112, 40.003624523693333 ], [ -75.16410376670683, 40.003913706255922 ], [ -75.163942557551323, 40.004656818906497 ], [ -75.163788927821713, 40.005391718188818 ], [ -75.163629294871939, 40.006153400797842 ], [ -75.165229931494522, 40.006355457449423 ], [ -75.166836274689814, 40.006566257994251 ], [ -75.16694227559762, 40.006594500277835 ], [ -75.167064662238843, 40.006717078743748 ], [ -75.167530511749405, 40.007229125812948 ], [ -75.168176656778257, 40.007929192590012 ], [ -75.168488410699084, 40.008300247425517 ], [ -75.169021313440624, 40.008902824712962 ], [ -75.169141419955849, 40.008833865309235 ], [ -75.169189078165076, 40.008886444839469 ], [ -75.169384852820755, 40.009102414142731 ], [ -75.169580635951206, 40.009318377866705 ], [ -75.169776429692661, 40.009534341465475 ], [ -75.169972226055364, 40.00975029935357 ], [ -75.170121838866024, 40.009915319234146 ], [ -75.170168024765914, 40.009966258732682 ], [ -75.170363821209463, 40.010182217697285 ], [ -75.170559615180863, 40.010398181648839 ], [ -75.170755398622006, 40.010614146802119 ], [ -75.170951176112879, 40.010830115963131 ], [ -75.171146938116607, 40.011046093422912 ], [ -75.171342684735734, 40.01126207648074 ], [ -75.171538409945285, 40.011478069506481 ], [ -75.171734114813589, 40.01169407522714 ], [ -75.171929793623278, 40.011910089910522 ], [ -75.172125444998287, 40.012126118931924 ], [ -75.172321063084823, 40.012342162159939 ], [ -75.172516648985138, 40.01255822142177 ], [ -75.172712195605627, 40.012774298360178 ], [ -75.172907704151442, 40.01299039210145 ], [ -75.173103165050946, 40.013206507837054 ], [ -75.173304148450569, 40.013428802843201 ], [ -75.171851109394396, 40.014218652546909 ], [ -75.169908567325066, 40.015251275367234 ], [ -75.169323885989371, 40.015613085076843 ], [ -75.169226398017386, 40.015723223219112 ], [ -75.169033858802621, 40.015867673444518 ], [ -75.168755508539462, 40.016063754154715 ], [ -75.168433733272721, 40.016281090405336 ], [ -75.168306012237949, 40.01634706248916 ], [ -75.168101124702147, 40.016492261646093 ], [ -75.167739144567733, 40.016776767150702 ], [ -75.167269525795049, 40.017151172861411 ], [ -75.166867666432083, 40.017471360816145 ], [ -75.166374082366332, 40.017853963773852 ], [ -75.16612297805905, 40.018048606183569 ], [ -75.165950698996625, 40.018170148644714 ], [ -75.165809435844139, 40.018250581845521 ], [ -75.165496012895417, 40.018389849712619 ], [ -75.164516723757998, 40.018820709355133 ], [ -75.164210057916776, 40.018949590414088 ], [ -75.163829477604637, 40.019182435500952 ], [ -75.163759450744578, 40.019235816594353 ], [ -75.162601045212341, 40.019587285956469 ], [ -75.161657406994507, 40.01986652313041 ], [ -75.160691953076707, 40.020154843997467 ], [ -75.160657230634371, 40.020267866462163 ], [ -75.160641042002524, 40.0203267242469 ], [ -75.160587094012868, 40.020474126591992 ], [ -75.160205667616381, 40.021312918917658 ], [ -75.15950224294869, 40.022343234136123 ], [ -75.159036054239934, 40.022801900589855 ], [ -75.157905890943709, 40.023704912206284 ], [ -75.157829065538621, 40.023754085457469 ], [ -75.157242198244219, 40.024089257773461 ], [ -75.157153605482748, 40.024131828964329 ], [ -75.156969651374766, 40.024090245360583 ], [ -75.156182699339553, 40.023989842631536 ], [ -75.15539798309338, 40.023889105645758 ], [ -75.154610754895131, 40.023802012742991 ], [ -75.154053653127292, 40.023727854764118 ], [ -75.15358036624832, 40.023657977735724 ], [ -75.15303674304208, 40.02358501513315 ], [ -75.152266717341504, 40.023487871172989 ], [ -75.151472416938546, 40.023381528339208 ], [ -75.150903692451593, 40.023310695993715 ], [ -75.15068252228879, 40.023288120091173 ], [ -75.150440001289169, 40.023254439230172 ], [ -75.149877157420903, 40.023184246653983 ], [ -75.149110840809442, 40.023087628437516 ], [ -75.148246304438899, 40.022960672484388 ], [ -75.148567566312607, 40.021477125083074 ], [ -75.148692238702196, 40.020954313952949 ], [ -75.148738765233603, 40.020712182059349 ], [ -75.148850546936245, 40.020202287719542 ], [ -75.148936720411754, 40.01982773281145 ], [ -75.148954407858767, 40.019744428818051 ], [ -75.148994011367591, 40.019573800755282 ], [ -75.149230893403427, 40.018503787754987 ], [ -75.149347506460117, 40.017958839322183 ], [ -75.149586867007798, 40.01693362198727 ], [ -75.149727189304372, 40.016216009188675 ], [ -75.149770413299933, 40.016022804095911 ], [ -75.14983979568099, 40.015673152814841 ], [ -75.14993222382931, 40.015326710203944 ], [ -75.150039625728937, 40.014819702692165 ], [ -75.149831653099739, 40.01476596338329 ], [ -75.14783650641408, 40.01450755380322 ], [ -75.147955010837364, 40.013978614620505 ] ] ] } },
{ "type": "Feature", "properties": { "HS_ID": "3417", "HS_Name": "Universal Institute Charter School at Audenried", "HS_Grade": "9-12" }, "geometry": { "type": "Polygon", "coordinates": [ [ [ -75.173885276191868, 39.942801545330539 ], [ -75.174105103990911, 39.941794789421479 ], [ -75.174187746652123, 39.941422116658089 ], [ -75.174272804299008, 39.941022763217305 ], [ -75.174377344508301, 39.940527727135105 ], [ -75.174481401363479, 39.940057295817574 ], [ -75.174577055527251, 39.939641701536921 ], [ -75.174651103702871, 39.939301432411426 ], [ -75.174751851193804, 39.938827358599937 ], [ -75.176311496454431, 39.939022745187259 ], [ -75.178251967385336, 39.939269057267786 ], [ -75.179838911819701, 39.939479802181062 ], [ -75.181495283297295, 39.9396885432555 ], [ -75.183141072922197, 39.939896858480409 ], [ -75.184956101127327, 39.940085341016534 ], [ -75.185168149727687, 39.939115485637423 ], [ -75.185234838497507, 39.938824544195832 ], [ -75.185271019414401, 39.938663579602959 ], [ -75.18530335339068, 39.938515780134516 ], [ -75.185391896318194, 39.938058864797576 ], [ -75.185416433763848, 39.937953698860845 ], [ -75.185499936355669, 39.937598274968558 ], [ -75.185727908957361, 39.936480347936531 ], [ -75.185756407865156, 39.936483928728663 ], [ -75.187327602999773, 39.936680228893579 ], [ -75.188885571251902, 39.936888071951458 ], [ -75.188978009780485, 39.936458124820071 ], [ -75.189062659170659, 39.936096819177266 ], [ -75.18914801425673, 39.935672620795202 ], [ -75.189237135178928, 39.935244278921147 ], [ -75.189317617940389, 39.934867517007845 ], [ -75.189416952601732, 39.934430371372919 ], [ -75.189688576363352, 39.933228640370665 ], [ -75.18994936187903, 39.932003488518227 ], [ -75.190127315765992, 39.931220084595047 ], [ -75.190222048709387, 39.930780386809893 ], [ -75.190474744494651, 39.929559773947368 ], [ -75.190535432735189, 39.929266492297451 ], [ -75.190602330306405, 39.92897811824831 ], [ -75.190668593009079, 39.928669416761224 ], [ -75.190744229589555, 39.92832825837985 ], [ -75.189181454870777, 39.928130404032508 ], [ -75.18759758428763, 39.927927613924204 ], [ -75.186858820040968, 39.927832140172725 ], [ -75.185991440629735, 39.927728243845486 ], [ -75.185774485308528, 39.927696343468895 ], [ -75.18518707344316, 39.927629321868586 ], [ -75.184693565353015, 39.92756397357725 ], [ -75.184135724490218, 39.927488390721443 ], [ -75.183567270979282, 39.927414552536362 ], [ -75.183070027623017, 39.92734731877907 ], [ -75.182479707453609, 39.927270987225683 ], [ -75.181923648779232, 39.927210519038312 ], [ -75.181434333990879, 39.92714252943955 ], [ -75.180894078384384, 39.927074755196443 ], [ -75.180248827452459, 39.927003479449418 ], [ -75.179611901388157, 39.926913714072739 ], [ -75.178970921539786, 39.926830360441684 ], [ -75.178408055677934, 39.92674854414242 ], [ -75.177949480069884, 39.926696112693129 ], [ -75.177401665006201, 39.926626790856012 ], [ -75.177302928635953, 39.927069538127789 ], [ -75.177222999814745, 39.927425473055287 ], [ -75.177137166543744, 39.92784396973726 ], [ -75.177034623855562, 39.928279185479369 ], [ -75.176962359651824, 39.928641162351575 ], [ -75.176872311727848, 39.929062922406146 ], [ -75.176335220475238, 39.929001123898445 ], [ -75.175879537281745, 39.928942223357367 ], [ -75.175290408372518, 39.928868270262896 ], [ -75.173728853125198, 39.928661678717177 ], [ -75.173162091674826, 39.928588976641983 ], [ -75.172699996421414, 39.928521347013678 ], [ -75.172155520669776, 39.928464240878235 ], [ -75.171596227458508, 39.928388553433507 ], [ -75.171137875462961, 39.928330017163077 ], [ -75.170593633192993, 39.928266826050368 ], [ -75.170049972628632, 39.928188333573878 ], [ -75.169581709941539, 39.92813406591879 ], [ -75.168957737646949, 39.928036671436729 ], [ -75.168828119448236, 39.928035002761476 ], [ -75.169096055119311, 39.926817926055307 ], [ -75.169363458126114, 39.925591661893485 ], [ -75.169628171323239, 39.924373265706869 ], [ -75.169881030610668, 39.923132437406899 ], [ -75.170179800898566, 39.9218860886198 ], [ -75.170448151782693, 39.920640631710327 ], [ -75.170711251437126, 39.919394994977459 ], [ -75.170855014988561, 39.919411454882209 ], [ -75.171487857875476, 39.919486505887484 ], [ -75.171940351485731, 39.919544971646438 ], [ -75.172447365939263, 39.919622458981152 ], [ -75.173005779890062, 39.919680750769871 ], [ -75.173492879370485, 39.919744054387245 ], [ -75.174034281899736, 39.919810776183567 ], [ -75.174588346319425, 39.919885815943545 ], [ -75.175046835561162, 39.919944882434102 ], [ -75.17561598837203, 39.920014348078297 ], [ -75.176367667419271, 39.920109903474064 ], [ -75.177168291238402, 39.920219553776221 ], [ -75.177954860968768, 39.920309942989029 ], [ -75.178738502232505, 39.920416146838662 ], [ -75.179269240464393, 39.920489878413058 ], [ -75.17952902810957, 39.920521501296875 ], [ -75.17976291264516, 39.920550683259279 ], [ -75.180315208714489, 39.920621012522581 ], [ -75.180894868999431, 39.92070525566362 ], [ -75.181235353560226, 39.920738874625904 ], [ -75.181418469051977, 39.920773618414913 ], [ -75.182221268398678, 39.920871756083955 ], [ -75.18251211277969, 39.919630008029692 ], [ -75.182793564313883, 39.918359721358541 ], [ -75.182821510392543, 39.918233589219206 ], [ -75.184403372521757, 39.918443802130426 ], [ -75.185100329042228, 39.91855425626558 ], [ -75.186024785915052, 39.918690979128776 ], [ -75.186962292710461, 39.918867726114776 ], [ -75.187354451556388, 39.919006847013584 ], [ -75.187437415775264, 39.919050855891015 ], [ -75.187796434953412, 39.91925229894715 ], [ -75.188039942324622, 39.919456388448218 ], [ -75.188254594716625, 39.919754693708711 ], [ -75.189104939525166, 39.920684126443362 ], [ -75.189164222102832, 39.920746252371217 ], [ -75.189324502044229, 39.920914220147075 ], [ -75.189418698799102, 39.921007844650489 ], [ -75.189812587187532, 39.921399340080001 ], [ -75.190060582890766, 39.921717130711869 ], [ -75.190158601171589, 39.92170215116824 ], [ -75.190341960454688, 39.921674377599821 ], [ -75.190472472641815, 39.921654239566806 ], [ -75.190601465380652, 39.921628021702489 ], [ -75.190816344173896, 39.921584347136822 ], [ -75.191067943475147, 39.921533210498559 ], [ -75.191222154026477, 39.921500199794387 ], [ -75.191819916357744, 39.921388914671006 ], [ -75.19249473767232, 39.921267072634862 ], [ -75.193864481103759, 39.92113019159607 ], [ -75.194485335307306, 39.921085070263388 ], [ -75.195046513306266, 39.921012687583286 ], [ -75.200062380518361, 39.920137182962613 ], [ -75.201791324429465, 39.919819308072611 ], [ -75.201994528607543, 39.919781946952661 ], [ -75.202039540570226, 39.919939811356137 ], [ -75.202621675466858, 39.920589535899154 ], [ -75.203753481983398, 39.92103920149291 ], [ -75.205240901149082, 39.921072222050803 ], [ -75.206478643116256, 39.920901574082293 ], [ -75.207711093453923, 39.920872302717115 ], [ -75.208883167744546, 39.920983189008737 ], [ -75.209941368010547, 39.921190596095826 ], [ -75.211116703134039, 39.921952470057143 ], [ -75.211954448365759, 39.922650256788586 ], [ -75.212367731396611, 39.923395248822935 ], [ -75.212558014111181, 39.92420605590867 ], [ -75.2124034902631, 39.925391307200861 ], [ -75.212147221216824, 39.926347893775571 ], [ -75.211576304820099, 39.927608832401482 ], [ -75.211160537468118, 39.928406227444718 ], [ -75.210743554246989, 39.929267201457165 ], [ -75.2105231926855, 39.929722293704202 ], [ -75.20969119752047, 39.930835934591173 ], [ -75.207572912607404, 39.933166337097873 ], [ -75.206425414322666, 39.934357865804564 ], [ -75.205848477311434, 39.935038461585521 ], [ -75.205597131106956, 39.93548447427488 ], [ -75.205375906404626, 39.935877028775224 ], [ -75.205166128105844, 39.937061048418542 ], [ -75.205161751335865, 39.938405283949507 ], [ -75.205162132091999, 39.938603951228068 ], [ -75.205165335117712, 39.940273277762493 ], [ -75.205159163673954, 39.940658015609316 ], [ -75.205151124104518, 39.941109705274719 ], [ -75.205033088832465, 39.941841089418539 ], [ -75.204546857570676, 39.942551994291264 ], [ -75.203843894892415, 39.943159031803418 ], [ -75.203054507415686, 39.943622628121254 ], [ -75.201809901472387, 39.943962903004589 ], [ -75.20161442497789, 39.943969597474428 ], [ -75.200806782898866, 39.943997229054908 ], [ -75.200427525553096, 39.943944167373786 ], [ -75.199965124130841, 39.943879462067194 ], [ -75.199093134229827, 39.943605358300005 ], [ -75.197951634815936, 39.943169607215758 ], [ -75.196921972163196, 39.94267969748617 ], [ -75.195776200448378, 39.942342866783449 ], [ -75.19460271708914, 39.942260124464859 ], [ -75.19386792557836, 39.942276342724618 ], [ -75.193697379037332, 39.942280125631662 ], [ -75.193645603189069, 39.942281245825818 ], [ -75.192531162023712, 39.942596033495391 ], [ -75.191770059472631, 39.943031884652463 ], [ -75.191573410309886, 39.943199036019045 ], [ -75.191058513707631, 39.943636688137012 ], [ -75.190991369494043, 39.943693759295009 ], [ -75.190679741794256, 39.94398197943417 ], [ -75.19022943637431, 39.944398455763718 ], [ -75.189852871888121, 39.944733834026827 ], [ -75.189458824175418, 39.945084777719806 ], [ -75.189392412525464, 39.945143924061774 ], [ -75.188891645373019, 39.945525822624006 ], [ -75.188256655278835, 39.946010073837257 ], [ -75.187922943512049, 39.946227784440097 ], [ -75.187353201490694, 39.94659947458657 ], [ -75.186870200153734, 39.946914571631581 ], [ -75.186166267805518, 39.946403238643342 ], [ -75.185913782029232, 39.94621981036947 ], [ -75.185686889606799, 39.946160001891016 ], [ -75.18570281208811, 39.945277339313307 ], [ -75.185007885899523, 39.945179717662178 ], [ -75.183887421824807, 39.945036669021881 ], [ -75.183349320088737, 39.94497731916546 ], [ -75.182781164859435, 39.944907039721258 ], [ -75.180951025007957, 39.944671194832956 ], [ -75.180611507197554, 39.944632090593686 ], [ -75.180410192363624, 39.944603119292381 ], [ -75.178766362926865, 39.944401920202473 ], [ -75.177169587127722, 39.944210957541983 ], [ -75.175242118819, 39.943970530038563 ], [ -75.173668549889186, 39.943776464819422 ], [ -75.173783428121567, 39.943292971740746 ], [ -75.173885276191868, 39.942801545330539 ] ] ] } },
{ "type": "Feature", "properties": { "HS_ID": "4020", "HS_Name": "Overbrook High", "HS_Grade": "9-12" }, "geometry": { "type": "Polygon", "coordinates": [ [ [ -75.199331723179824, 39.972085236761771 ], [ -75.199609663784543, 39.971931487936274 ], [ -75.199901329644462, 39.971795192318368 ], [ -75.200206583913427, 39.971674321300306 ], [ -75.20051677833527, 39.971561889946933 ], [ -75.200830039619134, 39.971456298762838 ], [ -75.201148341898218, 39.971358961099298 ], [ -75.201469914145804, 39.971269047396866 ], [ -75.201795276313959, 39.971186091640469 ], [ -75.202125827275154, 39.971116791388944 ], [ -75.202461466792144, 39.971068570446405 ], [ -75.20280217542728, 39.971035584416121 ], [ -75.203143860935739, 39.971018855159635 ], [ -75.203486539446715, 39.971014585288415 ], [ -75.203737785195401, 39.971013532968371 ], [ -75.20372444604061, 39.970940143918327 ], [ -75.203722568371859, 39.970929910094668 ], [ -75.203651927124682, 39.970536711194448 ], [ -75.203633246641218, 39.970432344209172 ], [ -75.203602220967511, 39.9702620380829 ], [ -75.20418303772162, 39.970429675097726 ], [ -75.20430221981367, 39.970442136607083 ], [ -75.204746460104488, 39.970386547913037 ], [ -75.205293838049485, 39.970327241442625 ], [ -75.205843086604659, 39.970276336071088 ], [ -75.206641606849132, 39.970188824391379 ], [ -75.207171510963349, 39.970134859313823 ], [ -75.208227686137349, 39.970016885317946 ], [ -75.209201375252562, 39.969908239553398 ], [ -75.210138364925925, 39.969805350585318 ], [ -75.211516605226294, 39.969655762505049 ], [ -75.21133586950053, 39.968727078409337 ], [ -75.212134985860217, 39.969229150501654 ], [ -75.212641818992495, 39.969537402347399 ], [ -75.212934425633705, 39.969713906666762 ], [ -75.213900079218163, 39.970296393465716 ], [ -75.214319058870203, 39.97054349282827 ], [ -75.214542410752657, 39.970684580300258 ], [ -75.214688105428351, 39.970774549650059 ], [ -75.214990170969358, 39.970956060713675 ], [ -75.216086008316978, 39.971619381332857 ], [ -75.217437605731249, 39.972435647689181 ], [ -75.217171978686025, 39.970352397707558 ], [ -75.216996405308691, 39.968970685609527 ], [ -75.21636818230418, 39.969031120310341 ], [ -75.215762179949863, 39.969095077834702 ], [ -75.215289929991727, 39.96914249371158 ], [ -75.214808397005413, 39.969192318164168 ], [ -75.214350158989774, 39.969238605392739 ], [ -75.213846021519316, 39.969289782379064 ], [ -75.213845159285938, 39.969228128539193 ], [ -75.213817106585125, 39.969036114236879 ], [ -75.213795680553346, 39.968832845125597 ], [ -75.2137500779954, 39.968482924461519 ], [ -75.213707576974841, 39.968127131120852 ], [ -75.213650012259563, 39.967697369548347 ], [ -75.213514114337812, 39.966578304228435 ], [ -75.213406945047481, 39.965708649216324 ], [ -75.21337609340226, 39.96546691866709 ], [ -75.213338060876239, 39.965168923090971 ], [ -75.213228537752713, 39.964332508643821 ], [ -75.213707293543692, 39.964296283029604 ], [ -75.214195595392212, 39.964259332972219 ], [ -75.214700151689314, 39.964221150655838 ], [ -75.215162948518341, 39.964189471409036 ], [ -75.216377419365571, 39.964095690799596 ], [ -75.218227931702941, 39.96395720516584 ], [ -75.218294675598685, 39.964490831904207 ], [ -75.218360981368306, 39.965028922370664 ], [ -75.220170996355307, 39.964845529988814 ], [ -75.220111487138539, 39.964360750603895 ], [ -75.220044780566596, 39.963820869515132 ], [ -75.219769535968524, 39.963011308410685 ], [ -75.219693762204088, 39.962524503152707 ], [ -75.219439007655524, 39.960942355930939 ], [ -75.219650427027162, 39.960957506554315 ], [ -75.220592477027239, 39.961075874663564 ], [ -75.221579416193279, 39.961199312968439 ], [ -75.22206583290648, 39.961258976455497 ], [ -75.222567847923045, 39.96132161960476 ], [ -75.223551983859309, 39.961444797032897 ], [ -75.224542130276021, 39.961568838865297 ], [ -75.225293496757345, 39.961659478843281 ], [ -75.225853950738312, 39.961729026473314 ], [ -75.226518888536887, 39.961813839321806 ], [ -75.227160734198705, 39.961893461633011 ], [ -75.227671772353034, 39.961956483381137 ], [ -75.228319507687374, 39.962034653689898 ], [ -75.228900051657405, 39.962108580531357 ], [ -75.229439388705885, 39.962172316173969 ], [ -75.22997789457618, 39.962241470319711 ], [ -75.230552802930873, 39.962311037464794 ], [ -75.231117003537932, 39.962385276152361 ], [ -75.23252865584044, 39.962558783241448 ], [ -75.233223610673363, 39.962644976846512 ], [ -75.233810517015797, 39.962713922148474 ], [ -75.234540185657806, 39.962808752708526 ], [ -75.234459329390063, 39.963200941933792 ], [ -75.234376354155245, 39.963565807028537 ], [ -75.23422456767922, 39.964326150828221 ], [ -75.234063280173146, 39.965086532123195 ], [ -75.233904238080541, 39.965847997738443 ], [ -75.234855082819365, 39.965963696050622 ], [ -75.235842946512946, 39.966086637883961 ], [ -75.23650507401203, 39.966168230655036 ], [ -75.237161454850266, 39.966252005669489 ], [ -75.237818473056123, 39.966331409314407 ], [ -75.237502714634587, 39.967855480246691 ], [ -75.237283291284243, 39.968900118372623 ], [ -75.237241276005037, 39.968978565083212 ], [ -75.237293445503553, 39.969261160104026 ], [ -75.237456158177565, 39.970142539223417 ], [ -75.238289302958748, 39.970049354997677 ], [ -75.239046020943547, 39.969963852802039 ], [ -75.239134528254425, 39.969894156939112 ], [ -75.239132095148719, 39.969754754208537 ], [ -75.239479226329138, 39.968098598180035 ], [ -75.240464813077608, 39.968218936673708 ], [ -75.24145297711469, 39.968341677267212 ], [ -75.242124473737732, 39.968425250108311 ], [ -75.242755475173965, 39.968501825409575 ], [ -75.243428775588882, 39.968584480317872 ], [ -75.244416013990318, 39.968707975928233 ], [ -75.245473913840058, 39.968837805800113 ], [ -75.24579194506066, 39.967319375064456 ], [ -75.24610900459362, 39.96579829700115 ], [ -75.247169157938558, 39.96592870104606 ], [ -75.247464351418046, 39.964481379304722 ], [ -75.247447374594444, 39.964391926196676 ], [ -75.247565059595317, 39.963639605442857 ], [ -75.247685223805007, 39.963778601166858 ], [ -75.247779378237482, 39.96387705884456 ], [ -75.247903893716099, 39.963980879008226 ], [ -75.248057760306068, 39.964075934514767 ], [ -75.248615886187366, 39.964353800501939 ], [ -75.248968187158326, 39.964495505592403 ], [ -75.249465545905736, 39.964722662978012 ], [ -75.249881160268018, 39.964929228789458 ], [ -75.250022861474534, 39.965022842479463 ], [ -75.250178377120989, 39.965073257136261 ], [ -75.250314463668403, 39.965070342130076 ], [ -75.250447742881519, 39.965019166414933 ], [ -75.250606139154328, 39.96494972680869 ], [ -75.250758431274548, 39.964880154930398 ], [ -75.250914261798684, 39.964838874441057 ], [ -75.25107591376829, 39.964847097507636 ], [ -75.251201817495868, 39.964913325127895 ], [ -75.251284025605088, 39.965004463956369 ], [ -75.251342584641108, 39.965073927059592 ], [ -75.251339171341826, 39.965166729510528 ], [ -75.251369691789591, 39.965250863692162 ], [ -75.251463363688671, 39.965321091363222 ], [ -75.251604132294773, 39.965357075214484 ], [ -75.251708377570495, 39.965347588048985 ], [ -75.251812878461024, 39.965331053403986 ], [ -75.251923317384893, 39.965319350214479 ], [ -75.252094905605233, 39.965306626594753 ], [ -75.252335713785385, 39.965281302739335 ], [ -75.252636230641173, 39.965252573928943 ], [ -75.252844287563562, 39.965245345221305 ], [ -75.252972957149737, 39.965236389380209 ], [ -75.253077631423821, 39.965215155101546 ], [ -75.253222345288293, 39.965185384786388 ], [ -75.253315530605349, 39.96522738582491 ], [ -75.253408971614874, 39.965262336698473 ], [ -75.253583241692652, 39.965301398636228 ], [ -75.253713584909391, 39.965330097397469 ], [ -75.253937457102353, 39.965391399475571 ], [ -75.254094356440348, 39.965404217127997 ], [ -75.254223570819264, 39.965338840961238 ], [ -75.254320280421226, 39.965243366472052 ], [ -75.254381038578089, 39.965128298193328 ], [ -75.254457336730496, 39.965047662220044 ], [ -75.254544901184047, 39.964993135934421 ], [ -75.254632894634128, 39.964926862805946 ], [ -75.254739553930008, 39.964851588320158 ], [ -75.254938328513191, 39.964764211005033 ], [ -75.25511359975971, 39.964692781567443 ], [ -75.255267731322164, 39.964656161454656 ], [ -75.255409216827658, 39.964631021397587 ], [ -75.255544939945935, 39.964596352268259 ], [ -75.255687288979402, 39.964547718436478 ], [ -75.255832759193112, 39.964455653432545 ], [ -75.255892305280042, 39.964373478410195 ], [ -75.255967826942054, 39.964313984335782 ], [ -75.256083472070756, 39.96424360984237 ], [ -75.256193611143019, 39.964156654495959 ], [ -75.256281948107173, 39.964080980401519 ], [ -75.256383617989187, 39.963975031768022 ], [ -75.256587018968233, 39.963803105246811 ], [ -75.256687829273972, 39.963720648984754 ], [ -75.256782374049294, 39.963683907807287 ], [ -75.256941358365182, 39.963681483477323 ], [ -75.257127579877789, 39.963727853606485 ], [ -75.25729434232052, 39.963763218560004 ], [ -75.257453498019899, 39.963756094981036 ], [ -75.257543938428711, 39.963706332131629 ], [ -75.257668266553125, 39.963649074807819 ], [ -75.25782439288119, 39.963599561884429 ], [ -75.257934974634793, 39.96362547776836 ], [ -75.258004471507164, 39.963709281697191 ], [ -75.258013632459566, 39.963855259688899 ], [ -75.25801465271276, 39.963994008833268 ], [ -75.2579775970555, 39.964129578515013 ], [ -75.257944945835519, 39.964269946108985 ], [ -75.257992498419895, 39.964389719285911 ], [ -75.258090006384691, 39.964438863229603 ], [ -75.258231595350125, 39.964452518529669 ], [ -75.25837370017571, 39.96445207808268 ], [ -75.258490711351769, 39.964511050621972 ], [ -75.258547854505849, 39.964619274805095 ], [ -75.258615299097912, 39.964738302942777 ], [ -75.258695793743129, 39.964876426123418 ], [ -75.25871389426274, 39.964966167431641 ], [ -75.258716552949423, 39.965060277512016 ], [ -75.25871297135987, 39.965241248813051 ], [ -75.258705827562565, 39.965352779293774 ], [ -75.258738977756863, 39.965448725408351 ], [ -75.258782813522416, 39.965544906219542 ], [ -75.258865161807918, 39.965632515053457 ], [ -75.258975058123568, 39.965677223998981 ], [ -75.259078354042799, 39.965693575105206 ], [ -75.259215666802859, 39.965698905770573 ], [ -75.259334831896837, 39.965699142785901 ], [ -75.259412797504595, 39.965739630807882 ], [ -75.259428404163614, 39.96581403528559 ], [ -75.259439751271444, 39.965921265797284 ], [ -75.259552548332138, 39.966011886607404 ], [ -75.259649220719126, 39.966042201089195 ], [ -75.259779137290906, 39.966082640604945 ], [ -75.259909311131281, 39.966116033521949 ], [ -75.260065244080849, 39.96619700873137 ], [ -75.260310497418175, 39.966258762171002 ], [ -75.260491027025836, 39.966314903182976 ], [ -75.260623238935864, 39.96627279168306 ], [ -75.260790454377741, 39.966276419416161 ], [ -75.260933796416083, 39.966243366988095 ], [ -75.261027098777717, 39.966199529794373 ], [ -75.261139260371166, 39.96611023774404 ], [ -75.261250567969839, 39.966012989367691 ], [ -75.261387343765719, 39.966002727698324 ], [ -75.261463385099972, 39.966054648433015 ], [ -75.26154820032059, 39.966117343298386 ], [ -75.261662390529963, 39.966160391219873 ], [ -75.261774873455096, 39.966187523902519 ], [ -75.261893486220202, 39.966172458313466 ], [ -75.262014019063216, 39.966136264642273 ], [ -75.262098901746896, 39.966071958299914 ], [ -75.262117291543333, 39.966007972499412 ], [ -75.262151392277374, 39.965953148014087 ], [ -75.262260223619919, 39.96586566125842 ], [ -75.262363534628392, 39.965762833444998 ], [ -75.262440803218567, 39.965656026206155 ], [ -75.262536265605164, 39.965615762017258 ], [ -75.262649101682911, 39.965633201485183 ], [ -75.26280228129292, 39.965644459741441 ], [ -75.262940475743335, 39.965595418783842 ], [ -75.263061666981784, 39.965509849819014 ], [ -75.263170116822195, 39.965459281819527 ], [ -75.263280145787988, 39.965490771985628 ], [ -75.263384692282429, 39.965546838376227 ], [ -75.263499931446219, 39.965592550693792 ], [ -75.263615751274259, 39.965622401890435 ], [ -75.263733821667316, 39.965606438808464 ], [ -75.263892574581149, 39.965543731843844 ], [ -75.264003957360643, 39.965475587101629 ], [ -75.26409504700365, 39.965398184636825 ], [ -75.264242580063694, 39.965313184274294 ], [ -75.264373496435908, 39.96524369914124 ], [ -75.26452562628117, 39.965189666709321 ], [ -75.264644009880541, 39.965180766022463 ], [ -75.26475847594584, 39.965185009544022 ], [ -75.264919898506548, 39.965190269971515 ], [ -75.265059622535659, 39.965193296109469 ], [ -75.265253936598128, 39.965208087258105 ], [ -75.265418907241482, 39.965241646310602 ], [ -75.265548007826382, 39.965378500445809 ], [ -75.265657186612344, 39.965527271093528 ], [ -75.265745203402659, 39.965627955516311 ], [ -75.26580611550142, 39.965717472754257 ], [ -75.265858384667354, 39.965792688888016 ], [ -75.265922362542113, 39.96586110376407 ], [ -75.2660494613895, 39.965927356831116 ], [ -75.266194643087232, 39.965969305170397 ], [ -75.266355826455197, 39.966012483559027 ], [ -75.266545722459583, 39.966022767406052 ], [ -75.266752264338976, 39.966016654659654 ], [ -75.266910702527937, 39.966009499641864 ], [ -75.26702471920369, 39.966026078253435 ], [ -75.267177532070647, 39.966078775249649 ], [ -75.267293809461648, 39.966158903979199 ], [ -75.267377113929768, 39.966212171655982 ], [ -75.267504183267178, 39.966267527709995 ], [ -75.267635282024727, 39.966287121478452 ], [ -75.267779982407802, 39.966342288333614 ], [ -75.267910776782202, 39.966401561806599 ], [ -75.268130958619182, 39.966492757926233 ], [ -75.268393323642115, 39.966590156535389 ], [ -75.268487921122656, 39.966636301162147 ], [ -75.268568388215058, 39.966692723995308 ], [ -75.268702093083874, 39.966797922332276 ], [ -75.268773140631623, 39.966861196029498 ], [ -75.268847932033424, 39.966947483412547 ], [ -75.268917822378484, 39.967042481807738 ], [ -75.269017320574989, 39.967236901656953 ], [ -75.269062817065205, 39.96730932449362 ], [ -75.269163633210269, 39.967373536196916 ], [ -75.26931520040587, 39.967397685331655 ], [ -75.269471642540779, 39.967382546784151 ], [ -75.269549407605027, 39.967356005443072 ], [ -75.269642225700309, 39.96732537822605 ], [ -75.269741144204588, 39.967316051442936 ], [ -75.269829802771781, 39.967336488485451 ], [ -75.269940809676484, 39.967404154298542 ], [ -75.270017502296227, 39.967516939386833 ], [ -75.270055464190946, 39.96765446359376 ], [ -75.270086093978833, 39.967757433320827 ], [ -75.270141470307848, 39.967873284963034 ], [ -75.270192648583631, 39.967978463780632 ], [ -75.270298575470974, 39.968185368435286 ], [ -75.27039605939413, 39.968340937118363 ], [ -75.270418252291421, 39.968455190348948 ], [ -75.270475257757923, 39.968557846948869 ], [ -75.270607591190355, 39.968658899386128 ], [ -75.270746313139185, 39.968668658677821 ], [ -75.270876008354179, 39.968632654577533 ], [ -75.271015626912813, 39.968607446784695 ], [ -75.271139824935247, 39.968627770308345 ], [ -75.271241653784188, 39.968664366079892 ], [ -75.271368775126575, 39.968698863720789 ], [ -75.271491006363988, 39.968710323736133 ], [ -75.271591669878703, 39.968716025392894 ], [ -75.271698882434293, 39.968730689046538 ], [ -75.271833411761193, 39.968782101770259 ], [ -75.271923388692329, 39.968860776405165 ], [ -75.272005529685117, 39.968965740047253 ], [ -75.272087501624782, 39.969012489184763 ], [ -75.272197378565863, 39.969048377619941 ], [ -75.272344669969229, 39.969095656788674 ], [ -75.272506089702716, 39.969132656050306 ], [ -75.272625892016691, 39.969179341325081 ], [ -75.272771843356608, 39.969231882479868 ], [ -75.273006620041897, 39.969300451239121 ], [ -75.273233561790335, 39.969300940533749 ], [ -75.273454405149437, 39.969280130945926 ], [ -75.27357021577771, 39.96927910215846 ], [ -75.273682203232823, 39.969288574603077 ], [ -75.273810228822271, 39.969298393037747 ], [ -75.273912926248244, 39.969311192130341 ], [ -75.274013588516127, 39.969316891612422 ], [ -75.274151097029559, 39.969318094557664 ], [ -75.274326499727024, 39.969317469632394 ], [ -75.274488349150403, 39.969311260567629 ], [ -75.274849576315049, 39.969291272126931 ], [ -75.275056364798914, 39.969294408964352 ], [ -75.275197902565537, 39.969326566152517 ], [ -75.275294221622815, 39.969388616539042 ], [ -75.275379819940895, 39.969540397016203 ], [ -75.275456514182594, 39.969779298788147 ], [ -75.275494550401135, 39.96993093372491 ], [ -75.275568237560307, 39.970126554894627 ], [ -75.275607533845289, 39.970212072174846 ], [ -75.275679083354845, 39.970277556004326 ], [ -75.275819432122063, 39.970311010280334 ], [ -75.276005620518106, 39.97031326148106 ], [ -75.276216557453608, 39.970328392092235 ], [ -75.276303379308516, 39.970352313559374 ], [ -75.276392082184827, 39.970403174354821 ], [ -75.276453474891198, 39.970495779959961 ], [ -75.276508456829518, 39.97059133500774 ], [ -75.276630818322943, 39.970811817592207 ], [ -75.276661084418635, 39.970964388290831 ], [ -75.276558974816638, 39.971077062658964 ], [ -75.276476816526412, 39.971150700357107 ], [ -75.276554022237548, 39.971244529714802 ], [ -75.276725194211494, 39.971249982456435 ], [ -75.276861833852351, 39.971196482694353 ], [ -75.277073745477111, 39.971106238414073 ], [ -75.277167291389375, 39.971087087569735 ], [ -75.277303246217741, 39.97108384376893 ], [ -75.2774224912216, 39.971098760350195 ], [ -75.277555607370047, 39.971141978221659 ], [ -75.277657998466381, 39.971210550722866 ], [ -75.277696638769427, 39.971266947740503 ], [ -75.277683699530144, 39.971344281401883 ], [ -75.277537505914552, 39.971409395369463 ], [ -75.277526609102978, 39.971537133447889 ], [ -75.277592780906929, 39.971616614032932 ], [ -75.277658724469333, 39.971652531656311 ], [ -75.27776625909155, 39.971679707495682 ], [ -75.277887521762821, 39.971694333674868 ], [ -75.277993824559857, 39.971733867665073 ], [ -75.278297456679653, 39.971929025313365 ], [ -75.278353689851031, 39.972014336045874 ], [ -75.278450224472593, 39.97210771993884 ], [ -75.27853792600645, 39.972186497784655 ], [ -75.278633764626321, 39.972299089879854 ], [ -75.278698224043495, 39.972415811944771 ], [ -75.278725236199634, 39.972531727515467 ], [ -75.278760486466055, 39.97263580499061 ], [ -75.278779273281899, 39.972720307254001 ], [ -75.278784180873501, 39.972842954631673 ], [ -75.278795852895612, 39.972951330163916 ], [ -75.278810907683692, 39.973052571584752 ], [ -75.278831854652523, 39.973163550666264 ], [ -75.2788600027623, 39.973248255403369 ], [ -75.278934786517098, 39.973338768419822 ], [ -75.278971423801011, 39.973447681518365 ], [ -75.278999746889838, 39.973527584143369 ], [ -75.279065330090361, 39.973656342952502 ], [ -75.279109584523908, 39.97381347659735 ], [ -75.279124638833167, 39.973914717049141 ], [ -75.279171949076016, 39.973987818791976 ], [ -75.279242150520503, 39.974032581956934 ], [ -75.279359337505781, 39.974073549037456 ], [ -75.279466811767591, 39.974123918567479 ], [ -75.279601935644379, 39.9741868960216 ], [ -75.279806301447721, 39.9743210457654 ], [ -75.279955546984866, 39.974425175482324 ], [ -75.280039740266758, 39.974528904933969 ], [ -75.28008569570693, 39.974625004401055 ], [ -75.280131610629212, 39.974736521475961 ], [ -75.280193565224849, 39.974836368248283 ], [ -75.28030494348053, 39.974992829585631 ], [ -75.279428805907813, 39.975437769104609 ], [ -75.277678153538986, 39.976338050290508 ], [ -75.276379782163346, 39.977005710925546 ], [ -75.27614487465631, 39.977110754593916 ], [ -75.275295595847439, 39.97749051778284 ], [ -75.27357298205348, 39.978260769101738 ], [ -75.273030279212023, 39.978502089122308 ], [ -75.272267015977533, 39.978841476027227 ], [ -75.271423186702336, 39.979218672134152 ], [ -75.269270407150259, 39.980171541492865 ], [ -75.26747837229864, 39.98096626553302 ], [ -75.266257859649855, 39.981507506691408 ], [ -75.265591868592722, 39.981802833365087 ], [ -75.264770280424557, 39.982167149718187 ], [ -75.264382989572596, 39.98233888222471 ], [ -75.263715563102068, 39.982634826792605 ], [ -75.262184434397909, 39.983482268655195 ], [ -75.260729520683427, 39.984282074375557 ], [ -75.25950960686427, 39.984952663492891 ], [ -75.258955533329853, 39.985257231692387 ], [ -75.258727533098394, 39.985382559416692 ], [ -75.258567737044245, 39.985513104562472 ], [ -75.258500930731969, 39.98556768046523 ], [ -75.256896065541341, 39.986758250324272 ], [ -75.256296604286547, 39.987201798786948 ], [ -75.256119109880828, 39.987313021012937 ], [ -75.255697418815814, 39.98751066331711 ], [ -75.254000640135288, 39.988305893059426 ], [ -75.251467971899004, 39.989493599388304 ], [ -75.250821578617689, 39.989796712174282 ], [ -75.250097156671941, 39.990137181736642 ], [ -75.249189685306575, 39.990563671345583 ], [ -75.248011208629521, 39.991117508953565 ], [ -75.245684395900369, 39.992210955668817 ], [ -75.24378898226594, 39.993101613882935 ], [ -75.241651315840684, 39.994106038824675 ], [ -75.239025114570794, 39.995336968548791 ], [ -75.237359928968061, 39.996117407840536 ], [ -75.235286121841938, 39.997089297287253 ], [ -75.234243550976117, 39.997580435421028 ], [ -75.233228986832344, 39.998048439936028 ], [ -75.23215131811088, 39.998550879758753 ], [ -75.230887733108915, 39.999139974780732 ], [ -75.229453431900041, 39.999812190246338 ], [ -75.228739872810522, 40.000147416213061 ], [ -75.228375865106884, 40.000318420093201 ], [ -75.227478267416728, 40.000740089109023 ], [ -75.226414698246629, 40.001239711627846 ], [ -75.223629943051378, 40.002547798079284 ], [ -75.220696492094689, 40.003925603512037 ], [ -75.219224678333248, 40.004616846915042 ], [ -75.218345895628147, 40.005029556222269 ], [ -75.21577504285959, 40.006236852254901 ], [ -75.214570362636024, 40.006802547937241 ], [ -75.213755401967248, 40.007147049425924 ], [ -75.213045738632559, 40.007447032730596 ], [ -75.210766795988945, 40.008552472049068 ], [ -75.2092665156527, 40.009488115989363 ], [ -75.208389749121949, 40.010047624477558 ], [ -75.208105716016206, 40.010233172363954 ], [ -75.208024533241726, 40.010286723532523 ], [ -75.207946494283178, 40.010338203472784 ], [ -75.207867633345515, 40.010388256897393 ], [ -75.207588170711446, 40.010589319998026 ], [ -75.207262149505382, 40.010768188626329 ], [ -75.207251814689315, 40.010877029614491 ], [ -75.207238671243374, 40.011015432437652 ], [ -75.206992264251838, 40.011197205082645 ], [ -75.206139021632211, 40.011826622459203 ], [ -75.206055582401646, 40.011771348838444 ], [ -75.205981185049581, 40.01172206353565 ], [ -75.205830875532683, 40.011622494238473 ], [ -75.205560898465336, 40.011446373536202 ], [ -75.204932690183128, 40.011036554083574 ], [ -75.204117973285349, 40.010678871273527 ], [ -75.202784535591348, 40.010168167568729 ], [ -75.200969162345203, 40.00950524023208 ], [ -75.199567166253132, 40.009106183523983 ], [ -75.197986629984825, 40.008561630003094 ], [ -75.197410075339391, 40.00838739067634 ], [ -75.196621974626353, 40.008149214427306 ], [ -75.195237887049032, 40.007764652233476 ], [ -75.194065793307729, 40.007370640630775 ], [ -75.193174513318922, 40.006946139642288 ], [ -75.19282909227671, 40.006720041632185 ], [ -75.192486504381606, 40.006486319158313 ], [ -75.192108171083333, 40.00599172460916 ], [ -75.192024070673781, 40.005881776893808 ], [ -75.19175386735489, 40.005238965345775 ], [ -75.191535358733759, 40.004201078412947 ], [ -75.191419442879493, 40.002882461289559 ], [ -75.191562642143637, 40.00079131936959 ], [ -75.191738293170644, 39.999549668698563 ], [ -75.19209975304112, 39.998256124712789 ], [ -75.192489521704189, 39.997189339779744 ], [ -75.193873154099549, 39.995380540585458 ], [ -75.193912073727489, 39.995333113315112 ], [ -75.194933748877503, 39.994088106992471 ], [ -75.19673644314085, 39.992628239307159 ], [ -75.197560187269218, 39.991697544517045 ], [ -75.199665430845172, 39.98983487779531 ], [ -75.200811858376412, 39.98869997403802 ], [ -75.202680070346602, 39.98695844335225 ], [ -75.203607072174279, 39.986030905550408 ], [ -75.203879685299, 39.985634231063344 ], [ -75.204229705682351, 39.985124911339341 ], [ -75.204393350416368, 39.984194585211199 ], [ -75.204291184959033, 39.983484776375569 ], [ -75.204020428083908, 39.982856133574863 ], [ -75.203220016898442, 39.981635550621149 ], [ -75.201492545703701, 39.980366076762458 ], [ -75.199689664935619, 39.97939206820292 ], [ -75.197680418908718, 39.978526648404433 ], [ -75.196163187659536, 39.977785348662955 ], [ -75.19500983450105, 39.977151186834959 ], [ -75.194221404312472, 39.976595895992595 ], [ -75.193951957887961, 39.976275795675434 ], [ -75.193167670104174, 39.97534404688129 ], [ -75.194232272298549, 39.975232775243633 ], [ -75.194350269877859, 39.975220441972304 ], [ -75.194386200603105, 39.975216685777021 ], [ -75.194404169457783, 39.975214808203482 ], [ -75.194610616913835, 39.975193228697748 ], [ -75.194627529959561, 39.975191460927334 ], [ -75.194661354878022, 39.975187925353012 ], [ -75.19489863948678, 39.975163122542078 ], [ -75.195412237751597, 39.975103464112649 ], [ -75.195756120042049, 39.975064932430101 ], [ -75.195772038565892, 39.975054075529791 ], [ -75.196025582264284, 39.974877551471948 ], [ -75.196277105860204, 39.974698965475255 ], [ -75.196525446193334, 39.974517514102544 ], [ -75.196769721707113, 39.974332909260127 ], [ -75.197009068045858, 39.974144841619982 ], [ -75.197243477194661, 39.973953150655376 ], [ -75.197476759158292, 39.973757450820955 ], [ -75.197694270335049, 39.973552606852572 ], [ -75.197762677488157, 39.973470471768493 ], [ -75.197969736226241, 39.973260481653227 ], [ -75.198173739918516, 39.973048173442372 ], [ -75.198379886438218, 39.972837364965613 ], [ -75.198818962322022, 39.972435742887889 ], [ -75.199065968642898, 39.97225320340781 ], [ -75.199331723179824, 39.972085236761771 ] ] ] } },
{ "type": "Feature", "properties": { "HS_ID": "4140", "HS_Name": "Strawberry Mansion HS", "HS_Grade": "9-12" }, "geometry": { "type": "Polygon", "coordinates": [ [ [ -75.169189078165076, 40.008886444839469 ], [ -75.169141419955849, 40.008833865309235 ], [ -75.169021313440624, 40.008902824712962 ], [ -75.168488410699084, 40.008300247425517 ], [ -75.168176656778257, 40.007929192590012 ], [ -75.167530511749405, 40.007229125812948 ], [ -75.167064662238843, 40.006717078743748 ], [ -75.16694227559762, 40.006594500277835 ], [ -75.166836274689814, 40.006566257994251 ], [ -75.165229931494522, 40.006355457449423 ], [ -75.163629294871939, 40.006153400797842 ], [ -75.163788927821713, 40.005391718188818 ], [ -75.163942557551323, 40.004656818906497 ], [ -75.16410376670683, 40.003913706255922 ], [ -75.16416664603112, 40.003624523693333 ], [ -75.164233490395432, 40.003317107376866 ], [ -75.164286536810522, 40.00307313876192 ], [ -75.163851075409838, 40.003010034771556 ], [ -75.163682975978347, 40.00298909789413 ], [ -75.163620737066765, 40.002951223522345 ], [ -75.163353696511919, 40.002785904787004 ], [ -75.163087679534385, 40.002619892158826 ], [ -75.162822061963212, 40.002453885182184 ], [ -75.162556805934528, 40.002287463133371 ], [ -75.162292043402488, 40.00212051456046 ], [ -75.162027902745123, 40.001952960368321 ], [ -75.161764512443071, 40.001784718762444 ], [ -75.161501999840823, 40.001615707022843 ], [ -75.161240496930915, 40.001445843436557 ], [ -75.160980128647452, 40.001275047033594 ], [ -75.160721025743868, 40.001103237877174 ], [ -75.160464794109089, 40.000928858303567 ], [ -75.160220654240931, 40.000743763024388 ], [ -75.159990484020739, 40.000548785576576 ], [ -75.159771303179568, 40.000346684385228 ], [ -75.159561507923584, 40.000138163057265 ], [ -75.159365399833675, 39.999922217678773 ], [ -75.159180337412408, 39.999700925014444 ], [ -75.158996023520174, 39.99947923625237 ], [ -75.158812225465738, 39.999257262374705 ], [ -75.158622657239462, 39.999027408273079 ], [ -75.158996820399423, 39.998828117554716 ], [ -75.158600524087873, 39.998328302691036 ], [ -75.158581459306902, 39.99820623506163 ], [ -75.158713614132395, 39.997652155834757 ], [ -75.158927845079575, 39.996640395389797 ], [ -75.159103965504229, 39.995787685077389 ], [ -75.159372142837569, 39.995680417888252 ], [ -75.15968224437357, 39.99556799088046 ], [ -75.159992421765324, 39.995455666584427 ], [ -75.160302278195971, 39.99534316033575 ], [ -75.160458845033475, 39.995286151429148 ], [ -75.16061238107612, 39.995230246167772 ], [ -75.160921358987451, 39.995116575987772 ], [ -75.161229784186887, 39.995001919436717 ], [ -75.161537185104706, 39.99488598566942 ], [ -75.161632026721733, 39.994849646448799 ], [ -75.161843567962237, 39.994768518945996 ], [ -75.162148512958751, 39.994649222386677 ], [ -75.162451670763218, 39.99452782503193 ], [ -75.162753452252574, 39.994404057743509 ], [ -75.163052950470643, 39.994277649610268 ], [ -75.163350493459035, 39.994148322421083 ], [ -75.163645506285704, 39.994015792031412 ], [ -75.163750194637188, 39.993967407460183 ], [ -75.163208755544161, 39.993324243819188 ], [ -75.162850181309011, 39.993481241024014 ], [ -75.16294179904925, 39.993044584418044 ], [ -75.163183884196542, 39.991891659821384 ], [ -75.163501808997779, 39.990402590136888 ], [ -75.163842617076668, 39.988907785078503 ], [ -75.164185086304997, 39.987312077754197 ], [ -75.164977218866269, 39.987422261124195 ], [ -75.165763440449282, 39.987515001890308 ], [ -75.166098831869405, 39.985967163689374 ], [ -75.165317674596238, 39.985862954522062 ], [ -75.16451834027832, 39.985760603768952 ], [ -75.163748437167783, 39.985658196097624 ], [ -75.163615119041864, 39.985636223648072 ], [ -75.162951247186086, 39.985543730646697 ], [ -75.161383372872692, 39.985340495711981 ], [ -75.159812118030459, 39.985149374337269 ], [ -75.159955617642609, 39.984505307145071 ], [ -75.160051875126172, 39.984070259270332 ], [ -75.160146718266986, 39.983628898433594 ], [ -75.160470749277138, 39.982129650958704 ], [ -75.16125560907021, 39.982223071869967 ], [ -75.162054280120628, 39.982330749241605 ], [ -75.162360087668475, 39.980838137865732 ], [ -75.163156658392978, 39.980942851162602 ], [ -75.163935803539033, 39.981039133657561 ], [ -75.164724688006231, 39.981146009007738 ], [ -75.165511432765129, 39.981245061241005 ], [ -75.165850703737817, 39.979715263217017 ], [ -75.166635530325905, 39.979815293852994 ], [ -75.16742031243011, 39.979926190612538 ], [ -75.167530471721037, 39.979405965819481 ], [ -75.167628020440816, 39.978986372610436 ], [ -75.167731973204326, 39.978508341281355 ], [ -75.169603109806133, 39.978753420022237 ], [ -75.169677925442357, 39.97839775201961 ], [ -75.169776946512016, 39.977958280703817 ], [ -75.169974461906421, 39.978280100894764 ], [ -75.170288535047447, 39.978846340549673 ], [ -75.170600379145597, 39.97887994266673 ], [ -75.171214292524141, 39.978953555245305 ], [ -75.17280097114751, 39.979161767072142 ], [ -75.172818822733745, 39.979073762378412 ], [ -75.172871291786791, 39.979052105398175 ], [ -75.172931280976556, 39.979026468103832 ], [ -75.172962978189474, 39.978985721589567 ], [ -75.172991759083516, 39.978831473854811 ], [ -75.173003448185653, 39.978768825817205 ], [ -75.1729998614111, 39.97874957982804 ], [ -75.172994519256136, 39.978720913073943 ], [ -75.172960196738501, 39.97869318582736 ], [ -75.172902512794138, 39.978679188881607 ], [ -75.172968127087159, 39.978408177999874 ], [ -75.1731277535457, 39.977751700238628 ], [ -75.173405951614271, 39.977784690664933 ], [ -75.173855804245804, 39.977838020656804 ], [ -75.174703886555761, 39.97793852162858 ], [ -75.176300858651459, 39.978140098415622 ], [ -75.177104427027032, 39.978253014542808 ], [ -75.177888884397561, 39.978355998185378 ], [ -75.178694522303275, 39.978469008014734 ], [ -75.179482831319234, 39.978557606628648 ], [ -75.17986177265557, 39.978607358478904 ], [ -75.180185516832395, 39.97865007774579 ], [ -75.180317476584733, 39.978666542404554 ], [ -75.18090701836347, 39.978740588882907 ], [ -75.181460189160006, 39.978814630070204 ], [ -75.181926793318596, 39.978879673815129 ], [ -75.182526999838643, 39.978957744698548 ], [ -75.183115877509906, 39.979030826912556 ], [ -75.183582363416036, 39.979083484042782 ], [ -75.184137969516982, 39.979160412047356 ], [ -75.184700253988979, 39.979225395072895 ], [ -75.185728634669061, 39.979362089304914 ], [ -75.187318617876926, 39.97958197540656 ], [ -75.188590283894257, 39.979755160969113 ], [ -75.188852511571042, 39.979586053859627 ], [ -75.189079771505774, 39.979439447020432 ], [ -75.189376825791939, 39.979247718549338 ], [ -75.189638865952048, 39.979078446967002 ], [ -75.189900793791821, 39.978909075000217 ], [ -75.190309039691002, 39.978644665293494 ], [ -75.190570593679283, 39.978474960971269 ], [ -75.190832333404472, 39.978305420602624 ], [ -75.191094199882571, 39.978135993315767 ], [ -75.191356137470962, 39.97796663281872 ], [ -75.191618089695126, 39.977797283791809 ], [ -75.191745662720976, 39.977714779863177 ], [ -75.191879998604975, 39.977627898991337 ], [ -75.192141809896881, 39.977458427652117 ], [ -75.192403469368557, 39.977288816308267 ], [ -75.19266491438853, 39.977119017613845 ], [ -75.192926093060379, 39.97694897905658 ], [ -75.193123532379673, 39.976820057225666 ], [ -75.193186946330883, 39.976778651568914 ], [ -75.193447421099123, 39.976607983514057 ], [ -75.193707466366945, 39.976436929608937 ], [ -75.193951957887961, 39.976275795675434 ], [ -75.194221404312472, 39.976595895992595 ], [ -75.19500983450105, 39.977151186834959 ], [ -75.196163187659536, 39.977785348662955 ], [ -75.197680418908718, 39.978526648404433 ], [ -75.199689664935619, 39.97939206820292 ], [ -75.201492545703701, 39.980366076762458 ], [ -75.203220016898442, 39.981635550621149 ], [ -75.204020428083908, 39.982856133574863 ], [ -75.204291184959033, 39.983484776375569 ], [ -75.204393350416368, 39.984194585211199 ], [ -75.204229705682351, 39.985124911339341 ], [ -75.203879685299, 39.985634231063344 ], [ -75.203607072174279, 39.986030905550408 ], [ -75.202680070346602, 39.98695844335225 ], [ -75.200811858376412, 39.98869997403802 ], [ -75.199665430845172, 39.98983487779531 ], [ -75.197560187269218, 39.991697544517045 ], [ -75.19673644314085, 39.992628239307159 ], [ -75.194933748877503, 39.994088106992471 ], [ -75.193912073727489, 39.995333113315112 ], [ -75.193873154099549, 39.995380540585458 ], [ -75.192489521704189, 39.997189339779744 ], [ -75.19209975304112, 39.998256124712789 ], [ -75.191738293170644, 39.999549668698563 ], [ -75.191562642143637, 40.00079131936959 ], [ -75.191419442879493, 40.002882461289559 ], [ -75.191535358733759, 40.004201078412947 ], [ -75.19175386735489, 40.005238965345775 ], [ -75.192024070673781, 40.005881776893808 ], [ -75.192108171083333, 40.00599172460916 ], [ -75.192486504381606, 40.006486319158313 ], [ -75.192158228677727, 40.006527377238541 ], [ -75.191821408232016, 40.006574296052605 ], [ -75.191599621913568, 40.006605365335332 ], [ -75.191484640869177, 40.006621471858772 ], [ -75.191147931097959, 40.00666897143271 ], [ -75.190810819265678, 40.006714566250331 ], [ -75.190472797834886, 40.006755838402768 ], [ -75.190133918306969, 40.00679303950912 ], [ -75.189794954448089, 40.006829825081944 ], [ -75.188755778562779, 40.006878352542437 ], [ -75.187516789049397, 40.006936196424128 ], [ -75.183099108766967, 40.007142337153816 ], [ -75.182592786438661, 40.007166034187144 ], [ -75.18225108780932, 40.00718179340911 ], [ -75.181909386245479, 40.007197501095696 ], [ -75.181567690130208, 40.0072132763677 ], [ -75.181226012662336, 40.007229234849831 ], [ -75.180884368107684, 40.007245494893617 ], [ -75.18054276363695, 40.007262176494443 ], [ -75.180201214852175, 40.00727939352921 ], [ -75.179859864509268, 40.007299379194102 ], [ -75.17949583686817, 40.007330268309865 ], [ -75.179180801384206, 40.007365274424053 ], [ -75.178842549432787, 40.007405984825326 ], [ -75.178503538030128, 40.007442419954863 ], [ -75.178179909740876, 40.007475470308371 ], [ -75.177824975522881, 40.007512339652081 ], [ -75.177486254965245, 40.007550251471187 ], [ -75.177147716099867, 40.007589819726178 ], [ -75.176809937702686, 40.007632744984527 ], [ -75.176473880472329, 40.007682150068852 ], [ -75.176140272599895, 40.007741262524689 ], [ -75.175808480002743, 40.007806375815477 ], [ -75.175478788274134, 40.007877155780896 ], [ -75.175151737905125, 40.007954950762134 ], [ -75.174825741007481, 40.008035409322559 ], [ -75.174501353753044, 40.008119498119697 ], [ -75.174180201881939, 40.008210381053985 ], [ -75.173862557508201, 40.008308666135953 ], [ -75.173545182307848, 40.008407551969093 ], [ -75.173228816783137, 40.008508366147588 ], [ -75.172899767335508, 40.008628853982756 ], [ -75.172615987788575, 40.008742338168631 ], [ -75.172314979329087, 40.008867989561658 ], [ -75.172014785720961, 40.00899458472761 ], [ -75.171718077313756, 40.009125979605493 ], [ -75.171428931534734, 40.009266804198596 ], [ -75.171140818938056, 40.009408899199258 ], [ -75.17085302274306, 40.0095513925516 ], [ -75.170565491590224, 40.009694217330313 ], [ -75.170278169301554, 40.009837310105141 ], [ -75.170121838866024, 40.009915319234146 ], [ -75.169972226055364, 40.00975029935357 ], [ -75.169776429692661, 40.009534341465475 ], [ -75.169580635951206, 40.009318377866705 ], [ -75.169384852820755, 40.009102414142731 ], [ -75.169189078165076, 40.008886444839469 ] ] ] } },
{ "type": "Feature", "properties": { "HS_ID": "5020", "HS_Name": "Edison, Thomas A", "HS_Grade": "9-12" }, "geometry": { "type": "Polygon", "coordinates": [ [ [ -75.128289424245082, 40.019312246396133 ], [ -75.128412308512011, 40.018888184203803 ], [ -75.127170148348299, 40.018720244528865 ], [ -75.127280082572369, 40.018551187726679 ], [ -75.127735970415529, 40.01780744067365 ], [ -75.128167827472637, 40.017276010496857 ], [ -75.129584205856546, 40.015962045069465 ], [ -75.129502797995002, 40.01588939456262 ], [ -75.12950608207764, 40.015804322671485 ], [ -75.12954449782805, 40.015628823804633 ], [ -75.129696268273179, 40.015025138211108 ], [ -75.129857441549532, 40.014589542357044 ], [ -75.129912123763617, 40.01438165693677 ], [ -75.129955680699339, 40.014216907374639 ], [ -75.130320980381683, 40.012520430993604 ], [ -75.130394570438312, 40.012204636700858 ], [ -75.130586589799805, 40.011326214443343 ], [ -75.130769336108088, 40.010429891484776 ], [ -75.131222295035911, 40.008389981531337 ], [ -75.131288958445666, 40.008265442462978 ], [ -75.13157556350815, 40.00691829737174 ], [ -75.131593298694483, 40.006777230207987 ], [ -75.131950178948728, 40.005157159453539 ], [ -75.131654384617903, 40.005162189067619 ], [ -75.131312090564677, 40.005165243621761 ], [ -75.130969678922199, 40.005164784081401 ], [ -75.130627343888861, 40.0051604247314 ], [ -75.130285263657086, 40.005151891220599 ], [ -75.129943272337954, 40.005141571084472 ], [ -75.129601271643381, 40.005130493753185 ], [ -75.129259288924217, 40.005118558035299 ], [ -75.128917354013609, 40.005105659191614 ], [ -75.128575489722422, 40.005091692323184 ], [ -75.12823372347782, 40.00507655443878 ], [ -75.12787293070501, 40.005059142872305 ], [ -75.127550586787223, 40.005042349869555 ], [ -75.127209206713559, 40.005023442448064 ], [ -75.126867753927343, 40.005004480086406 ], [ -75.12652625250432, 40.00498535521092 ], [ -75.126184750933717, 40.004965874307906 ], [ -75.125843291102072, 40.004945832900518 ], [ -75.125501917994654, 40.004925037395701 ], [ -75.125160673401908, 40.004903286018589 ], [ -75.124819602455645, 40.004880381575965 ], [ -75.124478749225801, 40.004856124147885 ], [ -75.124138158817715, 40.004830317442931 ], [ -75.123949327292692, 40.004815026363836 ], [ -75.124163774179195, 40.003830504979312 ], [ -75.124411893335235, 40.002635747370142 ], [ -75.124732704277591, 40.001125212840222 ], [ -75.124825845599801, 40.000737812773018 ], [ -75.124953048122805, 40.000118295958629 ], [ -75.125059397636107, 39.999629370055082 ], [ -75.124001039223003, 39.999494715317994 ], [ -75.122869834333471, 39.999348225421699 ], [ -75.121896450617228, 39.999221973258749 ], [ -75.121414859634569, 39.999160500711042 ], [ -75.120934067135778, 39.999098456940501 ], [ -75.120438160822957, 39.999031248928901 ], [ -75.119958416169581, 39.998976071047544 ], [ -75.119480640789931, 39.998918464749593 ], [ -75.118994832600421, 39.998853637104581 ], [ -75.118142726364312, 39.998740068925791 ], [ -75.117607794797848, 39.998672192592103 ], [ -75.117055406560638, 39.998602451874987 ], [ -75.117137189543726, 39.998204954618338 ], [ -75.11720552832351, 39.997848242204952 ], [ -75.11726460987984, 39.997590851431717 ], [ -75.117284481552048, 39.997495520586632 ], [ -75.117383762094931, 39.997007889103394 ], [ -75.116875278959697, 39.996944033202965 ], [ -75.11641424499777, 39.996882340389526 ], [ -75.115947285577931, 39.996823352482821 ], [ -75.11544873273192, 39.996754717356843 ], [ -75.114203760268296, 39.996600201630038 ], [ -75.113782904031495, 39.996545668449727 ], [ -75.113493539161283, 39.996509398474814 ], [ -75.113356274136166, 39.9965183752958 ], [ -75.113997808615437, 39.996146751198701 ], [ -75.114439343206001, 39.995904078825461 ], [ -75.114888158809237, 39.995651207425119 ], [ -75.11577971940612, 39.995168632610891 ], [ -75.118043885966273, 39.993927392157971 ], [ -75.118273063082015, 39.993804949459957 ], [ -75.119695257442785, 39.993017654701198 ], [ -75.120310000219376, 39.992673726539266 ], [ -75.121552681919482, 39.992001268680447 ], [ -75.122559837902671, 39.991429045890222 ], [ -75.123687792106608, 39.990837005313232 ], [ -75.124432637240574, 39.99041437725905 ], [ -75.124679416480717, 39.99028006106505 ], [ -75.125491778204349, 39.989837904704906 ], [ -75.125833377641683, 39.990150802017951 ], [ -75.12594819181092, 39.990231008067177 ], [ -75.127031519392133, 39.990387163082374 ], [ -75.128975415900385, 39.990641759039711 ], [ -75.130898898138341, 39.990891051659261 ], [ -75.131438123591522, 39.990961523158226 ], [ -75.131960356655156, 39.991031196350804 ], [ -75.132420530012624, 39.991084433589037 ], [ -75.132893672781051, 39.991145087284416 ], [ -75.133348283982755, 39.991202409839474 ], [ -75.133804484375545, 39.991260856138112 ], [ -75.134333867235583, 39.99133132472361 ], [ -75.134869142315338, 39.99140896839522 ], [ -75.135466375548575, 39.991480483817242 ], [ -75.136159956462009, 39.991566016162068 ], [ -75.137348534275347, 39.991730424426088 ], [ -75.137843870920889, 39.991789278601544 ], [ -75.138352174722698, 39.991852857799046 ], [ -75.139261390180479, 39.991970582025537 ], [ -75.139708990944214, 39.992029580301704 ], [ -75.140198000561355, 39.992087928038544 ], [ -75.140863738569166, 39.99217521966478 ], [ -75.141512077185212, 39.992256821179417 ], [ -75.142174239727794, 39.992344412216156 ], [ -75.142998991853617, 39.992450866452408 ], [ -75.143830470843156, 39.99255141798465 ], [ -75.144467015940975, 39.992633969272369 ], [ -75.14511047460141, 39.992716747776953 ], [ -75.145603133727676, 39.992784686994064 ], [ -75.146089596891997, 39.992849600250246 ], [ -75.145983241780712, 39.993390051478151 ], [ -75.14590955203704, 39.993716619707364 ], [ -75.145838085532972, 39.994038562044047 ], [ -75.145749695690384, 39.994440584236486 ], [ -75.145605097580869, 39.995103289313249 ], [ -75.145427411480711, 39.995930181623194 ], [ -75.145312766892474, 39.99639505500938 ], [ -75.145237380350295, 39.996758356874224 ], [ -75.145097955630575, 39.997426025465138 ], [ -75.144767010663074, 39.99891678999964 ], [ -75.144463397585838, 40.000328858228855 ], [ -75.144173278341981, 40.000431689331563 ], [ -75.143346433943009, 40.000744015445925 ], [ -75.143798092935683, 40.001455853895116 ], [ -75.144064517565084, 40.001912907235642 ], [ -75.144123663227475, 40.002159226596397 ], [ -75.144038413583672, 40.002234264746107 ], [ -75.143743653948434, 40.003582933988362 ], [ -75.143501273317213, 40.003551563694693 ], [ -75.143293649867772, 40.003524692503206 ], [ -75.143139932475606, 40.00428493094099 ], [ -75.143301592136837, 40.004722377551538 ], [ -75.143438260470006, 40.005072838644544 ], [ -75.143098017363968, 40.006563806583301 ], [ -75.143063434353152, 40.006722226308064 ], [ -75.142774275616929, 40.008045591373154 ], [ -75.142772957863414, 40.008154990454926 ], [ -75.14276347100018, 40.008269788549612 ], [ -75.142438809551678, 40.009744029134566 ], [ -75.142112640922591, 40.011238071682747 ], [ -75.141786607552106, 40.012709919956578 ], [ -75.142329266931952, 40.01279113891426 ], [ -75.142795286399377, 40.012858788197867 ], [ -75.143320315304479, 40.012927423875787 ], [ -75.146476802946054, 40.013343114491541 ], [ -75.147221891377868, 40.01343296184335 ], [ -75.147228844978784, 40.014081402108864 ], [ -75.147914386853856, 40.013927404492165 ], [ -75.147955010837364, 40.013978614620505 ], [ -75.14783650641408, 40.01450755380322 ], [ -75.149831653099739, 40.01476596338329 ], [ -75.150039625728937, 40.014819702692165 ], [ -75.14993222382931, 40.015326710203944 ], [ -75.14983979568099, 40.015673152814841 ], [ -75.149770413299933, 40.016022804095911 ], [ -75.149727189304372, 40.016216009188675 ], [ -75.149586867007798, 40.01693362198727 ], [ -75.149347506460117, 40.017958839322183 ], [ -75.149089732011475, 40.018110652918111 ], [ -75.148468068164576, 40.01840767197676 ], [ -75.14714447643216, 40.019011450080619 ], [ -75.147058795836813, 40.019094849725192 ], [ -75.14638257068269, 40.019413847550069 ], [ -75.146137882291484, 40.019384132048096 ], [ -75.145362861130891, 40.01938081709379 ], [ -75.144687108625433, 40.019411834572225 ], [ -75.144095787057239, 40.019486694075965 ], [ -75.143633356499834, 40.019568893010117 ], [ -75.143260974666063, 40.019659556833965 ], [ -75.142884843629375, 40.019772657161027 ], [ -75.14246779103722, 40.019921315677728 ], [ -75.142082119488862, 40.020076769123904 ], [ -75.141261765268752, 40.020457827767814 ], [ -75.139893266007434, 40.021143092921037 ], [ -75.139624105778793, 40.021255544498324 ], [ -75.138789898323111, 40.021671948947954 ], [ -75.136800741308932, 40.022664813908932 ], [ -75.136067270379613, 40.022993869695448 ], [ -75.135683339232102, 40.022953883142371 ], [ -75.135173640174628, 40.022889379073931 ], [ -75.133518068730496, 40.022699613848431 ], [ -75.132666572676243, 40.022605308971578 ], [ -75.131655343495055, 40.022466545626109 ], [ -75.130677470596083, 40.022326421242468 ], [ -75.128838800759283, 40.022095526989986 ], [ -75.128329979802785, 40.022037509590483 ], [ -75.127995616959595, 40.021990003261628 ], [ -75.127588347365133, 40.021936524098152 ], [ -75.127667221911381, 40.021678075942006 ], [ -75.127722548708022, 40.021435414780598 ], [ -75.127825536286721, 40.021009743605958 ], [ -75.127937520067178, 40.020582175692816 ], [ -75.128057433256402, 40.020167763512312 ], [ -75.128172721879636, 40.019745126505079 ], [ -75.128289424245082, 40.019312246396133 ] ] ] } },
{ "type": "Feature", "properties": { "HS_ID": "5160", "HS_Name": "Penn Treaty HS", "HS_Grade": "6-12" }, "geometry": { "type": "Polygon", "coordinates": [ [ [ -75.117697344994028, 39.980905818752724 ], [ -75.118324528069024, 39.979517456904333 ], [ -75.118611387167221, 39.978880482777257 ], [ -75.119764292747092, 39.976370359570765 ], [ -75.119970952438294, 39.975912434907883 ], [ -75.120945944076553, 39.975361061880882 ], [ -75.121045545977083, 39.975271732596347 ], [ -75.12161763813323, 39.974708468700335 ], [ -75.122029413197041, 39.974313319019082 ], [ -75.122592336291632, 39.973748580094764 ], [ -75.122117046064261, 39.973529658925735 ], [ -75.121762894324391, 39.973354167471953 ], [ -75.121272067019802, 39.973388574123327 ], [ -75.12068321218041, 39.973417560042797 ], [ -75.120409572926746, 39.973387269125681 ], [ -75.120241443936138, 39.973324684389347 ], [ -75.120086877395764, 39.973243722894885 ], [ -75.119618846153557, 39.972951440711157 ], [ -75.120231642807283, 39.972388543878687 ], [ -75.121210291003081, 39.971489560103976 ], [ -75.119901477658985, 39.970620645196142 ], [ -75.117579723897705, 39.969596875844154 ], [ -75.114031808459714, 39.968032285506624 ], [ -75.114412554555358, 39.96786656261051 ], [ -75.115384362995314, 39.96744356565496 ], [ -75.116036662684905, 39.96715963307792 ], [ -75.116863529683982, 39.966799707058328 ], [ -75.118117389800872, 39.966253894853743 ], [ -75.119668024506439, 39.96556806235283 ], [ -75.121631743517185, 39.964616634355195 ], [ -75.124025652661501, 39.963439119131351 ], [ -75.127774820137248, 39.961522260067028 ], [ -75.129087908088636, 39.960709141203942 ], [ -75.135702544426721, 39.962047993115434 ], [ -75.13629652065309, 39.962452641935364 ], [ -75.13675691661966, 39.962767571015327 ], [ -75.137170839282774, 39.962820848330722 ], [ -75.138082907460358, 39.962937644900229 ], [ -75.138275494502196, 39.96231762501553 ], [ -75.139222018105187, 39.962540411289254 ], [ -75.139296795993531, 39.962558010537755 ], [ -75.139602215915048, 39.962630351711383 ], [ -75.139785787742042, 39.962673831773408 ], [ -75.14006138678748, 39.962737902133767 ], [ -75.139754901770289, 39.963692321574527 ], [ -75.139931971332032, 39.963777785249093 ], [ -75.140706422729167, 39.964139708528386 ], [ -75.141631395109528, 39.96457373788683 ], [ -75.142529666342313, 39.964986459831266 ], [ -75.143377523625588, 39.965380879124133 ], [ -75.144002543014807, 39.965671032854083 ], [ -75.144586330970142, 39.965945479047811 ], [ -75.144906073260259, 39.966096608938173 ], [ -75.145757828853547, 39.966493928625376 ], [ -75.145891316170406, 39.966548164290479 ], [ -75.146504780635482, 39.966842825167546 ], [ -75.147147841768572, 39.967127849969309 ], [ -75.147910497226249, 39.96732631826535 ], [ -75.148690237763432, 39.967517677650577 ], [ -75.149558502643458, 39.967733564369766 ], [ -75.15051564764147, 39.967972376112968 ], [ -75.150973556731898, 39.968078967362622 ], [ -75.151463010212197, 39.968176206752105 ], [ -75.152000700917696, 39.968299180915906 ], [ -75.153019234572085, 39.96855028260989 ], [ -75.152907122888635, 39.969067136710343 ], [ -75.152783500923391, 39.969624409413065 ], [ -75.15269159270909, 39.970055951747469 ], [ -75.152574546018087, 39.970571700083809 ], [ -75.152450123837269, 39.971145161948535 ], [ -75.152188367424117, 39.972319593119806 ], [ -75.152023531334748, 39.973106284066745 ], [ -75.151916690619828, 39.973589833498167 ], [ -75.151617069714021, 39.974960553070389 ], [ -75.150948633926959, 39.97487344024389 ], [ -75.150231571073022, 39.974782468309556 ], [ -75.150040948234107, 39.974758282007812 ], [ -75.149552017071699, 39.974694448447792 ], [ -75.149059196083485, 39.974629243367652 ], [ -75.148752803389641, 39.976053196905738 ], [ -75.148448925997826, 39.977446981252434 ], [ -75.148111662187901, 39.97899896517788 ], [ -75.147325384186317, 39.978896900925278 ], [ -75.146584980863665, 39.978801493421521 ], [ -75.146215048812905, 39.978756261424202 ], [ -75.145792642107864, 39.978702831995435 ], [ -75.145011012151812, 39.978598592042516 ], [ -75.144646993028957, 39.978549148043463 ], [ -75.144059506981407, 39.978471373226505 ], [ -75.143756302255255, 39.978432549113897 ], [ -75.143140468668051, 39.978367394197434 ], [ -75.143033345640362, 39.97900298334401 ], [ -75.142867719367715, 39.979852615528138 ], [ -75.142108295743427, 39.979762401956854 ], [ -75.141937134182328, 39.979740985557818 ], [ -75.141511252244356, 39.979681680500775 ], [ -75.141021889731647, 39.979618813282947 ], [ -75.14082165519423, 39.980528987119577 ], [ -75.140686926025268, 39.98112361719604 ], [ -75.140370751178864, 39.982602963060202 ], [ -75.139868617417804, 39.982537431291895 ], [ -75.139364976462062, 39.982474354348405 ], [ -75.138918060642183, 39.982413350565402 ], [ -75.138810843293015, 39.982400671924928 ], [ -75.13813899339722, 39.982313649610639 ], [ -75.137443982436793, 39.982224063368413 ], [ -75.136849627525223, 39.982148242970013 ], [ -75.136314692255382, 39.982077524588803 ], [ -75.135781483491925, 39.982010482253401 ], [ -75.134870659914014, 39.981888470214876 ], [ -75.133923406037937, 39.981770568866139 ], [ -75.133410809436853, 39.981699372023627 ], [ -75.132881583994191, 39.981632652884151 ], [ -75.132880083007379, 39.981546863611705 ], [ -75.133190652634255, 39.98013574784725 ], [ -75.133017240242239, 39.98012059107544 ], [ -75.132653344855726, 39.980338739702916 ], [ -75.131831907318173, 39.980765502527952 ], [ -75.131366554910073, 39.981010901517053 ], [ -75.130930079334135, 39.981234623995583 ], [ -75.130338305844134, 39.981550017731983 ], [ -75.129735596009283, 39.981861175408667 ], [ -75.129335235616338, 39.982070909171512 ], [ -75.129144722451912, 39.982170561326441 ], [ -75.128986107546751, 39.982253445557802 ], [ -75.128553822810147, 39.982481026760375 ], [ -75.127978700500989, 39.982786761640675 ], [ -75.127398837248151, 39.983081702845745 ], [ -75.126822453174469, 39.983386960925053 ], [ -75.126228123779427, 39.983696416519443 ], [ -75.125065566354237, 39.984304987267187 ], [ -75.124655975269633, 39.98452791773672 ], [ -75.123928492110039, 39.984903403068415 ], [ -75.121510749783312, 39.986166889365919 ], [ -75.121212655555297, 39.985821976362196 ], [ -75.120906642036871, 39.985481406064366 ], [ -75.120252061066907, 39.984756703332479 ], [ -75.119690852960389, 39.984113399154587 ], [ -75.119190362952182, 39.983550142775734 ], [ -75.119135870180443, 39.983486000889378 ], [ -75.118523417219507, 39.982826673998353 ], [ -75.117713447791871, 39.981893242481249 ], [ -75.117355141482875, 39.981482857133308 ], [ -75.117697344994028, 39.980905818752724 ] ] ] } },
{ "type": "Feature", "properties": { "HS_ID": "5180", "HS_Name": "Vaux Big Picture High School", "HS_Grade": "9-12" }, "geometry": { "type": "Polygon", "coordinates": [ [ [ -75.157255473877086, 39.981694821044464 ], [ -75.157582797319776, 39.980224194510981 ], [ -75.157915626067108, 39.978708863327036 ], [ -75.158239623958707, 39.977281450598127 ], [ -75.158227929086252, 39.977217108818117 ], [ -75.158526998487758, 39.9758515450687 ], [ -75.15878329590781, 39.97448373998995 ], [ -75.159057703687665, 39.973206128900586 ], [ -75.159237641086762, 39.97238526979509 ], [ -75.159441966579109, 39.971468323386617 ], [ -75.15970329166511, 39.970203112066187 ], [ -75.159853416326087, 39.970221629022966 ], [ -75.160560719901056, 39.970320887387757 ], [ -75.161404538443875, 39.970429631873714 ], [ -75.162981268304364, 39.970624201717932 ], [ -75.164555161782772, 39.970817943351825 ], [ -75.165311331532749, 39.970911444385621 ], [ -75.165618189230358, 39.971192002497176 ], [ -75.165778801455374, 39.971340492220726 ], [ -75.165972893576139, 39.971608896715708 ], [ -75.166272108558545, 39.972037642881503 ], [ -75.166539675023216, 39.972381597428637 ], [ -75.167220148978004, 39.973398707164655 ], [ -75.167731957065541, 39.974320808202734 ], [ -75.168055032335786, 39.974870992326942 ], [ -75.168145324788085, 39.975035024475972 ], [ -75.168263449167284, 39.975260196644022 ], [ -75.16914490341496, 39.975168563448086 ], [ -75.170401710995193, 39.975039382279796 ], [ -75.172092336418658, 39.974855903415211 ], [ -75.17378624577708, 39.97467888698813 ], [ -75.175456715694381, 39.974504660838321 ], [ -75.175936584917068, 39.974453623779304 ], [ -75.176419648462186, 39.974404185387613 ], [ -75.177123534151519, 39.97432823474788 ], [ -75.177852679205515, 39.974248936524702 ], [ -75.177863875620318, 39.973833454430981 ], [ -75.177862946149745, 39.972481031370066 ], [ -75.177538730300768, 39.972438556473904 ], [ -75.177806508101426, 39.971208969504445 ], [ -75.178056687529676, 39.970113729414585 ], [ -75.178606401891869, 39.970181658250219 ], [ -75.179651616869364, 39.970310272091929 ], [ -75.179754889068647, 39.96981497856104 ], [ -75.17977598962257, 39.969693539893058 ], [ -75.17983743980075, 39.96944775366466 ], [ -75.179914602375746, 39.969090943561298 ], [ -75.180062820116149, 39.968416647134021 ], [ -75.180163681769557, 39.967794395545113 ], [ -75.179684783001207, 39.967417407677743 ], [ -75.181121775408741, 39.967463599612877 ], [ -75.185592696562495, 39.966908111989476 ], [ -75.187069083333967, 39.967747703382905 ], [ -75.189003307387921, 39.968639946461813 ], [ -75.190533303213726, 39.969523141662748 ], [ -75.191170879808027, 39.970174153296561 ], [ -75.191569978950511, 39.971541539557435 ], [ -75.191856032116135, 39.972736595546799 ], [ -75.192515246394876, 39.974279588107642 ], [ -75.192676104603422, 39.974556828745897 ], [ -75.193068199291801, 39.97522587002581 ], [ -75.193167670104174, 39.97534404688129 ], [ -75.193951957887961, 39.976275795675434 ], [ -75.193707466366945, 39.976436929608937 ], [ -75.193447421099123, 39.976607983514057 ], [ -75.193186946330883, 39.976778651568914 ], [ -75.193123532379673, 39.976820057225666 ], [ -75.192926093060379, 39.97694897905658 ], [ -75.19266491438853, 39.977119017613845 ], [ -75.192403469368557, 39.977288816308267 ], [ -75.192141809896881, 39.977458427652117 ], [ -75.191879998604975, 39.977627898991337 ], [ -75.191745662720976, 39.977714779863177 ], [ -75.191618089695126, 39.977797283791809 ], [ -75.191356137470962, 39.97796663281872 ], [ -75.191094199882571, 39.978135993315767 ], [ -75.190832333404472, 39.978305420602624 ], [ -75.190570593679283, 39.978474960971269 ], [ -75.190309039691002, 39.978644665293494 ], [ -75.189900793791821, 39.978909075000217 ], [ -75.189638865952048, 39.979078446967002 ], [ -75.189376825791939, 39.979247718549338 ], [ -75.189079771505774, 39.979439447020432 ], [ -75.188852511571042, 39.979586053859627 ], [ -75.188590283894257, 39.979755160969113 ], [ -75.187318617876926, 39.97958197540656 ], [ -75.185728634669061, 39.979362089304914 ], [ -75.184700253988979, 39.979225395072895 ], [ -75.184137969516982, 39.979160412047356 ], [ -75.183582363416036, 39.979083484042782 ], [ -75.183115877509906, 39.979030826912556 ], [ -75.182526999838643, 39.978957744698548 ], [ -75.181926793318596, 39.978879673815129 ], [ -75.181460189160006, 39.978814630070204 ], [ -75.18090701836347, 39.978740588882907 ], [ -75.180317476584733, 39.978666542404554 ], [ -75.180185516832395, 39.97865007774579 ], [ -75.17986177265557, 39.978607358478904 ], [ -75.179482831319234, 39.978557606628648 ], [ -75.178694522303275, 39.978469008014734 ], [ -75.177888884397561, 39.978355998185378 ], [ -75.177104427027032, 39.978253014542808 ], [ -75.176300858651459, 39.978140098415622 ], [ -75.174703886555761, 39.97793852162858 ], [ -75.173855804245804, 39.977838020656804 ], [ -75.173405951614271, 39.977784690664933 ], [ -75.1731277535457, 39.977751700238628 ], [ -75.172968127087159, 39.978408177999874 ], [ -75.172902512794138, 39.978679188881607 ], [ -75.172960196738501, 39.97869318582736 ], [ -75.172994519256136, 39.978720913073943 ], [ -75.1729998614111, 39.97874957982804 ], [ -75.173003448185653, 39.978768825817205 ], [ -75.172991759083516, 39.978831473854811 ], [ -75.172962978189474, 39.978985721589567 ], [ -75.172931280976556, 39.979026468103832 ], [ -75.172871291786791, 39.979052105398175 ], [ -75.172818822733745, 39.979073762378412 ], [ -75.17280097114751, 39.979161767072142 ], [ -75.171214292524141, 39.978953555245305 ], [ -75.170600379145597, 39.97887994266673 ], [ -75.170288535047447, 39.978846340549673 ], [ -75.169974461906421, 39.978280100894764 ], [ -75.169776946512016, 39.977958280703817 ], [ -75.169677925442357, 39.97839775201961 ], [ -75.169603109806133, 39.978753420022237 ], [ -75.167731973204326, 39.978508341281355 ], [ -75.167628020440816, 39.978986372610436 ], [ -75.167530471721037, 39.979405965819481 ], [ -75.16742031243011, 39.979926190612538 ], [ -75.166635530325905, 39.979815293852994 ], [ -75.165850703737817, 39.979715263217017 ], [ -75.165511432765129, 39.981245061241005 ], [ -75.164724688006231, 39.981146009007738 ], [ -75.163935803539033, 39.981039133657561 ], [ -75.163156658392978, 39.980942851162602 ], [ -75.162360087668475, 39.980838137865732 ], [ -75.162054280120628, 39.982330749241605 ], [ -75.16125560907021, 39.982223071869967 ], [ -75.160470749277138, 39.982129650958704 ], [ -75.158897008214453, 39.981915040873027 ], [ -75.157255473877086, 39.981694821044464 ] ] ] } },
{ "type": "Feature", "properties": { "HS_ID": "5700", "HS_Name": "Kensington Campus", "HS_Grade": "9-12" }, "geometry": { "type": "Polygon", "coordinates": [ [ [ -75.113483548005561, 40.005928514015622 ], [ -75.109372296468393, 40.005393346629901 ], [ -75.10862843880291, 40.005405818032621 ], [ -75.108037811100729, 40.005432377405185 ], [ -75.107352908474439, 40.005472699329182 ], [ -75.106661567880778, 40.005481147216926 ], [ -75.106026311092847, 40.005499294636458 ], [ -75.105336981814347, 40.005519375367889 ], [ -75.103271033496952, 40.005603012611211 ], [ -75.103529563290181, 40.004431650336372 ], [ -75.103602524153658, 40.004074477808125 ], [ -75.103687800449492, 40.003638311741106 ], [ -75.103797272937769, 40.00313587465002 ], [ -75.101811336787563, 40.002864441501131 ], [ -75.100498273427775, 40.003580351632728 ], [ -75.099363421387253, 40.00420433899334 ], [ -75.097980259367546, 40.004951203315322 ], [ -75.09686759417383, 40.005562356864587 ], [ -75.09634801619778, 40.005852913915085 ], [ -75.093273983464385, 40.005962262346827 ], [ -75.092884803536876, 40.005974655093603 ], [ -75.091816171205949, 40.006008681452336 ], [ -75.092390743838081, 40.005511140248188 ], [ -75.092553965455551, 40.005366036753003 ], [ -75.092338483868048, 40.005170626238169 ], [ -75.092219196282585, 40.005036820627119 ], [ -75.092101093072472, 40.004872803513607 ], [ -75.091837946324205, 40.00473062814789 ], [ -75.091405736949383, 40.004554296486141 ], [ -75.090977514373478, 40.004443576190468 ], [ -75.090337351219517, 40.004222103067072 ], [ -75.09015139125701, 40.004153884085447 ], [ -75.08941342606002, 40.003883164039067 ], [ -75.088883800838175, 40.003684404149375 ], [ -75.08864656234654, 40.00355038237435 ], [ -75.088429854364705, 40.00339415425654 ], [ -75.088253424916104, 40.003213660293348 ], [ -75.088101607556439, 40.003074055475331 ], [ -75.087984306244522, 40.002889892577883 ], [ -75.087906688361997, 40.002696568072238 ], [ -75.087680610362028, 40.002278035314859 ], [ -75.087585520633823, 40.002028863577131 ], [ -75.087569006235427, 40.001781514139203 ], [ -75.087514820939191, 40.001157803179886 ], [ -75.087497878101445, 40.000754199257798 ], [ -75.087477384556806, 40.000441236697526 ], [ -75.087418589897709, 40.000102183717999 ], [ -75.087251484288515, 39.999851342989047 ], [ -75.087071085570187, 39.999605232222947 ], [ -75.086669327343458, 39.999154901077404 ], [ -75.086372190538526, 39.998896689035092 ], [ -75.0865031756028, 39.998828175076625 ], [ -75.087089894221904, 39.99851975337446 ], [ -75.08946670816789, 39.997270276066956 ], [ -75.092072266279757, 39.99589576298429 ], [ -75.094523680212234, 39.994604333014713 ], [ -75.09555908145164, 39.994095686712271 ], [ -75.097007260184469, 39.993400930935387 ], [ -75.099301744211076, 39.992186834651207 ], [ -75.101603555186514, 39.990995467662216 ], [ -75.103903724681928, 39.989797541868754 ], [ -75.103909718506742, 39.989794342522536 ], [ -75.103513146934233, 39.989336920636461 ], [ -75.103080643903994, 39.988847163864136 ], [ -75.102652381984598, 39.98837428399019 ], [ -75.102308012699368, 39.987975914202046 ], [ -75.10195240299187, 39.987573921283477 ], [ -75.101631814694457, 39.987212613259885 ], [ -75.101311975063908, 39.986847573232986 ], [ -75.100942170651024, 39.986441743385335 ], [ -75.100582820057596, 39.986026848577531 ], [ -75.100316770220147, 39.985728868698011 ], [ -75.100097545565546, 39.985478587939106 ], [ -75.099808085727318, 39.98515543917393 ], [ -75.099744329420801, 39.985080936240863 ], [ -75.099531906797182, 39.984842552760277 ], [ -75.099322591233729, 39.984596926008848 ], [ -75.099084468472469, 39.984326428942126 ], [ -75.099057406841297, 39.98425371114373 ], [ -75.099030725649655, 39.98414913341427 ], [ -75.098408088527037, 39.9833896870826 ], [ -75.098247314081931, 39.98319358419301 ], [ -75.098047670807119, 39.982950069640481 ], [ -75.097633129640414, 39.982478081025562 ], [ -75.097582210425898, 39.982408114630964 ], [ -75.09755394468209, 39.982314105049923 ], [ -75.097557731489061, 39.982220953405644 ], [ -75.097590086579913, 39.982141005351785 ], [ -75.097649348943676, 39.982062775721587 ], [ -75.097767817033429, 39.9819731403718 ], [ -75.09967356622235, 39.980970294440468 ], [ -75.097847988339808, 39.978878425784018 ], [ -75.097513165581546, 39.978507847371034 ], [ -75.093839592445846, 39.974373007927284 ], [ -75.094832651921365, 39.974177643003628 ], [ -75.096671245398298, 39.973803513900251 ], [ -75.097432389763824, 39.973637959438172 ], [ -75.098045115576312, 39.973504683462018 ], [ -75.098443512640159, 39.973418024432725 ], [ -75.099623587157609, 39.973147854333185 ], [ -75.101352377734571, 39.972719140885822 ], [ -75.103079679902095, 39.97225116176471 ], [ -75.106185385421696, 39.971216002459222 ], [ -75.108766939837892, 39.970222892540477 ], [ -75.110256011682864, 39.969645653072241 ], [ -75.111499666318892, 39.96913977010167 ], [ -75.114061839644378, 39.968056814898816 ], [ -75.119931513276512, 39.970645173077529 ], [ -75.121143991191701, 39.971403232752316 ], [ -75.121240327477452, 39.97151408764217 ], [ -75.120261679325878, 39.97241307167242 ], [ -75.119648882699678, 39.972975968664869 ], [ -75.120116913070049, 39.973268250699121 ], [ -75.120271479701913, 39.973349212153082 ], [ -75.120439609950992, 39.97341179687217 ], [ -75.120713248146828, 39.973442087690771 ], [ -75.121302103185783, 39.973413101617311 ], [ -75.121792930617616, 39.973378695737772 ], [ -75.122147082562719, 39.973554187098678 ], [ -75.122622374263656, 39.973773107269729 ], [ -75.122059451215335, 39.974337846341022 ], [ -75.121647674972522, 39.974732997003038 ], [ -75.121075582893909, 39.975296260148191 ], [ -75.120975980961859, 39.975385590359032 ], [ -75.12000099038562, 39.975936963667628 ], [ -75.119794329687039, 39.976394887457232 ], [ -75.118641424765926, 39.978905011863745 ], [ -75.118354565880594, 39.97954198516517 ], [ -75.117727383192886, 39.980930347176596 ], [ -75.117385180983661, 39.98150738567314 ], [ -75.117380855451742, 39.98151230877388 ], [ -75.117713447791871, 39.981893242481249 ], [ -75.118523417219507, 39.982826673998353 ], [ -75.119135870180443, 39.983486000889378 ], [ -75.119190362952182, 39.983550142775734 ], [ -75.119690852960389, 39.984113399154587 ], [ -75.120252061066907, 39.984756703332479 ], [ -75.120906642036871, 39.985481406064366 ], [ -75.121212655555297, 39.985821976362196 ], [ -75.121510749783312, 39.986166889365919 ], [ -75.123928492110039, 39.984903403068415 ], [ -75.124655975269633, 39.98452791773672 ], [ -75.125065566354237, 39.984304987267187 ], [ -75.126228123779427, 39.983696416519443 ], [ -75.126822453174469, 39.983386960925053 ], [ -75.127398837248151, 39.983081702845745 ], [ -75.127978700500989, 39.982786761640675 ], [ -75.128553822810147, 39.982481026760375 ], [ -75.128986107546751, 39.982253445557802 ], [ -75.129144722451912, 39.982170561326441 ], [ -75.129335235616338, 39.982070909171512 ], [ -75.129735596009283, 39.981861175408667 ], [ -75.130338305844134, 39.981550017731983 ], [ -75.130930079334135, 39.981234623995583 ], [ -75.131366554910073, 39.981010901517053 ], [ -75.131831907318173, 39.980765502527952 ], [ -75.132653344855726, 39.980338739702916 ], [ -75.133017240242239, 39.98012059107544 ], [ -75.133190652634255, 39.98013574784725 ], [ -75.132880083007379, 39.981546863611705 ], [ -75.132881583994191, 39.981632652884151 ], [ -75.133410809436853, 39.981699372023627 ], [ -75.133923406037937, 39.981770568866139 ], [ -75.134870659914014, 39.981888470214876 ], [ -75.135781483491925, 39.982010482253401 ], [ -75.136314692255382, 39.982077524588803 ], [ -75.136849627525223, 39.982148242970013 ], [ -75.137443982436793, 39.982224063368413 ], [ -75.13813899339722, 39.982313649610639 ], [ -75.138810843293015, 39.982400671924928 ], [ -75.138918060642183, 39.982413350565402 ], [ -75.139364976462062, 39.982474354348405 ], [ -75.139868617417804, 39.982537431291895 ], [ -75.140370751178864, 39.982602963060202 ], [ -75.140686926025268, 39.98112361719604 ], [ -75.14082165519423, 39.980528987119577 ], [ -75.141021889731647, 39.979618813282947 ], [ -75.141511252244356, 39.979681680500775 ], [ -75.141937134182328, 39.979740985557818 ], [ -75.142108295743427, 39.979762401956854 ], [ -75.142867719367715, 39.979852615528138 ], [ -75.143033345640362, 39.97900298334401 ], [ -75.143140468668051, 39.978367394197434 ], [ -75.143756302255255, 39.978432549113897 ], [ -75.144059506981407, 39.978471373226505 ], [ -75.144646993028957, 39.978549148043463 ], [ -75.145011012151812, 39.978598592042516 ], [ -75.145792642107864, 39.978702831995435 ], [ -75.146215048812905, 39.978756261424202 ], [ -75.146584980863665, 39.978801493421521 ], [ -75.147325384186317, 39.978896900925278 ], [ -75.148111662187901, 39.97899896517788 ], [ -75.147782518677914, 39.980496006284852 ], [ -75.147455136014102, 39.981987551670116 ], [ -75.147946230205093, 39.982050274322191 ], [ -75.148438393559999, 39.982111586467269 ], [ -75.149442852804242, 39.982242079566809 ], [ -75.150013144117366, 39.982316206246132 ], [ -75.149686331806578, 39.983808717791725 ], [ -75.149503987607034, 39.984630248336458 ], [ -75.149433250793948, 39.984962431910496 ], [ -75.149342600812261, 39.985393448501888 ], [ -75.149472878100127, 39.985410443765964 ], [ -75.150914779971018, 39.985598532846559 ], [ -75.151702355404083, 39.985701710041653 ], [ -75.152485707351062, 39.985802946312305 ], [ -75.153276337950871, 39.985900652194807 ], [ -75.15406310987008, 39.986004580541611 ], [ -75.154939781630659, 39.986119456251267 ], [ -75.155407743181925, 39.986180876153782 ], [ -75.156276371490677, 39.986284634879127 ], [ -75.1559358974676, 39.987878554987908 ], [ -75.155593106021911, 39.989370487132838 ], [ -75.155499898775432, 39.989794409414742 ], [ -75.155271064697658, 39.990854301803637 ], [ -75.155069726450193, 39.990839119926328 ], [ -75.153969970440585, 39.990697430797553 ], [ -75.153070264242814, 39.990578595857073 ], [ -75.152872214101706, 39.990552877700352 ], [ -75.151491277736639, 39.990373551890599 ], [ -75.150922074849859, 39.990305055018872 ], [ -75.150479317500356, 39.990248048190551 ], [ -75.14991623019813, 39.990170796234409 ], [ -75.149359103359046, 39.990093105293091 ], [ -75.148898121461158, 39.990037386804808 ], [ -75.148340982929199, 39.989971948983268 ], [ -75.147811312959007, 39.989906397761054 ], [ -75.147543752260503, 39.989864978105913 ], [ -75.147602755332287, 39.989961381659739 ], [ -75.148027398808878, 39.990562789923672 ], [ -75.148153138336482, 39.990725529002781 ], [ -75.148306958160717, 39.990969600674362 ], [ -75.148346223019715, 39.991069969587443 ], [ -75.148378439215975, 39.991217649854057 ], [ -75.148308556569617, 39.991505109455296 ], [ -75.148082023112366, 39.992376304715386 ], [ -75.147887036904862, 39.993079879941128 ], [ -75.146882363615106, 39.992950120735038 ], [ -75.146089596891997, 39.992849600250246 ], [ -75.145603133727676, 39.992784686994064 ], [ -75.14511047460141, 39.992716747776953 ], [ -75.144467015940975, 39.992633969272369 ], [ -75.143830470843156, 39.99255141798465 ], [ -75.142998991853617, 39.992450866452408 ], [ -75.142174239727794, 39.992344412216156 ], [ -75.141512077185212, 39.992256821179417 ], [ -75.140863738569166, 39.99217521966478 ], [ -75.140198000561355, 39.992087928038544 ], [ -75.139708990944214, 39.992029580301704 ], [ -75.139261390180479, 39.991970582025537 ], [ -75.138352174722698, 39.991852857799046 ], [ -75.137843870920889, 39.991789278601544 ], [ -75.137348534275347, 39.991730424426088 ], [ -75.136159956462009, 39.991566016162068 ], [ -75.135466375548575, 39.991480483817242 ], [ -75.134869142315338, 39.99140896839522 ], [ -75.134333867235583, 39.99133132472361 ], [ -75.133804484375545, 39.991260856138112 ], [ -75.133348283982755, 39.991202409839474 ], [ -75.132893672781051, 39.991145087284416 ], [ -75.132420530012624, 39.991084433589037 ], [ -75.131960356655156, 39.991031196350804 ], [ -75.131438123591522, 39.990961523158226 ], [ -75.130898898138341, 39.990891051659261 ], [ -75.128975415900385, 39.990641759039711 ], [ -75.127031519392133, 39.990387163082374 ], [ -75.12594819181092, 39.990231008067177 ], [ -75.125833377641683, 39.990150802017951 ], [ -75.125491778204349, 39.989837904704906 ], [ -75.124679416480717, 39.99028006106505 ], [ -75.124432637240574, 39.99041437725905 ], [ -75.123687792106608, 39.990837005313232 ], [ -75.122559837902671, 39.991429045890222 ], [ -75.121552681919482, 39.992001268680447 ], [ -75.120310000219376, 39.992673726539266 ], [ -75.119695257442785, 39.993017654701198 ], [ -75.118273063082015, 39.993804949459957 ], [ -75.118043885966273, 39.993927392157971 ], [ -75.11577971940612, 39.995168632610891 ], [ -75.114888158809237, 39.995651207425119 ], [ -75.114439343206001, 39.995904078825461 ], [ -75.113997808615437, 39.996146751198701 ], [ -75.113356274136166, 39.9965183752958 ], [ -75.113493539161283, 39.996509398474814 ], [ -75.113782904031495, 39.996545668449727 ], [ -75.114203760268296, 39.996600201630038 ], [ -75.11544873273192, 39.996754717356843 ], [ -75.115947285577931, 39.996823352482821 ], [ -75.11641424499777, 39.996882340389526 ], [ -75.116875278959697, 39.996944033202965 ], [ -75.117383762094931, 39.997007889103394 ], [ -75.117284481552048, 39.997495520586632 ], [ -75.11726460987984, 39.997590851431717 ], [ -75.11720552832351, 39.997848242204952 ], [ -75.117137189543726, 39.998204954618338 ], [ -75.117055406560638, 39.998602451874987 ], [ -75.117607794797848, 39.998672192592103 ], [ -75.118142726364312, 39.998740068925791 ], [ -75.118994832600421, 39.998853637104581 ], [ -75.119480640789931, 39.998918464749593 ], [ -75.119958416169581, 39.998976071047544 ], [ -75.120438160822957, 39.999031248928901 ], [ -75.120934067135778, 39.999098456940501 ], [ -75.121414859634569, 39.999160500711042 ], [ -75.121896450617228, 39.999221973258749 ], [ -75.122869834333471, 39.999348225421699 ], [ -75.124001039223003, 39.999494715317994 ], [ -75.125059397636107, 39.999629370055082 ], [ -75.124953048122805, 40.000118295958629 ], [ -75.124825845599801, 40.000737812773018 ], [ -75.124732704277591, 40.001125212840222 ], [ -75.124411893335235, 40.002635747370142 ], [ -75.124163774179195, 40.003830504979312 ], [ -75.123949327292692, 40.004815026363836 ], [ -75.123426893223495, 40.007213386785708 ], [ -75.12271875342671, 40.007135884907768 ], [ -75.119300632446283, 40.006680620977619 ], [ -75.113483548005561, 40.005928514015622 ] ], [ [ -75.108044887885157, 39.990426868907122 ], [ -75.107760150706909, 39.99010542981825 ], [ -75.107370646292964, 39.989670494953103 ], [ -75.107078726691711, 39.9893386682377 ], [ -75.106779093485599, 39.989005980988281 ], [ -75.106356382788434, 39.988549728688049 ], [ -75.106351446112996, 39.988552289988306 ], [ -75.106749055704057, 39.988981448806001 ], [ -75.107048687449549, 39.989314137007312 ], [ -75.107340607968922, 39.989645963826383 ], [ -75.107730110879587, 39.990080898766855 ], [ -75.10801484901846, 39.990402337057112 ], [ -75.108314021050774, 39.990732525123953 ], [ -75.108755445996465, 39.99123892275955 ], [ -75.108761253949837, 39.99123565516102 ], [ -75.108344061377053, 39.990757056022112 ], [ -75.108044887885157, 39.990426868907122 ] ], [ [ -75.111255197488632, 39.990030554565735 ], [ -75.1114748796181, 39.990273008569638 ], [ -75.111480099821208, 39.990270146179185 ], [ -75.111285237361528, 39.990055085568237 ], [ -75.111166647637972, 39.989923170183012 ], [ -75.111161344823543, 39.989926156834336 ], [ -75.111255197488632, 39.990030554565735 ] ] ] } },
{ "type": "Feature", "properties": { "HS_ID": "6030", "HS_Name": "Roxborough High School", "HS_Grade": "9-12" }, "geometry": { "type": "Polygon", "coordinates": [ [ [ -75.189207259042661, 40.073164558665873 ], [ -75.188500837675548, 40.072765298951182 ], [ -75.188422669373921, 40.07284084386076 ], [ -75.187061169524867, 40.074156612500701 ], [ -75.186986699643981, 40.074243045632628 ], [ -75.185918203797243, 40.075283525927325 ], [ -75.185842576297432, 40.075350095113109 ], [ -75.185023351238328, 40.076150353783476 ], [ -75.183803546976776, 40.077374019752959 ], [ -75.181941612248764, 40.076411771585185 ], [ -75.181819609441973, 40.076472005835576 ], [ -75.181507751295996, 40.07676652494105 ], [ -75.181275777822194, 40.077019298461792 ], [ -75.181030059985929, 40.077273432084311 ], [ -75.180779772537633, 40.077528941616258 ], [ -75.180498744570457, 40.077819479266715 ], [ -75.180283933259133, 40.078049915751507 ], [ -75.180238979859567, 40.077946920259791 ], [ -75.178449854635673, 40.076930025345632 ], [ -75.17684189203581, 40.075981391446128 ], [ -75.177023543571977, 40.075688539468658 ], [ -75.177235727561012, 40.075347332512543 ], [ -75.177404904707217, 40.07508360962624 ], [ -75.177617206062493, 40.074732651258337 ], [ -75.177818432624747, 40.074422850470199 ], [ -75.178028288650481, 40.074066398210093 ], [ -75.178981967701091, 40.072155267200728 ], [ -75.179372702983883, 40.071399449545609 ], [ -75.179448593523645, 40.071262433472093 ], [ -75.179533911695046, 40.071163544421786 ], [ -75.179819339181407, 40.07087618577868 ], [ -75.180482958314926, 40.070192005108836 ], [ -75.181088249545382, 40.069602032708602 ], [ -75.18175175187092, 40.068903970716775 ], [ -75.180901017847901, 40.068412729949046 ], [ -75.180545281685866, 40.068191173494959 ], [ -75.180110807930632, 40.067955274247325 ], [ -75.179976316261843, 40.067875264486879 ], [ -75.17930582966153, 40.067483744814062 ], [ -75.178672078084858, 40.067118786666349 ], [ -75.178009570519492, 40.066744759505262 ], [ -75.177646804390108, 40.066547505878653 ], [ -75.177261715345011, 40.066331152649404 ], [ -75.177115301845532, 40.066244763625875 ], [ -75.17695379388654, 40.066151322996198 ], [ -75.176526153729071, 40.065897034281846 ], [ -75.177723967423105, 40.064738898005047 ], [ -75.178421088011348, 40.064031715750396 ], [ -75.179159267871356, 40.063318167187276 ], [ -75.179920698340638, 40.062582207224885 ], [ -75.180542791025289, 40.061978621114271 ], [ -75.180805276949002, 40.0617259006033 ], [ -75.180908110576496, 40.06160849480009 ], [ -75.181152904441248, 40.061375417270789 ], [ -75.181313924827251, 40.06122210131273 ], [ -75.181555715661361, 40.061006075885089 ], [ -75.181778858750789, 40.060768882071791 ], [ -75.183366244182366, 40.059221535836031 ], [ -75.184045192363186, 40.058573455297164 ], [ -75.18476966794006, 40.057858491270537 ], [ -75.184861346392907, 40.057793731212492 ], [ -75.184956377519711, 40.057734942120163 ], [ -75.186535538746696, 40.056210477742425 ], [ -75.187306780945505, 40.055485816669474 ], [ -75.186961886206404, 40.054823553994915 ], [ -75.186778567800474, 40.054505329397784 ], [ -75.18651717607365, 40.053967139677198 ], [ -75.186115954071994, 40.053247312429562 ], [ -75.185680908565729, 40.052422965101968 ], [ -75.185288712038911, 40.051744551606753 ], [ -75.185221003453023, 40.051586374810576 ], [ -75.18501659720485, 40.051217435147322 ], [ -75.184693767416249, 40.050642411518218 ], [ -75.184573408865944, 40.050404922376245 ], [ -75.184367843807848, 40.050069635138428 ], [ -75.184203446846965, 40.049775693340202 ], [ -75.183967654825906, 40.049314893851012 ], [ -75.183918389266552, 40.049209436066704 ], [ -75.183760101274046, 40.048916757148746 ], [ -75.183398611368204, 40.048255322268382 ], [ -75.182798365574385, 40.047075771142524 ], [ -75.182204444010253, 40.045895729708477 ], [ -75.18170260015728, 40.044832379522028 ], [ -75.18143093247383, 40.044162639875132 ], [ -75.181257032922488, 40.043733829527703 ], [ -75.181174663762775, 40.043610351444265 ], [ -75.180979220105598, 40.043338381143442 ], [ -75.180884110649785, 40.043248021872152 ], [ -75.17998167048043, 40.042094733574132 ], [ -75.179632029573455, 40.041682527624445 ], [ -75.179129774409617, 40.04106626641245 ], [ -75.178712642139359, 40.040558431018603 ], [ -75.178631388322671, 40.040455021519421 ], [ -75.177758443456028, 40.039402056474877 ], [ -75.177629163370696, 40.039230348172097 ], [ -75.176955911953044, 40.038423728895673 ], [ -75.176428532488941, 40.037795390475225 ], [ -75.17614415827093, 40.03745309575131 ], [ -75.17562257070449, 40.036768910506296 ], [ -75.17520805709141, 40.036233779542926 ], [ -75.17472531934024, 40.035821981063471 ], [ -75.17649623766053, 40.03409785740434 ], [ -75.177575455996561, 40.033047573898479 ], [ -75.177739943790954, 40.032891613455362 ], [ -75.178468074598086, 40.032177471222596 ], [ -75.178808129425491, 40.031851310243056 ], [ -75.178914663131465, 40.031738068685215 ], [ -75.180291578938096, 40.030412246474555 ], [ -75.180883656958841, 40.029841509241344 ], [ -75.181481374138997, 40.029265323446786 ], [ -75.182702183150923, 40.028056239616099 ], [ -75.183544627422137, 40.027266562156875 ], [ -75.182933095591196, 40.026746233782774 ], [ -75.182124852050066, 40.026047416066938 ], [ -75.181668037087164, 40.025658270513361 ], [ -75.179844428015599, 40.024087111001592 ], [ -75.179034396853567, 40.02333017978129 ], [ -75.178133567131823, 40.022588967799784 ], [ -75.178163457792209, 40.022321911148836 ], [ -75.178196548073657, 40.022059883507666 ], [ -75.178229099708361, 40.021797837489359 ], [ -75.178260980489654, 40.021535767430059 ], [ -75.178292074537609, 40.021273669834144 ], [ -75.178322253162477, 40.021011539116813 ], [ -75.178351320035731, 40.020749360970953 ], [ -75.178364838969358, 40.020485729985197 ], [ -75.178351287652603, 40.020222542431263 ], [ -75.178299055775724, 40.019963248629558 ], [ -75.178218116834415, 40.019689159690415 ], [ -75.178122459204431, 40.019436176044152 ], [ -75.178029501866305, 40.01918236889103 ], [ -75.17793398080552, 40.018929343960053 ], [ -75.177830626154844, 40.018678708632279 ], [ -75.177712962258738, 40.018431977481718 ], [ -75.177567040067885, 40.018192718616277 ], [ -75.177386260621603, 40.017968890466797 ], [ -75.177192517020259, 40.017751985016488 ], [ -75.176998662480145, 40.017535132586424 ], [ -75.176804700719302, 40.01731832785331 ], [ -75.176610637558326, 40.017101571847938 ], [ -75.176416473168516, 40.016884860068615 ], [ -75.176222209789515, 40.016668195268061 ], [ -75.176027851105488, 40.016451573023289 ], [ -75.175845423353309, 40.016248381661981 ], [ -75.175754762119112, 40.016147457792641 ], [ -75.175659083814068, 40.01604096033477 ], [ -75.175526713911225, 40.015893697405119 ], [ -75.175444238761528, 40.015801951603422 ], [ -75.175249532122933, 40.015585487708705 ], [ -75.175054746709705, 40.015369063134116 ], [ -75.174859885137451, 40.015152670729748 ], [ -75.174664948440068, 40.014936314122494 ], [ -75.17446994026794, 40.014719989789597 ], [ -75.174274865372425, 40.014503696035618 ], [ -75.174079727334799, 40.014287431138314 ], [ -75.173884526155391, 40.014071195097237 ], [ -75.173689266517741, 40.013854988017428 ], [ -75.173493951003024, 40.013638803649251 ], [ -75.173304148450569, 40.013428802843201 ], [ -75.173103165050946, 40.013206507837054 ], [ -75.172907704151442, 40.01299039210145 ], [ -75.172712195605627, 40.012774298360178 ], [ -75.172516648985138, 40.01255822142177 ], [ -75.172321063084823, 40.012342162159939 ], [ -75.172125444998287, 40.012126118931924 ], [ -75.171929793623278, 40.011910089910522 ], [ -75.171734114813589, 40.01169407522714 ], [ -75.171538409945285, 40.011478069506481 ], [ -75.171342684735734, 40.01126207648074 ], [ -75.171146938116607, 40.011046093422912 ], [ -75.170951176112879, 40.010830115963131 ], [ -75.170755398622006, 40.010614146802119 ], [ -75.170559615180863, 40.010398181648839 ], [ -75.170363821209463, 40.010182217697285 ], [ -75.170168024765914, 40.009966258732682 ], [ -75.170121838866024, 40.009915319234146 ], [ -75.170278169301554, 40.009837310105141 ], [ -75.170565491590224, 40.009694217330313 ], [ -75.17085302274306, 40.0095513925516 ], [ -75.171140818938056, 40.009408899199258 ], [ -75.171428931534734, 40.009266804198596 ], [ -75.171718077313756, 40.009125979605493 ], [ -75.172014785720961, 40.00899458472761 ], [ -75.172314979329087, 40.008867989561658 ], [ -75.172615987788575, 40.008742338168631 ], [ -75.172899767335508, 40.008628853982756 ], [ -75.173228816783137, 40.008508366147588 ], [ -75.173545182307848, 40.008407551969093 ], [ -75.173862557508201, 40.008308666135953 ], [ -75.174180201881939, 40.008210381053985 ], [ -75.174501353753044, 40.008119498119697 ], [ -75.174825741007481, 40.008035409322559 ], [ -75.175151737905125, 40.007954950762134 ], [ -75.175478788274134, 40.007877155780896 ], [ -75.175808480002743, 40.007806375815477 ], [ -75.176140272599895, 40.007741262524689 ], [ -75.176473880472329, 40.007682150068852 ], [ -75.176809937702686, 40.007632744984527 ], [ -75.177147716099867, 40.007589819726178 ], [ -75.177486254965245, 40.007550251471187 ], [ -75.177824975522881, 40.007512339652081 ], [ -75.178179909740876, 40.007475470308371 ], [ -75.178503538030128, 40.007442419954863 ], [ -75.178842549432787, 40.007405984825326 ], [ -75.179180801384206, 40.007365274424053 ], [ -75.17949583686817, 40.007330268309865 ], [ -75.179859864509268, 40.007299379194102 ], [ -75.180201214852175, 40.00727939352921 ], [ -75.18054276363695, 40.007262176494443 ], [ -75.180884368107684, 40.007245494893617 ], [ -75.181226012662336, 40.007229234849831 ], [ -75.181567690130208, 40.0072132763677 ], [ -75.181909386245479, 40.007197501095696 ], [ -75.18225108780932, 40.00718179340911 ], [ -75.182592786438661, 40.007166034187144 ], [ -75.183099108766967, 40.007142337153816 ], [ -75.187516789049397, 40.006936196424128 ], [ -75.188755778562779, 40.006878352542437 ], [ -75.189794954448089, 40.006829825081944 ], [ -75.190133918306969, 40.00679303950912 ], [ -75.190472797834886, 40.006755838402768 ], [ -75.190810819265678, 40.006714566250331 ], [ -75.191147931097959, 40.00666897143271 ], [ -75.191484640869177, 40.006621471858772 ], [ -75.191599621913568, 40.006605365335332 ], [ -75.191821408232016, 40.006574296052605 ], [ -75.192158228677727, 40.006527377238541 ], [ -75.192486504381606, 40.006486319158313 ], [ -75.19282909227671, 40.006720041632185 ], [ -75.193174513318922, 40.006946139642288 ], [ -75.194065793307729, 40.007370640630775 ], [ -75.195237887049032, 40.007764652233476 ], [ -75.196621974626353, 40.008149214427306 ], [ -75.197410075339391, 40.00838739067634 ], [ -75.197986629984825, 40.008561630003094 ], [ -75.199567166253132, 40.009106183523983 ], [ -75.200969162345203, 40.00950524023208 ], [ -75.202784535591348, 40.010168167568729 ], [ -75.204117973285349, 40.010678871273527 ], [ -75.204932690183128, 40.011036554083574 ], [ -75.205560898465336, 40.011446373536202 ], [ -75.205830875532683, 40.011622494238473 ], [ -75.205981185049581, 40.01172206353565 ], [ -75.206055582401646, 40.011771348838444 ], [ -75.206139021632211, 40.011826622459203 ], [ -75.206405506389743, 40.012003148204116 ], [ -75.207606494093056, 40.012724045449175 ], [ -75.208652113605694, 40.013439677101282 ], [ -75.210007428171764, 40.014106453773088 ], [ -75.211662683410083, 40.015119462622955 ], [ -75.213083898072554, 40.016240485565554 ], [ -75.213849799003739, 40.016922492066655 ], [ -75.214644570013093, 40.017817392484275 ], [ -75.215424145426638, 40.018627044949064 ], [ -75.216256266629273, 40.019508609272407 ], [ -75.217344814109467, 40.020424121503382 ], [ -75.218563182460286, 40.021314184300373 ], [ -75.219390484332791, 40.021855996745906 ], [ -75.220565402372387, 40.022207349894032 ], [ -75.221260031770072, 40.022335853157124 ], [ -75.222224211194089, 40.022640097680735 ], [ -75.223048606304488, 40.023238421178306 ], [ -75.223947632067137, 40.023810080688826 ], [ -75.224875994505737, 40.024294462295131 ], [ -75.225193481857374, 40.024460111049038 ], [ -75.22631113681237, 40.02509315920306 ], [ -75.227954817883685, 40.025935860232202 ], [ -75.228136033256035, 40.026026415515538 ], [ -75.229679088205202, 40.026794456469183 ], [ -75.230745844313006, 40.027313136299426 ], [ -75.23170331575993, 40.027801110198169 ], [ -75.232906758109522, 40.028605781097141 ], [ -75.233923157626805, 40.029491245332707 ], [ -75.23501839071163, 40.030236920862329 ], [ -75.235698989165058, 40.030747096664605 ], [ -75.237138503457601, 40.031641792870403 ], [ -75.237944210734526, 40.032074095457446 ], [ -75.238320766665211, 40.032276133395655 ], [ -75.239810297169015, 40.033313395370264 ], [ -75.240489916820351, 40.03385182089562 ], [ -75.241269458297808, 40.034675439495508 ], [ -75.24188660444193, 40.035410599628989 ], [ -75.2424232864158, 40.035832686529993 ], [ -75.242979412392032, 40.036226894167761 ], [ -75.243522373108647, 40.036479305759791 ], [ -75.244373872030238, 40.036851649750169 ], [ -75.244950500646425, 40.037189693576053 ], [ -75.245596020363237, 40.037656590452933 ], [ -75.246170903195463, 40.038291751393658 ], [ -75.247001198724988, 40.039739060422001 ], [ -75.247920756616551, 40.040763789009262 ], [ -75.249040612792939, 40.041849473521978 ], [ -75.250986090102828, 40.043264425397751 ], [ -75.252883573885285, 40.044734899204954 ], [ -75.254318929771941, 40.045756633109725 ], [ -75.255893506644881, 40.046498358457846 ], [ -75.257656987414009, 40.047612077465608 ], [ -75.259622623004176, 40.049239568382973 ], [ -75.261098328622467, 40.050672454666689 ], [ -75.262677234963064, 40.052305663266033 ], [ -75.264401456024657, 40.054119244579141 ], [ -75.263868768483533, 40.054550884673603 ], [ -75.263644024503435, 40.054757800965604 ], [ -75.263519227826549, 40.054872699243759 ], [ -75.263222980868107, 40.0551454464225 ], [ -75.243458173750014, 40.073335608056929 ], [ -75.243287666037148, 40.073493223609617 ], [ -75.243138425795962, 40.073631844197429 ], [ -75.24306339869041, 40.073704115653889 ], [ -75.242109078813058, 40.074642824497992 ], [ -75.241285883596703, 40.075453105246801 ], [ -75.240958127875388, 40.075768772736453 ], [ -75.240674096351768, 40.076050515855393 ], [ -75.240390195643243, 40.076341496314676 ], [ -75.240129631430889, 40.076597921065591 ], [ -75.239996369033619, 40.076724451319812 ], [ -75.239655722200567, 40.077049235620827 ], [ -75.239368654762544, 40.077321574264367 ], [ -75.238216960948066, 40.078476435740079 ], [ -75.237708580744169, 40.078980513623904 ], [ -75.2371717123156, 40.079507514829956 ], [ -75.23668159485868, 40.079996755626837 ], [ -75.236224612990085, 40.080451865302329 ], [ -75.236091037345815, 40.080585459949177 ], [ -75.233019367889696, 40.083631418404323 ], [ -75.231789083028531, 40.084846447281976 ], [ -75.230559199825336, 40.086061021275292 ], [ -75.227733436951283, 40.088818351360381 ], [ -75.223593823895044, 40.092928989049184 ], [ -75.22018215051726, 40.090987381580739 ], [ -75.219633796613408, 40.090671844713242 ], [ -75.216792146674138, 40.089036600750966 ], [ -75.21512274979824, 40.088075867036409 ], [ -75.214348416093742, 40.087630220440445 ], [ -75.214131604265333, 40.087505439172944 ], [ -75.213751972768165, 40.087291903724179 ], [ -75.212831233937379, 40.086756319362145 ], [ -75.211775556236759, 40.086142221512446 ], [ -75.210352882200752, 40.085314609417388 ], [ -75.209971688566156, 40.085169123801798 ], [ -75.209779746033504, 40.085090031618826 ], [ -75.209636205205399, 40.085022979412905 ], [ -75.209481769069029, 40.084943327218838 ], [ -75.209284211565247, 40.084834267225844 ], [ -75.209155702847127, 40.084755375095256 ], [ -75.208910715746399, 40.08457532509513 ], [ -75.20843502940447, 40.084198875414693 ], [ -75.206324275771294, 40.08297083901374 ], [ -75.204881650906117, 40.082144357994999 ], [ -75.204145822165401, 40.0817227866224 ], [ -75.202673816495505, 40.0808796060739 ], [ -75.200935619184378, 40.079883897809907 ], [ -75.200453046055131, 40.079607451815193 ], [ -75.198351392186183, 40.078403448841136 ], [ -75.197642683132798, 40.07799742241756 ], [ -75.196434398310629, 40.077305163453694 ], [ -75.195956482410651, 40.077032700742336 ], [ -75.195003407367324, 40.076489337754197 ], [ -75.190832796812174, 40.074115481079289 ], [ -75.189677035290131, 40.073460348632416 ], [ -75.189207259042661, 40.073164558665873 ] ] ] } },
{ "type": "Feature", "properties": { "HS_ID": "6060", "HS_Name": "King, Martin Luther", "HS_Grade": "9-12" }, "geometry": { "type": "Polygon", "coordinates": [ [ [ -75.167660835388332, 40.079467440255122 ], [ -75.164088291843115, 40.077353842883085 ], [ -75.163396561287414, 40.07696659290675 ], [ -75.160428881288183, 40.075312663990992 ], [ -75.159121489986873, 40.074599267614381 ], [ -75.158383667621706, 40.074181857778299 ], [ -75.156627647649401, 40.073184684935946 ], [ -75.155834054609073, 40.072734017011875 ], [ -75.15469496358601, 40.072085585632465 ], [ -75.154076092419004, 40.071733279851443 ], [ -75.153333057393795, 40.071310283447524 ], [ -75.15275632915197, 40.070981954246072 ], [ -75.152185573630675, 40.070657020518688 ], [ -75.151874352291387, 40.070479838518104 ], [ -75.151589544575884, 40.070317689871018 ], [ -75.150724765382293, 40.06982534507241 ], [ -75.150040707209996, 40.069435883451952 ], [ -75.149605413852939, 40.069188046652414 ], [ -75.148355334643966, 40.068476291403698 ], [ -75.1476786971091, 40.068091021446214 ], [ -75.14666575147038, 40.067521504880382 ], [ -75.145500836462347, 40.06685233381058 ], [ -75.145219069646046, 40.066690472745911 ], [ -75.144554576114388, 40.066312080418598 ], [ -75.144051550155424, 40.066015952708803 ], [ -75.143098065660269, 40.065475903167311 ], [ -75.141887029927844, 40.06478995437994 ], [ -75.140773612874867, 40.064152447520897 ], [ -75.139415582246173, 40.063386502663683 ], [ -75.136800779639913, 40.061950670877579 ], [ -75.135182018864342, 40.060951713367608 ], [ -75.134117373590925, 40.060294678642606 ], [ -75.133369529093756, 40.059833140719647 ], [ -75.133069806346441, 40.059648161740789 ], [ -75.130110064666383, 40.057869915497285 ], [ -75.128974160527122, 40.0571874062204 ], [ -75.129044551556291, 40.057033226934742 ], [ -75.130000115982909, 40.055553277910001 ], [ -75.129187272454288, 40.055654612316005 ], [ -75.129221790444277, 40.054408191713897 ], [ -75.129241044357585, 40.053622265606791 ], [ -75.128769307431554, 40.053564214988924 ], [ -75.127910158448728, 40.053461088976903 ], [ -75.12824747591462, 40.051887744051839 ], [ -75.12858891879506, 40.050361251120499 ], [ -75.129452272189852, 40.050489274927656 ], [ -75.131113087605797, 40.050690271010197 ], [ -75.131404237604727, 40.04940024691922 ], [ -75.131661282356788, 40.048156268360827 ], [ -75.133256711941542, 40.048777459670738 ], [ -75.133758941855277, 40.048881742688529 ], [ -75.134091804763443, 40.048902587735874 ], [ -75.134406743227203, 40.048911165353019 ], [ -75.134705880834517, 40.048932190410312 ], [ -75.134715923608269, 40.048681807031414 ], [ -75.134719069890494, 40.048418596475869 ], [ -75.134720462455974, 40.048155380230895 ], [ -75.134721652294417, 40.04789216116928 ], [ -75.134722660458181, 40.047628940671387 ], [ -75.134723506897046, 40.047365718290152 ], [ -75.134724210389365, 40.047102493552252 ], [ -75.134724791986599, 40.046839267837889 ], [ -75.134725272808552, 40.046576040726684 ], [ -75.134725672769733, 40.046312812672234 ], [ -75.134725901345462, 40.0461357598573 ], [ -75.134726011749137, 40.046049585028101 ], [ -75.134726308627137, 40.04578635461985 ], [ -75.134726586692182, 40.045523125581767 ], [ -75.134726861275738, 40.045259895560136 ], [ -75.1347271558393, 40.044996664187742 ], [ -75.134727488984225, 40.044733435492496 ], [ -75.134727883138808, 40.044470205479669 ], [ -75.134728354596575, 40.044206977223496 ], [ -75.134728928057768, 40.043943748583096 ], [ -75.134729620986462, 40.043680522659422 ], [ -75.134729697264149, 40.043417266474343 ], [ -75.134726977419447, 40.043153892563247 ], [ -75.134723521692052, 40.042890480269115 ], [ -75.134721825588841, 40.042627129658385 ], [ -75.134724388160976, 40.042363939076893 ], [ -75.134733704872758, 40.042101007690441 ], [ -75.134751754665189, 40.04183839136757 ], [ -75.134777411942963, 40.041576001407762 ], [ -75.134808909498631, 40.041313820098431 ], [ -75.134844521006812, 40.041051834262262 ], [ -75.134882525712996, 40.04079003895837 ], [ -75.134921198620106, 40.040528418339001 ], [ -75.134962339254599, 40.040267152130198 ], [ -75.135008804381059, 40.040006362132438 ], [ -75.135057780907175, 40.039745795083093 ], [ -75.135106400805611, 40.039485194670732 ], [ -75.135150838049356, 40.039224099870623 ], [ -75.135192142120374, 40.038962564312058 ], [ -75.13524186910243, 40.038702288199168 ], [ -75.135309758232609, 40.038444142866524 ], [ -75.135399854617773, 40.038189863831519 ], [ -75.135519641322674, 40.037943928267019 ], [ -75.135660515059897, 40.037703539013457 ], [ -75.135793311659612, 40.037460704204037 ], [ -75.135917208012316, 40.037214914074553 ], [ -75.135962395683123, 40.037140690953592 ], [ -75.136437425600633, 40.037197149621413 ], [ -75.136824693201106, 40.036889828684288 ], [ -75.137208391981119, 40.036563099319935 ], [ -75.138164301481396, 40.035807454745694 ], [ -75.138374875698588, 40.035884780676241 ], [ -75.139096959751754, 40.035982543392656 ], [ -75.139883025356184, 40.036084777555395 ], [ -75.140672767853545, 40.036185703147346 ], [ -75.141465889264637, 40.036288405628021 ], [ -75.144637619890247, 40.037400500192987 ], [ -75.145094401091598, 40.037414306982342 ], [ -75.145149809305551, 40.037147186913366 ], [ -75.145554237692906, 40.035263103492376 ], [ -75.145898589623201, 40.033729038092005 ], [ -75.146228026226595, 40.032186808403978 ], [ -75.146519856929544, 40.030866694390703 ], [ -75.146576239929047, 40.030638530732404 ], [ -75.146683109568301, 40.030227966701801 ], [ -75.146706270766515, 40.030128119096446 ], [ -75.146827853354537, 40.029603964525023 ], [ -75.146851006456373, 40.029482804010065 ], [ -75.146913523436353, 40.029145166694498 ], [ -75.147219627354445, 40.027645143117745 ], [ -75.147556415131817, 40.026139617973627 ], [ -75.14789505568146, 40.024554834487759 ], [ -75.148246304438899, 40.022960672484388 ], [ -75.149110840809442, 40.023087628437516 ], [ -75.149877157420903, 40.023184246653983 ], [ -75.150440001289169, 40.023254439230172 ], [ -75.15068252228879, 40.023288120091173 ], [ -75.150903692451593, 40.023310695993715 ], [ -75.151472416938546, 40.023381528339208 ], [ -75.152266717341504, 40.023487871172989 ], [ -75.15303674304208, 40.02358501513315 ], [ -75.15358036624832, 40.023657977735724 ], [ -75.154053653127292, 40.023727854764118 ], [ -75.154610754895131, 40.023802012742991 ], [ -75.15539798309338, 40.023889105645758 ], [ -75.156182699339553, 40.023989842631536 ], [ -75.156969651374766, 40.024090245360583 ], [ -75.157153605482748, 40.024131828964329 ], [ -75.157242198244219, 40.024089257773461 ], [ -75.157829065538621, 40.023754085457469 ], [ -75.157905890943709, 40.023704912206284 ], [ -75.159036054239934, 40.022801900589855 ], [ -75.15950224294869, 40.022343234136123 ], [ -75.160205667616381, 40.021312918917658 ], [ -75.160587094012868, 40.020474126591992 ], [ -75.160641042002524, 40.0203267242469 ], [ -75.160657230634371, 40.020267866462163 ], [ -75.160691953076707, 40.020154843997467 ], [ -75.161657406994507, 40.01986652313041 ], [ -75.162601045212341, 40.019587285956469 ], [ -75.163759450744578, 40.019235816594353 ], [ -75.163829477604637, 40.019182435500952 ], [ -75.164210057916776, 40.018949590414088 ], [ -75.164516723757998, 40.018820709355133 ], [ -75.165496012895417, 40.018389849712619 ], [ -75.165809435844139, 40.018250581845521 ], [ -75.165950698996625, 40.018170148644714 ], [ -75.16612297805905, 40.018048606183569 ], [ -75.166374082366332, 40.017853963773852 ], [ -75.166867666432083, 40.017471360816145 ], [ -75.167269525795049, 40.017151172861411 ], [ -75.167739144567733, 40.016776767150702 ], [ -75.168101124702147, 40.016492261646093 ], [ -75.168306012237949, 40.01634706248916 ], [ -75.168433733272721, 40.016281090405336 ], [ -75.168755508539462, 40.016063754154715 ], [ -75.169033858802621, 40.015867673444518 ], [ -75.169226398017386, 40.015723223219112 ], [ -75.169323885989371, 40.015613085076843 ], [ -75.169908567325066, 40.015251275367234 ], [ -75.171851109394396, 40.014218652546909 ], [ -75.173304148450569, 40.013428802843201 ], [ -75.173493951003024, 40.013638803649251 ], [ -75.173689266517741, 40.013854988017428 ], [ -75.173884526155391, 40.014071195097237 ], [ -75.174079727334799, 40.014287431138314 ], [ -75.174274865372425, 40.014503696035618 ], [ -75.17446994026794, 40.014719989789597 ], [ -75.174664948440068, 40.014936314122494 ], [ -75.174859885137451, 40.015152670729748 ], [ -75.175054746709705, 40.015369063134116 ], [ -75.175249532122933, 40.015585487708705 ], [ -75.175444238761528, 40.015801951603422 ], [ -75.175526713911225, 40.015893697405119 ], [ -75.175659083814068, 40.01604096033477 ], [ -75.175754762119112, 40.016147457792641 ], [ -75.175845423353309, 40.016248381661981 ], [ -75.176027851105488, 40.016451573023289 ], [ -75.176222209789515, 40.016668195268061 ], [ -75.176416473168516, 40.016884860068615 ], [ -75.176610637558326, 40.017101571847938 ], [ -75.176804700719302, 40.01731832785331 ], [ -75.176998662480145, 40.017535132586424 ], [ -75.177192517020259, 40.017751985016488 ], [ -75.177386260621603, 40.017968890466797 ], [ -75.177567040067885, 40.018192718616277 ], [ -75.177712962258738, 40.018431977481718 ], [ -75.177830626154844, 40.018678708632279 ], [ -75.17793398080552, 40.018929343960053 ], [ -75.178029501866305, 40.01918236889103 ], [ -75.178122459204431, 40.019436176044152 ], [ -75.178218116834415, 40.019689159690415 ], [ -75.178299055775724, 40.019963248629558 ], [ -75.178351287652603, 40.020222542431263 ], [ -75.178364838969358, 40.020485729985197 ], [ -75.178351320035731, 40.020749360970953 ], [ -75.178322253162477, 40.021011539116813 ], [ -75.178292074537609, 40.021273669834144 ], [ -75.178260980489654, 40.021535767430059 ], [ -75.178229099708361, 40.021797837489359 ], [ -75.178196548073657, 40.022059883507666 ], [ -75.178163457792209, 40.022321911148836 ], [ -75.178133567131823, 40.022588967799784 ], [ -75.179034396853567, 40.02333017978129 ], [ -75.179844428015599, 40.024087111001592 ], [ -75.181668037087164, 40.025658270513361 ], [ -75.182124852050066, 40.026047416066938 ], [ -75.182933095591196, 40.026746233782774 ], [ -75.183544627422137, 40.027266562156875 ], [ -75.182702183150923, 40.028056239616099 ], [ -75.181481374138997, 40.029265323446786 ], [ -75.180883656958841, 40.029841509241344 ], [ -75.180291578938096, 40.030412246474555 ], [ -75.178914663131465, 40.031738068685215 ], [ -75.178808129425491, 40.031851310243056 ], [ -75.178468074598086, 40.032177471222596 ], [ -75.177739943790954, 40.032891613455362 ], [ -75.177575455996561, 40.033047573898479 ], [ -75.17649623766053, 40.03409785740434 ], [ -75.17472531934024, 40.035821981063471 ], [ -75.17520805709141, 40.036233779542926 ], [ -75.17562257070449, 40.036768910506296 ], [ -75.17614415827093, 40.03745309575131 ], [ -75.176428532488941, 40.037795390475225 ], [ -75.176955911953044, 40.038423728895673 ], [ -75.177629163370696, 40.039230348172097 ], [ -75.177758443456028, 40.039402056474877 ], [ -75.178631388322671, 40.040455021519421 ], [ -75.178712642139359, 40.040558431018603 ], [ -75.179129774409617, 40.04106626641245 ], [ -75.179632029573455, 40.041682527624445 ], [ -75.17998167048043, 40.042094733574132 ], [ -75.180884110649785, 40.043248021872152 ], [ -75.180979220105598, 40.043338381143442 ], [ -75.181174663762775, 40.043610351444265 ], [ -75.181257032922488, 40.043733829527703 ], [ -75.18143093247383, 40.044162639875132 ], [ -75.18170260015728, 40.044832379522028 ], [ -75.182204444010253, 40.045895729708477 ], [ -75.182798365574385, 40.047075771142524 ], [ -75.183398611368204, 40.048255322268382 ], [ -75.183760101274046, 40.048916757148746 ], [ -75.183918389266552, 40.049209436066704 ], [ -75.183967654825906, 40.049314893851012 ], [ -75.184203446846965, 40.049775693340202 ], [ -75.184367843807848, 40.050069635138428 ], [ -75.184573408865944, 40.050404922376245 ], [ -75.184693767416249, 40.050642411518218 ], [ -75.18501659720485, 40.051217435147322 ], [ -75.185221003453023, 40.051586374810576 ], [ -75.185288712038911, 40.051744551606753 ], [ -75.185680908565729, 40.052422965101968 ], [ -75.186115954071994, 40.053247312429562 ], [ -75.18651717607365, 40.053967139677198 ], [ -75.186778567800474, 40.054505329397784 ], [ -75.186961886206404, 40.054823553994915 ], [ -75.187306780945505, 40.055485816669474 ], [ -75.186535538746696, 40.056210477742425 ], [ -75.184956377519711, 40.057734942120163 ], [ -75.184861346392907, 40.057793731212492 ], [ -75.18476966794006, 40.057858491270537 ], [ -75.184045192363186, 40.058573455297164 ], [ -75.183366244182366, 40.059221535836031 ], [ -75.181778858750789, 40.060768882071791 ], [ -75.181555715661361, 40.061006075885089 ], [ -75.181313924827251, 40.06122210131273 ], [ -75.181152904441248, 40.061375417270789 ], [ -75.180908110576496, 40.06160849480009 ], [ -75.180805276949002, 40.0617259006033 ], [ -75.180542791025289, 40.061978621114271 ], [ -75.179920698340638, 40.062582207224885 ], [ -75.179159267871356, 40.063318167187276 ], [ -75.178421088011348, 40.064031715750396 ], [ -75.177723967423105, 40.064738898005047 ], [ -75.176526153729071, 40.065897034281846 ], [ -75.17695379388654, 40.066151322996198 ], [ -75.177115301845532, 40.066244763625875 ], [ -75.177261715345011, 40.066331152649404 ], [ -75.177646804390108, 40.066547505878653 ], [ -75.178009570519492, 40.066744759505262 ], [ -75.178672078084858, 40.067118786666349 ], [ -75.17930582966153, 40.067483744814062 ], [ -75.179976316261843, 40.067875264486879 ], [ -75.180110807930632, 40.067955274247325 ], [ -75.180545281685866, 40.068191173494959 ], [ -75.180901017847901, 40.068412729949046 ], [ -75.18175175187092, 40.068903970716775 ], [ -75.181088249545382, 40.069602032708602 ], [ -75.180482958314926, 40.070192005108836 ], [ -75.179819339181407, 40.07087618577868 ], [ -75.179533911695046, 40.071163544421786 ], [ -75.179448593523645, 40.071262433472093 ], [ -75.179372702983883, 40.071399449545609 ], [ -75.178981967701091, 40.072155267200728 ], [ -75.178028288650481, 40.074066398210093 ], [ -75.177818432624747, 40.074422850470199 ], [ -75.177617206062493, 40.074732651258337 ], [ -75.177404904707217, 40.07508360962624 ], [ -75.177235727561012, 40.075347332512543 ], [ -75.177023543571977, 40.075688539468658 ], [ -75.17684189203581, 40.075981391446128 ], [ -75.178449854635673, 40.076930025345632 ], [ -75.180238979859567, 40.077946920259791 ], [ -75.180283933259133, 40.078049915751507 ], [ -75.180498744570457, 40.077819479266715 ], [ -75.180779772537633, 40.077528941616258 ], [ -75.181030059985929, 40.077273432084311 ], [ -75.181275777822194, 40.077019298461792 ], [ -75.181507751295996, 40.07676652494105 ], [ -75.181819609441973, 40.076472005835576 ], [ -75.181941612248764, 40.076411771585185 ], [ -75.183803546976776, 40.077374019752959 ], [ -75.183380316806662, 40.077798585906592 ], [ -75.18309433465167, 40.078075879666372 ], [ -75.182871490143356, 40.078292464114121 ], [ -75.18258086041395, 40.078574927359107 ], [ -75.182320520183552, 40.07884043664459 ], [ -75.182037557773711, 40.079109085391551 ], [ -75.1818028613569, 40.079337154012698 ], [ -75.181454252348189, 40.079679407220475 ], [ -75.181117608407106, 40.080016024386737 ], [ -75.180828353902641, 40.08029532557633 ], [ -75.180513554579647, 40.080606648005791 ], [ -75.180262779049457, 40.080853395191625 ], [ -75.180006292671365, 40.081098972605261 ], [ -75.179746528104872, 40.081356162231174 ], [ -75.179471742271517, 40.081610306030342 ], [ -75.179199577850468, 40.081879375362341 ], [ -75.178944254157614, 40.082141941628606 ], [ -75.178684824250809, 40.082390678752731 ], [ -75.178442625972622, 40.082641113636065 ], [ -75.178199461509109, 40.082877913110686 ], [ -75.177943736031409, 40.083129189512192 ], [ -75.177697648784189, 40.083386235797093 ], [ -75.176438251700844, 40.084652739931492 ], [ -75.17617086031575, 40.084498029554133 ], [ -75.17587162456411, 40.084324208581052 ], [ -75.175653774010982, 40.084195365222399 ], [ -75.175343685892244, 40.084011966204244 ], [ -75.175132405326124, 40.083887005460276 ], [ -75.174785691125351, 40.083681942238961 ], [ -75.17451282257673, 40.083520552075946 ], [ -75.174158103444086, 40.083310748398439 ], [ -75.173924832758928, 40.083172778406244 ], [ -75.173573749322401, 40.08296512124015 ], [ -75.173304796217167, 40.082806040432736 ], [ -75.172937526149695, 40.082588806439482 ], [ -75.172069120771283, 40.082075146607657 ], [ -75.171712593821368, 40.08186425921933 ], [ -75.169932336168017, 40.080811185455389 ], [ -75.168266912657685, 40.079825985671974 ], [ -75.167660835388332, 40.079467440255122 ] ] ] } },
{ "type": "Feature", "properties": { "HS_ID": "7010", "HS_Name": "Frankford HS", "HS_Grade": "9-12" }, "geometry": { "type": "Polygon", "coordinates": [ [ [ -75.066293414327987, 40.025612034155643 ], [ -75.065996094121743, 40.025291228426902 ], [ -75.065437185599492, 40.024642112422725 ], [ -75.06497094787639, 40.024110469627828 ], [ -75.064913957823748, 40.024061639429881 ], [ -75.064298500563694, 40.024373661059805 ], [ -75.063792503951248, 40.024638789845689 ], [ -75.06325416663708, 40.024913758823601 ], [ -75.062803006491464, 40.024403372897631 ], [ -75.062712394254092, 40.024292542301225 ], [ -75.06075658276157, 40.025302397254698 ], [ -75.058804679419637, 40.026314935658625 ], [ -75.058251830591828, 40.025692863000216 ], [ -75.057897070502861, 40.025876805875107 ], [ -75.057595221392319, 40.026032809647049 ], [ -75.057279811067943, 40.026196384235803 ], [ -75.056954991822252, 40.026362599068875 ], [ -75.056295343914556, 40.02670488753111 ], [ -75.055398336132981, 40.025674082982874 ], [ -75.054966356172145, 40.025172380397606 ], [ -75.05449649038863, 40.024649235648603 ], [ -75.054055738848064, 40.02413057563696 ], [ -75.053830519396826, 40.02388229248627 ], [ -75.053605362541447, 40.023616927357196 ], [ -75.053374106894921, 40.023363014108561 ], [ -75.053152942821924, 40.02310603050811 ], [ -75.052932658764675, 40.022864812923409 ], [ -75.052703517437038, 40.022593359397462 ], [ -75.0524829025575, 40.022347217879478 ], [ -75.052254986587968, 40.022081026344203 ], [ -75.051774927022976, 40.021536349848368 ], [ -75.051320446823183, 40.021015592359106 ], [ -75.050905750061148, 40.020536323345311 ], [ -75.050450673907093, 40.020027287836157 ], [ -75.050003178628813, 40.019512392481005 ], [ -75.049498648263651, 40.018930315978153 ], [ -75.04895805847751, 40.018334598408181 ], [ -75.048790260134524, 40.018142720093898 ], [ -75.048690600255455, 40.018028758041325 ], [ -75.048587089501908, 40.017938773230519 ], [ -75.048432410426514, 40.017806931776065 ], [ -75.048278832859879, 40.017690359074145 ], [ -75.048135949501088, 40.017585297316053 ], [ -75.048086501566985, 40.017501754377186 ], [ -75.047799211095366, 40.017327097465973 ], [ -75.04740062933412, 40.016994991121152 ], [ -75.046957088817749, 40.016666490547998 ], [ -75.046549465925239, 40.016354768020484 ], [ -75.046481146782511, 40.016302523093252 ], [ -75.046289386117351, 40.016152036725202 ], [ -75.046013356980978, 40.015932664335963 ], [ -75.04578450295817, 40.015720482607342 ], [ -75.045497027178001, 40.015391359845111 ], [ -75.043183456205455, 40.012301808027331 ], [ -75.044878059894458, 40.011428844768666 ], [ -75.046804573037321, 40.010407685324921 ], [ -75.04802351584236, 40.00971958809501 ], [ -75.049171374664596, 40.008935643873635 ], [ -75.050455207723743, 40.00798263614589 ], [ -75.05092040548395, 40.007624187828021 ], [ -75.051711024873399, 40.006990529375436 ], [ -75.052731158916046, 40.005873391735406 ], [ -75.052869538506201, 40.005632629868693 ], [ -75.054355782673397, 40.003506885229335 ], [ -75.055831643464074, 40.001253036294173 ], [ -75.056686296646888, 39.99982635208648 ], [ -75.057804130056638, 39.997843100276853 ], [ -75.058819106415442, 39.995719273547259 ], [ -75.059702594906895, 39.993465181815338 ], [ -75.060729719785868, 39.991289395470595 ], [ -75.061889941083194, 39.989313178283489 ], [ -75.062613986113746, 39.988156275924567 ], [ -75.063183903150573, 39.987342386672026 ], [ -75.063946678218329, 39.986358016546738 ], [ -75.065880030373364, 39.984702630604687 ], [ -75.066732334590895, 39.984077215185032 ], [ -75.068015440562448, 39.98313564705839 ], [ -75.069392349495686, 39.981999197175689 ], [ -75.071199895348016, 39.98073692359425 ], [ -75.073231499678215, 39.979559390007509 ], [ -75.075822713893359, 39.978347140351076 ], [ -75.077695114026326, 39.977660519207483 ], [ -75.080202003149282, 39.976930913778133 ], [ -75.082521891756784, 39.976405694465349 ], [ -75.083883640242206, 39.976145315425782 ], [ -75.085585809690386, 39.975819819322524 ], [ -75.086391094142456, 39.975665819272407 ], [ -75.087953549053282, 39.975394673214211 ], [ -75.088756168649539, 39.97525537833009 ], [ -75.089305439092627, 39.975160049316472 ], [ -75.089956411644167, 39.975047065053886 ], [ -75.090967165998421, 39.974871628217109 ], [ -75.091813661568466, 39.97472469519365 ], [ -75.092899569211141, 39.974536193734323 ], [ -75.093839592445846, 39.974373007927284 ], [ -75.097670829045597, 39.978685294056994 ], [ -75.097817957055994, 39.978853892130338 ], [ -75.099643533389511, 39.98094576036587 ], [ -75.097737784445499, 39.98194860579931 ], [ -75.097619316358916, 39.982038241118175 ], [ -75.097560055152215, 39.982116470760054 ], [ -75.097527698867466, 39.982196418778393 ], [ -75.097523913155584, 39.982289571349007 ], [ -75.097552178882964, 39.982383580037364 ], [ -75.097603096877918, 39.982453546418228 ], [ -75.098017638821261, 39.982925536069168 ], [ -75.098217280781327, 39.983169049746927 ], [ -75.098378056251718, 39.983365152705744 ], [ -75.099000692779001, 39.984124600101126 ], [ -75.099027373914566, 39.984229177837733 ], [ -75.09905443550403, 39.984301895643192 ], [ -75.099292558094831, 39.984572391872284 ], [ -75.099501873438683, 39.984818019578725 ], [ -75.099714295880176, 39.985056403115131 ], [ -75.099778052166158, 39.985130905164723 ], [ -75.100067511756791, 39.985454054005849 ], [ -75.100286735051256, 39.985704334795379 ], [ -75.100552785795969, 39.986002315671939 ], [ -75.100912134941098, 39.986417209646802 ], [ -75.101281940176378, 39.986823040518722 ], [ -75.101601778359495, 39.987188080602657 ], [ -75.101922366381359, 39.98754938871042 ], [ -75.102277976988347, 39.987951380849196 ], [ -75.102622344767397, 39.988349751601007 ], [ -75.103050606358124, 39.988822630687068 ], [ -75.103483110151075, 39.989312388500082 ], [ -75.103903724681928, 39.989797541868754 ], [ -75.101603555186514, 39.990995467662216 ], [ -75.099301744211076, 39.992186834651207 ], [ -75.097007260184469, 39.993400930935387 ], [ -75.09555908145164, 39.994095686712271 ], [ -75.094523680212234, 39.994604333014713 ], [ -75.092072266279757, 39.99589576298429 ], [ -75.08946670816789, 39.997270276066956 ], [ -75.087089894221904, 39.99851975337446 ], [ -75.0865031756028, 39.998828175076625 ], [ -75.086372190538526, 39.998896689035092 ], [ -75.086669327343458, 39.999154901077404 ], [ -75.087071085570187, 39.999605232222947 ], [ -75.087251484288515, 39.999851342989047 ], [ -75.087418589897709, 40.000102183717999 ], [ -75.087477384556806, 40.000441236697526 ], [ -75.087497878101445, 40.000754199257798 ], [ -75.087514820939191, 40.001157803179886 ], [ -75.087569006235427, 40.001781514139203 ], [ -75.087585520633823, 40.002028863577131 ], [ -75.087680610362028, 40.002278035314859 ], [ -75.087906688361997, 40.002696568072238 ], [ -75.087984306244522, 40.002889892577883 ], [ -75.088101607556439, 40.003074055475331 ], [ -75.088253424916104, 40.003213660293348 ], [ -75.088429854364705, 40.00339415425654 ], [ -75.08864656234654, 40.00355038237435 ], [ -75.088883800838175, 40.003684404149375 ], [ -75.08941342606002, 40.003883164039067 ], [ -75.09015139125701, 40.004153884085447 ], [ -75.090337351219517, 40.004222103067072 ], [ -75.090977514373478, 40.004443576190468 ], [ -75.091405736949383, 40.004554296486141 ], [ -75.091837946324205, 40.00473062814789 ], [ -75.092101093072472, 40.004872803513607 ], [ -75.092219196282585, 40.005036820627119 ], [ -75.092338483868048, 40.005170626238169 ], [ -75.092553965455551, 40.005366036753003 ], [ -75.092390743838081, 40.005511140248188 ], [ -75.091816171205949, 40.006008681452336 ], [ -75.092884803536876, 40.005974655093603 ], [ -75.093273983464385, 40.005962262346827 ], [ -75.09634801619778, 40.005852913915085 ], [ -75.09686759417383, 40.005562356864587 ], [ -75.097980259367546, 40.004951203315322 ], [ -75.099363421387253, 40.00420433899334 ], [ -75.100498273427775, 40.003580351632728 ], [ -75.101811336787563, 40.002864441501131 ], [ -75.103797272937769, 40.00313587465002 ], [ -75.103687800449492, 40.003638311741106 ], [ -75.103602524153658, 40.004074477808125 ], [ -75.103529563290181, 40.004431650336372 ], [ -75.103271033496952, 40.005603012611211 ], [ -75.105336981814347, 40.005519375367889 ], [ -75.106026311092847, 40.005499294636458 ], [ -75.106661567880778, 40.005481147216926 ], [ -75.107352908474439, 40.005472699329182 ], [ -75.108037811100729, 40.005432377405185 ], [ -75.10862843880291, 40.005405818032621 ], [ -75.109372296468393, 40.005393346629901 ], [ -75.113483548005561, 40.005928514015622 ], [ -75.119300632446283, 40.006680620977619 ], [ -75.12271875342671, 40.007135884907768 ], [ -75.123426893223495, 40.007213386785708 ], [ -75.123393200575421, 40.007418611434247 ], [ -75.123324578432815, 40.007556926778911 ], [ -75.121469402606934, 40.010154387517048 ], [ -75.119440475318441, 40.013027055599764 ], [ -75.117572190489128, 40.01558324450793 ], [ -75.117476904858364, 40.015784203074674 ], [ -75.113197720249829, 40.015533633052492 ], [ -75.11136051115065, 40.015868055527278 ], [ -75.109025143283361, 40.016287984471468 ], [ -75.107956696043061, 40.016492437604711 ], [ -75.107745667435751, 40.01658186197254 ], [ -75.107069042884632, 40.016693842391753 ], [ -75.107213378386959, 40.016771049144644 ], [ -75.107334774563427, 40.016851965307474 ], [ -75.107435347318386, 40.016962640715342 ], [ -75.107496919129758, 40.017064859722872 ], [ -75.107539863993026, 40.017224610673182 ], [ -75.107548492683335, 40.017423893037204 ], [ -75.107501945326405, 40.017609304691526 ], [ -75.10744928792306, 40.017783236235005 ], [ -75.107402502620232, 40.017890521155515 ], [ -75.107250673931659, 40.018086110628062 ], [ -75.107131747970939, 40.018194255256638 ], [ -75.107026703002234, 40.018282558695589 ], [ -75.106886322858571, 40.018352409187514 ], [ -75.10672341291874, 40.018411660138071 ], [ -75.106540071449146, 40.018490600181295 ], [ -75.106294114737921, 40.018578179065599 ], [ -75.106027579942932, 40.018689224924337 ], [ -75.105860118594364, 40.018781129601074 ], [ -75.105756250378235, 40.018839218600199 ], [ -75.105671017524912, 40.018965778090383 ], [ -75.105581626650022, 40.019114922541618 ], [ -75.105488981714515, 40.019204609477598 ], [ -75.105335901461032, 40.01928062696205 ], [ -75.10514063362055, 40.019329050636372 ], [ -75.104908857477042, 40.019347022384011 ], [ -75.104176319653078, 40.019346524610661 ], [ -75.10399315033149, 40.019378845261642 ], [ -75.103835441661005, 40.019430651520175 ], [ -75.10373741520452, 40.019527934036262 ], [ -75.103697058601739, 40.019659306188878 ], [ -75.103657002603427, 40.0198765689724 ], [ -75.103593162700008, 40.020233888827775 ], [ -75.103546635823292, 40.020393889604307 ], [ -75.103497860875123, 40.020561617167552 ], [ -75.103449065069015, 40.020729422623525 ], [ -75.103367184932452, 40.020849923590617 ], [ -75.103246962240192, 40.020920467799172 ], [ -75.103170070370453, 40.020972418623657 ], [ -75.103145788642479, 40.021083141857062 ], [ -75.103156114546991, 40.021202337799672 ], [ -75.103195013766197, 40.021356728030135 ], [ -75.103268073745269, 40.021531092209187 ], [ -75.10335965788984, 40.021742339057887 ], [ -75.103586516746205, 40.022196534868087 ], [ -75.103651248989678, 40.022328497067754 ], [ -75.103769937486987, 40.022484725805171 ], [ -75.103900694115765, 40.022587509344653 ], [ -75.104096931947794, 40.02280308621846 ], [ -75.10420684398062, 40.022928412266936 ], [ -75.104193133781706, 40.023024031078599 ], [ -75.10419937155946, 40.023120107698766 ], [ -75.104226155141035, 40.023201307714018 ], [ -75.104292081565248, 40.023302599745229 ], [ -75.104383245730816, 40.023396795487024 ], [ -75.104489818337242, 40.023479833640465 ], [ -75.104627058030545, 40.023544393382338 ], [ -75.104808554588757, 40.023604262577663 ], [ -75.102423016657227, 40.029493185571539 ], [ -75.101958874347901, 40.02934196297111 ], [ -75.101561674284966, 40.029183800823176 ], [ -75.101287055130541, 40.028972084175493 ], [ -75.099064692201409, 40.027498078073762 ], [ -75.097590357080705, 40.026571076514017 ], [ -75.097254003917925, 40.026411134362988 ], [ -75.096829948344393, 40.026272129645527 ], [ -75.096477744200982, 40.026186774181006 ], [ -75.096051957416975, 40.026134948467771 ], [ -75.09558346714914, 40.026127620134424 ], [ -75.095268623973325, 40.026148333813651 ], [ -75.094952686702172, 40.026197010186486 ], [ -75.094391919963286, 40.026337994769065 ], [ -75.094068149995692, 40.026470461389053 ], [ -75.09377160583486, 40.026629748156815 ], [ -75.090391810872632, 40.028500617970714 ], [ -75.089561570986291, 40.028950495936478 ], [ -75.088532971217589, 40.029512238479512 ], [ -75.087804474395128, 40.029916303484953 ], [ -75.087044033182323, 40.030332471248606 ], [ -75.086735227615208, 40.030512721666625 ], [ -75.086044517249974, 40.030930782167076 ], [ -75.085604889638958, 40.031196457125844 ], [ -75.085472582466366, 40.031273684432925 ], [ -75.085269758555626, 40.031380283758175 ], [ -75.085123333207903, 40.031450025257733 ], [ -75.084926304446952, 40.031542445484796 ], [ -75.084720663493968, 40.031625433487399 ], [ -75.084516866346618, 40.031697514513688 ], [ -75.084327098814754, 40.031763071134577 ], [ -75.084089930923298, 40.031821850631786 ], [ -75.083949746533392, 40.031864818843474 ], [ -75.083805626580897, 40.031900430453398 ], [ -75.082109046128522, 40.032227536248186 ], [ -75.082004405842497, 40.032258495217469 ], [ -75.081905214369314, 40.032282428233145 ], [ -75.081775930096299, 40.032308839996325 ], [ -75.080743847896571, 40.032539823443678 ], [ -75.077443883615771, 40.033296176686704 ], [ -75.076977959378368, 40.033397972680163 ], [ -75.075299511765422, 40.033783704284019 ], [ -75.07525130271334, 40.033661436635512 ], [ -75.075148738065081, 40.033446645630889 ], [ -75.075060786158375, 40.033349978006868 ], [ -75.07493564475368, 40.033257721495659 ], [ -75.074832871792523, 40.033203267332112 ], [ -75.073825681906143, 40.032645425720283 ], [ -75.073605612344451, 40.032518229829734 ], [ -75.073560213535231, 40.032445770645701 ], [ -75.073554618506847, 40.032363421145099 ], [ -75.073692538485659, 40.032108402181898 ], [ -75.073869620853571, 40.0317646303209 ], [ -75.073513935309521, 40.031555013913056 ], [ -75.073043908926223, 40.031295743718779 ], [ -75.066184938102012, 40.026915548477994 ], [ -75.067090327717395, 40.026777307795435 ], [ -75.067957487192032, 40.02658406766713 ], [ -75.067837215793716, 40.026492063487908 ], [ -75.066682952593609, 40.025841383557129 ], [ -75.06651979223453, 40.025805819092596 ], [ -75.066293414327987, 40.025612034155643 ] ] ] } },
{ "type": "Feature", "properties": { "HS_ID": "7060", "HS_Name": "Olney High School", "HS_Grade": "9-12" }, "geometry": { "type": "Polygon", "coordinates": [ [ [ -75.138374875698588, 40.035884780676241 ], [ -75.138164301481396, 40.035807454745694 ], [ -75.137208391981119, 40.036563099319935 ], [ -75.136824693201106, 40.036889828684288 ], [ -75.136437425600633, 40.037197149621413 ], [ -75.135962395683123, 40.037140690953592 ], [ -75.136019241867828, 40.036295917861885 ], [ -75.134917192364767, 40.036048836526781 ], [ -75.134355138590564, 40.035883748147995 ], [ -75.133566511215292, 40.035626316406791 ], [ -75.132765326287114, 40.035337728416081 ], [ -75.131844543992244, 40.035052721926483 ], [ -75.130880813875777, 40.034745875211613 ], [ -75.129967714136569, 40.034430870331292 ], [ -75.129098935971385, 40.034148648534774 ], [ -75.128138121948439, 40.033827662643326 ], [ -75.127060042131134, 40.03347794905995 ], [ -75.125983145611258, 40.033122585588323 ], [ -75.125347488541337, 40.032908326018955 ], [ -75.124188102102011, 40.032552737839943 ], [ -75.124033107220725, 40.034040979151719 ], [ -75.123952513070307, 40.034848520621381 ], [ -75.123860863263275, 40.035563736148767 ], [ -75.121422735428339, 40.035282053709615 ], [ -75.120074751675588, 40.035112436464978 ], [ -75.117552138860773, 40.03479497055524 ], [ -75.117163434998986, 40.034735888824791 ], [ -75.116851461888217, 40.034694823987117 ], [ -75.116505449422021, 40.034657105409337 ], [ -75.11615336508018, 40.03461643623168 ], [ -75.115833717655207, 40.034570116220202 ], [ -75.115473942494816, 40.034519205865834 ], [ -75.115135127249843, 40.034479682170748 ], [ -75.114897954010786, 40.034448029946731 ], [ -75.114613280196068, 40.034796571944689 ], [ -75.114031401942398, 40.035472603119196 ], [ -75.113161006656796, 40.036504056939179 ], [ -75.113055699748855, 40.036434051292034 ], [ -75.112861851468367, 40.036283783485899 ], [ -75.112717731202721, 40.036138491966732 ], [ -75.112593116242309, 40.036005162403079 ], [ -75.112463811936095, 40.035864048237379 ], [ -75.11234917031797, 40.035730947413008 ], [ -75.112294981488674, 40.035583883081337 ], [ -75.112230071875032, 40.035455761721408 ], [ -75.112176776431753, 40.035285695640013 ], [ -75.112109039284661, 40.035101865293647 ], [ -75.112000881361823, 40.034930539948313 ], [ -75.111846342954721, 40.03479652038137 ], [ -75.111642674259556, 40.034642186377845 ], [ -75.111477715511739, 40.034519439362477 ], [ -75.111318787451083, 40.034369970957016 ], [ -75.111184352010014, 40.034232574807007 ], [ -75.11110976725034, 40.034096553660518 ], [ -75.111059616136203, 40.033989029395435 ], [ -75.110962316553113, 40.033780424566565 ], [ -75.11086592482998, 40.03356331946285 ], [ -75.110830245035288, 40.033480986119919 ], [ -75.110756065057373, 40.033307529910608 ], [ -75.110731805611152, 40.033161154273166 ], [ -75.110740520849248, 40.033065421907487 ], [ -75.110784447216915, 40.032962821914275 ], [ -75.110832465350995, 40.032883341749013 ], [ -75.110860831872387, 40.032795735920722 ], [ -75.110880944458771, 40.03253525806403 ], [ -75.110933957756927, 40.032327343632289 ], [ -75.110980714782244, 40.032151899997693 ], [ -75.110986976358902, 40.031990875782611 ], [ -75.111018772412933, 40.031815089260036 ], [ -75.111050121043405, 40.031650804907592 ], [ -75.111060177408731, 40.03152056596992 ], [ -75.11106554426479, 40.031382545206519 ], [ -75.111084231622286, 40.031287042861194 ], [ -75.111110294136097, 40.031130311105031 ], [ -75.111131046398825, 40.03104388812266 ], [ -75.111146032419583, 40.030981474836757 ], [ -75.111153554233297, 40.030916413112216 ], [ -75.111137337179755, 40.030691557030408 ], [ -75.11113042567618, 40.0304841820953 ], [ -75.111138177493274, 40.030284818155572 ], [ -75.111118159214811, 40.030157728355711 ], [ -75.111046413842985, 40.029948863648208 ], [ -75.110995875829573, 40.029836419758801 ], [ -75.110918246854936, 40.029650443769036 ], [ -75.110883120127355, 40.029526841505216 ], [ -75.110899655921727, 40.029358379305776 ], [ -75.110933462391515, 40.029130835194778 ], [ -75.110963465983815, 40.029001054634698 ], [ -75.111015058906816, 40.028829561428687 ], [ -75.111084068245802, 40.02872370026968 ], [ -75.11119944987496, 40.028580533348432 ], [ -75.111288556064437, 40.028471298169741 ], [ -75.11139336817503, 40.028343238160303 ], [ -75.111502719002416, 40.028226792996307 ], [ -75.111652563350262, 40.028095928991739 ], [ -75.111764962132028, 40.028029438227435 ], [ -75.111885401512978, 40.028013019374583 ], [ -75.112015512889414, 40.028004495737633 ], [ -75.112120838804259, 40.027991565155915 ], [ -75.112287203786536, 40.027949338382534 ], [ -75.112419253067799, 40.027890974205405 ], [ -75.112627674310374, 40.027794071584516 ], [ -75.112793109604283, 40.027711531414326 ], [ -75.112884778501709, 40.02760043473576 ], [ -75.11289026279772, 40.027458051164125 ], [ -75.112882840719749, 40.027320487263943 ], [ -75.112847422201881, 40.027038159909495 ], [ -75.112812680955827, 40.026880239703978 ], [ -75.112782233504475, 40.026642585978209 ], [ -75.112761248319515, 40.026411864007223 ], [ -75.112737211671416, 40.026259737228948 ], [ -75.112696946012164, 40.026139855005376 ], [ -75.112641273073464, 40.02603113137711 ], [ -75.11253997405737, 40.025940546364026 ], [ -75.112397435592499, 40.025883550536115 ], [ -75.112195651738716, 40.02580984284166 ], [ -75.112013069617703, 40.02575576420471 ], [ -75.111844853275585, 40.025717364337964 ], [ -75.1116238996985, 40.025687344964787 ], [ -75.11145717538362, 40.025610604838469 ], [ -75.111367712544919, 40.025472323462459 ], [ -75.111381005545169, 40.02532297413503 ], [ -75.111395303361817, 40.025212020956396 ], [ -75.111456498692846, 40.024921788873854 ], [ -75.111517244225311, 40.024771608827983 ], [ -75.111551188587271, 40.024668781106811 ], [ -75.111551118538188, 40.024542146953372 ], [ -75.111522172640662, 40.024387989644367 ], [ -75.111465392180975, 40.024179468869661 ], [ -75.111401468579885, 40.02389787528427 ], [ -75.11136284617541, 40.023735819700022 ], [ -75.111372751717852, 40.023609414750453 ], [ -75.111331447843497, 40.023516370494413 ], [ -75.11125308109844, 40.023349564114312 ], [ -75.111186475964573, 40.023254281405023 ], [ -75.11110177526507, 40.023133115197119 ], [ -75.111030997305519, 40.023027881026714 ], [ -75.111001307920674, 40.022892892983691 ], [ -75.110990073634625, 40.022796700324349 ], [ -75.110941183110924, 40.02264208355205 ], [ -75.110851799720933, 40.022501886075659 ], [ -75.110700489855176, 40.022413986441812 ], [ -75.110434188414388, 40.022331119294762 ], [ -75.11018165557293, 40.022279266142796 ], [ -75.109973701418753, 40.022236111394491 ], [ -75.109815022571183, 40.022209440059932 ], [ -75.109687156750638, 40.022160452054223 ], [ -75.109368603068731, 40.02213777806876 ], [ -75.109082570189585, 40.022177247355451 ], [ -75.10879579097859, 40.022235887123955 ], [ -75.108613432675398, 40.022304601330028 ], [ -75.108469477465562, 40.022412571771191 ], [ -75.108167203920374, 40.022612835344354 ], [ -75.108078622736116, 40.022708648478158 ], [ -75.108089405250382, 40.022816341795405 ], [ -75.1080356566912, 40.022914876376149 ], [ -75.107922813856945, 40.022992864751963 ], [ -75.107781542487615, 40.023031824893472 ], [ -75.107684554480926, 40.023087153803608 ], [ -75.107514256393372, 40.023102421663559 ], [ -75.10737298459668, 40.023141380402137 ], [ -75.107209677047337, 40.023233555828007 ], [ -75.107044245842246, 40.023316088873756 ], [ -75.106860658948278, 40.023352155690034 ], [ -75.10673673617157, 40.023330115808186 ], [ -75.106599344344872, 40.023269394415593 ], [ -75.106462551277545, 40.023193335762905 ], [ -75.106311246724488, 40.023105430376823 ], [ -75.106135455652634, 40.023005449437001 ], [ -75.106052473749358, 40.022957491642835 ], [ -75.10584846396749, 40.022941281788739 ], [ -75.105668639957827, 40.022944815986435 ], [ -75.105436783701776, 40.023002793046118 ], [ -75.105182106479688, 40.023390255080621 ], [ -75.105087636623651, 40.023508955367909 ], [ -75.104914348734951, 40.023600896846787 ], [ -75.104808554588757, 40.023604262577663 ], [ -75.104627058030545, 40.023544393382338 ], [ -75.104489818337242, 40.023479833640465 ], [ -75.104383245730816, 40.023396795487024 ], [ -75.104292081565248, 40.023302599745229 ], [ -75.104226155141035, 40.023201307714018 ], [ -75.10419937155946, 40.023120107698766 ], [ -75.104193133781706, 40.023024031078599 ], [ -75.10420684398062, 40.022928412266936 ], [ -75.104096931947794, 40.02280308621846 ], [ -75.103900694115765, 40.022587509344653 ], [ -75.103769937486987, 40.022484725805171 ], [ -75.103651248989678, 40.022328497067754 ], [ -75.103586516746205, 40.022196534868087 ], [ -75.10335965788984, 40.021742339057887 ], [ -75.103268073745269, 40.021531092209187 ], [ -75.103195013766197, 40.021356728030135 ], [ -75.103156114546991, 40.021202337799672 ], [ -75.103145788642479, 40.021083141857062 ], [ -75.103170070370453, 40.020972418623657 ], [ -75.103246962240192, 40.020920467799172 ], [ -75.103367184932452, 40.020849923590617 ], [ -75.103449065069015, 40.020729422623525 ], [ -75.103497860875123, 40.020561617167552 ], [ -75.103546635823292, 40.020393889604307 ], [ -75.103593162700008, 40.020233888827775 ], [ -75.103657002603427, 40.0198765689724 ], [ -75.103697058601739, 40.019659306188878 ], [ -75.10373741520452, 40.019527934036262 ], [ -75.103835441661005, 40.019430651520175 ], [ -75.10399315033149, 40.019378845261642 ], [ -75.104176319653078, 40.019346524610661 ], [ -75.104908857477042, 40.019347022384011 ], [ -75.10514063362055, 40.019329050636372 ], [ -75.105335901461032, 40.01928062696205 ], [ -75.105488981714515, 40.019204609477598 ], [ -75.105581626650022, 40.019114922541618 ], [ -75.105671017524912, 40.018965778090383 ], [ -75.105756250378235, 40.018839218600199 ], [ -75.105860118594364, 40.018781129601074 ], [ -75.106027579942932, 40.018689224924337 ], [ -75.106294114737921, 40.018578179065599 ], [ -75.106540071449146, 40.018490600181295 ], [ -75.10672341291874, 40.018411660138071 ], [ -75.106886322858571, 40.018352409187514 ], [ -75.107026703002234, 40.018282558695589 ], [ -75.107131747970939, 40.018194255256638 ], [ -75.107250673931659, 40.018086110628062 ], [ -75.107402502620232, 40.017890521155515 ], [ -75.10744928792306, 40.017783236235005 ], [ -75.107501945326405, 40.017609304691526 ], [ -75.107548492683335, 40.017423893037204 ], [ -75.107539863993026, 40.017224610673182 ], [ -75.107496919129758, 40.017064859722872 ], [ -75.107435347318386, 40.016962640715342 ], [ -75.107334774563427, 40.016851965307474 ], [ -75.107213378386959, 40.016771049144644 ], [ -75.107069042884632, 40.016693842391753 ], [ -75.107745667435751, 40.01658186197254 ], [ -75.107956696043061, 40.016492437604711 ], [ -75.109025143283361, 40.016287984471468 ], [ -75.11136051115065, 40.015868055527278 ], [ -75.113197720249829, 40.015533633052492 ], [ -75.117476904858364, 40.015784203074674 ], [ -75.117572190489128, 40.01558324450793 ], [ -75.119440475318441, 40.013027055599764 ], [ -75.121469402606934, 40.010154387517048 ], [ -75.123324578432815, 40.007556926778911 ], [ -75.123393200575421, 40.007418611434247 ], [ -75.123426893223495, 40.007213386785708 ], [ -75.123949327292692, 40.004815026363836 ], [ -75.124138158817715, 40.004830317442931 ], [ -75.124478749225801, 40.004856124147885 ], [ -75.124819602455645, 40.004880381575965 ], [ -75.125160673401908, 40.004903286018589 ], [ -75.125501917994654, 40.004925037395701 ], [ -75.125843291102072, 40.004945832900518 ], [ -75.126184750933717, 40.004965874307906 ], [ -75.12652625250432, 40.00498535521092 ], [ -75.126867753927343, 40.005004480086406 ], [ -75.127209206713559, 40.005023442448064 ], [ -75.127550586787223, 40.005042349869555 ], [ -75.12787293070501, 40.005059142872305 ], [ -75.12823372347782, 40.00507655443878 ], [ -75.128575489722422, 40.005091692323184 ], [ -75.128917354013609, 40.005105659191614 ], [ -75.129259288924217, 40.005118558035299 ], [ -75.129601271643381, 40.005130493753185 ], [ -75.129943272337954, 40.005141571084472 ], [ -75.130285263657086, 40.005151891220599 ], [ -75.130627343888861, 40.0051604247314 ], [ -75.130969678922199, 40.005164784081401 ], [ -75.131312090564677, 40.005165243621761 ], [ -75.131654384617903, 40.005162189067619 ], [ -75.131950178948728, 40.005157159453539 ], [ -75.131593298694483, 40.006777230207987 ], [ -75.13157556350815, 40.00691829737174 ], [ -75.131288958445666, 40.008265442462978 ], [ -75.131222295035911, 40.008389981531337 ], [ -75.130769336108088, 40.010429891484776 ], [ -75.130586589799805, 40.011326214443343 ], [ -75.130394570438312, 40.012204636700858 ], [ -75.130320980381683, 40.012520430993604 ], [ -75.129955680699339, 40.014216907374639 ], [ -75.129912123763617, 40.01438165693677 ], [ -75.129857441549532, 40.014589542357044 ], [ -75.129696268273179, 40.015025138211108 ], [ -75.12954449782805, 40.015628823804633 ], [ -75.12950608207764, 40.015804322671485 ], [ -75.129502797995002, 40.01588939456262 ], [ -75.129584205856546, 40.015962045069465 ], [ -75.128167827472637, 40.017276010496857 ], [ -75.127735970415529, 40.01780744067365 ], [ -75.127280082572369, 40.018551187726679 ], [ -75.127170148348299, 40.018720244528865 ], [ -75.128412308512011, 40.018888184203803 ], [ -75.128289424245082, 40.019312246396133 ], [ -75.128172721879636, 40.019745126505079 ], [ -75.128057433256402, 40.020167763512312 ], [ -75.127937520067178, 40.020582175692816 ], [ -75.127825536286721, 40.021009743605958 ], [ -75.127722548708022, 40.021435414780598 ], [ -75.127667221911381, 40.021678075942006 ], [ -75.127588347365133, 40.021936524098152 ], [ -75.127995616959595, 40.021990003261628 ], [ -75.128329979802785, 40.022037509590483 ], [ -75.128838800759283, 40.022095526989986 ], [ -75.130677470596083, 40.022326421242468 ], [ -75.131655343495055, 40.022466545626109 ], [ -75.132666572676243, 40.022605308971578 ], [ -75.133518068730496, 40.022699613848431 ], [ -75.135173640174628, 40.022889379073931 ], [ -75.135683339232102, 40.022953883142371 ], [ -75.136067270379613, 40.022993869695448 ], [ -75.136800741308932, 40.022664813908932 ], [ -75.138789898323111, 40.021671948947954 ], [ -75.139624105778793, 40.021255544498324 ], [ -75.139893266007434, 40.021143092921037 ], [ -75.141261765268752, 40.020457827767814 ], [ -75.142082119488862, 40.020076769123904 ], [ -75.14246779103722, 40.019921315677728 ], [ -75.142884843629375, 40.019772657161027 ], [ -75.143260974666063, 40.019659556833965 ], [ -75.143633356499834, 40.019568893010117 ], [ -75.144095787057239, 40.019486694075965 ], [ -75.144687108625433, 40.019411834572225 ], [ -75.145362861130891, 40.01938081709379 ], [ -75.146137882291484, 40.019384132048096 ], [ -75.14638257068269, 40.019413847550069 ], [ -75.147058795836813, 40.019094849725192 ], [ -75.14714447643216, 40.019011450080619 ], [ -75.148468068164576, 40.01840767197676 ], [ -75.149089732011475, 40.018110652918111 ], [ -75.149347506460117, 40.017958839322183 ], [ -75.149230893403427, 40.018503787754987 ], [ -75.148994011367591, 40.019573800755282 ], [ -75.148954407858767, 40.019744428818051 ], [ -75.148936720411754, 40.01982773281145 ], [ -75.148850546936245, 40.020202287719542 ], [ -75.148738765233603, 40.020712182059349 ], [ -75.148692238702196, 40.020954313952949 ], [ -75.148567566312607, 40.021477125083074 ], [ -75.148246304438899, 40.022960672484388 ], [ -75.14789505568146, 40.024554834487759 ], [ -75.147556415131817, 40.026139617973627 ], [ -75.147219627354445, 40.027645143117745 ], [ -75.146913523436353, 40.029145166694498 ], [ -75.146851006456373, 40.029482804010065 ], [ -75.146827853354537, 40.029603964525023 ], [ -75.146706270766515, 40.030128119096446 ], [ -75.146683109568301, 40.030227966701801 ], [ -75.146576239929047, 40.030638530732404 ], [ -75.146519856929544, 40.030866694390703 ], [ -75.146228026226595, 40.032186808403978 ], [ -75.145898589623201, 40.033729038092005 ], [ -75.145554237692906, 40.035263103492376 ], [ -75.145149809305551, 40.037147186913366 ], [ -75.145094401091598, 40.037414306982342 ], [ -75.144637619890247, 40.037400500192987 ], [ -75.141465889264637, 40.036288405628021 ], [ -75.140672767853545, 40.036185703147346 ], [ -75.139883025356184, 40.036084777555395 ], [ -75.139096959751754, 40.035982543392656 ], [ -75.138374875698588, 40.035884780676241 ] ] ] } },
{ "type": "Feature", "properties": { "HS_ID": "7120", "HS_Name": "Fels, Samuel", "HS_Grade": "9-12" }, "geometry": { "type": "Polygon", "coordinates": [ [ [ -75.126956363105421, 40.055974949479818 ], [ -75.125353971898022, 40.055012046031479 ], [ -75.12484271623282, 40.054719189572332 ], [ -75.124551190240638, 40.054552195941653 ], [ -75.12332597065884, 40.053850340516021 ], [ -75.122122448623742, 40.053160886500535 ], [ -75.120806710714163, 40.05241432562137 ], [ -75.119990358398212, 40.051950901443341 ], [ -75.119542672238609, 40.051696754653136 ], [ -75.118565232354356, 40.051141861463506 ], [ -75.117060387915885, 40.050287523014326 ], [ -75.115073113258234, 40.049135406060408 ], [ -75.114507493681131, 40.048807477710042 ], [ -75.112926738361523, 40.047890875760764 ], [ -75.112364441793417, 40.047564816507268 ], [ -75.112056554025287, 40.047386279111102 ], [ -75.111063574556411, 40.046814616741358 ], [ -75.10943208023393, 40.045875319211447 ], [ -75.109264830474089, 40.045779026152637 ], [ -75.108905884201192, 40.046128333177357 ], [ -75.109045484625881, 40.046210809920098 ], [ -75.108103721652171, 40.047167832652306 ], [ -75.108212328683422, 40.04723130847367 ], [ -75.107427745139347, 40.048022729092445 ], [ -75.107645316897788, 40.048140540133296 ], [ -75.107491185977395, 40.048329071821762 ], [ -75.10631154318078, 40.049291728396128 ], [ -75.103104872062474, 40.051193388515863 ], [ -75.103024626721009, 40.051089122973181 ], [ -75.102811666252734, 40.050868586489663 ], [ -75.101891446580851, 40.050066295331433 ], [ -75.101336414211232, 40.049540434137107 ], [ -75.100395630103478, 40.048692987304314 ], [ -75.099560657944537, 40.04797498853236 ], [ -75.098800875350904, 40.047531583775601 ], [ -75.098018589618988, 40.047097940441709 ], [ -75.096971751513124, 40.046565997182249 ], [ -75.096000490075056, 40.046003791733057 ], [ -75.095142867201673, 40.045552263333768 ], [ -75.094792685703908, 40.045364958331476 ], [ -75.094534677587575, 40.04522327325332 ], [ -75.094176025479086, 40.045027104325484 ], [ -75.090353381972179, 40.042984572476577 ], [ -75.088976634246634, 40.044333503559756 ], [ -75.088313886150075, 40.045515125513965 ], [ -75.087948332820133, 40.046344835459472 ], [ -75.087636127291461, 40.047043837598345 ], [ -75.086975538194892, 40.048568373342974 ], [ -75.085695103932522, 40.047851860021325 ], [ -75.084066759263195, 40.04696423344302 ], [ -75.083651747320474, 40.04672454202732 ], [ -75.08341587267951, 40.046600359614139 ], [ -75.083000957838195, 40.046371493960734 ], [ -75.082344511758492, 40.045992518470655 ], [ -75.080352519152839, 40.044906169565223 ], [ -75.078566312867395, 40.043905245219008 ], [ -75.076560883096903, 40.042763955361202 ], [ -75.075553469659212, 40.042205313043816 ], [ -75.075454685130651, 40.042155137983407 ], [ -75.075033703574931, 40.041941143862211 ], [ -75.075452567822964, 40.041478082176731 ], [ -75.07583571343072, 40.041096107380596 ], [ -75.076238285014739, 40.040686594592501 ], [ -75.076652440871342, 40.0402588130233 ], [ -75.076820970081641, 40.040075356887741 ], [ -75.077002428656868, 40.03988600766494 ], [ -75.077395805089282, 40.039465410600364 ], [ -75.077829927095763, 40.039002239119803 ], [ -75.078011354116057, 40.038827537694551 ], [ -75.078210997444401, 40.038618856252143 ], [ -75.078389640127398, 40.038434402429132 ], [ -75.078621402962739, 40.038206697716753 ], [ -75.078822057677542, 40.037989202322265 ], [ -75.078999976004624, 40.037797066535191 ], [ -75.079159109308549, 40.037622473914539 ], [ -75.079313653131521, 40.037471395119049 ], [ -75.079547096904705, 40.03722276508649 ], [ -75.07983718668028, 40.036922721824126 ], [ -75.08024922552184, 40.036510601286288 ], [ -75.080601122668327, 40.036131819358708 ], [ -75.080981626073552, 40.035714139294015 ], [ -75.081378853753975, 40.035313913235143 ], [ -75.081575378302858, 40.035111455791203 ], [ -75.08175869585493, 40.034925213558189 ], [ -75.081958415779511, 40.034718971495593 ], [ -75.082180247013056, 40.034487045930859 ], [ -75.082923493006419, 40.033723308673906 ], [ -75.083371848259247, 40.033244448649285 ], [ -75.084018387902105, 40.032539852581642 ], [ -75.084172266081936, 40.032313982349372 ], [ -75.084273648594333, 40.032173074144403 ], [ -75.084135215598053, 40.031968444667768 ], [ -75.084097405648933, 40.031881558424779 ], [ -75.084089930923298, 40.031821850631786 ], [ -75.084327098814754, 40.031763071134577 ], [ -75.084516866346618, 40.031697514513688 ], [ -75.084720663493968, 40.031625433487399 ], [ -75.084926304446952, 40.031542445484796 ], [ -75.085123333207903, 40.031450025257733 ], [ -75.085269758555626, 40.031380283758175 ], [ -75.085472582466366, 40.031273684432925 ], [ -75.085604889638958, 40.031196457125844 ], [ -75.086044517249974, 40.030930782167076 ], [ -75.086735227615208, 40.030512721666625 ], [ -75.087044033182323, 40.030332471248606 ], [ -75.087804474395128, 40.029916303484953 ], [ -75.088532971217589, 40.029512238479512 ], [ -75.089561570986291, 40.028950495936478 ], [ -75.090391810872632, 40.028500617970714 ], [ -75.09377160583486, 40.026629748156815 ], [ -75.094068149995692, 40.026470461389053 ], [ -75.094391919963286, 40.026337994769065 ], [ -75.094952686702172, 40.026197010186486 ], [ -75.095268623973325, 40.026148333813651 ], [ -75.09558346714914, 40.026127620134424 ], [ -75.096051957416975, 40.026134948467771 ], [ -75.096477744200982, 40.026186774181006 ], [ -75.096829948344393, 40.026272129645527 ], [ -75.097254003917925, 40.026411134362988 ], [ -75.097590357080705, 40.026571076514017 ], [ -75.099064692201409, 40.027498078073762 ], [ -75.101287055130541, 40.028972084175493 ], [ -75.101561674284966, 40.029183800823176 ], [ -75.101958874347901, 40.02934196297111 ], [ -75.102423016657227, 40.029493185571539 ], [ -75.104808554588757, 40.023604262577663 ], [ -75.104914348734951, 40.023600896846787 ], [ -75.105087636623651, 40.023508955367909 ], [ -75.105182106479688, 40.023390255080621 ], [ -75.105436783701776, 40.023002793046118 ], [ -75.105668639957827, 40.022944815986435 ], [ -75.10584846396749, 40.022941281788739 ], [ -75.106052473749358, 40.022957491642835 ], [ -75.106135455652634, 40.023005449437001 ], [ -75.106311246724488, 40.023105430376823 ], [ -75.106462551277545, 40.023193335762905 ], [ -75.106599344344872, 40.023269394415593 ], [ -75.10673673617157, 40.023330115808186 ], [ -75.106860658948278, 40.023352155690034 ], [ -75.107044245842246, 40.023316088873756 ], [ -75.107209677047337, 40.023233555828007 ], [ -75.10737298459668, 40.023141380402137 ], [ -75.107514256393372, 40.023102421663559 ], [ -75.107684554480926, 40.023087153803608 ], [ -75.107781542487615, 40.023031824893472 ], [ -75.107922813856945, 40.022992864751963 ], [ -75.1080356566912, 40.022914876376149 ], [ -75.108089405250382, 40.022816341795405 ], [ -75.108078622736116, 40.022708648478158 ], [ -75.108167203920374, 40.022612835344354 ], [ -75.108469477465562, 40.022412571771191 ], [ -75.108613432675398, 40.022304601330028 ], [ -75.10879579097859, 40.022235887123955 ], [ -75.109082570189585, 40.022177247355451 ], [ -75.109368603068731, 40.02213777806876 ], [ -75.109687156750638, 40.022160452054223 ], [ -75.109815022571183, 40.022209440059932 ], [ -75.109973701418753, 40.022236111394491 ], [ -75.11018165557293, 40.022279266142796 ], [ -75.110434188414388, 40.022331119294762 ], [ -75.110700489855176, 40.022413986441812 ], [ -75.110851799720933, 40.022501886075659 ], [ -75.110941183110924, 40.02264208355205 ], [ -75.110990073634625, 40.022796700324349 ], [ -75.111001307920674, 40.022892892983691 ], [ -75.111030997305519, 40.023027881026714 ], [ -75.11110177526507, 40.023133115197119 ], [ -75.111186475964573, 40.023254281405023 ], [ -75.11125308109844, 40.023349564114312 ], [ -75.111331447843497, 40.023516370494413 ], [ -75.111372751717852, 40.023609414750453 ], [ -75.11136284617541, 40.023735819700022 ], [ -75.111401468579885, 40.02389787528427 ], [ -75.111465392180975, 40.024179468869661 ], [ -75.111522172640662, 40.024387989644367 ], [ -75.111551118538188, 40.024542146953372 ], [ -75.111551188587271, 40.024668781106811 ], [ -75.111517244225311, 40.024771608827983 ], [ -75.111456498692846, 40.024921788873854 ], [ -75.111395303361817, 40.025212020956396 ], [ -75.111381005545169, 40.02532297413503 ], [ -75.111367712544919, 40.025472323462459 ], [ -75.11145717538362, 40.025610604838469 ], [ -75.1116238996985, 40.025687344964787 ], [ -75.111844853275585, 40.025717364337964 ], [ -75.112013069617703, 40.02575576420471 ], [ -75.112195651738716, 40.02580984284166 ], [ -75.112397435592499, 40.025883550536115 ], [ -75.11253997405737, 40.025940546364026 ], [ -75.112641273073464, 40.02603113137711 ], [ -75.112696946012164, 40.026139855005376 ], [ -75.112737211671416, 40.026259737228948 ], [ -75.112761248319515, 40.026411864007223 ], [ -75.112782233504475, 40.026642585978209 ], [ -75.112812680955827, 40.026880239703978 ], [ -75.112847422201881, 40.027038159909495 ], [ -75.112882840719749, 40.027320487263943 ], [ -75.11289026279772, 40.027458051164125 ], [ -75.112884778501709, 40.02760043473576 ], [ -75.112793109604283, 40.027711531414326 ], [ -75.112627674310374, 40.027794071584516 ], [ -75.112419253067799, 40.027890974205405 ], [ -75.112287203786536, 40.027949338382534 ], [ -75.112120838804259, 40.027991565155915 ], [ -75.112015512889414, 40.028004495737633 ], [ -75.111885401512978, 40.028013019374583 ], [ -75.111764962132028, 40.028029438227435 ], [ -75.111652563350262, 40.028095928991739 ], [ -75.111502719002416, 40.028226792996307 ], [ -75.11139336817503, 40.028343238160303 ], [ -75.111288556064437, 40.028471298169741 ], [ -75.11119944987496, 40.028580533348432 ], [ -75.111084068245802, 40.02872370026968 ], [ -75.111015058906816, 40.028829561428687 ], [ -75.110963465983815, 40.029001054634698 ], [ -75.110933462391515, 40.029130835194778 ], [ -75.110899655921727, 40.029358379305776 ], [ -75.110883120127355, 40.029526841505216 ], [ -75.110918246854936, 40.029650443769036 ], [ -75.110995875829573, 40.029836419758801 ], [ -75.111046413842985, 40.029948863648208 ], [ -75.111118159214811, 40.030157728355711 ], [ -75.111138177493274, 40.030284818155572 ], [ -75.11113042567618, 40.0304841820953 ], [ -75.111137337179755, 40.030691557030408 ], [ -75.111153554233297, 40.030916413112216 ], [ -75.111146032419583, 40.030981474836757 ], [ -75.111131046398825, 40.03104388812266 ], [ -75.111110294136097, 40.031130311105031 ], [ -75.111084231622286, 40.031287042861194 ], [ -75.11106554426479, 40.031382545206519 ], [ -75.111060177408731, 40.03152056596992 ], [ -75.111050121043405, 40.031650804907592 ], [ -75.111018772412933, 40.031815089260036 ], [ -75.110986976358902, 40.031990875782611 ], [ -75.110980714782244, 40.032151899997693 ], [ -75.110933957756927, 40.032327343632289 ], [ -75.110880944458771, 40.03253525806403 ], [ -75.110860831872387, 40.032795735920722 ], [ -75.110832465350995, 40.032883341749013 ], [ -75.110784447216915, 40.032962821914275 ], [ -75.110740520849248, 40.033065421907487 ], [ -75.110731805611152, 40.033161154273166 ], [ -75.110756065057373, 40.033307529910608 ], [ -75.110830245035288, 40.033480986119919 ], [ -75.11086592482998, 40.03356331946285 ], [ -75.110962316553113, 40.033780424566565 ], [ -75.111059616136203, 40.033989029395435 ], [ -75.11110976725034, 40.034096553660518 ], [ -75.111184352010014, 40.034232574807007 ], [ -75.111318787451083, 40.034369970957016 ], [ -75.111477715511739, 40.034519439362477 ], [ -75.111642674259556, 40.034642186377845 ], [ -75.111846342954721, 40.03479652038137 ], [ -75.112000881361823, 40.034930539948313 ], [ -75.112109039284661, 40.035101865293647 ], [ -75.112176776431753, 40.035285695640013 ], [ -75.112230071875032, 40.035455761721408 ], [ -75.112294981488674, 40.035583883081337 ], [ -75.11234917031797, 40.035730947413008 ], [ -75.112463811936095, 40.035864048237379 ], [ -75.112593116242309, 40.036005162403079 ], [ -75.112717731202721, 40.036138491966732 ], [ -75.112861851468367, 40.036283783485899 ], [ -75.113055699748855, 40.036434051292034 ], [ -75.113161006656796, 40.036504056939179 ], [ -75.114031401942398, 40.035472603119196 ], [ -75.114613280196068, 40.034796571944689 ], [ -75.114897954010786, 40.034448029946731 ], [ -75.115135127249843, 40.034479682170748 ], [ -75.115473942494816, 40.034519205865834 ], [ -75.115833717655207, 40.034570116220202 ], [ -75.11615336508018, 40.03461643623168 ], [ -75.116505449422021, 40.034657105409337 ], [ -75.116851461888217, 40.034694823987117 ], [ -75.117163434998986, 40.034735888824791 ], [ -75.117552138860773, 40.03479497055524 ], [ -75.120074751675588, 40.035112436464978 ], [ -75.121422735428339, 40.035282053709615 ], [ -75.123860863263275, 40.035563736148767 ], [ -75.123952513070307, 40.034848520621381 ], [ -75.124033107220725, 40.034040979151719 ], [ -75.124188102102011, 40.032552737839943 ], [ -75.125347488541337, 40.032908326018955 ], [ -75.125983145611258, 40.033122585588323 ], [ -75.127060042131134, 40.03347794905995 ], [ -75.128138121948439, 40.033827662643326 ], [ -75.129098935971385, 40.034148648534774 ], [ -75.129967714136569, 40.034430870331292 ], [ -75.130880813875777, 40.034745875211613 ], [ -75.131844543992244, 40.035052721926483 ], [ -75.132765326287114, 40.035337728416081 ], [ -75.133566511215292, 40.035626316406791 ], [ -75.134355138590564, 40.035883748147995 ], [ -75.134917192364767, 40.036048836526781 ], [ -75.136019241867828, 40.036295917861885 ], [ -75.135962395683123, 40.037140690953592 ], [ -75.135917208012316, 40.037214914074553 ], [ -75.135793311659612, 40.037460704204037 ], [ -75.135660515059897, 40.037703539013457 ], [ -75.135519641322674, 40.037943928267019 ], [ -75.135399854617773, 40.038189863831519 ], [ -75.135309758232609, 40.038444142866524 ], [ -75.13524186910243, 40.038702288199168 ], [ -75.135192142120374, 40.038962564312058 ], [ -75.135150838049356, 40.039224099870623 ], [ -75.135106400805611, 40.039485194670732 ], [ -75.135057780907175, 40.039745795083093 ], [ -75.135008804381059, 40.040006362132438 ], [ -75.134962339254599, 40.040267152130198 ], [ -75.134921198620106, 40.040528418339001 ], [ -75.134882525712996, 40.04079003895837 ], [ -75.134844521006812, 40.041051834262262 ], [ -75.134808909498631, 40.041313820098431 ], [ -75.134777411942963, 40.041576001407762 ], [ -75.134751754665189, 40.04183839136757 ], [ -75.134733704872758, 40.042101007690441 ], [ -75.134724388160976, 40.042363939076893 ], [ -75.134721825588841, 40.042627129658385 ], [ -75.134723521692052, 40.042890480269115 ], [ -75.134726977419447, 40.043153892563247 ], [ -75.134729697264149, 40.043417266474343 ], [ -75.134729620986462, 40.043680522659422 ], [ -75.134728928057768, 40.043943748583096 ], [ -75.134728354596575, 40.044206977223496 ], [ -75.134727883138808, 40.044470205479669 ], [ -75.134727488984225, 40.044733435492496 ], [ -75.1347271558393, 40.044996664187742 ], [ -75.134726861275738, 40.045259895560136 ], [ -75.134726586692182, 40.045523125581767 ], [ -75.134726308627137, 40.04578635461985 ], [ -75.134726011749137, 40.046049585028101 ], [ -75.134725901345462, 40.0461357598573 ], [ -75.134725672769733, 40.046312812672234 ], [ -75.134725272808552, 40.046576040726684 ], [ -75.134724791986599, 40.046839267837889 ], [ -75.134724210389365, 40.047102493552252 ], [ -75.134723506897046, 40.047365718290152 ], [ -75.134722660458181, 40.047628940671387 ], [ -75.134721652294417, 40.04789216116928 ], [ -75.134720462455974, 40.048155380230895 ], [ -75.134719069890494, 40.048418596475869 ], [ -75.134715923608269, 40.048681807031414 ], [ -75.134705880834517, 40.048932190410312 ], [ -75.134406743227203, 40.048911165353019 ], [ -75.134091804763443, 40.048902587735874 ], [ -75.133758941855277, 40.048881742688529 ], [ -75.133256711941542, 40.048777459670738 ], [ -75.131661282356788, 40.048156268360827 ], [ -75.131404237604727, 40.04940024691922 ], [ -75.131113087605797, 40.050690271010197 ], [ -75.129452272189852, 40.050489274927656 ], [ -75.12858891879506, 40.050361251120499 ], [ -75.12824747591462, 40.051887744051839 ], [ -75.127910158448728, 40.053461088976903 ], [ -75.128769307431554, 40.053564214988924 ], [ -75.129241044357585, 40.053622265606791 ], [ -75.129221790444277, 40.054408191713897 ], [ -75.129187272454288, 40.055654612316005 ], [ -75.130000115982909, 40.055553277910001 ], [ -75.129044551556291, 40.057033226934742 ], [ -75.128974160527122, 40.0571874062204 ], [ -75.128461641844595, 40.056879450176559 ], [ -75.126956363105421, 40.055974949479818 ] ] ] } },
{ "type": "Feature", "properties": { "HS_ID": "8010", "HS_Name": "Lincoln, Abraham", "HS_Grade": "9-12" }, "geometry": { "type": "Polygon", "coordinates": [ [ [ -75.054288575660863, 40.044447804167795 ], [ -75.049588123204558, 40.041739215351519 ], [ -75.052228223877265, 40.043272458358807 ], [ -75.054288575660863, 40.044447804167795 ], [ -75.05221162133293, 40.046387949574502 ], [ -75.052201362599703, 40.046394707078072 ], [ -75.052160453890579, 40.046421658053085 ], [ -75.051667166129718, 40.046958112205779 ], [ -75.051329199855545, 40.047547394403203 ], [ -75.051127912077078, 40.048114017884338 ], [ -75.051108620759237, 40.048308373826288 ], [ -75.05112820905768, 40.048310427089909 ], [ -75.051052741986013, 40.049070751012387 ], [ -75.050909168889973, 40.050580507726053 ], [ -75.050909020678631, 40.050587828858696 ], [ -75.050905547691897, 40.050759683336381 ], [ -75.050890504132624, 40.05110369580774 ], [ -75.050834850528631, 40.051507875777624 ], [ -75.050714630510384, 40.05198313065069 ], [ -75.050518477963337, 40.052414280789044 ], [ -75.050465683031987, 40.052508291736785 ], [ -75.05042475255874, 40.052576284391819 ], [ -75.050343235220808, 40.052687893588875 ], [ -75.050159185939563, 40.052955041413405 ], [ -75.049937614094134, 40.053196626498298 ], [ -75.049647292328586, 40.053478353382836 ], [ -75.049050185136409, 40.054077085125407 ], [ -75.0477496250451, 40.055364308708732 ], [ -75.047498177413814, 40.055649275927387 ], [ -75.04737963383586, 40.055744983638888 ], [ -75.046537347733874, 40.056568621795869 ], [ -75.046452283890304, 40.056656424013958 ], [ -75.044792059132021, 40.058370038156454 ], [ -75.044521388067295, 40.058704586499694 ], [ -75.044385690653939, 40.058903973881797 ], [ -75.044321957231105, 40.058997619277811 ], [ -75.044236847417949, 40.05912267367912 ], [ -75.044138651128762, 40.059329857712115 ], [ -75.042735081358956, 40.06237393072626 ], [ -75.042246747861014, 40.063532092988318 ], [ -75.04117363314954, 40.065916494320966 ], [ -75.041048568211778, 40.066194370668534 ], [ -75.040271651331409, 40.067920508793406 ], [ -75.039900550389333, 40.068716498251497 ], [ -75.039527498081284, 40.069358566524642 ], [ -75.039372740313638, 40.069555342010169 ], [ -75.038951066349725, 40.070056708807094 ], [ -75.037975901475519, 40.071078701239379 ], [ -75.036880579289175, 40.072209186628378 ], [ -75.034840304235431, 40.074308025730154 ], [ -75.033944686603178, 40.075225856400216 ], [ -75.033456329819828, 40.075733552485609 ], [ -75.032651561305315, 40.076563913553294 ], [ -75.030244990854911, 40.079059110481367 ], [ -75.029361003674794, 40.079965540863881 ], [ -75.028605919220695, 40.080771095268631 ], [ -75.028449738536139, 40.080679391125834 ], [ -75.025378455331946, 40.078944416993515 ], [ -75.023714602785461, 40.077995738904562 ], [ -75.021749375449758, 40.076956449037375 ], [ -75.01714477252419, 40.074343800429517 ], [ -75.017051160449483, 40.074291391641218 ], [ -75.016836474827841, 40.074171198321928 ], [ -75.015065056965881, 40.073179433645507 ], [ -75.014088715378975, 40.072643652374104 ], [ -75.013127685067246, 40.072072680343311 ], [ -75.011330666242117, 40.071180051445147 ], [ -75.007270050004891, 40.069162842833201 ], [ -75.002903651779846, 40.066683276351604 ], [ -75.000203200191606, 40.065151976380022 ], [ -74.99902373253299, 40.064481144106772 ], [ -74.99842080889789, 40.064138077648771 ], [ -74.995305486369674, 40.062365337040596 ], [ -74.994514685436144, 40.061915309701988 ], [ -74.994276980819677, 40.061782881164063 ], [ -74.993952240824157, 40.061629044655717 ], [ -74.993567752270181, 40.061493917999648 ], [ -74.993217747299084, 40.061397389171439 ], [ -74.992814030978408, 40.06133230332663 ], [ -74.992397117620285, 40.061269418680958 ], [ -74.991945724882498, 40.061167934864386 ], [ -74.99170939033425, 40.061096790861342 ], [ -74.991493516607378, 40.061005994283541 ], [ -74.991303425051981, 40.060925889352951 ], [ -74.991101057094838, 40.060825343279625 ], [ -74.990855413863883, 40.060660807330748 ], [ -74.990642305549883, 40.060502087368789 ], [ -74.99051053375122, 40.060438488973588 ], [ -74.99043257230062, 40.060397207455075 ], [ -74.989286928797995, 40.059376521477738 ], [ -74.987980160780864, 40.058216313966021 ], [ -74.985906824660901, 40.056378300947813 ], [ -74.985293167775595, 40.055829046832208 ], [ -74.985003026755592, 40.055576453819221 ], [ -74.984754337618696, 40.055358582041649 ], [ -74.984517958668675, 40.055149425596838 ], [ -74.984392331349753, 40.055017035967204 ], [ -74.984257386604511, 40.05490393180883 ], [ -74.984151556709406, 40.054828146947905 ], [ -74.984098781710287, 40.054783732310938 ], [ -74.9840168814669, 40.054708509021147 ], [ -74.983965725272554, 40.054627501257748 ], [ -74.983796320948315, 40.054203567734376 ], [ -74.982733522937124, 40.053015745623412 ], [ -74.982297430016331, 40.052520254093061 ], [ -74.981823710538634, 40.052047477411215 ], [ -74.981589206887037, 40.05182481472449 ], [ -74.981479897803567, 40.051719026956114 ], [ -74.980931322267836, 40.051214699760891 ], [ -74.980228456077811, 40.050582745452161 ], [ -74.976639957638582, 40.047407531906671 ], [ -74.978556593772012, 40.046776920971602 ], [ -74.979892035610462, 40.046340572217716 ], [ -74.980591322192026, 40.045943805601389 ], [ -74.981744965245795, 40.045064815786205 ], [ -74.982677722117472, 40.044069039557996 ], [ -74.983548333116943, 40.043032631597384 ], [ -74.98494277204567, 40.041769186054189 ], [ -74.986280444047978, 40.040942308702171 ], [ -74.987707265113215, 40.03995847521098 ], [ -74.989212731784292, 40.038655978629833 ], [ -74.990467710788948, 40.037570145223043 ], [ -74.991385171546426, 40.036776308391595 ], [ -74.994070515359766, 40.03441667594641 ], [ -74.995923226153025, 40.032769378985769 ], [ -74.997264678929767, 40.031576587690672 ], [ -74.998409291805331, 40.0305805591696 ], [ -74.999759018144005, 40.029604793636203 ], [ -75.001593221465143, 40.028499635674088 ], [ -75.003160239458978, 40.02750218971574 ], [ -75.006334908998639, 40.025515400861664 ], [ -75.00969202947789, 40.023462890890386 ], [ -75.012101564453246, 40.021652540993678 ], [ -75.01439595160501, 40.020172845691398 ], [ -75.01569583843164, 40.019494058200493 ], [ -75.016608449532384, 40.019074859294776 ], [ -75.017856956327634, 40.018552377217404 ], [ -75.019739856580443, 40.017883868214113 ], [ -75.021453038885682, 40.017491993859899 ], [ -75.023771463958383, 40.017068709017643 ], [ -75.026581155127204, 40.016658130758394 ], [ -75.029370849623518, 40.016289458580424 ], [ -75.029859464826416, 40.016224877994837 ], [ -75.032557135560808, 40.015812624946108 ], [ -75.034188081829825, 40.015526854588842 ], [ -75.035932369693768, 40.015122265975727 ], [ -75.038461314688931, 40.014341371204956 ], [ -75.040088775021616, 40.013724643583046 ], [ -75.043183456205455, 40.012301808027331 ], [ -75.045497027178001, 40.015391359845111 ], [ -75.046549465925239, 40.016354768020484 ], [ -75.046957088817749, 40.016666490547998 ], [ -75.04740062933412, 40.016994991121152 ], [ -75.047799211095366, 40.017327097465973 ], [ -75.048086501566985, 40.017501754377186 ], [ -75.048135949501088, 40.017585297316053 ], [ -75.048278832859879, 40.017690359074145 ], [ -75.048432410426514, 40.017806931776065 ], [ -75.048587089501908, 40.017938773230519 ], [ -75.048690600255455, 40.018028758041325 ], [ -75.048790260134524, 40.018142720093898 ], [ -75.04895805847751, 40.018334598408181 ], [ -75.049498648263651, 40.018930315978153 ], [ -75.050003178628813, 40.019512392481005 ], [ -75.050450673907093, 40.020027287836157 ], [ -75.050905750061148, 40.020536323345311 ], [ -75.051320446823183, 40.021015592359106 ], [ -75.051774927022976, 40.021536349848368 ], [ -75.052254986587968, 40.022081026344203 ], [ -75.0524829025575, 40.022347217879478 ], [ -75.052703517437038, 40.022593359397462 ], [ -75.052932658764675, 40.022864812923409 ], [ -75.053152942821924, 40.02310603050811 ], [ -75.053374106894921, 40.023363014108561 ], [ -75.053605362541447, 40.023616927357196 ], [ -75.053830519396826, 40.02388229248627 ], [ -75.054055738848064, 40.02413057563696 ], [ -75.05449649038863, 40.024649235648603 ], [ -75.054966356172145, 40.025172380397606 ], [ -75.055398336132981, 40.025674082982874 ], [ -75.056295343914556, 40.02670488753111 ], [ -75.056954991822252, 40.026362599068875 ], [ -75.057279811067943, 40.026196384235803 ], [ -75.057595221392319, 40.026032809647049 ], [ -75.057897070502861, 40.025876805875107 ], [ -75.058251830591828, 40.025692863000216 ], [ -75.058804679419637, 40.026314935658625 ], [ -75.06075658276157, 40.025302397254698 ], [ -75.062712394254092, 40.024292542301225 ], [ -75.062803006491464, 40.024403372897631 ], [ -75.06325416663708, 40.024913758823601 ], [ -75.063792503951248, 40.024638789845689 ], [ -75.064298500563694, 40.024373661059805 ], [ -75.064913957823748, 40.024061639429881 ], [ -75.06497094787639, 40.024110469627828 ], [ -75.065437185599492, 40.024642112422725 ], [ -75.065996094121743, 40.025291228426902 ], [ -75.066293414327987, 40.025612034155643 ], [ -75.06651979223453, 40.025805819092596 ], [ -75.066682952593609, 40.025841383557129 ], [ -75.067837215793716, 40.026492063487908 ], [ -75.067957487192032, 40.02658406766713 ], [ -75.067090327717395, 40.026777307795435 ], [ -75.066184938102012, 40.026915548477994 ], [ -75.073043908926223, 40.031295743718779 ], [ -75.073513935309521, 40.031555013913056 ], [ -75.073869620853571, 40.0317646303209 ], [ -75.073692538485659, 40.032108402181898 ], [ -75.073554618506847, 40.032363421145099 ], [ -75.073560213535231, 40.032445770645701 ], [ -75.073605612344451, 40.032518229829734 ], [ -75.073825681906143, 40.032645425720283 ], [ -75.074832871792523, 40.033203267332112 ], [ -75.07493564475368, 40.033257721495659 ], [ -75.075060786158375, 40.033349978006868 ], [ -75.075148738065081, 40.033446645630889 ], [ -75.07525130271334, 40.033661436635512 ], [ -75.075299511765422, 40.033783704284019 ], [ -75.074439930257469, 40.033981237152581 ], [ -75.071484662216733, 40.034665409639068 ], [ -75.071097555230651, 40.034743910978364 ], [ -75.069597384374077, 40.035094419063114 ], [ -75.068099971397288, 40.035431858536249 ], [ -75.067672413029044, 40.035527537438341 ], [ -75.06609527745681, 40.035908309092001 ], [ -75.065180402980445, 40.036125732030037 ], [ -75.064363639486544, 40.036307326025948 ], [ -75.063566527448259, 40.036485511186243 ], [ -75.063196457747267, 40.03658640547237 ], [ -75.062898549501597, 40.036705949036659 ], [ -75.062502852092976, 40.036894437596992 ], [ -75.06212144079015, 40.037106840410353 ], [ -75.061825535615085, 40.037305500240031 ], [ -75.061411101671297, 40.037639759200644 ], [ -75.061064794223228, 40.037963180881093 ], [ -75.061010513453212, 40.038013874253046 ], [ -75.058795061939051, 40.040101647954643 ], [ -75.058555949068477, 40.040312717870648 ], [ -75.056709351467163, 40.042060374910939 ], [ -75.056123015506245, 40.042646268755398 ], [ -75.055610284910713, 40.043188369144119 ], [ -75.054927816017084, 40.043855671688355 ], [ -75.05460150362974, 40.044157921071431 ], [ -75.054288575660863, 40.044447804167795 ] ], [ [ -75.02825800977196, 40.041366782873176 ], [ -75.028404849076693, 40.041561813922932 ], [ -75.028328459482225, 40.041457799470926 ], [ -75.02825800977196, 40.041366782873176 ] ], [ [ -75.036077754429087, 40.061272177770675 ], [ -75.036227444412106, 40.061446788002421 ], [ -75.035944794015776, 40.061091628116834 ], [ -75.036077754429087, 40.061272177770675 ] ], [ [ -75.036820786712752, 40.062937507766989 ], [ -75.036906479312677, 40.063024663396938 ], [ -75.037128043512354, 40.063257993350796 ], [ -75.037351124562761, 40.063453342403236 ], [ -75.037503100755984, 40.063570980820359 ], [ -75.037653810854508, 40.063720266483905 ], [ -75.037885389078411, 40.063909479718191 ], [ -75.038149669415986, 40.06410579957069 ], [ -75.038382010669437, 40.064276021179339 ], [ -75.038694966490809, 40.064492496076376 ], [ -75.036820786712752, 40.062937507766989 ], [ -75.036593000097909, 40.062655999601397 ], [ -75.03638120175475, 40.06193196037858 ], [ -75.036449910437952, 40.06227573126079 ], [ -75.036545489100249, 40.062566278103318 ], [ -75.036644992017401, 40.062758710126644 ], [ -75.036820786712752, 40.062937507766989 ] ] ] } },
{ "type": "Feature", "properties": { "HS_ID": "8020", "HS_Name": "Northeast High", "HS_Grade": "9-12" }, "geometry": { "type": "Polygon", "coordinates": [ [ [ -75.048832264437266, 40.078512133726328 ], [ -75.048183670578211, 40.078436697653629 ], [ -75.047779388550055, 40.078439863979703 ], [ -75.047431527690478, 40.078476036507716 ], [ -75.047070465160644, 40.078429529168965 ], [ -75.046718651818466, 40.078357892683321 ], [ -75.046311430385543, 40.07822792881359 ], [ -75.04595415584771, 40.078086466332792 ], [ -75.0456148782241, 40.077907411002634 ], [ -75.04534926028883, 40.077742758709036 ], [ -75.045181767738825, 40.077599422869817 ], [ -75.045054974036688, 40.077469718840113 ], [ -75.044961897516984, 40.077321798879829 ], [ -75.044893542533828, 40.077174459839888 ], [ -75.044827713903615, 40.07696382122397 ], [ -75.044742627523959, 40.076822426205062 ], [ -75.044610196067808, 40.076714260021014 ], [ -75.044375447849959, 40.076515986745726 ], [ -75.044200986268336, 40.076340808020944 ], [ -75.043982385910923, 40.076031529182501 ], [ -75.043816668455023, 40.075843883366908 ], [ -75.043504371564936, 40.075402508246405 ], [ -75.043446536501875, 40.075198392205188 ], [ -75.043471308329359, 40.075012373869093 ], [ -75.043481865394668, 40.074933111274618 ], [ -75.043580587335171, 40.07473268233386 ], [ -75.043811748421234, 40.074313610618461 ], [ -75.04387877137242, 40.074080755014847 ], [ -75.04388862161349, 40.073833881629398 ], [ -75.043673472601427, 40.073645069605227 ], [ -75.04338088274055, 40.073536802586567 ], [ -75.042996646614313, 40.073451719798484 ], [ -75.042730041790193, 40.073312381403532 ], [ -75.042341358555859, 40.073132150758376 ], [ -75.041854179577626, 40.072940093341636 ], [ -75.041612044628863, 40.072807665089009 ], [ -75.041388158590053, 40.072631315890007 ], [ -75.041321081240937, 40.072452325411149 ], [ -75.041361370412233, 40.072269529473608 ], [ -75.041474301484882, 40.072126460984542 ], [ -75.041812730645262, 40.071912676397261 ], [ -75.042084737045144, 40.071709997099461 ], [ -75.042488418338195, 40.07130766563958 ], [ -75.042761683643278, 40.071073333616233 ], [ -75.04285241512595, 40.070866381813559 ], [ -75.043025134016503, 40.070464942591414 ], [ -75.04357575655807, 40.069479984511119 ], [ -75.043761915568766, 40.069154894984841 ], [ -75.04385971299034, 40.068770698710772 ], [ -75.043887398760987, 40.068283475149997 ], [ -75.043863029548618, 40.068067475794614 ], [ -75.043782566420475, 40.067397128713175 ], [ -75.043679089785869, 40.0670968958757 ], [ -75.043508441818773, 40.066826762563778 ], [ -75.043319295125045, 40.066606881726607 ], [ -75.04311837397681, 40.066475428752987 ], [ -75.042891475725781, 40.066375041588699 ], [ -75.04252300081987, 40.06630933607584 ], [ -75.042147043453795, 40.066224442691194 ], [ -75.041812788653417, 40.066127861294014 ], [ -75.041470182981158, 40.066018667392591 ], [ -75.041333508885842, 40.065974787552236 ], [ -75.04117363314954, 40.065916494320966 ], [ -75.042246747861014, 40.063532092988318 ], [ -75.042735081358956, 40.06237393072626 ], [ -75.044138651128762, 40.059329857712115 ], [ -75.044236847417949, 40.05912267367912 ], [ -75.044521388067295, 40.058704586499694 ], [ -75.044792059132021, 40.058370038156454 ], [ -75.046537347733874, 40.056568621795869 ], [ -75.04737963383586, 40.055744983638888 ], [ -75.047498177413814, 40.055649275927387 ], [ -75.0477496250451, 40.055364308708732 ], [ -75.049050185136409, 40.054077085125407 ], [ -75.049647292328586, 40.053478353382836 ], [ -75.049937614094134, 40.053196626498298 ], [ -75.050159185939563, 40.052955041413405 ], [ -75.050343235220808, 40.052687893588875 ], [ -75.05042475255874, 40.052576284391819 ], [ -75.050465683031987, 40.052508291736785 ], [ -75.050518477963337, 40.052414280789044 ], [ -75.050714630510384, 40.05198313065069 ], [ -75.050834850528631, 40.051507875777624 ], [ -75.050890504132624, 40.05110369580774 ], [ -75.050905547691897, 40.050759683336381 ], [ -75.050909168889973, 40.050580507726053 ], [ -75.051052741986013, 40.049070751012387 ], [ -75.05112820905768, 40.048310427089909 ], [ -75.051147657335648, 40.048114481781646 ], [ -75.051348944950661, 40.047547858265965 ], [ -75.05168691105581, 40.046958576010475 ], [ -75.05221162133293, 40.046387949574502 ], [ -75.054288575660863, 40.044447804167795 ], [ -75.05460150362974, 40.044157921071431 ], [ -75.054927816017084, 40.043855671688355 ], [ -75.055610284910713, 40.043188369144119 ], [ -75.056123015506245, 40.042646268755398 ], [ -75.056709351467163, 40.042060374910939 ], [ -75.058555949068477, 40.040312717870648 ], [ -75.058795061939051, 40.040101647954643 ], [ -75.061010513453212, 40.038013874253046 ], [ -75.061064794223228, 40.037963180881093 ], [ -75.061411101671297, 40.037639759200644 ], [ -75.061825535615085, 40.037305500240031 ], [ -75.06212144079015, 40.037106840410353 ], [ -75.062502852092976, 40.036894437596992 ], [ -75.062898549501597, 40.036705949036659 ], [ -75.063196457747267, 40.03658640547237 ], [ -75.063566527448259, 40.036485511186243 ], [ -75.064363639486544, 40.036307326025948 ], [ -75.065180402980445, 40.036125732030037 ], [ -75.06609527745681, 40.035908309092001 ], [ -75.067672413029044, 40.035527537438341 ], [ -75.068099971397288, 40.035431858536249 ], [ -75.069597384374077, 40.035094419063114 ], [ -75.071097555230651, 40.034743910978364 ], [ -75.071484662216733, 40.034665409639068 ], [ -75.074439930257469, 40.033981237152581 ], [ -75.075299511765422, 40.033783704284019 ], [ -75.076977959378368, 40.033397972680163 ], [ -75.077443883615771, 40.033296176686704 ], [ -75.080743847896571, 40.032539823443678 ], [ -75.081775930096299, 40.032308839996325 ], [ -75.081905214369314, 40.032282428233145 ], [ -75.082004405842497, 40.032258495217469 ], [ -75.082109046128522, 40.032227536248186 ], [ -75.083805626580897, 40.031900430453398 ], [ -75.083949746533392, 40.031864818843474 ], [ -75.084089930923298, 40.031821850631786 ], [ -75.084097405648933, 40.031881558424779 ], [ -75.084135215598053, 40.031968444667768 ], [ -75.084273648594333, 40.032173074144403 ], [ -75.084172266081936, 40.032313982349372 ], [ -75.084018387902105, 40.032539852581642 ], [ -75.083371848259247, 40.033244448649285 ], [ -75.082923493006419, 40.033723308673906 ], [ -75.082180247013056, 40.034487045930859 ], [ -75.081958415779511, 40.034718971495593 ], [ -75.08175869585493, 40.034925213558189 ], [ -75.081575378302858, 40.035111455791203 ], [ -75.081378853753975, 40.035313913235143 ], [ -75.080981626073552, 40.035714139294015 ], [ -75.080601122668327, 40.036131819358708 ], [ -75.08024922552184, 40.036510601286288 ], [ -75.07983718668028, 40.036922721824126 ], [ -75.079547096904705, 40.03722276508649 ], [ -75.079313653131521, 40.037471395119049 ], [ -75.079159109308549, 40.037622473914539 ], [ -75.078999976004624, 40.037797066535191 ], [ -75.078822057677542, 40.037989202322265 ], [ -75.078621402962739, 40.038206697716753 ], [ -75.078389640127398, 40.038434402429132 ], [ -75.078210997444401, 40.038618856252143 ], [ -75.078011354116057, 40.038827537694551 ], [ -75.077829927095763, 40.039002239119803 ], [ -75.077395805089282, 40.039465410600364 ], [ -75.077002428656868, 40.03988600766494 ], [ -75.076820970081641, 40.040075356887741 ], [ -75.076652440871342, 40.0402588130233 ], [ -75.076238285014739, 40.040686594592501 ], [ -75.07583571343072, 40.041096107380596 ], [ -75.075452567822964, 40.041478082176731 ], [ -75.075033703574931, 40.041941143862211 ], [ -75.075454685130651, 40.042155137983407 ], [ -75.075553469659212, 40.042205313043816 ], [ -75.076560883096903, 40.042763955361202 ], [ -75.078566312867395, 40.043905245219008 ], [ -75.080352519152839, 40.044906169565223 ], [ -75.082344511758492, 40.045992518470655 ], [ -75.083000957838195, 40.046371493960734 ], [ -75.08341587267951, 40.046600359614139 ], [ -75.083651747320474, 40.04672454202732 ], [ -75.084066759263195, 40.04696423344302 ], [ -75.085695103932522, 40.047851860021325 ], [ -75.086975538194892, 40.048568373342974 ], [ -75.087636127291461, 40.047043837598345 ], [ -75.087948332820133, 40.046344835459472 ], [ -75.088313886150075, 40.045515125513965 ], [ -75.088976634246634, 40.044333503559756 ], [ -75.090353381972179, 40.042984572476577 ], [ -75.094176025479086, 40.045027104325484 ], [ -75.094534677587575, 40.04522327325332 ], [ -75.094792685703908, 40.045364958331476 ], [ -75.095142867201673, 40.045552263333768 ], [ -75.096000490075056, 40.046003791733057 ], [ -75.096971751513124, 40.046565997182249 ], [ -75.098018589618988, 40.047097940441709 ], [ -75.098800875350904, 40.047531583775601 ], [ -75.099560657944537, 40.04797498853236 ], [ -75.100395630103478, 40.048692987304314 ], [ -75.101336414211232, 40.049540434137107 ], [ -75.101891446580851, 40.050066295331433 ], [ -75.102811666252734, 40.050868586489663 ], [ -75.103024626721009, 40.051089122973181 ], [ -75.103104872062474, 40.051193388515863 ], [ -75.100750007414959, 40.052589800378428 ], [ -75.100164622424103, 40.05294796910227 ], [ -75.099830395494322, 40.053153836608836 ], [ -75.099375405994493, 40.053300031221831 ], [ -75.09911047209404, 40.053563491002635 ], [ -75.098802559461831, 40.053714988141422 ], [ -75.098463393838344, 40.053888850331958 ], [ -75.097665607956202, 40.054366496561251 ], [ -75.097487836143728, 40.054479970743884 ], [ -75.096505014159547, 40.055172076262544 ], [ -75.09575755844115, 40.055630634202885 ], [ -75.095119346195176, 40.055937822665356 ], [ -75.094680719352596, 40.056370745767509 ], [ -75.093615033904641, 40.057418176204038 ], [ -75.092740642840639, 40.058299374152909 ], [ -75.092075008963633, 40.058966833363371 ], [ -75.08976380729699, 40.061293890204965 ], [ -75.089002857686097, 40.062052263289985 ], [ -75.088239673733852, 40.062812837932917 ], [ -75.087464535545337, 40.063585307458631 ], [ -75.087897016813869, 40.063836956219944 ], [ -75.088765089015951, 40.064342056943886 ], [ -75.08944617660552, 40.064737512029609 ], [ -75.090370588753586, 40.065276197658697 ], [ -75.089028827484043, 40.066599282793035 ], [ -75.087232662573157, 40.068391169818135 ], [ -75.087076448862874, 40.068565824165326 ], [ -75.085310322240304, 40.068513075978174 ], [ -75.08462537770771, 40.068369307284783 ], [ -75.084322060634904, 40.068303388583907 ], [ -75.08372661331812, 40.068174970048716 ], [ -75.082040902131823, 40.068052428200794 ], [ -75.080965670991645, 40.067975524369693 ], [ -75.078901608809247, 40.066836356329084 ], [ -75.078051557979904, 40.066361770545818 ], [ -75.07788736990571, 40.066227749755065 ], [ -75.077718666534935, 40.066036330276923 ], [ -75.077673545958845, 40.065967024562532 ], [ -75.077507470849639, 40.065684579888121 ], [ -75.077360011069302, 40.065432064324057 ], [ -75.077155892358675, 40.065044763331727 ], [ -75.075991164431471, 40.064343461489187 ], [ -75.075375960105887, 40.06397178792426 ], [ -75.073543243958511, 40.062936481673376 ], [ -75.073304910951748, 40.062813113358558 ], [ -75.072948429407774, 40.062615247421547 ], [ -75.072751115842692, 40.062521544358724 ], [ -75.072437941497739, 40.062425141023951 ], [ -75.072141345445644, 40.06237571779026 ], [ -75.07128377583615, 40.062285371006297 ], [ -75.070860826081244, 40.062227987896463 ], [ -75.070531971672679, 40.06213715241195 ], [ -75.070311021141336, 40.062054774046096 ], [ -75.069880244438522, 40.061825341066935 ], [ -75.065026689786436, 40.067345239044961 ], [ -75.065846780966524, 40.067832099023889 ], [ -75.067356528461701, 40.068728354749233 ], [ -75.067827445307685, 40.068964671976843 ], [ -75.06749638627781, 40.06910861366898 ], [ -75.067198522333484, 40.069238721762297 ], [ -75.066901356581511, 40.069369768979534 ], [ -75.066604925653564, 40.069501777806622 ], [ -75.066309270797348, 40.069634772639752 ], [ -75.066013758829797, 40.069768068320805 ], [ -75.065718040265665, 40.069901308884987 ], [ -75.065423273696567, 40.070035772043958 ], [ -75.065130634528202, 40.070172754836676 ], [ -75.064841300355184, 40.070313557969222 ], [ -75.064556140322864, 40.070459155982164 ], [ -75.064273697134269, 40.070608024523786 ], [ -75.063993387354898, 40.070759436351238 ], [ -75.063714961873501, 40.070913018032137 ], [ -75.063438171867645, 40.071068388929092 ], [ -75.063162771927651, 40.07122517118583 ], [ -75.062888510789506, 40.071382986806313 ], [ -75.062615335653902, 40.071541806631494 ], [ -75.06234372144462, 40.071702342788321 ], [ -75.062073922430358, 40.071864749006721 ], [ -75.061806185926599, 40.072029147319469 ], [ -75.061540751369094, 40.072195651467965 ], [ -75.061277863624468, 40.072364386135206 ], [ -75.061016946434222, 40.072534946801774 ], [ -75.060757414945556, 40.072706938653305 ], [ -75.060499704787262, 40.072880615176501 ], [ -75.060244251552774, 40.073056230761843 ], [ -75.059991495524315, 40.073234039913601 ], [ -75.059741874533955, 40.073414299785298 ], [ -75.059495709215497, 40.073597206222239 ], [ -75.059252477090695, 40.073782447866563 ], [ -75.059011575005329, 40.073969559190104 ], [ -75.058772439145997, 40.074158088195368 ], [ -75.058534507936017, 40.0743475856356 ], [ -75.05829722217851, 40.074537601414271 ], [ -75.058060018024889, 40.074727684419734 ], [ -75.057822339829485, 40.074917383728312 ], [ -75.057583620049783, 40.075106252638179 ], [ -75.055524973479777, 40.076671328095912 ], [ -75.055376205401899, 40.076784425265203 ], [ -75.05534535391088, 40.076716704694554 ], [ -75.055173124968277, 40.076484569424245 ], [ -75.054984668188879, 40.076245717162074 ], [ -75.054792806094824, 40.076089045594415 ], [ -75.054559767084669, 40.075937960301111 ], [ -75.054313822530631, 40.075900511648236 ], [ -75.054147258832003, 40.075940955721485 ], [ -75.053995416327624, 40.076026097060996 ], [ -75.053966166039842, 40.076139460659824 ], [ -75.05392961576257, 40.076436395941172 ], [ -75.053868285931316, 40.076941838323449 ], [ -75.053777578756808, 40.077148798717673 ], [ -75.053623089281572, 40.077300407111942 ], [ -75.053461741807865, 40.077417006472125 ], [ -75.053252966074368, 40.077481803492148 ], [ -75.052912850019126, 40.077530845562329 ], [ -75.0526314211684, 40.07755592218561 ], [ -75.052343014224959, 40.077549152659046 ], [ -75.052128262886725, 40.077556783823098 ], [ -75.051986163295581, 40.0776041353393 ], [ -75.051865510852934, 40.077734360215459 ], [ -75.051685916636117, 40.077894879164539 ], [ -75.051506572205724, 40.078049069364091 ], [ -75.051228093642763, 40.07820726754548 ], [ -75.050966344494725, 40.078359520016477 ], [ -75.050648423197075, 40.078472438335005 ], [ -75.050389948608171, 40.07854239912011 ], [ -75.050157200837987, 40.07858761908507 ], [ -75.049959179096916, 40.078589303133221 ], [ -75.049737194105617, 40.078571417136061 ], [ -75.049408333152073, 40.078544680460126 ], [ -75.048832264437266, 40.078512133726328 ] ] ] } },
{ "type": "Feature", "properties": { "HS_ID": "8030", "HS_Name": "Washington, George", "HS_Grade": "9-12" }, "geometry": { "type": "Polygon", "coordinates": [ [ [ -74.998534690545725, 40.128197938185671 ], [ -74.997885058836246, 40.127817941167116 ], [ -74.99780190241205, 40.127903747786313 ], [ -74.997572202046342, 40.128119598778966 ], [ -74.997449655419103, 40.128251183308798 ], [ -74.994195288086971, 40.131510146698631 ], [ -74.993846887244089, 40.131854711365726 ], [ -74.993673177323771, 40.131734366669576 ], [ -74.993507852780411, 40.131615763477427 ], [ -74.993431060956539, 40.131551523655112 ], [ -74.993355334360601, 40.131461188453464 ], [ -74.993210784711025, 40.131319865993909 ], [ -74.993100939564684, 40.131185178047375 ], [ -74.992996762709893, 40.131050626760704 ], [ -74.992921566922931, 40.130947243987379 ], [ -74.992840880188766, 40.130816157055811 ], [ -74.992780263567909, 40.130726185458407 ], [ -74.99275110516902, 40.130606490495929 ], [ -74.992743903246534, 40.130504738510169 ], [ -74.992771757823931, 40.130424141372536 ], [ -74.992813599083519, 40.130301797271713 ], [ -74.992902337372513, 40.130211776637545 ], [ -74.993046967591894, 40.130188397440591 ], [ -74.993108168055315, 40.130054908032889 ], [ -74.993100548190995, 40.129893648091773 ], [ -74.993160038709334, 40.129778982289224 ], [ -74.993278137565355, 40.129733925283162 ], [ -74.993388976961612, 40.129704655559024 ], [ -74.993502707937793, 40.129650787587209 ], [ -74.993502585786445, 40.129514375736044 ], [ -74.993449404997804, 40.129427485009458 ], [ -74.993417112564984, 40.129175660999756 ], [ -74.993422242111308, 40.129003098293879 ], [ -74.993506278297204, 40.128772927941363 ], [ -74.99366020157909, 40.128753400254396 ], [ -74.993691714877798, 40.128675792929563 ], [ -74.993783075075768, 40.128614130538722 ], [ -74.993803489675003, 40.128484018193816 ], [ -74.993660126523793, 40.128383355216108 ], [ -74.993687033974993, 40.12820986192888 ], [ -74.993668262089372, 40.128113637357323 ], [ -74.993752062244823, 40.127912484375713 ], [ -74.993893818343309, 40.127750450369177 ], [ -74.994004593824386, 40.127676194932434 ], [ -74.994100024386441, 40.127607374521887 ], [ -74.994236707847136, 40.127500364399125 ], [ -74.994407378365551, 40.127278073076489 ], [ -74.994472763644922, 40.127111308015131 ], [ -74.994526461028613, 40.126952968939442 ], [ -74.994544094304359, 40.126682027025765 ], [ -74.994480700115489, 40.126520880689597 ], [ -74.994426398809935, 40.126415097107596 ], [ -74.994350258729199, 40.126218820180995 ], [ -74.994275891963568, 40.12614157799667 ], [ -74.994153250428553, 40.126089300729817 ], [ -74.993924320871685, 40.126047534380767 ], [ -74.99348109976556, 40.125999182574432 ], [ -74.993147118694893, 40.125937484553951 ], [ -74.992876168662576, 40.125906320763207 ], [ -74.992635910668369, 40.125910718236014 ], [ -74.992363723523482, 40.125933214227075 ], [ -74.992043969690556, 40.125986496201463 ], [ -74.991702141254365, 40.126071171579689 ], [ -74.991453796836723, 40.126134869770659 ], [ -74.991066287324557, 40.126203935963339 ], [ -74.990782000419259, 40.126268222088683 ], [ -74.990620173429747, 40.126296264040384 ], [ -74.990395324138944, 40.126250863542602 ], [ -74.990293926026538, 40.126230391137689 ], [ -74.990081226725891, 40.126231090678004 ], [ -74.989740814508664, 40.126234529282961 ], [ -74.989559334160731, 40.126234528237028 ], [ -74.98933784425806, 40.126195834500827 ], [ -74.989155834448638, 40.126162442944384 ], [ -74.989058751937606, 40.126109321214194 ], [ -74.989041875257769, 40.126013139397486 ], [ -74.989012192611554, 40.12590649425875 ], [ -74.98898410602321, 40.125760704715354 ], [ -74.989069508875886, 40.125601677456167 ], [ -74.989013507057507, 40.125479887940941 ], [ -74.988938497487197, 40.125418589031064 ], [ -74.988797450634209, 40.125307817571525 ], [ -74.988703768318402, 40.125124900645247 ], [ -74.98850020774384, 40.124692649526295 ], [ -74.988482684839894, 40.124565977222126 ], [ -74.988389806837915, 40.124270615823669 ], [ -74.98836165835327, 40.124172712470951 ], [ -74.98824027051451, 40.124043547665181 ], [ -74.988057503082061, 40.123959343992077 ], [ -74.987838967712122, 40.123941035295488 ], [ -74.987706541011548, 40.123897221980123 ], [ -74.987542658771488, 40.123790255182101 ], [ -74.987385214970075, 40.123664576340609 ], [ -74.987314694983453, 40.123585971982415 ], [ -74.987194840260713, 40.123511985204289 ], [ -74.987045001714549, 40.123477910475962 ], [ -74.986844183308307, 40.12332652032368 ], [ -74.986669451857836, 40.123161243211406 ], [ -74.986519029500883, 40.123048792740803 ], [ -74.986424547400844, 40.123047972979435 ], [ -74.986243306563566, 40.123135040242886 ], [ -74.98603639097098, 40.123249061807385 ], [ -74.985919595480183, 40.123331872819485 ], [ -74.98567431656501, 40.123482701023057 ], [ -74.985527595522541, 40.123603973281355 ], [ -74.985132764050661, 40.123829568065368 ], [ -74.984998438231528, 40.123901798125573 ], [ -74.984864881138819, 40.123931964120018 ], [ -74.984698400330004, 40.123935215536306 ], [ -74.984552458529279, 40.123898330729396 ], [ -74.984454616332201, 40.123840834531457 ], [ -74.984386167358892, 40.123757923261792 ], [ -74.984357905373628, 40.123662918380326 ], [ -74.9843059235846, 40.123593464900559 ], [ -74.984212740024873, 40.123560748956997 ], [ -74.984078537838741, 40.123560424517997 ], [ -74.983975023061276, 40.123595663268802 ], [ -74.983676759491587, 40.123608807072543 ], [ -74.983543499509409, 40.123631721506534 ], [ -74.983438099932613, 40.123620478076951 ], [ -74.983136967084107, 40.123449253987758 ], [ -74.98290564151624, 40.123327594961935 ], [ -74.982819072077831, 40.123271820173578 ], [ -74.982681347456733, 40.123149511470672 ], [ -74.982610959514133, 40.123021566745948 ], [ -74.982585007240758, 40.122916460134121 ], [ -74.982593139371431, 40.122763558587742 ], [ -74.982737545547053, 40.122537025037197 ], [ -74.982756266409012, 40.122448956707544 ], [ -74.982722404013842, 40.122352364966943 ], [ -74.982633486214169, 40.122215268242968 ], [ -74.982476162145744, 40.12192487866227 ], [ -74.982291836490333, 40.121902303209787 ], [ -74.982191819571341, 40.121805571607375 ], [ -74.982251438679384, 40.121688011868031 ], [ -74.982378281637452, 40.121521280553701 ], [ -74.982388150873902, 40.121418484884359 ], [ -74.982411947687325, 40.121298612223242 ], [ -74.982454504994678, 40.121228528876159 ], [ -74.982600037175317, 40.121182692492106 ], [ -74.98276958654985, 40.121150494809115 ], [ -74.982930699356885, 40.121093421818017 ], [ -74.983002233934272, 40.121008074975151 ], [ -74.983067514476701, 40.120890650178964 ], [ -74.983080804258833, 40.120796644666584 ], [ -74.983077694419208, 40.120641297429522 ], [ -74.983033281750068, 40.120455933084443 ], [ -74.982982839219162, 40.120348783839127 ], [ -74.982921294532346, 40.120282001848473 ], [ -74.982787640298241, 40.120222189804139 ], [ -74.982693673663292, 40.120139390472396 ], [ -74.98261806292399, 40.120046873290711 ], [ -74.982514562189095, 40.119989238177354 ], [ -74.982370932338583, 40.119942246488897 ], [ -74.982164099353767, 40.119915502212116 ], [ -74.981980985023981, 40.119909643010111 ], [ -74.981833159789872, 40.119919145567344 ], [ -74.981697247643339, 40.119960859472592 ], [ -74.981587005401337, 40.120022055916095 ], [ -74.981507154924287, 40.120079631797694 ], [ -74.981358078466926, 40.120142795423021 ], [ -74.981203758938435, 40.120172455350328 ], [ -74.981052214297463, 40.120180415748898 ], [ -74.98086939545756, 40.120167307427813 ], [ -74.980725055538556, 40.120137710564087 ], [ -74.980411887903742, 40.120076475793681 ], [ -74.980290984487212, 40.120005359449905 ], [ -74.980104255417785, 40.119850179262393 ], [ -74.979965299747249, 40.119734700758734 ], [ -74.979850400501192, 40.119639213251965 ], [ -74.979736644374114, 40.119531990643729 ], [ -74.979599403903705, 40.119421298900178 ], [ -74.979468817520853, 40.119378971700826 ], [ -74.979283114616592, 40.119344022453326 ], [ -74.979131926045696, 40.119343281859337 ], [ -74.979007878289693, 40.119372217527378 ], [ -74.97889067491154, 40.119418733810662 ], [ -74.978799076491782, 40.11948618247218 ], [ -74.978645311874871, 40.119536894035569 ], [ -74.978478107946628, 40.119500213239384 ], [ -74.978366526809467, 40.119455440495074 ], [ -74.978242597061808, 40.119481476760328 ], [ -74.977975253334762, 40.119594026460291 ], [ -74.977736537712602, 40.119653575667172 ], [ -74.977646005327642, 40.119694926318637 ], [ -74.977567263851128, 40.119794608795502 ], [ -74.977519361281978, 40.120018383577964 ], [ -74.977382444225015, 40.120061519844263 ], [ -74.977246361190922, 40.120061141918093 ], [ -74.977141975368639, 40.120025246691441 ], [ -74.977040724114232, 40.119958955574212 ], [ -74.976928905976763, 40.119919978588413 ], [ -74.976794473753444, 40.119925444603467 ], [ -74.976611352858313, 40.119966013175834 ], [ -74.976398480112451, 40.120040694616428 ], [ -74.976136325279228, 40.120141756869174 ], [ -74.976065674163024, 40.120205353864449 ], [ -74.976028655733288, 40.120278469144594 ], [ -74.976047983967959, 40.12040663733859 ], [ -74.975930597637301, 40.120457498436075 ], [ -74.975772689286231, 40.12041305811772 ], [ -74.975727839433148, 40.120284998611631 ], [ -74.975671239483347, 40.120190033841105 ], [ -74.975566142030132, 40.1201715367323 ], [ -74.975389632770003, 40.120189044203542 ], [ -74.975225985414653, 40.120215570576832 ], [ -74.97510046902913, 40.120211090228452 ], [ -74.974971949839258, 40.120164453819868 ], [ -74.974805498978284, 40.120074818390869 ], [ -74.974687670575435, 40.119997966449326 ], [ -74.974611859609595, 40.119910518223392 ], [ -74.974535927594644, 40.119849188974165 ], [ -74.974426530847438, 40.119797207882357 ], [ -74.974287147750331, 40.119785137431791 ], [ -74.974075354183597, 40.11978728037824 ], [ -74.97360768030309, 40.119806464009095 ], [ -74.973366147641386, 40.119796278270982 ], [ -74.973110687093708, 40.119779951911781 ], [ -74.972991067267017, 40.119793026575344 ], [ -74.972819191051087, 40.119812818960376 ], [ -74.972671814559462, 40.119788218775689 ], [ -74.972558716436865, 40.119688259196131 ], [ -74.972505701255812, 40.119552021189151 ], [ -74.97242841178165, 40.119500815448383 ], [ -74.972238888369375, 40.119420776623777 ], [ -74.972055750952492, 40.1193002598609 ], [ -74.971932974440449, 40.119205870498348 ], [ -74.971858403136693, 40.119134414527153 ], [ -74.971784785265683, 40.119039760097699 ], [ -74.971709765535351, 40.118887027603336 ], [ -74.971602744982121, 40.118800274836303 ], [ -74.971494244813073, 40.118726545401088 ], [ -74.971296189150948, 40.11857809597538 ], [ -74.971206764483043, 40.118454037548737 ], [ -74.971141235320687, 40.118346519837573 ], [ -74.971019744864918, 40.118105592621482 ], [ -74.970913877496784, 40.117921639877444 ], [ -74.970842408300058, 40.117751577575454 ], [ -74.970750384451662, 40.117644869982598 ], [ -74.970613575123522, 40.117524018823786 ], [ -74.970451106257656, 40.117383682460925 ], [ -74.970346601590535, 40.117189604306645 ], [ -74.970267736233353, 40.117084665089486 ], [ -74.970178419408555, 40.117004142626776 ], [ -74.970033981806552, 40.116954214194536 ], [ -74.969890702295885, 40.11696816335359 ], [ -74.969775382229031, 40.117014715040298 ], [ -74.969618721907139, 40.116986256790732 ], [ -74.969478949965449, 40.116914672426105 ], [ -74.969324839640763, 40.116847096021317 ], [ -74.969202288225446, 40.116816559667463 ], [ -74.96908597126972, 40.116841319420388 ], [ -74.968916428519975, 40.116873497001492 ], [ -74.968685209426667, 40.116934659427926 ], [ -74.968439520751929, 40.117025942863677 ], [ -74.96831959234575, 40.11709269806547 ], [ -74.968216300913483, 40.11716856176308 ], [ -74.968124581712445, 40.117215683673166 ], [ -74.968034507501045, 40.117291866071767 ], [ -74.967890191551348, 40.11740011530572 ], [ -74.967732003013481, 40.117523988464747 ], [ -74.967539704988653, 40.117649941113235 ], [ -74.96748347506373, 40.11779950161916 ], [ -74.967461437442481, 40.11787587919558 ], [ -74.967353430568025, 40.117928410186998 ], [ -74.967122222424948, 40.117943130495227 ], [ -74.966949653590561, 40.118002806583007 ], [ -74.966721033439526, 40.118046612204907 ], [ -74.966532600891441, 40.118078329152453 ], [ -74.966383764138769, 40.118112456835 ], [ -74.966079167576211, 40.118234237018655 ], [ -74.965919518330821, 40.11830147890025 ], [ -74.965772688849384, 40.118332751159812 ], [ -74.965591968969505, 40.118406737845618 ], [ -74.965430193968018, 40.118479733194413 ], [ -74.965332500881118, 40.118557181615522 ], [ -74.965260189439235, 40.118614927281648 ], [ -74.965147638964368, 40.118662993163845 ], [ -74.964992914831711, 40.118656343623556 ], [ -74.964835367227934, 40.118626406692606 ], [ -74.964732939848147, 40.118589096699871 ], [ -74.96462727083842, 40.118538649771907 ], [ -74.964533765031874, 40.118468180026412 ], [ -74.964487648421539, 40.118394504175662 ], [ -74.964507360474116, 40.118236805857819 ], [ -74.96448751963284, 40.118121682868875 ], [ -74.964416761219496, 40.117980657811351 ], [ -74.964332558986484, 40.117821891119597 ], [ -74.964280355390159, 40.117620366099224 ], [ -74.964205501853456, 40.117395074416272 ], [ -74.964135284866288, 40.117313151811103 ], [ -74.963997088522603, 40.11722314129122 ], [ -74.963829187684695, 40.117123295625547 ], [ -74.963734554687534, 40.11708036972734 ], [ -74.963574654110431, 40.117038766347612 ], [ -74.963409598494039, 40.11698470034483 ], [ -74.963293538059574, 40.116888288920272 ], [ -74.963219473900338, 40.116758790512527 ], [ -74.963173835813649, 40.116674623670967 ], [ -74.963149833229878, 40.116498795234968 ], [ -74.963140507774384, 40.116357806517925 ], [ -74.963154738175675, 40.116195620613389 ], [ -74.963132355618072, 40.116096399988528 ], [ -74.963113748570152, 40.115997269060031 ], [ -74.963110438780902, 40.115870936989026 ], [ -74.963145876768948, 40.115790530930148 ], [ -74.963248376637083, 40.115642095516868 ], [ -74.963322462303239, 40.115495145696123 ], [ -74.963394212501427, 40.11529009400472 ], [ -74.963412655015901, 40.115209276000229 ], [ -74.963348016946938, 40.115126444583268 ], [ -74.96324764071565, 40.114993407010559 ], [ -74.963144470575841, 40.114767427261235 ], [ -74.963099925231504, 40.11460962150975 ], [ -74.963247800564787, 40.114460833362102 ], [ -74.963456025810444, 40.114200315862313 ], [ -74.963668713033059, 40.113992149374681 ], [ -74.963999924514482, 40.11368237063094 ], [ -74.964090256013861, 40.113553953487042 ], [ -74.964137498690746, 40.113462223776111 ], [ -74.964155352312417, 40.113372685254753 ], [ -74.964136448919248, 40.113280803639348 ], [ -74.964020963918969, 40.113009539385722 ], [ -74.963918445438523, 40.112629753242686 ], [ -74.963877458099347, 40.112431401967797 ], [ -74.963882509409828, 40.112193532423468 ], [ -74.963878986475734, 40.112003346168777 ], [ -74.963848695355907, 40.111912638363052 ], [ -74.963783092804249, 40.111738361001365 ], [ -74.963775577675307, 40.11164530453005 ], [ -74.963794854220197, 40.111544189323752 ], [ -74.96385070057903, 40.111472985592627 ], [ -74.963934173830083, 40.111373425946987 ], [ -74.964044812602268, 40.111210673633863 ], [ -74.964103877068794, 40.111061185169426 ], [ -74.964119733020112, 40.110951279985009 ], [ -74.964119772377316, 40.110858406582054 ], [ -74.964039114003853, 40.110705531736052 ], [ -74.963901459623898, 40.110559980986189 ], [ -74.96383765607645, 40.110456854381802 ], [ -74.963839343859107, 40.110369824714645 ], [ -74.963811435836192, 40.110221129374445 ], [ -74.963745172203986, 40.110086017215053 ], [ -74.963708877856348, 40.109957434177275 ], [ -74.963708796212075, 40.109867461075602 ], [ -74.963770205199637, 40.109752856021544 ], [ -74.963889808425776, 40.109601930539036 ], [ -74.963976815949934, 40.109508262154755 ], [ -74.964073601482184, 40.109452560313557 ], [ -74.964233391410602, 40.10942740937503 ], [ -74.964408129026907, 40.109498396172327 ], [ -74.96450762156617, 40.109468880724258 ], [ -74.964601108134346, 40.109401490022265 ], [ -74.964678435123034, 40.109313391318366 ], [ -74.964736781758319, 40.109181298401239 ], [ -74.964763489353729, 40.109083265434414 ], [ -74.964808602284691, 40.108997287725927 ], [ -74.964905107098971, 40.108902398024817 ], [ -74.965087111555434, 40.108796518214909 ], [ -74.965204521394256, 40.108652793765984 ], [ -74.965385523336067, 40.108387260824557 ], [ -74.965514915216872, 40.108227863806526 ], [ -74.96557978452087, 40.108144981906392 ], [ -74.965583950617599, 40.108065556044075 ], [ -74.965502383240306, 40.107980864075927 ], [ -74.965430672528512, 40.107886253889006 ], [ -74.96536723004634, 40.107774428899418 ], [ -74.965294125933852, 40.107621736041118 ], [ -74.965210765883654, 40.107442675354434 ], [ -74.96512196496262, 40.107304114824906 ], [ -74.965016509309422, 40.107202880458246 ], [ -74.964724820993084, 40.107172596574927 ], [ -74.964420035317417, 40.107139092266792 ], [ -74.964194070386341, 40.107119105530209 ], [ -74.963956775135486, 40.107098842885165 ], [ -74.963708990701434, 40.107058011779372 ], [ -74.963515617169335, 40.106980765565851 ], [ -74.963334882058518, 40.106871901259481 ], [ -74.963248310989542, 40.106771124710882 ], [ -74.963212007188019, 40.106651001358657 ], [ -74.963268341415855, 40.106559740213193 ], [ -74.963387759075147, 40.106507452102399 ], [ -74.963464372377032, 40.106480323305703 ], [ -74.963594544543469, 40.10643994290028 ], [ -74.96365758025506, 40.106377619732292 ], [ -74.963669185432224, 40.10627922187831 ], [ -74.963616039298685, 40.106100891211561 ], [ -74.963691376622947, 40.105969209691871 ], [ -74.963784859177579, 40.105901819636898 ], [ -74.963906084182341, 40.105803176821382 ], [ -74.963962046105976, 40.105729071770561 ], [ -74.963944157982652, 40.105612545068894 ], [ -74.963795979458283, 40.105539297683713 ], [ -74.963591043855374, 40.105467577795473 ], [ -74.963397914465531, 40.105384534274314 ], [ -74.963182845041928, 40.105283544474446 ], [ -74.962963164745858, 40.105202758058994 ], [ -74.962691915466735, 40.105135233652483 ], [ -74.962554472196359, 40.105076756646397 ], [ -74.962497751985424, 40.104985410241163 ], [ -74.962427599839828, 40.10485310335833 ], [ -74.962431653499991, 40.104754523384699 ], [ -74.962466273317318, 40.104647976563136 ], [ -74.962538014246476, 40.104511853687818 ], [ -74.962376724715853, 40.104343962205107 ], [ -74.962090432670664, 40.104136759382335 ], [ -74.961991367508844, 40.104018262825754 ], [ -74.961765612240157, 40.10380962481301 ], [ -74.961563308925633, 40.103674114035357 ], [ -74.961401109539082, 40.103574403016715 ], [ -74.961226985583039, 40.103488913378563 ], [ -74.961140173001311, 40.103435546349253 ], [ -74.961018443595279, 40.103321324333422 ], [ -74.96098827939214, 40.103227718057262 ], [ -74.960993527980861, 40.103100141695329 ], [ -74.961023176999348, 40.103022499139044 ], [ -74.961088065847264, 40.102777373877196 ], [ -74.961197525697926, 40.102597183444537 ], [ -74.9612010280552, 40.102420225558312 ], [ -74.961233419847417, 40.102275895291612 ], [ -74.961288944443666, 40.102120514933013 ], [ -74.96128045155379, 40.101982448334212 ], [ -74.961176491377373, 40.10186818799427 ], [ -74.961100064430639, 40.101796677407542 ], [ -74.961060002620428, 40.101668001835534 ], [ -74.961124075048232, 40.101396736449331 ], [ -74.961224888940549, 40.101288895204661 ], [ -74.961393087767263, 40.10115076071768 ], [ -74.961476192963787, 40.101059901147345 ], [ -74.96164168712636, 40.100895579508574 ], [ -74.96169979393099, 40.100769286983635 ], [ -74.961742559313521, 40.1006484261559 ], [ -74.961766685814609, 40.100521308540294 ], [ -74.961799075533023, 40.100376977195516 ], [ -74.961845417787941, 40.100169133300838 ], [ -74.961852533452003, 40.100088039902047 ], [ -74.961888480505394, 40.099903163628099 ], [ -74.961931006488328, 40.099788102552104 ], [ -74.961994060490653, 40.099679342223325 ], [ -74.962018641400277, 40.099587063861598 ], [ -74.961984344180863, 40.099502063750229 ], [ -74.961916422959646, 40.099407542884798 ], [ -74.961814283042642, 40.099317994055042 ], [ -74.961737501653573, 40.099255184101523 ], [ -74.961678423271536, 40.099175387539553 ], [ -74.961756696366862, 40.09906409502419 ], [ -74.962069375227557, 40.098766932827793 ], [ -74.96207662896866, 40.098636504510161 ], [ -74.961906669538607, 40.098495972709479 ], [ -74.96172254180108, 40.098378315842737 ], [ -74.961605183281463, 40.098291302709356 ], [ -74.9615863471913, 40.098197970397337 ], [ -74.961658600043606, 40.098095238106239 ], [ -74.961773315624967, 40.098016755456122 ], [ -74.961808766558264, 40.097889912503398 ], [ -74.96178710750381, 40.097773293802845 ], [ -74.961721772566776, 40.097707858160277 ], [ -74.961617846686423, 40.097661802015153 ], [ -74.961412938363409, 40.09759007823596 ], [ -74.961189272222356, 40.097514995760839 ], [ -74.961058560584476, 40.097476997244222 ], [ -74.960922763899333, 40.0974708002353 ], [ -74.960789546383495, 40.097493689224187 ], [ -74.960678031040501, 40.097540323516291 ], [ -74.960567468726993, 40.097563761964331 ], [ -74.960461635144554, 40.097564094388133 ], [ -74.960076578914084, 40.097461876208556 ], [ -74.959732577104489, 40.097372260851266 ], [ -74.959625235556572, 40.097317413775123 ], [ -74.959474498904143, 40.097215074539641 ], [ -74.959373992686309, 40.097177808202268 ], [ -74.958765486270352, 40.096899039666297 ], [ -74.958514300345456, 40.096808654698719 ], [ -74.958250661949421, 40.096694865903508 ], [ -74.958166572398568, 40.096626070295038 ], [ -74.958093892328918, 40.09650966232023 ], [ -74.957994903764359, 40.096389713851835 ], [ -74.957651358945981, 40.096105646749344 ], [ -74.957353173708043, 40.09595909061894 ], [ -74.957207604457679, 40.095914921021134 ], [ -74.957057306758628, 40.095893856147882 ], [ -74.956898025020365, 40.095907399328404 ], [ -74.956638907585429, 40.095959150293673 ], [ -74.956460866774449, 40.09596933556449 ], [ -74.956284977625643, 40.095927330320954 ], [ -74.956185430972781, 40.095866863718946 ], [ -74.956090580575108, 40.095738306986284 ], [ -74.956112648396996, 40.09561549425959 ], [ -74.955836403618392, 40.09525759748481 ], [ -74.955758365338355, 40.09513380038586 ], [ -74.955759548942936, 40.095013383319824 ], [ -74.955879154930756, 40.094724605366594 ], [ -74.956007063777278, 40.094463600220237 ], [ -74.956233462091262, 40.094013436330911 ], [ -74.956390874603784, 40.093724126046254 ], [ -74.956401817764601, 40.093550252007184 ], [ -74.956400958395079, 40.093387699681237 ], [ -74.95638074249419, 40.093236286380673 ], [ -74.956372691062086, 40.093064852168297 ], [ -74.956453022120584, 40.092857837007074 ], [ -74.956689996952278, 40.092471779601219 ], [ -74.956822222586894, 40.092289244195122 ], [ -74.956940853824264, 40.092161520517557 ], [ -74.957063736306708, 40.092022292374132 ], [ -74.957115488041907, 40.091866822224645 ], [ -74.957196984714727, 40.091677248214303 ], [ -74.957285175036247, 40.091554591126204 ], [ -74.957441120749465, 40.09134650831755 ], [ -74.957471608121907, 40.09124857047231 ], [ -74.957642130775199, 40.09114532660444 ], [ -74.957813700595466, 40.090833138751833 ], [ -74.957959060822901, 40.090560947103597 ], [ -74.957978219408048, 40.090462733962717 ], [ -74.957963045026617, 40.090372392142079 ], [ -74.9579075408015, 40.090252047948169 ], [ -74.957822311222671, 40.09011937309262 ], [ -74.957792156129429, 40.09002576586812 ], [ -74.957789143108315, 40.089915403803019 ], [ -74.957858273301284, 40.089796635519583 ], [ -74.958028912276646, 40.089690491634798 ], [ -74.958111731428318, 40.089560448074145 ], [ -74.958115551788467, 40.089467664377302 ], [ -74.958114545726204, 40.089354449615954 ], [ -74.958153514482831, 40.089279933826745 ], [ -74.958241397975286, 40.089164525007263 ], [ -74.958228791344553, 40.089011845246482 ], [ -74.958180329965799, 40.08872043554954 ], [ -74.958009151133055, 40.088243196130925 ], [ -74.957868227213368, 40.087903101499627 ], [ -74.957712636757222, 40.087643914710945 ], [ -74.957607980979461, 40.087203119860156 ], [ -74.957622911351393, 40.087069974785365 ], [ -74.958016210994245, 40.086832830175936 ], [ -74.958026000418272, 40.086595076025638 ], [ -74.958032783136801, 40.086476244811678 ], [ -74.958024607739517, 40.086307710975504 ], [ -74.958064252255269, 40.086170813108467 ], [ -74.958202160283676, 40.086033397931672 ], [ -74.958223825265804, 40.085874296023889 ], [ -74.958214502018365, 40.085641882341726 ], [ -74.958250422065817, 40.0852741583642 ], [ -74.95829712294703, 40.085057618206065 ], [ -74.95833940705424, 40.084948355474239 ], [ -74.958626111313947, 40.084592527228281 ], [ -74.95867823230347, 40.084381921507429 ], [ -74.958588160832505, 40.084275249798004 ], [ -74.958420923242969, 40.084207337745042 ], [ -74.958364349003531, 40.084113087997842 ], [ -74.958371821722167, 40.084023296253832 ], [ -74.958401767344796, 40.083938405253065 ], [ -74.958591278383281, 40.08392414323253 ], [ -74.958720694069925, 40.08390116506731 ], [ -74.958901849924516, 40.083722715694201 ], [ -74.958964197997574, 40.083584919094484 ], [ -74.958982898427323, 40.083451866351346 ], [ -74.958942971978203, 40.08332029045313 ], [ -74.958906105525671, 40.083206203023124 ], [ -74.959017046964206, 40.083081195028925 ], [ -74.959133315190613, 40.082918584675816 ], [ -74.959153067770529, 40.082805873096746 ], [ -74.959130342959142, 40.082715348937064 ], [ -74.959037572275719, 40.082582491625331 ], [ -74.958999272838071, 40.082503198667276 ], [ -74.95907588300669, 40.08238606310978 ], [ -74.959268143923595, 40.082370061103937 ], [ -74.959665120823431, 40.082314399849267 ], [ -74.959742388063944, 40.082303567007799 ], [ -74.959858013899506, 40.082248326875344 ], [ -74.959953257013282, 40.082137446947286 ], [ -74.960009800149379, 40.082048847277157 ], [ -74.960049051159388, 40.081921669099053 ], [ -74.960072046351357, 40.08178532613676 ], [ -74.960076712270009, 40.081671913903847 ], [ -74.960077999410018, 40.081535044870506 ], [ -74.960059715373461, 40.081451125457171 ], [ -74.960040249520105, 40.081290379652003 ], [ -74.960105709879343, 40.081178442328977 ], [ -74.96017944313634, 40.081076721240159 ], [ -74.960625903980471, 40.08079038634407 ], [ -74.96081418558272, 40.080651377824246 ], [ -74.960882203496979, 40.08058290873138 ], [ -74.960985098297826, 40.080511946609448 ], [ -74.961097774959455, 40.080414510324992 ], [ -74.961272322651126, 40.08018668501866 ], [ -74.961404835359886, 40.080029628123647 ], [ -74.961522266193285, 40.079922288666729 ], [ -74.961634392466308, 40.079838195165323 ], [ -74.961741636230613, 40.079764660834186 ], [ -74.961892856231884, 40.079662050553374 ], [ -74.961985350249904, 40.079601291330995 ], [ -74.962105839799904, 40.079472323147151 ], [ -74.962130318113708, 40.079352711854554 ], [ -74.962155182036923, 40.079117913887977 ], [ -74.962198790282642, 40.079008783879878 ], [ -74.962268723658241, 40.078893614574213 ], [ -74.962332397837272, 40.078825040228459 ], [ -74.962386532897966, 40.078774076636236 ], [ -74.962486822781528, 40.078663504643359 ], [ -74.96253280493778, 40.078549423034993 ], [ -74.962498523289156, 40.078431725822831 ], [ -74.962429799674737, 40.078253090632451 ], [ -74.962422600951541, 40.078111007657135 ], [ -74.962443944691046, 40.078014694143633 ], [ -74.962512369607879, 40.077936217711724 ], [ -74.962628286902799, 40.077865571013042 ], [ -74.963182673655666, 40.077384840041624 ], [ -74.963285742819551, 40.077203694231073 ], [ -74.963393725361698, 40.077114488709888 ], [ -74.963504747044936, 40.077057079088839 ], [ -74.963635975705856, 40.077036887072509 ], [ -74.963778994287395, 40.077047032463049 ], [ -74.964322458294504, 40.077043513110652 ], [ -74.964810546137087, 40.077165438261986 ], [ -74.964931880856554, 40.077180313544339 ], [ -74.96504091549383, 40.077195997139917 ], [ -74.965148051295984, 40.077206220968435 ], [ -74.965254217414511, 40.077216350915592 ], [ -74.965440385150217, 40.077234217650883 ], [ -74.965735110331323, 40.077254714219954 ], [ -74.966030246495706, 40.077265202756372 ], [ -74.966182430568153, 40.077263881154821 ], [ -74.966297245187221, 40.077219916470611 ], [ -74.966488344324517, 40.077117696029937 ], [ -74.966595980220859, 40.077036827649565 ], [ -74.966669151546824, 40.076948447512464 ], [ -74.96674930682947, 40.076689944528155 ], [ -74.966773792526311, 40.076516909823042 ], [ -74.966820501112252, 40.07643790503122 ], [ -74.966940203014005, 40.07638070060608 ], [ -74.967267646852576, 40.076345222609682 ], [ -74.967551122216349, 40.076322034824841 ], [ -74.967807174141669, 40.07633157347378 ], [ -74.968281703934963, 40.076313010943444 ], [ -74.968744028706269, 40.076274114837098 ], [ -74.968892141453665, 40.076266012423304 ], [ -74.969082856489109, 40.076278976089938 ], [ -74.969295247480815, 40.076399310349075 ], [ -74.969479910747978, 40.076453865465773 ], [ -74.969626862584633, 40.076474115071399 ], [ -74.969786104655867, 40.076459602916721 ], [ -74.96989990768833, 40.076387229189677 ], [ -74.970010785999563, 40.076333147546514 ], [ -74.970109049791972, 40.076268745244946 ], [ -74.970250187292663, 40.076218733812269 ], [ -74.970367426136022, 40.076221569602311 ], [ -74.970510171690037, 40.076238379676468 ], [ -74.970692135697604, 40.076252796895204 ], [ -74.970837202921814, 40.076212897905776 ], [ -74.970940352842874, 40.076135256497409 ], [ -74.971053144634254, 40.076034474365549 ], [ -74.971170279902481, 40.075933797158882 ], [ -74.971260265634257, 40.075859175630384 ], [ -74.971347278697692, 40.075751092958612 ], [ -74.971380953634124, 40.075671769504517 ], [ -74.971414422190307, 40.07559745281101 ], [ -74.971396539286147, 40.075503527058608 ], [ -74.971348397100783, 40.075405532987588 ], [ -74.971288729579314, 40.075270528034046 ], [ -74.971231631538458, 40.075178995192658 ], [ -74.971235731747143, 40.075078923124487 ], [ -74.971248514684106, 40.074979062810101 ], [ -74.971279624590011, 40.074856271851665 ], [ -74.971318326236542, 40.074760374915328 ], [ -74.971365844773345, 40.074661354488889 ], [ -74.97145107957472, 40.074596635186985 ], [ -74.971591939233946, 40.074553295134208 ], [ -74.971618569111982, 40.074433735154798 ], [ -74.971574837176505, 40.07433417540156 ], [ -74.971486388729133, 40.074265257574716 ], [ -74.971270135263609, 40.074133145184831 ], [ -74.971078979716651, 40.074025014891937 ], [ -74.971027043307771, 40.07391357140299 ], [ -74.971035758425501, 40.073806933088377 ], [ -74.971104718192038, 40.073715109117131 ], [ -74.971198632390937, 40.073650599006385 ], [ -74.971537920480401, 40.073431750052357 ], [ -74.971732044203293, 40.073361315768288 ], [ -74.971872488892302, 40.073327981711451 ], [ -74.972012936921615, 40.07329464846805 ], [ -74.972128287528491, 40.073237335482297 ], [ -74.972218817438943, 40.073149370780037 ], [ -74.972271088229462, 40.073040446793378 ], [ -74.972296485655704, 40.072950906723058 ], [ -74.972331115480131, 40.072848235034975 ], [ -74.972412500497256, 40.072452860454227 ], [ -74.972433558655524, 40.072363214573848 ], [ -74.972500151031028, 40.072222918060454 ], [ -74.972573719393438, 40.07212452413642 ], [ -74.972654333030448, 40.072066371984825 ], [ -74.972796415993486, 40.071993008538385 ], [ -74.972916517077778, 40.071925791528002 ], [ -74.973061983440189, 40.071875883316125 ], [ -74.973211794385847, 40.071826078107655 ], [ -74.97338020240052, 40.071746673157342 ], [ -74.973501051181287, 40.071661108899839 ], [ -74.973583916602408, 40.071547915456058 ], [ -74.973604971686669, 40.071458271128364 ], [ -74.973623854368014, 40.071368574310306 ], [ -74.973668243773645, 40.071292848523477 ], [ -74.973806460710932, 40.07120770449729 ], [ -74.973975411426494, 40.071114956165992 ], [ -74.974117625162435, 40.071038254956157 ], [ -74.974258203878662, 40.071001582895065 ], [ -74.974415875227507, 40.070972001361589 ], [ -74.974610330243067, 40.070893221130831 ], [ -74.97480017054427, 40.07082101057005 ], [ -74.974898284211079, 40.07075993839608 ], [ -74.97497984844712, 40.070678433884865 ], [ -74.975039839837507, 40.070593068092052 ], [ -74.975069987900795, 40.070493625930112 ], [ -74.975099994701154, 40.070397519717623 ], [ -74.975120991635933, 40.070256118073289 ], [ -74.975096343454879, 40.070061860283175 ], [ -74.97510464343128, 40.069965228978106 ], [ -74.975164224547086, 40.069889872230981 ], [ -74.975249312117128, 40.06982848523765 ], [ -74.97534728750712, 40.069770747848295 ], [ -74.975457878897572, 40.069723333101791 ], [ -74.975580540573503, 40.069699582549006 ], [ -74.975722206050037, 40.069636223691923 ], [ -74.975966871309723, 40.069498553039743 ], [ -74.976183300656842, 40.06941362564573 ], [ -74.976400547990522, 40.069308681406142 ], [ -74.976607748561207, 40.069236885238119 ], [ -74.976731906918374, 40.069176440194873 ], [ -74.976826972215491, 40.069083573430852 ], [ -74.976871093586027, 40.068961095243687 ], [ -74.976910327094743, 40.068851854741439 ], [ -74.977005616898452, 40.068647137142804 ], [ -74.977077562453204, 40.068481921309633 ], [ -74.977151801886663, 40.068366847665573 ], [ -74.977203244003022, 40.068277936978355 ], [ -74.977269344164881, 40.068149310299489 ], [ -74.977328513444306, 40.068083957973037 ], [ -74.977458719108313, 40.067981920573054 ], [ -74.977626972774871, 40.067905844472762 ], [ -74.977856965534627, 40.067807884785346 ], [ -74.97800812722312, 40.067724716165166 ], [ -74.97815942476231, 40.067638213971094 ], [ -74.97837054917953, 40.067576527532346 ], [ -74.978616271534051, 40.067519012746104 ], [ -74.978880994967838, 40.067421886933467 ], [ -74.979091846694203, 40.067366870449668 ], [ -74.979181404718702, 40.067302250041244 ], [ -74.979411664554618, 40.067197615057992 ], [ -74.979580335251725, 40.067058104670508 ], [ -74.979712023024163, 40.066972796486688 ], [ -74.979791747684246, 40.066882896035317 ], [ -74.979840408671762, 40.066755518159518 ], [ -74.979908403236266, 40.066633614503758 ], [ -74.980047623380187, 40.066523444140216 ], [ -74.980164181690427, 40.066436100168396 ], [ -74.980267171058216, 40.066361785553532 ], [ -74.980377618406024, 40.066317702170892 ], [ -74.98051356836109, 40.066287589017371 ], [ -74.980675704268123, 40.06625476746634 ], [ -74.980752235529764, 40.066189832838006 ], [ -74.980856858046252, 40.06607548924989 ], [ -74.980921452339203, 40.065983553749852 ], [ -74.980966927263438, 40.065827715907801 ], [ -74.980946256509554, 40.065695327413714 ], [ -74.980920632191726, 40.065577845758682 ], [ -74.980968053016952, 40.065509355770715 ], [ -74.98093027752607, 40.065434396469655 ], [ -74.980768181852682, 40.065203528690908 ], [ -74.980692045146199, 40.065084552028118 ], [ -74.980670340612889, 40.065009761003779 ], [ -74.9810605505252, 40.06492588830352 ], [ -74.980966422604297, 40.064669071563905 ], [ -74.980925476006192, 40.064501132916853 ], [ -74.980906523611679, 40.064220200441547 ], [ -74.980913196150951, 40.064056750560383 ], [ -74.980936826534688, 40.063903725645659 ], [ -74.980981072095247, 40.063777910637398 ], [ -74.98101970108975, 40.063576831836066 ], [ -74.981039125356418, 40.063420367080454 ], [ -74.98108309926242, 40.063301223316842 ], [ -74.981096139053037, 40.063194688808892 ], [ -74.981091269100787, 40.063101080141138 ], [ -74.981015727044252, 40.062928969314683 ], [ -74.980933394786817, 40.062816797885041 ], [ -74.980864493240446, 40.062694932899845 ], [ -74.980803391505205, 40.062594960806145 ], [ -74.980807204418355, 40.062501561383577 ], [ -74.980828789532012, 40.062398572212558 ], [ -74.980867879067063, 40.062292665554871 ], [ -74.980911581380695, 40.062180193136591 ], [ -74.980985262728481, 40.062078460394027 ], [ -74.981007255904231, 40.061965464748049 ], [ -74.981028980237454, 40.061859139541276 ], [ -74.98101488116157, 40.061778664081942 ], [ -74.981001194136923, 40.061688181366023 ], [ -74.980953047956859, 40.061590189439549 ], [ -74.98090823684862, 40.061410473411634 ], [ -74.980916936003339, 40.061303834300546 ], [ -74.980934316211204, 40.061197404410898 ], [ -74.980942879115986, 40.06109410137644 ], [ -74.98092566640085, 40.06098350110188 ], [ -74.980916864905893, 40.060879778663697 ], [ -74.980885675267103, 40.060792213447407 ], [ -74.98084227891745, 40.060684318743149 ], [ -74.980767267754715, 40.060605713579506 ], [ -74.980547518690386, 40.060453500200644 ], [ -74.980480849725623, 40.0603834452277 ], [ -74.980424159294131, 40.060281907707754 ], [ -74.980432313074175, 40.060188612916242 ], [ -74.980484560696539, 40.060079685114836 ], [ -74.980556336227863, 40.060024651504314 ], [ -74.980666499552939, 40.059987239059275 ], [ -74.980815189222412, 40.059964111646053 ], [ -74.98093362472224, 40.059936915515799 ], [ -74.981087607779813, 40.059890541600986 ], [ -74.981207950354175, 40.059816644592907 ], [ -74.98131119964566, 40.059735657726179 ], [ -74.981401155088278, 40.059661028247156 ], [ -74.9815244907102, 40.059513745204455 ], [ -74.981611194248046, 40.059412325024724 ], [ -74.981989679251896, 40.058975688220492 ], [ -74.982103651080465, 40.058844873114673 ], [ -74.982185737938536, 40.058750020037401 ], [ -74.98229698706713, 40.05868592007311 ], [ -74.982475120195005, 40.058580023075194 ], [ -74.982608755676196, 40.058499767974396 ], [ -74.982754324559039, 40.058446511433694 ], [ -74.982957958923279, 40.058354584481357 ], [ -74.983327587759646, 40.058134764352999 ], [ -74.983513991503102, 40.058039083961425 ], [ -74.983685198494271, 40.057996460812049 ], [ -74.983839310166374, 40.057946746193579 ], [ -74.983996812114512, 40.057920488508849 ], [ -74.984111038457755, 40.057889848521448 ], [ -74.984247377909256, 40.057849722684892 ], [ -74.984371646902872, 40.057785935123505 ], [ -74.984538520049526, 40.057636357750702 ], [ -74.984913498682118, 40.057391619924665 ], [ -74.985065308265334, 40.057291764249797 ], [ -74.985151663828645, 40.057198679800194 ], [ -74.985185854792149, 40.057106011421311 ], [ -74.985180980806788, 40.057012402923824 ], [ -74.985143752330828, 40.056913005854298 ], [ -74.984949714063802, 40.05671634363388 ], [ -74.98481963186434, 40.056603025686584 ], [ -74.984693073355103, 40.056509825842809 ], [ -74.984588764978099, 40.056403805800862 ], [ -74.984493411619312, 40.056291325204683 ], [ -74.984409991424073, 40.056205842147591 ], [ -74.984337635219362, 40.056062192897386 ], [ -74.984295053469509, 40.055934286589057 ], [ -74.984283759975824, 40.05587538670725 ], [ -74.984269969934601, 40.055803460349722 ], [ -74.984263202683977, 40.055649703139572 ], [ -74.984259416890126, 40.055529407689249 ], [ -74.984248835722369, 40.055410642653349 ], [ -74.984252250911624, 40.055278811175619 ], [ -74.984226965995305, 40.055152990006178 ], [ -74.984178207783657, 40.055070010877792 ], [ -74.984064066107109, 40.054992135393768 ], [ -74.983943901895685, 40.05491967708069 ], [ -74.983796847748891, 40.054832108124572 ], [ -74.983735543628072, 40.054737139844896 ], [ -74.98367966917435, 40.054615589193865 ], [ -74.983619588425881, 40.054490599664966 ], [ -74.983475402979906, 40.054403652597365 ], [ -74.982791239350504, 40.053919714941244 ], [ -74.982539011880846, 40.053818478172843 ], [ -74.982322516405489, 40.053799906126429 ], [ -74.982205361218504, 40.053769987572842 ], [ -74.981912222800915, 40.053710090556393 ], [ -74.981827139926949, 40.053694478450012 ], [ -74.98171107702079, 40.05366050205658 ], [ -74.981590984199769, 40.053625346246157 ], [ -74.981392397803489, 40.05359384924926 ], [ -74.981100674192191, 40.053593496251949 ], [ -74.981044562800648, 40.053592228528402 ], [ -74.981010138674051, 40.053591314107344 ], [ -74.980941021214633, 40.053599959083947 ], [ -74.980831077925572, 40.053613710265516 ], [ -74.980703125355575, 40.053624299680735 ], [ -74.980630155685674, 40.053630079020827 ], [ -74.980491138048976, 40.053638905687521 ], [ -74.980286849094341, 40.053640658429828 ], [ -74.980200348348703, 40.053637124904576 ], [ -74.98016671564524, 40.053635751745482 ], [ -74.980121062018739, 40.05363388690381 ], [ -74.980087311116876, 40.053632508168342 ], [ -74.980041275000715, 40.053626800922075 ], [ -74.980001683525401, 40.053621891511931 ], [ -74.979937367189393, 40.05361391698478 ], [ -74.979836568491763, 40.05360141969355 ], [ -74.979725814946732, 40.053549177556583 ], [ -74.979686138861595, 40.053530462506863 ], [ -74.979657526149253, 40.053516966514835 ], [ -74.979642159662575, 40.053505110916944 ], [ -74.979579381893871, 40.053456678306624 ], [ -74.979510095246766, 40.053403223814179 ], [ -74.979380435964117, 40.05327989322376 ], [ -74.979141325002018, 40.053070446581465 ], [ -74.978864375881727, 40.05283003598948 ], [ -74.97855513523956, 40.052635591381119 ], [ -74.978006203986098, 40.052206913215691 ], [ -74.976838289226478, 40.05115910201166 ], [ -74.976076659036522, 40.050475769910307 ], [ -74.974784143947886, 40.049316088804062 ], [ -74.975261961759387, 40.048745620231628 ], [ -74.975760897763621, 40.048149927074434 ], [ -74.976214018523009, 40.04769951458843 ], [ -74.976639957638582, 40.047407531906671 ], [ -74.98111308745122, 40.051381804226409 ], [ -74.982089316172221, 40.052312555296126 ], [ -74.982733522937124, 40.053015745623412 ], [ -74.983796320948315, 40.054203567734376 ], [ -74.983965725272554, 40.054627501257748 ], [ -74.9840168814669, 40.054708509021147 ], [ -74.984098781710287, 40.054783732310938 ], [ -74.984151556709406, 40.054828146947905 ], [ -74.984257386604511, 40.05490393180883 ], [ -74.984392331349753, 40.055017035967204 ], [ -74.984517958668675, 40.055149425596838 ], [ -74.984754337618696, 40.055358582041649 ], [ -74.985003026755592, 40.055576453819221 ], [ -74.985293167775595, 40.055829046832208 ], [ -74.985906824660901, 40.056378300947813 ], [ -74.987980160780864, 40.058216313966021 ], [ -74.989286928797995, 40.059376521477738 ], [ -74.99043257230062, 40.060397207455075 ], [ -74.99051053375122, 40.060438488973588 ], [ -74.990642305549883, 40.060502087368789 ], [ -74.990855413863883, 40.060660807330748 ], [ -74.991101057094838, 40.060825343279625 ], [ -74.991303425051981, 40.060925889352951 ], [ -74.991493516607378, 40.061005994283541 ], [ -74.99170939033425, 40.061096790861342 ], [ -74.991945724882498, 40.061167934864386 ], [ -74.992397117620285, 40.061269418680958 ], [ -74.992814030978408, 40.06133230332663 ], [ -74.993217747299084, 40.061397389171439 ], [ -74.993567752270181, 40.061493917999648 ], [ -74.993952240824157, 40.061629044655717 ], [ -74.994276980819677, 40.061782881164063 ], [ -74.994514685436144, 40.061915309701988 ], [ -74.995305486369674, 40.062365337040596 ], [ -74.99842080889789, 40.064138077648771 ], [ -74.99902373253299, 40.064481144106772 ], [ -75.000203200191606, 40.065151976380022 ], [ -75.002903651779846, 40.066683276351604 ], [ -75.007270050004891, 40.069162842833201 ], [ -75.011330666242117, 40.071180051445147 ], [ -75.013127685067246, 40.072072680343311 ], [ -75.014088715378975, 40.072643652374104 ], [ -75.015065056965881, 40.073179433645507 ], [ -75.016836474827841, 40.074171198321928 ], [ -75.017051160449483, 40.074291391641218 ], [ -75.01714477252419, 40.074343800429517 ], [ -75.021749375449758, 40.076956449037375 ], [ -75.023714602785461, 40.077995738904562 ], [ -75.025378455331946, 40.078944416993515 ], [ -75.028449738536139, 40.080679391125834 ], [ -75.028605919220695, 40.080771095268631 ], [ -75.029361003674794, 40.079965540863881 ], [ -75.030244990854911, 40.079059110481367 ], [ -75.032651561305315, 40.076563913553294 ], [ -75.033456329819828, 40.075733552485609 ], [ -75.033944686603178, 40.075225856400216 ], [ -75.034840304235431, 40.074308025730154 ], [ -75.036880579289175, 40.072209186628378 ], [ -75.037975901475519, 40.071078701239379 ], [ -75.038951066349725, 40.070056708807094 ], [ -75.039372740313638, 40.069555342010169 ], [ -75.039527498081284, 40.069358566524642 ], [ -75.039900550389333, 40.068716498251497 ], [ -75.040271651331409, 40.067920508793406 ], [ -75.041048568211778, 40.066194370668534 ], [ -75.04117363314954, 40.065916494320966 ], [ -75.041333508885842, 40.065974787552236 ], [ -75.041470182981158, 40.066018667392591 ], [ -75.041812788653417, 40.066127861294014 ], [ -75.042147043453795, 40.066224442691194 ], [ -75.04252300081987, 40.06630933607584 ], [ -75.042891475725781, 40.066375041588699 ], [ -75.04311837397681, 40.066475428752987 ], [ -75.043319295125045, 40.066606881726607 ], [ -75.043508441818773, 40.066826762563778 ], [ -75.043679089785869, 40.0670968958757 ], [ -75.043782566420475, 40.067397128713175 ], [ -75.043863029548618, 40.068067475794614 ], [ -75.043887398760987, 40.068283475149997 ], [ -75.04385971299034, 40.068770698710772 ], [ -75.043761915568766, 40.069154894984841 ], [ -75.04357575655807, 40.069479984511119 ], [ -75.043025134016503, 40.070464942591414 ], [ -75.04285241512595, 40.070866381813559 ], [ -75.042761683643278, 40.071073333616233 ], [ -75.042488418338195, 40.07130766563958 ], [ -75.042084737045144, 40.071709997099461 ], [ -75.041812730645262, 40.071912676397261 ], [ -75.041474301484882, 40.072126460984542 ], [ -75.041361370412233, 40.072269529473608 ], [ -75.041321081240937, 40.072452325411149 ], [ -75.041388158590053, 40.072631315890007 ], [ -75.041612044628863, 40.072807665089009 ], [ -75.041854179577626, 40.072940093341636 ], [ -75.042341358555859, 40.073132150758376 ], [ -75.042730041790193, 40.073312381403532 ], [ -75.042996646614313, 40.073451719798484 ], [ -75.04338088274055, 40.073536802586567 ], [ -75.043673472601427, 40.073645069605227 ], [ -75.04388862161349, 40.073833881629398 ], [ -75.04387877137242, 40.074080755014847 ], [ -75.043811748421234, 40.074313610618461 ], [ -75.043580587335171, 40.07473268233386 ], [ -75.043481865394668, 40.074933111274618 ], [ -75.043471308329359, 40.075012373869093 ], [ -75.043446536501875, 40.075198392205188 ], [ -75.043504371564936, 40.075402508246405 ], [ -75.043816668455023, 40.075843883366908 ], [ -75.043982385910923, 40.076031529182501 ], [ -75.044200986268336, 40.076340808020944 ], [ -75.044375447849959, 40.076515986745726 ], [ -75.044610196067808, 40.076714260021014 ], [ -75.044742627523959, 40.076822426205062 ], [ -75.044827713903615, 40.07696382122397 ], [ -75.044893542533828, 40.077174459839888 ], [ -75.044961897516984, 40.077321798879829 ], [ -75.045054974036688, 40.077469718840113 ], [ -75.045181767738825, 40.077599422869817 ], [ -75.04534926028883, 40.077742758709036 ], [ -75.0456148782241, 40.077907411002634 ], [ -75.04595415584771, 40.078086466332792 ], [ -75.046311430385543, 40.07822792881359 ], [ -75.046718651818466, 40.078357892683321 ], [ -75.047070465160644, 40.078429529168965 ], [ -75.047431527690478, 40.078476036507716 ], [ -75.047779388550055, 40.078439863979703 ], [ -75.048183670578211, 40.078436697653629 ], [ -75.048832264437266, 40.078512133726328 ], [ -75.049408333152073, 40.078544680460126 ], [ -75.049737194105617, 40.078571417136061 ], [ -75.049959179096916, 40.078589303133221 ], [ -75.050157200837987, 40.07858761908507 ], [ -75.050389948608171, 40.07854239912011 ], [ -75.050648423197075, 40.078472438335005 ], [ -75.050966344494725, 40.078359520016477 ], [ -75.051228093642763, 40.07820726754548 ], [ -75.051506572205724, 40.078049069364091 ], [ -75.051685916636117, 40.077894879164539 ], [ -75.051865510852934, 40.077734360215459 ], [ -75.051986163295581, 40.0776041353393 ], [ -75.052128262886725, 40.077556783823098 ], [ -75.052343014224959, 40.077549152659046 ], [ -75.0526314211684, 40.07755592218561 ], [ -75.052912850019126, 40.077530845562329 ], [ -75.053252966074368, 40.077481803492148 ], [ -75.053461741807865, 40.077417006472125 ], [ -75.053623089281572, 40.077300407111942 ], [ -75.053777578756808, 40.077148798717673 ], [ -75.053868285931316, 40.076941838323449 ], [ -75.05392961576257, 40.076436395941172 ], [ -75.053966166039842, 40.076139460659824 ], [ -75.053995416327624, 40.076026097060996 ], [ -75.054147258832003, 40.075940955721485 ], [ -75.054313822530631, 40.075900511648236 ], [ -75.054559767084669, 40.075937960301111 ], [ -75.054792806094824, 40.076089045594415 ], [ -75.054984668188879, 40.076245717162074 ], [ -75.055173124968277, 40.076484569424245 ], [ -75.05534535391088, 40.076716704694554 ], [ -75.055376205401899, 40.076784425265203 ], [ -75.055524973479777, 40.076671328095912 ], [ -75.057583620049783, 40.075106252638179 ], [ -75.057822339829485, 40.074917383728312 ], [ -75.058060018024889, 40.074727684419734 ], [ -75.05829722217851, 40.074537601414271 ], [ -75.058534507936017, 40.0743475856356 ], [ -75.058772439145997, 40.074158088195368 ], [ -75.059011575005329, 40.073969559190104 ], [ -75.059252477090695, 40.073782447866563 ], [ -75.059495709215497, 40.073597206222239 ], [ -75.059741874533955, 40.073414299785298 ], [ -75.059991495524315, 40.073234039913601 ], [ -75.060244251552774, 40.073056230761843 ], [ -75.060499704787262, 40.072880615176501 ], [ -75.060757414945556, 40.072706938653305 ], [ -75.061016946434222, 40.072534946801774 ], [ -75.061277863624468, 40.072364386135206 ], [ -75.061540751369094, 40.072195651467965 ], [ -75.061806185926599, 40.072029147319469 ], [ -75.062073922430358, 40.071864749006721 ], [ -75.06234372144462, 40.071702342788321 ], [ -75.062615335653902, 40.071541806631494 ], [ -75.062888510789506, 40.071382986806313 ], [ -75.063162771927651, 40.07122517118583 ], [ -75.063438171867645, 40.071068388929092 ], [ -75.063714961873501, 40.070913018032137 ], [ -75.063993387354898, 40.070759436351238 ], [ -75.064273697134269, 40.070608024523786 ], [ -75.064556140322864, 40.070459155982164 ], [ -75.064841300355184, 40.070313557969222 ], [ -75.065130634528202, 40.070172754836676 ], [ -75.065423273696567, 40.070035772043958 ], [ -75.065718040265665, 40.069901308884987 ], [ -75.066013758829797, 40.069768068320805 ], [ -75.066309270797348, 40.069634772639752 ], [ -75.066604925653564, 40.069501777806622 ], [ -75.066901356581511, 40.069369768979534 ], [ -75.067198522333484, 40.069238721762297 ], [ -75.06749638627781, 40.06910861366898 ], [ -75.067827445307685, 40.068964671976843 ], [ -75.067356528461701, 40.068728354749233 ], [ -75.065846780966524, 40.067832099023889 ], [ -75.065026689786436, 40.067345239044961 ], [ -75.069880244438522, 40.061825341066935 ], [ -75.070311021141336, 40.062054774046096 ], [ -75.070531971672679, 40.06213715241195 ], [ -75.070860826081244, 40.062227987896463 ], [ -75.07128377583615, 40.062285371006297 ], [ -75.072141345445644, 40.06237571779026 ], [ -75.072437941497739, 40.062425141023951 ], [ -75.072751115842692, 40.062521544358724 ], [ -75.072948429407774, 40.062615247421547 ], [ -75.073304910951748, 40.062813113358558 ], [ -75.073543243958511, 40.062936481673376 ], [ -75.075375960105887, 40.06397178792426 ], [ -75.075991164431471, 40.064343461489187 ], [ -75.077155892358675, 40.065044763331727 ], [ -75.077360011069302, 40.065432064324057 ], [ -75.077507470849639, 40.065684579888121 ], [ -75.077673545958845, 40.065967024562532 ], [ -75.077718666534935, 40.066036330276923 ], [ -75.07788736990571, 40.066227749755065 ], [ -75.078051557979904, 40.066361770545818 ], [ -75.078901608809247, 40.066836356329084 ], [ -75.080965670991645, 40.067975524369693 ], [ -75.082040902131823, 40.068052428200794 ], [ -75.08372661331812, 40.068174970048716 ], [ -75.084322060634904, 40.068303388583907 ], [ -75.08462537770771, 40.068369307284783 ], [ -75.085310322240304, 40.068513075978174 ], [ -75.087076448862874, 40.068565824165326 ], [ -75.087232662573157, 40.068391169818135 ], [ -75.089028827484043, 40.066599282793035 ], [ -75.090370588753586, 40.065276197658697 ], [ -75.091958606997252, 40.066200121654788 ], [ -75.09324449349954, 40.066948227979921 ], [ -75.096738274171827, 40.068980692227356 ], [ -75.094042602338959, 40.071633291332247 ], [ -75.093842520844049, 40.071830598241405 ], [ -75.089960672749953, 40.075661165003716 ], [ -75.089519950563883, 40.076096031543074 ], [ -75.08919075429408, 40.076408780974099 ], [ -75.087938309915998, 40.077598613149576 ], [ -75.086899049472891, 40.078646314823636 ], [ -75.085365493201067, 40.080108237248055 ], [ -75.083904687875389, 40.081490066481848 ], [ -75.082457877701998, 40.082885129499637 ], [ -75.081687604179066, 40.083621315787092 ], [ -75.081189150627097, 40.08411784251679 ], [ -75.077802379977399, 40.085770605909346 ], [ -75.076285036276616, 40.087341841660489 ], [ -75.076211014237245, 40.087418492929267 ], [ -75.071233623508519, 40.092572003737814 ], [ -75.070708814004931, 40.093115325291187 ], [ -75.069456108943456, 40.094412170981187 ], [ -75.067174593893185, 40.096773920430905 ], [ -75.065670044286577, 40.09833126249935 ], [ -75.064933619753717, 40.099093495198709 ], [ -75.06424298959648, 40.099807689376121 ], [ -75.06374502815811, 40.100322628544852 ], [ -75.06356510805314, 40.100515285556895 ], [ -75.062820353806842, 40.101283120986437 ], [ -75.061417017236948, 40.102729883086717 ], [ -75.060315635585837, 40.10386867620101 ], [ -75.059552964527001, 40.104657225718285 ], [ -75.059228015732543, 40.104993193756627 ], [ -75.058424170653382, 40.105823883950634 ], [ -75.058291279581923, 40.105916805882501 ], [ -75.055333612282809, 40.107986636639524 ], [ -75.054269743834894, 40.108731101595644 ], [ -75.052973309171591, 40.109638273870011 ], [ -75.048557278944486, 40.11272003648125 ], [ -75.039043582032221, 40.119357713320625 ], [ -75.038337686678901, 40.119871126480035 ], [ -75.037908704225458, 40.120168544799732 ], [ -75.031653682024114, 40.124504749887315 ], [ -75.025786979680703, 40.128570942267174 ], [ -75.025355380984806, 40.128890384928482 ], [ -75.024892884912461, 40.129217736855146 ], [ -75.020572280051724, 40.132275598853774 ], [ -75.017950794755421, 40.134849317498649 ], [ -75.014965688654911, 40.137926734596576 ], [ -75.014560670780455, 40.1376806589331 ], [ -75.013868426298487, 40.137259364421588 ], [ -75.012233942654092, 40.136258288870401 ], [ -75.011459333751958, 40.13578384504617 ], [ -75.010622199117705, 40.135271089504386 ], [ -75.010427757361683, 40.135151989303758 ], [ -75.009463202640319, 40.134571135533143 ], [ -75.009093817368793, 40.13435618570827 ], [ -75.008335967762875, 40.133915176160528 ], [ -75.006901785580993, 40.133080561825352 ], [ -75.005958612356167, 40.132531913309087 ], [ -75.003270014266604, 40.13096784691971 ], [ -75.000951722854623, 40.129611280464566 ], [ -74.999740117197931, 40.128907036694947 ], [ -74.998534690545725, 40.128197938185671 ] ] ] } }
]
}
