{
"type": "FeatureCollection",
"name": "catchments_ms",
"crs": { "type": "name", "properties": { "name": "urn:ogc:def:crs:OGC:1.3:CRS84" } },
"features": [
{ "type": "Feature", "properties": { "MS_ID": "1130", "MS_Name": "Tilden, William", "MS_Grade": "5-8" }, "geometry": { "type": "Polygon", "coordinates": [ [ [ -75.213919237840713, 39.929412998567209 ], [ -75.213474010166919, 39.929327276329566 ], [ -75.211932467407792, 39.929304550225062 ], [ -75.210743554246989, 39.929267201457165 ], [ -75.211160537468118, 39.928406227444718 ], [ -75.211576304820099, 39.927608832401482 ], [ -75.212147221216824, 39.926347893775571 ], [ -75.2124034902631, 39.925391307200861 ], [ -75.212558014111181, 39.92420605590867 ], [ -75.212367731396611, 39.923395248822935 ], [ -75.211954448365759, 39.922650256788586 ], [ -75.211116703134039, 39.921952470057143 ], [ -75.209941368010547, 39.921190596095826 ], [ -75.208883167744546, 39.920983189008737 ], [ -75.207711093453923, 39.920872302717115 ], [ -75.206478643116256, 39.920901574082293 ], [ -75.205240901149082, 39.921072222050803 ], [ -75.203753481983398, 39.92103920149291 ], [ -75.202621675466858, 39.920589535899154 ], [ -75.202039540570226, 39.919939811356137 ], [ -75.201994528607543, 39.919781946952661 ], [ -75.201844627725123, 39.919256237059905 ], [ -75.201944575108826, 39.918550913909932 ], [ -75.202463861633234, 39.917444533142344 ], [ -75.20359825025902, 39.915615965798992 ], [ -75.204108834833164, 39.914495235089639 ], [ -75.204704144634945, 39.913319778727612 ], [ -75.205422666925799, 39.912288564424024 ], [ -75.206358320653379, 39.911347068097314 ], [ -75.207216129997846, 39.911012324931868 ], [ -75.208480502756288, 39.910615834252646 ], [ -75.209491383966537, 39.910609938141782 ], [ -75.212279003769424, 39.910756583074331 ], [ -75.213561389884205, 39.910615150981968 ], [ -75.214645806191967, 39.910115556509176 ], [ -75.215307921057587, 39.90960661702622 ], [ -75.215683644214565, 39.908893231045681 ], [ -75.215696464108163, 39.907563337006181 ], [ -75.215457612897822, 39.905591091598396 ], [ -75.215111478205699, 39.903786283051382 ], [ -75.214686441147393, 39.90188067180712 ], [ -75.214052011475729, 39.900663816645171 ], [ -75.213583251415216, 39.899931753250279 ], [ -75.212110552751284, 39.898285960912069 ], [ -75.211572290800078, 39.897836224048731 ], [ -75.210631792380283, 39.897050385553577 ], [ -75.209537912290003, 39.896332755669114 ], [ -75.208116811443375, 39.895522952552717 ], [ -75.206431881689866, 39.894891238246629 ], [ -75.204673561297298, 39.894257866007919 ], [ -75.202200101944896, 39.893834988846379 ], [ -75.200409179792786, 39.8935829020716 ], [ -75.197918846051294, 39.892876535363982 ], [ -75.197348498685358, 39.89255420050884 ], [ -75.196641613074547, 39.892154693323199 ], [ -75.195377006373931, 39.890852930227915 ], [ -75.195005540562263, 39.889005029920099 ], [ -75.194744220218212, 39.887159583817478 ], [ -75.194351056761107, 39.884179124399644 ], [ -75.194232585698742, 39.881954784067588 ], [ -75.193727941876617, 39.880018780224418 ], [ -75.193249884883642, 39.878184668892878 ], [ -75.194306209732133, 39.877583978488516 ], [ -75.198859180208203, 39.875317130956333 ], [ -75.205792173189195, 39.871571579248439 ], [ -75.211984879979028, 39.867472844805398 ], [ -75.216038144711746, 39.87111631570761 ], [ -75.215789218220948, 39.875042240934121 ], [ -75.215727268053087, 39.87601919374201 ], [ -75.215722592138533, 39.876096865692517 ], [ -75.21590037854007, 39.876060781394173 ], [ -75.216047822062393, 39.87602589451069 ], [ -75.216204131129345, 39.875992188274303 ], [ -75.216360077822728, 39.875956244738127 ], [ -75.216700704418287, 39.875877910409237 ], [ -75.216845890451694, 39.875844428626245 ], [ -75.217013873818459, 39.875808276381157 ], [ -75.217516602322604, 39.875746705422642 ], [ -75.21770149581333, 39.875721042352993 ], [ -75.217859926485886, 39.875702143680627 ], [ -75.218034365777797, 39.875684070651531 ], [ -75.218324898930575, 39.875679545594913 ], [ -75.218856771168319, 39.875673033149127 ], [ -75.219241092172595, 39.875592848119794 ], [ -75.219444406425296, 39.875545105533405 ], [ -75.219635031682444, 39.875498169895089 ], [ -75.219737237457778, 39.875477555821803 ], [ -75.220865390162473, 39.875571534280418 ], [ -75.22104101539999, 39.875587046031967 ], [ -75.221264212911038, 39.875606141876695 ], [ -75.222083884585402, 39.875675620762372 ], [ -75.222699195786177, 39.875731361270077 ], [ -75.22287056878406, 39.87575196887402 ], [ -75.223110540083056, 39.875780408591503 ], [ -75.223765939687311, 39.875859138785479 ], [ -75.224654138197991, 39.876024380546433 ], [ -75.224857674190901, 39.8760613443255 ], [ -75.225028589244658, 39.876094672396718 ], [ -75.225952704134187, 39.876267935805863 ], [ -75.22686666491272, 39.876404688473905 ], [ -75.227079046869008, 39.877121947231473 ], [ -75.228159174583425, 39.880032569770236 ], [ -75.228423069621883, 39.880662016182413 ], [ -75.228603587521022, 39.881069006359233 ], [ -75.229033249555656, 39.881349265783641 ], [ -75.229543801941261, 39.881864557431733 ], [ -75.22991293925422, 39.882412740777511 ], [ -75.230411518983189, 39.883461829350878 ], [ -75.230668457032493, 39.88389606718637 ], [ -75.232228442317236, 39.887090095160055 ], [ -75.232780999935542, 39.888139499933736 ], [ -75.233247762429741, 39.888924237548665 ], [ -75.233427210986164, 39.889179233455955 ], [ -75.23379945423217, 39.889758645391495 ], [ -75.233865704567748, 39.889868664509031 ], [ -75.233895378352273, 39.88992325950737 ], [ -75.234332889221818, 39.890728177407638 ], [ -75.235170869115876, 39.892116369658176 ], [ -75.23529169571016, 39.89231652533843 ], [ -75.235418599370973, 39.89252674407809 ], [ -75.235532377888646, 39.892715222006657 ], [ -75.235800895248133, 39.893160027181793 ], [ -75.236037001882536, 39.893564634635183 ], [ -75.23667701289817, 39.894601155430387 ], [ -75.236665985112097, 39.894769334909292 ], [ -75.23689467576159, 39.895159732125236 ], [ -75.237325057416669, 39.89582707897204 ], [ -75.237595657230727, 39.896336509301541 ], [ -75.237979642633391, 39.897194879020596 ], [ -75.238436504608302, 39.898535188832 ], [ -75.238533534259119, 39.898814269849979 ], [ -75.238602196733751, 39.899011962274969 ], [ -75.238820367325417, 39.899758714044005 ], [ -75.23899221336714, 39.900256656235022 ], [ -75.239322257750814, 39.901369763806613 ], [ -75.239833208783438, 39.903178342364235 ], [ -75.240095956016773, 39.903993142620465 ], [ -75.240147321972429, 39.904152428724196 ], [ -75.241133450915157, 39.907210290614628 ], [ -75.241334182697173, 39.907819007159183 ], [ -75.241454553504667, 39.908071317402978 ], [ -75.241687704693234, 39.908462280372788 ], [ -75.241885346951037, 39.909043216289717 ], [ -75.242364328399773, 39.910469572603638 ], [ -75.24266035338097, 39.911384475824683 ], [ -75.243022024205914, 39.912502230677866 ], [ -75.243104116022664, 39.912751582693311 ], [ -75.24322706054393, 39.913113412310082 ], [ -75.243612984189753, 39.913791308495959 ], [ -75.243849471380997, 39.914090828989345 ], [ -75.2446637816508, 39.915111444704351 ], [ -75.244935324376044, 39.915451661663703 ], [ -75.245307420669349, 39.91591785660961 ], [ -75.245793914842835, 39.916542514305689 ], [ -75.246308677029219, 39.917177305096388 ], [ -75.246801565278602, 39.916919359416347 ], [ -75.246936747516287, 39.916872357826598 ], [ -75.246961941609044, 39.916927951260668 ], [ -75.247020745398331, 39.916980371694969 ], [ -75.247103530474973, 39.917028944883285 ], [ -75.247172055713065, 39.917079392542249 ], [ -75.247205979394252, 39.917160115939652 ], [ -75.247179256186698, 39.917229288335683 ], [ -75.247239427183985, 39.917403627433529 ], [ -75.247304867736588, 39.9176166728151 ], [ -75.247347459096815, 39.917786895310698 ], [ -75.247358156049543, 39.91799404346667 ], [ -75.247348171982665, 39.918431167186114 ], [ -75.247332900818762, 39.918680070846854 ], [ -75.24733416041262, 39.918811772050837 ], [ -75.24739079615388, 39.919015219704882 ], [ -75.247497402003233, 39.91927148751153 ], [ -75.247584269402239, 39.919400353902084 ], [ -75.247622662002712, 39.919518755052721 ], [ -75.247623230358698, 39.91966925026631 ], [ -75.247596274574974, 39.919903793003904 ], [ -75.247581128786805, 39.919983405691475 ], [ -75.247527811145531, 39.920104511203277 ], [ -75.247487390745988, 39.920207084559735 ], [ -75.24747679000069, 39.920329122343354 ], [ -75.247466018655786, 39.92045585687962 ], [ -75.247461175285579, 39.920587423072988 ], [ -75.247468536157612, 39.920719257426988 ], [ -75.247468350340824, 39.920973192614703 ], [ -75.247460784740255, 39.921344533605094 ], [ -75.247485589854648, 39.921500260963903 ], [ -75.247515073554055, 39.921672165022926 ], [ -75.247506072986212, 39.921773458151137 ], [ -75.247471578454494, 39.921880864930415 ], [ -75.247392120193908, 39.922048424486057 ], [ -75.2472899788077, 39.92216846252407 ], [ -75.247163598465704, 39.922283270035244 ], [ -75.247068599102022, 39.922375246505716 ], [ -75.246935942638899, 39.922494619967054 ], [ -75.246641782987453, 39.922770354026689 ], [ -75.246521332155353, 39.922889990805359 ], [ -75.24636253132843, 39.923055818344672 ], [ -75.246266663218663, 39.923171290232581 ], [ -75.24618840967679, 39.92330595669069 ], [ -75.246158807816116, 39.923446388631852 ], [ -75.246140543000934, 39.923610579521032 ], [ -75.246133792905994, 39.923793834565949 ], [ -75.246129639024147, 39.923906605792766 ], [ -75.246095316611971, 39.924009314605378 ], [ -75.24607268104576, 39.924126383644399 ], [ -75.24603191218192, 39.924238355335774 ], [ -75.24599079341958, 39.92435972663845 ], [ -75.245944782548861, 39.924448071533504 ], [ -75.245866529238555, 39.924582737820707 ], [ -75.245795069405887, 39.924698741495533 ], [ -75.24572631377977, 39.924824209650218 ], [ -75.24568010915975, 39.924883713050654 ], [ -75.245636545771035, 39.924939815206947 ], [ -75.245553226293126, 39.925046155174584 ], [ -75.245438869668007, 39.925165925844013 ], [ -75.245264740450125, 39.9254160610055 ], [ -75.245198688628733, 39.92555099520392 ], [ -75.245127399747318, 39.925662300861958 ], [ -75.245050182402451, 39.925768772892866 ], [ -75.244992483602857, 39.925842754388256 ], [ -75.244868343798132, 39.925896474373801 ], [ -75.244762342021232, 39.925955292773928 ], [ -75.244626169773682, 39.926004046449698 ], [ -75.244520167686147, 39.926062862825283 ], [ -75.244401438113869, 39.926135510561757 ], [ -75.244336075634081, 39.926251646642442 ], [ -75.244301749361668, 39.926354354014642 ], [ -75.244330812312313, 39.926477256518702 ], [ -75.244412791478808, 39.926573100638805 ], [ -75.244507670242939, 39.926650415607355 ], [ -75.244577098105495, 39.926755389930804 ], [ -75.244597699898122, 39.926859295658048 ], [ -75.244580125432336, 39.927004693248222 ], [ -75.244579821135204, 39.927178682754317 ], [ -75.244551770728307, 39.927276824134736 ], [ -75.244498095593173, 39.92740732522266 ], [ -75.244426456059941, 39.927528027413047 ], [ -75.244342265414957, 39.9276578616889 ], [ -75.244269934855637, 39.927797357824495 ], [ -75.24419933380706, 39.927889867984511 ], [ -75.244121592795224, 39.928010435780429 ], [ -75.244055364132493, 39.928150067838722 ], [ -75.244001619957146, 39.928365212818598 ], [ -75.243985256519906, 39.928477718131049 ], [ -75.243966811875012, 39.928646607159664 ], [ -75.243967025656659, 39.928806502067928 ], [ -75.243971649467127, 39.929178107794748 ], [ -75.243967012530263, 39.929469567830509 ], [ -75.243968068982781, 39.929603337935681 ], [ -75.243982416834612, 39.929714441188466 ], [ -75.244009987800752, 39.929794986094478 ], [ -75.244099288496656, 39.929858071666054 ], [ -75.244189278751179, 39.929902362200373 ], [ -75.244278577448881, 39.929965446680818 ], [ -75.244355149505651, 39.930042360769633 ], [ -75.244405750741265, 39.930161032421871 ], [ -75.244428539256177, 39.930288500949246 ], [ -75.244381657454767, 39.930400338625439 ], [ -75.244274608893107, 39.930487349358785 ], [ -75.244131283642105, 39.930564160954887 ], [ -75.243950817638918, 39.930654270316637 ], [ -75.243813595894537, 39.930731214908128 ], [ -75.243694166673137, 39.930822657747235 ], [ -75.243635942335487, 39.930910734045156 ], [ -75.243605289924531, 39.93107935804133 ], [ -75.243558234095772, 39.931195894802144 ], [ -75.243516413641004, 39.931336059191466 ], [ -75.243475116366454, 39.931462127252146 ], [ -75.243434509793431, 39.931569398560292 ], [ -75.243418316818207, 39.931677203463693 ], [ -75.243401602660725, 39.931799107429178 ], [ -75.243343032852678, 39.931896581521166 ], [ -75.243279569230268, 39.931961031730381 ], [ -75.243185936320529, 39.932015415176444 ], [ -75.243104684042365, 39.93206536780086 ], [ -75.243049510019148, 39.932153511418399 ], [ -75.242935138263789, 39.932273277803617 ], [ -75.242844487856118, 39.932412375415076 ], [ -75.242722279808888, 39.932578998543043 ], [ -75.242624658665108, 39.932741455023589 ], [ -75.242529463971962, 39.93283812799006 ], [ -75.242453098826402, 39.932921104834485 ], [ -75.24235093355388, 39.933041138480121 ], [ -75.242286255562178, 39.933138478527006 ], [ -75.242239888352003, 39.933236219839024 ], [ -75.242147224512479, 39.933347055612963 ], [ -75.242012700737149, 39.933433462680028 ], [ -75.24188906490582, 39.93347308305222 ], [ -75.241717121579896, 39.933497539006908 ], [ -75.241557731648541, 39.933512862005713 ], [ -75.241397820085581, 39.933542283838023 ], [ -75.241188906205025, 39.933575334886861 ], [ -75.240973887644373, 39.933608252004298 ], [ -75.240759737429045, 39.933617674482697 ], [ -75.240516456247988, 39.933588837228776 ], [ -75.240244044482722, 39.933521741857717 ], [ -75.240161146392154, 39.933493624967497 ], [ -75.239924039284929, 39.93355793659746 ], [ -75.239527178146957, 39.933567607673169 ], [ -75.23920095964462, 39.933456963586245 ], [ -75.238939083613303, 39.933274859440573 ], [ -75.238739236687394, 39.933124523316117 ], [ -75.238497675813463, 39.93303408955861 ], [ -75.238237874706968, 39.933006693924817 ], [ -75.238000824078284, 39.933011045221562 ], [ -75.237776883294245, 39.933085201268341 ], [ -75.236835599665852, 39.933757894630375 ], [ -75.236647596328794, 39.933906180675912 ], [ -75.235918652463411, 39.934442503642813 ], [ -75.235605292898782, 39.934555001415461 ], [ -75.235373899056228, 39.934616826998081 ], [ -75.235159640436592, 39.93464253664272 ], [ -75.234883582536042, 39.934630403006302 ], [ -75.234531342940144, 39.934594113452796 ], [ -75.234296493195629, 39.934483727635943 ], [ -75.234141090276239, 39.934413420641746 ], [ -75.233862105175831, 39.93434611629732 ], [ -75.233694875154967, 39.93432480304913 ], [ -75.233577481835482, 39.934329446962764 ], [ -75.233416074249789, 39.934351512476304 ], [ -75.233285001248021, 39.934377174383656 ], [ -75.233166802960383, 39.934403457459574 ], [ -75.233049442564976, 39.934443141300967 ], [ -75.232724620187895, 39.934638608371671 ], [ -75.232128999369905, 39.934136985211893 ], [ -75.23195870779908, 39.933986075836707 ], [ -75.232981337895922, 39.933273942011461 ], [ -75.232567270249291, 39.932913863217919 ], [ -75.233575969569017, 39.932199059965193 ], [ -75.233157798590398, 39.931842426891116 ], [ -75.232770369589431, 39.931518386575824 ], [ -75.23233388121777, 39.931096141327941 ], [ -75.232035241683832, 39.93087061819466 ], [ -75.2317992554932, 39.930737814872387 ], [ -75.231363375283692, 39.930479286542095 ], [ -75.230702898030145, 39.930072132603605 ], [ -75.230104647184746, 39.929712464087373 ], [ -75.229938315209068, 39.929612465419069 ], [ -75.229222947972616, 39.929173256106537 ], [ -75.227597962531959, 39.930309407782019 ], [ -75.225410266650272, 39.931840454118827 ], [ -75.224593912174441, 39.932411748508414 ], [ -75.224119296219087, 39.932750305177024 ], [ -75.223725996377965, 39.93303318014361 ], [ -75.223219976032212, 39.933390561639669 ], [ -75.222483635939184, 39.933905953349267 ], [ -75.221732802558122, 39.934431584385962 ], [ -75.220547348538588, 39.933451623766615 ], [ -75.219116090564285, 39.932236395979047 ], [ -75.218720269472442, 39.931911546747514 ], [ -75.217731919775574, 39.931075817393847 ], [ -75.217415035962446, 39.93084696636641 ], [ -75.21712829573876, 39.930733078458296 ], [ -75.216475304593175, 39.930459822802696 ], [ -75.21575088067965, 39.930163136381047 ], [ -75.214921990834398, 39.929839251198366 ], [ -75.214229122757132, 39.929560220107092 ], [ -75.213919237840713, 39.929412998567209 ] ] ] } },
{ "type": "Feature", "properties": { "MS_ID": "1200", "MS_Name": "Barry, Commodore John", "MS_Grade": "K-8" }, "geometry": { "type": "Polygon", "coordinates": [ [ [ -75.237283291284271, 39.968900118372588 ], [ -75.237502714634616, 39.967855480246634 ], [ -75.237818473056095, 39.966331409314456 ], [ -75.237161454850281, 39.96625200566946 ], [ -75.236505074012058, 39.966168230655015 ], [ -75.235842946512903, 39.96608663788394 ], [ -75.234855082819337, 39.965963696050636 ], [ -75.233904238080555, 39.965847997738422 ], [ -75.234063280173189, 39.965086532123166 ], [ -75.234224567679249, 39.964326150828242 ], [ -75.234376354155273, 39.963565807028502 ], [ -75.234459329390091, 39.963200941933835 ], [ -75.234540185657764, 39.96280875270849 ], [ -75.23381051701584, 39.962713922148495 ], [ -75.233223610673406, 39.962644976846541 ], [ -75.232528655840454, 39.962558783241477 ], [ -75.23111700353796, 39.962385276152332 ], [ -75.230552802930831, 39.962311037464822 ], [ -75.229977894576223, 39.962241470319668 ], [ -75.229439388705856, 39.962172316173991 ], [ -75.228900051657433, 39.962108580531364 ], [ -75.228319507687388, 39.962034653689877 ], [ -75.228646456659547, 39.960464835881091 ], [ -75.229263434367525, 39.96053660207577 ], [ -75.229785702047266, 39.960600373984363 ], [ -75.230248055945225, 39.960657318968089 ], [ -75.230802974261593, 39.960723310653556 ], [ -75.231874740738618, 39.960851069803802 ], [ -75.232858030810689, 39.960977012008541 ], [ -75.233553915609534, 39.961067005843901 ], [ -75.234142132548826, 39.961137192130884 ], [ -75.234870103785866, 39.961232230609617 ], [ -75.236809038406335, 39.961472033526867 ], [ -75.236971554515804, 39.960699401826353 ], [ -75.237127886494278, 39.959955913231411 ], [ -75.239101478803647, 39.960198975233425 ], [ -75.239764368785487, 39.96028194739278 ], [ -75.240339736947661, 39.960352437978607 ], [ -75.24107490739182, 39.960444948355324 ], [ -75.242313218472262, 39.960595675175043 ], [ -75.243054921372789, 39.960686976656241 ], [ -75.245030544110492, 39.960934734663603 ], [ -75.247077520183595, 39.961184848389145 ], [ -75.247880151732261, 39.961281853418917 ], [ -75.247872744479238, 39.961342045686912 ], [ -75.247869815085892, 39.961463073241077 ], [ -75.247841336299786, 39.961614110633498 ], [ -75.247815722978316, 39.961728766312838 ], [ -75.24775849990759, 39.961872121143507 ], [ -75.247708763402031, 39.9619780210366 ], [ -75.247702768871306, 39.962057835265931 ], [ -75.247744987247259, 39.962197481674991 ], [ -75.247777732189093, 39.962304003738346 ], [ -75.247753874055974, 39.962453966996769 ], [ -75.247673274040025, 39.962813951796406 ], [ -75.247632729407087, 39.962963908801711 ], [ -75.247489449373873, 39.963120671911078 ], [ -75.247409354778128, 39.963221205473246 ], [ -75.247405416961101, 39.963328103309451 ], [ -75.247435714120485, 39.963418113665313 ], [ -75.247480498105588, 39.963529600672167 ], [ -75.247565059595331, 39.963639605442836 ], [ -75.247447374594458, 39.964391926196711 ], [ -75.247464351418003, 39.96448137930475 ], [ -75.247169157938572, 39.965928701046096 ], [ -75.246109004593634, 39.965798297001115 ], [ -75.245791945060702, 39.967319375064491 ], [ -75.245473913840002, 39.968837805800128 ], [ -75.244416013990346, 39.968707975928204 ], [ -75.243428775588896, 39.968584480317844 ], [ -75.242755475173979, 39.968501825409604 ], [ -75.242124473737775, 39.968425250108275 ], [ -75.241452977114704, 39.968341677267247 ], [ -75.240464813077566, 39.968218936673665 ], [ -75.239479226329095, 39.968098598180006 ], [ -75.239132095148676, 39.969754754208566 ], [ -75.239134528254453, 39.969894156939084 ], [ -75.239046020943604, 39.96996385280201 ], [ -75.238289302958762, 39.970049354997684 ], [ -75.237456158177594, 39.970142539223403 ], [ -75.237293445503568, 39.969261160104054 ], [ -75.237241276005051, 39.968978565083177 ], [ -75.237283291284271, 39.968900118372588 ] ] ] } },
{ "type": "Feature", "properties": { "MS_ID": "1230", "MS_Name": "Bryant, William Cullen", "MS_Grade": "K-8" }, "geometry": { "type": "Polygon", "coordinates": [ [ [ -75.247077520183595, 39.961184848389145 ], [ -75.245030544110492, 39.960934734663603 ], [ -75.243054921372789, 39.960686976656241 ], [ -75.242313218472262, 39.960595675175043 ], [ -75.24107490739182, 39.960444948355324 ], [ -75.240339736947661, 39.960352437978607 ], [ -75.239764368785487, 39.96028194739278 ], [ -75.239101478803647, 39.960198975233425 ], [ -75.239258666537125, 39.959439776141807 ], [ -75.239419585071531, 39.958677329366544 ], [ -75.239575230396298, 39.957943046536933 ], [ -75.239659324537129, 39.957535260609632 ], [ -75.239740640446072, 39.957129759135952 ], [ -75.239824590122609, 39.956719871547797 ], [ -75.239910074923358, 39.956314133243815 ], [ -75.240008609191193, 39.955876546458846 ], [ -75.240024979729412, 39.955769689069207 ], [ -75.240138677424127, 39.955253467261052 ], [ -75.240252014208735, 39.954726082272785 ], [ -75.240346771163217, 39.954264614695809 ], [ -75.24045055471241, 39.953734543746975 ], [ -75.240556286659057, 39.95320676603648 ], [ -75.24065268580766, 39.952744876500695 ], [ -75.240778337167271, 39.952194097718376 ], [ -75.240887041332201, 39.95164878569733 ], [ -75.240928386689248, 39.95145926411795 ], [ -75.240979108945254, 39.951199107897978 ], [ -75.241094503266012, 39.950692270332034 ], [ -75.24306881403966, 39.950927192723228 ], [ -75.245036057538158, 39.951182802515028 ], [ -75.247009840883962, 39.951425676409563 ], [ -75.24791508446215, 39.951536880554094 ], [ -75.249056726673984, 39.951680580210244 ], [ -75.251635665926074, 39.951982347430082 ], [ -75.251613891710818, 39.952046610283396 ], [ -75.251577288979718, 39.952128108685294 ], [ -75.251512002405576, 39.952241901847458 ], [ -75.251410744736447, 39.952378421961818 ], [ -75.251282500896778, 39.952542569618608 ], [ -75.251186340317076, 39.95266509466704 ], [ -75.251152617021475, 39.952751358842598 ], [ -75.251152040056567, 39.952850100252441 ], [ -75.251179111630606, 39.952944740743909 ], [ -75.251194676471215, 39.953061469747098 ], [ -75.251125558866434, 39.953196338136117 ], [ -75.251048533274627, 39.953296941642222 ], [ -75.250922795016777, 39.953392958358265 ], [ -75.250790602173296, 39.953498237967679 ], [ -75.250648820898007, 39.953615064660426 ], [ -75.250488462114944, 39.953738540278216 ], [ -75.250352526805514, 39.95386254875671 ], [ -75.250137244727711, 39.954067123667016 ], [ -75.250048568256474, 39.954152188258355 ], [ -75.250004330749846, 39.954233519844749 ], [ -75.24995490710279, 39.954331196798421 ], [ -75.249863564678392, 39.954405623725073 ], [ -75.249799095577913, 39.954497094662173 ], [ -75.249758398726371, 39.954606718762548 ], [ -75.249764369700273, 39.954734994138988 ], [ -75.249750272073911, 39.954827563746612 ], [ -75.249695893561508, 39.954976861213467 ], [ -75.249613489794129, 39.955181979614615 ], [ -75.249576797707562, 39.955265826199714 ], [ -75.249494135367812, 39.955353374879287 ], [ -75.249390266813791, 39.955394608934519 ], [ -75.249257827129227, 39.955423464869384 ], [ -75.249182008077469, 39.955491174921271 ], [ -75.249143916032153, 39.955571464385685 ], [ -75.249122400545815, 39.955657992364699 ], [ -75.249135557786559, 39.955757035020667 ], [ -75.249174840693286, 39.955851942211368 ], [ -75.249217605772785, 39.955935170061096 ], [ -75.249262472997003, 39.956044308466531 ], [ -75.24927479808855, 39.956124520266442 ], [ -75.24923470470705, 39.956217698966455 ], [ -75.249080097823111, 39.956350703625908 ], [ -75.248988624392922, 39.956428652655212 ], [ -75.248957860914729, 39.956517331490616 ], [ -75.248926233705177, 39.956629503755067 ], [ -75.248947860013715, 39.956747541056934 ], [ -75.249035710262675, 39.956934032353175 ], [ -75.249194704492865, 39.957013915835212 ], [ -75.249314921162451, 39.957068264893934 ], [ -75.249401552828431, 39.957121882693301 ], [ -75.24951881118939, 39.957204387889881 ], [ -75.249638610434772, 39.957322206816535 ], [ -75.249778378649424, 39.957426357585312 ], [ -75.25003729980601, 39.957655373637273 ], [ -75.250178914739095, 39.957792483631131 ], [ -75.250243139810749, 39.957873825253309 ], [ -75.250360158275242, 39.958015103144803 ], [ -75.250463209377358, 39.958120805518192 ], [ -75.250559897209001, 39.958233421215546 ], [ -75.250666345655176, 39.958329792866152 ], [ -75.25073607349691, 39.958427715164142 ], [ -75.250793417576318, 39.958530069919178 ], [ -75.250839816933393, 39.958639240083457 ], [ -75.250876222167619, 39.958729381641682 ], [ -75.25088244165444, 39.958809462014507 ], [ -75.250892780325387, 39.958943710469057 ], [ -75.250883651151042, 39.959025808086977 ], [ -75.250850352965188, 39.959100323571192 ], [ -75.25075355116455, 39.95915699820538 ], [ -75.250606860084829, 39.959240799539899 ], [ -75.250454237036053, 39.959319769187104 ], [ -75.250292453381192, 39.959398539949007 ], [ -75.250081563645679, 39.959483294346633 ], [ -75.249826143030859, 39.959574131817149 ], [ -75.249652580221991, 39.959640887983667 ], [ -75.249553240896475, 39.959683397724682 ], [ -75.249443703541814, 39.959753900546865 ], [ -75.249318294673714, 39.95984051663293 ], [ -75.249214431296565, 39.959922899049495 ], [ -75.249123299150554, 39.959991450274323 ], [ -75.24897363839267, 39.960072835985805 ], [ -75.248837054857432, 39.960130991632226 ], [ -75.24869087939777, 39.960200695936038 ], [ -75.248547757181214, 39.960270463926719 ], [ -75.248459849106283, 39.960334384471729 ], [ -75.248384642123099, 39.960426797334236 ], [ -75.248335471172766, 39.960517425374114 ], [ -75.248282728733031, 39.960622083240352 ], [ -75.24819945617341, 39.960726075355616 ], [ -75.248059063744591, 39.960887605194742 ], [ -75.247975529746071, 39.960998646222556 ], [ -75.247923392029335, 39.961086858720805 ], [ -75.247892366644592, 39.961182585486576 ], [ -75.247880151732261, 39.961281853418917 ], [ -75.247077520183595, 39.961184848389145 ] ] ] } },
{ "type": "Feature", "properties": { "MS_ID": "1260", "MS_Name": "Comegys, Benjamin B", "MS_Grade": "K-8" }, "geometry": { "type": "Polygon", "coordinates": [ [ [ -75.208732996512225, 39.946840008824516 ], [ -75.208537796493701, 39.945761818078864 ], [ -75.208384411369323, 39.945655609614143 ], [ -75.208270247125725, 39.945765800823196 ], [ -75.208111370645454, 39.945665425032324 ], [ -75.20746762198759, 39.945281924510283 ], [ -75.205838832434978, 39.944319761683424 ], [ -75.205488679983574, 39.944112922210635 ], [ -75.205326486444804, 39.94408111179888 ], [ -75.204604890228651, 39.943954452972712 ], [ -75.20329421085043, 39.944083011965667 ], [ -75.203054507415644, 39.943622628121219 ], [ -75.203843894892458, 39.94315903180339 ], [ -75.20454685757062, 39.942551994291307 ], [ -75.205033088832508, 39.941841089418553 ], [ -75.205151124104532, 39.941109705274748 ], [ -75.205159163673983, 39.94065801560933 ], [ -75.205165335117769, 39.940273277762515 ], [ -75.205162132091957, 39.938603951228103 ], [ -75.205161751335893, 39.938405283949479 ], [ -75.205166128105802, 39.937061048418521 ], [ -75.205375906404669, 39.935877028775181 ], [ -75.205597131106998, 39.935484474274901 ], [ -75.205848477311449, 39.935038461585528 ], [ -75.206425414322723, 39.934357865804543 ], [ -75.207572912607361, 39.933166337097894 ], [ -75.209691197520428, 39.930835934591173 ], [ -75.210523192685443, 39.929722293704245 ], [ -75.210743554247017, 39.929267201457144 ], [ -75.211932467407749, 39.929304550225098 ], [ -75.213474010166948, 39.929327276329602 ], [ -75.213919237840727, 39.929412998567223 ], [ -75.21422912275716, 39.929560220107135 ], [ -75.214921990834441, 39.929839251198338 ], [ -75.215750880679622, 39.930163136381061 ], [ -75.216475304593217, 39.93045982280271 ], [ -75.217128295738775, 39.930733078458324 ], [ -75.217415035962475, 39.930846966366431 ], [ -75.217731919775531, 39.931075817393875 ], [ -75.218720269472456, 39.9319115467475 ], [ -75.219116090564242, 39.932236395979025 ], [ -75.220547348538631, 39.933451623766636 ], [ -75.220311383295481, 39.93361547102807 ], [ -75.220150380682512, 39.933736808053148 ], [ -75.219695311341269, 39.934048479780358 ], [ -75.219181660654613, 39.934407849856306 ], [ -75.218636062687708, 39.934790977475458 ], [ -75.218234544241156, 39.935061842652843 ], [ -75.217811102221958, 39.935358673119218 ], [ -75.218984406671993, 39.936370501140502 ], [ -75.219614032248572, 39.936902060295957 ], [ -75.220243222508401, 39.937439726663953 ], [ -75.220732749935024, 39.93785186363128 ], [ -75.221140696626222, 39.938199705391014 ], [ -75.221638215779549, 39.938609119546143 ], [ -75.222096383573103, 39.938989041145632 ], [ -75.222906076696361, 39.939681196540569 ], [ -75.223544025658128, 39.940203617824316 ], [ -75.224114701129153, 39.940692397196386 ], [ -75.223616566397226, 39.941047078373209 ], [ -75.223426725720131, 39.941176635543812 ], [ -75.223239264507811, 39.941312821226191 ], [ -75.222754324753581, 39.941655933289425 ], [ -75.222066996471256, 39.942139645670601 ], [ -75.221368174919519, 39.942627989591983 ], [ -75.220791768745585, 39.943025390677541 ], [ -75.220221644394314, 39.943416208805829 ], [ -75.219548038094842, 39.943895408082135 ], [ -75.219153373656937, 39.944177368685658 ], [ -75.219003226316801, 39.94428463720908 ], [ -75.218407855547753, 39.944703115329197 ], [ -75.217733096614353, 39.945184403620942 ], [ -75.216472281400272, 39.946068466973635 ], [ -75.215162358003894, 39.946979391846973 ], [ -75.213962058299131, 39.945975807557666 ], [ -75.21332518017698, 39.946428740261325 ], [ -75.212682898833378, 39.946880804965367 ], [ -75.211390186162163, 39.947797178506733 ], [ -75.210599590919003, 39.94834974788423 ], [ -75.209052752312004, 39.94840065040551 ], [ -75.208914924995909, 39.947746190122047 ], [ -75.208865798429059, 39.947512744859011 ], [ -75.208732996512225, 39.946840008824516 ] ] ] } },
{ "type": "Feature", "properties": { "MS_ID": "1280", "MS_Name": "Penn Alexander", "MS_Grade": "K-8" }, "geometry": { "type": "Polygon", "coordinates": [ [ [ -75.202428725671552, 39.954872067795399 ], [ -75.202590469835044, 39.95411371494432 ], [ -75.202742147396904, 39.953385322966497 ], [ -75.202828025900814, 39.952971249480946 ], [ -75.202956558820745, 39.952370661785316 ], [ -75.203072026176841, 39.951831115290247 ], [ -75.203084502412096, 39.951746851023842 ], [ -75.203141284883188, 39.951425006035308 ], [ -75.203190595998933, 39.951204468097302 ], [ -75.203303689305159, 39.950685118811286 ], [ -75.203461169525397, 39.949925216215028 ], [ -75.201585286155321, 39.949977863586057 ], [ -75.201489042443825, 39.94994614180677 ], [ -75.201288503427932, 39.949880043144013 ], [ -75.201157533455728, 39.949840443282177 ], [ -75.201412117030245, 39.949761240378812 ], [ -75.203013444813323, 39.949282731120135 ], [ -75.203763937215314, 39.949002247328607 ], [ -75.204526024742265, 39.948729225002907 ], [ -75.205033230576674, 39.94853436087157 ], [ -75.205168729519826, 39.948523475322737 ], [ -75.205656643225879, 39.948054106816564 ], [ -75.20697377705622, 39.946834461392456 ], [ -75.206960150340763, 39.946662249602404 ], [ -75.205374234049742, 39.945059142452983 ], [ -75.205281594664868, 39.944156981424733 ], [ -75.205326486444804, 39.94408111179888 ], [ -75.205488679983574, 39.944112922210635 ], [ -75.205838832434978, 39.944319761683424 ], [ -75.20746762198759, 39.945281924510283 ], [ -75.208111370645454, 39.945665425032324 ], [ -75.208270247125725, 39.945765800823196 ], [ -75.208384411369323, 39.945655609614143 ], [ -75.208537796493701, 39.945761818078864 ], [ -75.208732996512225, 39.946840008824516 ], [ -75.208865798429059, 39.947512744859011 ], [ -75.208914924995909, 39.947746190122047 ], [ -75.209052752312004, 39.94840065040551 ], [ -75.210599590919003, 39.94834974788423 ], [ -75.211390186162163, 39.947797178506733 ], [ -75.212682898833378, 39.946880804965367 ], [ -75.21332518017698, 39.946428740261325 ], [ -75.213962058299131, 39.945975807557666 ], [ -75.215162358003894, 39.946979391846973 ], [ -75.21587487161807, 39.947569146549803 ], [ -75.216560763744994, 39.948152976470922 ], [ -75.217122339636617, 39.948611898537123 ], [ -75.216996762431236, 39.949235181405804 ], [ -75.216827385079654, 39.950023654987653 ], [ -75.216660479592264, 39.950783591526978 ], [ -75.21658804469871, 39.951160590539089 ], [ -75.216502850540479, 39.951547923320021 ], [ -75.216430645038912, 39.951903560097534 ], [ -75.216350099497177, 39.952303755439146 ], [ -75.214373771990211, 39.952054898179995 ], [ -75.214218548773175, 39.952797943109672 ], [ -75.214147479322449, 39.953126296296276 ], [ -75.213898062048273, 39.9543415647573 ], [ -75.213656641256449, 39.955483484307962 ], [ -75.213498880531148, 39.956244998844504 ], [ -75.211520037075076, 39.956001544256402 ], [ -75.210476439998558, 39.955870858897484 ], [ -75.209898994905544, 39.955800997291362 ], [ -75.209481092766836, 39.955744379668474 ], [ -75.209021668891509, 39.955688565365271 ], [ -75.208600522077958, 39.955637941792958 ], [ -75.208128465261296, 39.955579666301013 ], [ -75.207436012953295, 39.955494992080155 ], [ -75.206275140039338, 39.955348852137156 ], [ -75.204933950284115, 39.955182536152009 ], [ -75.202428725671552, 39.954872067795399 ] ] ] } },
{ "type": "Feature", "properties": { "MS_ID": "1290", "MS_Name": "Hamilton, Andrew", "MS_Grade": "K-8" }, "geometry": { "type": "Polygon", "coordinates": [ [ [ -75.234870103785866, 39.961232230609617 ], [ -75.234142132548826, 39.961137192130884 ], [ -75.233553915609534, 39.961067005843901 ], [ -75.232858030810689, 39.960977012008541 ], [ -75.231874740738618, 39.960851069803802 ], [ -75.230802974261593, 39.960723310653556 ], [ -75.230961744571829, 39.959955393438008 ], [ -75.231114214152953, 39.959211330362891 ], [ -75.231278386919087, 39.958449941136628 ], [ -75.231439234017898, 39.957689984298746 ], [ -75.231557394622712, 39.957103005941647 ], [ -75.231674981962925, 39.956545242330847 ], [ -75.231801250626475, 39.95594961381817 ], [ -75.231911320697108, 39.95541321793619 ], [ -75.231937852468164, 39.955320059755401 ], [ -75.232045847235597, 39.954781857684175 ], [ -75.232153184875642, 39.954263206249884 ], [ -75.233104954937048, 39.954385007628176 ], [ -75.23421282714466, 39.954522781605569 ], [ -75.234945872156359, 39.954615314144419 ], [ -75.236216920361784, 39.954772282617618 ], [ -75.238166649193332, 39.955012910361738 ], [ -75.240138677424127, 39.955253467261052 ], [ -75.240024979729412, 39.955769689069207 ], [ -75.240008609191193, 39.955876546458846 ], [ -75.239910074923358, 39.956314133243815 ], [ -75.239824590122609, 39.956719871547797 ], [ -75.239740640446072, 39.957129759135952 ], [ -75.239659324537129, 39.957535260609632 ], [ -75.239575230396298, 39.957943046536933 ], [ -75.239419585071531, 39.958677329366544 ], [ -75.239258666537125, 39.959439776141807 ], [ -75.239101478803647, 39.960198975233425 ], [ -75.237127886494278, 39.959955913231411 ], [ -75.236971554515804, 39.960699401826353 ], [ -75.236809038406335, 39.961472033526867 ], [ -75.234870103785866, 39.961232230609617 ] ] ] } },
{ "type": "Feature", "properties": { "MS_ID": "1300", "MS_Name": "Harrington, Avery", "MS_Grade": "K-8" }, "geometry": { "type": "Polygon", "coordinates": [ [ [ -75.220936882389665, 39.949727402021786 ], [ -75.221087864240261, 39.949027734852883 ], [ -75.221249307167724, 39.948277742180025 ], [ -75.221237313274855, 39.948162344468301 ], [ -75.219235771954644, 39.948369210737795 ], [ -75.217122339636617, 39.948611898537123 ], [ -75.216560763744994, 39.948152976470922 ], [ -75.21587487161807, 39.947569146549803 ], [ -75.215162358003894, 39.946979391846973 ], [ -75.216472281400272, 39.946068466973635 ], [ -75.217733096614353, 39.945184403620942 ], [ -75.218407855547753, 39.944703115329197 ], [ -75.219003226316801, 39.94428463720908 ], [ -75.219153373656937, 39.944177368685658 ], [ -75.219548038094842, 39.943895408082135 ], [ -75.220221644394314, 39.943416208805829 ], [ -75.220791768745585, 39.943025390677541 ], [ -75.221368174919519, 39.942627989591983 ], [ -75.222066996471256, 39.942139645670601 ], [ -75.222754324753581, 39.941655933289425 ], [ -75.223239264507811, 39.941312821226191 ], [ -75.223426725720131, 39.941176635543812 ], [ -75.223616566397226, 39.941047078373209 ], [ -75.224114701129153, 39.940692397196386 ], [ -75.225481137403094, 39.939726193300842 ], [ -75.22574413892491, 39.939945856313123 ], [ -75.225982046775698, 39.94013938623111 ], [ -75.226210282436753, 39.940339421539811 ], [ -75.226392409022765, 39.940503158774149 ], [ -75.226886223175725, 39.940908914931917 ], [ -75.227336886333276, 39.941293408582688 ], [ -75.22770183808322, 39.941604793462403 ], [ -75.227915093250857, 39.941779548000355 ], [ -75.228164730615333, 39.941984116866493 ], [ -75.228649576124667, 39.942407255232659 ], [ -75.229060612925437, 39.942755102798692 ], [ -75.229553259147067, 39.943169442721199 ], [ -75.230051212697248, 39.943581922008015 ], [ -75.230458416385204, 39.943924421815609 ], [ -75.230947168967859, 39.944337549003137 ], [ -75.232320739893666, 39.943371185769983 ], [ -75.23281885532262, 39.943791942656354 ], [ -75.233223562040223, 39.944137944561099 ], [ -75.233718153720432, 39.944560304836237 ], [ -75.233752519755939, 39.944671133388823 ], [ -75.233706070462929, 39.9461446490347 ], [ -75.233705120103764, 39.946374373105868 ], [ -75.233696781542491, 39.946626143747764 ], [ -75.233656721435096, 39.947286186814516 ], [ -75.233605406770252, 39.947352202420994 ], [ -75.231271443815345, 39.947910100727775 ], [ -75.231163563464833, 39.948444207728265 ], [ -75.23109712127237, 39.948747626146719 ], [ -75.231067246743279, 39.948909522519052 ], [ -75.230960920599031, 39.949439986549507 ], [ -75.230794915471407, 39.950173676046127 ], [ -75.230636301392508, 39.95092370508727 ], [ -75.228846826142743, 39.95070699306487 ], [ -75.226869572404297, 39.950461812102006 ], [ -75.224893124080111, 39.950215311637955 ], [ -75.222915095785822, 39.949976453655864 ], [ -75.220936882389665, 39.949727402021786 ] ] ] } },
{ "type": "Feature", "properties": { "MS_ID": "1340", "MS_Name": "Lea, Henry C", "MS_Grade": "K-8" }, "geometry": { "type": "Polygon", "coordinates": [ [ [ -75.219422504212645, 39.956980737694465 ], [ -75.217483215352743, 39.956740152375822 ], [ -75.215472387433962, 39.956490873453589 ], [ -75.214483950116232, 39.956367178360118 ], [ -75.213498880531148, 39.956244998844504 ], [ -75.213656641256449, 39.955483484307962 ], [ -75.213898062048273, 39.9543415647573 ], [ -75.214147479322449, 39.953126296296276 ], [ -75.214218548773175, 39.952797943109672 ], [ -75.214373771990211, 39.952054898179995 ], [ -75.216350099497177, 39.952303755439146 ], [ -75.216430645038912, 39.951903560097534 ], [ -75.216502850540479, 39.951547923320021 ], [ -75.21658804469871, 39.951160590539089 ], [ -75.216660479592264, 39.950783591526978 ], [ -75.216827385079654, 39.950023654987653 ], [ -75.216996762431236, 39.949235181405804 ], [ -75.217122339636617, 39.948611898537123 ], [ -75.219235771954644, 39.948369210737795 ], [ -75.221237313274855, 39.948162344468301 ], [ -75.221249307167724, 39.948277742180025 ], [ -75.221087864240261, 39.949027734852883 ], [ -75.220936882389665, 39.949727402021786 ], [ -75.220776468190081, 39.950514077833517 ], [ -75.220616931304818, 39.951276551263554 ], [ -75.222589969082804, 39.951520619003304 ], [ -75.222435916610223, 39.952281857575507 ], [ -75.222280042023257, 39.953041001577226 ], [ -75.222192839669006, 39.953414996710308 ], [ -75.222057584994786, 39.95410396374313 ], [ -75.222037670166785, 39.9541745245253 ], [ -75.221923586742435, 39.954724257174909 ], [ -75.221798292514606, 39.955320872144078 ], [ -75.221687392617739, 39.955855362306693 ], [ -75.221560224861051, 39.956462883842832 ], [ -75.221493881686911, 39.956831736809185 ], [ -75.22139876232923, 39.957228293732662 ], [ -75.221312075483809, 39.957213878996761 ], [ -75.219422504212645, 39.956980737694465 ] ] ] } },
{ "type": "Feature", "properties": { "MS_ID": "1350", "MS_Name": "Longstreth, William", "MS_Grade": "K-8" }, "geometry": { "type": "Polygon", "coordinates": [ [ [ -75.233223562040223, 39.944137944561099 ], [ -75.23281885532262, 39.943791942656354 ], [ -75.232320739893666, 39.943371185769983 ], [ -75.230947168967859, 39.944337549003137 ], [ -75.230458416385204, 39.943924421815609 ], [ -75.230051212697248, 39.943581922008015 ], [ -75.229553259147067, 39.943169442721199 ], [ -75.229060612925437, 39.942755102798692 ], [ -75.228649576124667, 39.942407255232659 ], [ -75.228164730615333, 39.941984116866493 ], [ -75.227915093250857, 39.941779548000355 ], [ -75.22770183808322, 39.941604793462403 ], [ -75.227336886333276, 39.941293408582688 ], [ -75.226886223175725, 39.940908914931917 ], [ -75.226392409022765, 39.940503158774149 ], [ -75.226210282436753, 39.940339421539811 ], [ -75.225982046775698, 39.94013938623111 ], [ -75.22574413892491, 39.939945856313123 ], [ -75.225481137403094, 39.939726193300842 ], [ -75.225951626259416, 39.939399253169725 ], [ -75.226384147702632, 39.939097196604656 ], [ -75.226855189889719, 39.938768103636612 ], [ -75.227383907561318, 39.938393939078658 ], [ -75.227831784137123, 39.938078450519924 ], [ -75.228358868230075, 39.937701584229814 ], [ -75.228843277793956, 39.937359480494052 ], [ -75.22922852278495, 39.937092462151817 ], [ -75.229726748091338, 39.936744095665958 ], [ -75.231096840937226, 39.935774221788556 ], [ -75.232724620187938, 39.934638608371642 ], [ -75.23304944256499, 39.934443141300974 ], [ -75.233166802960326, 39.934403457459595 ], [ -75.233285001248078, 39.934377174383684 ], [ -75.233416074249831, 39.934351512476333 ], [ -75.233577481835525, 39.934329446962728 ], [ -75.233694875154981, 39.934324803049165 ], [ -75.233862105175888, 39.934346116297299 ], [ -75.234141090276296, 39.934413420641732 ], [ -75.234296493195586, 39.934483727635971 ], [ -75.234531342940102, 39.934594113452775 ], [ -75.234883582536099, 39.934630403006338 ], [ -75.235159640436606, 39.934642536642755 ], [ -75.235373899056256, 39.934616826998059 ], [ -75.235605292898811, 39.93455500141549 ], [ -75.23591865246344, 39.934442503642835 ], [ -75.236647596328808, 39.933906180675955 ], [ -75.236661779701834, 39.934087550085501 ], [ -75.236651331174869, 39.934204886556216 ], [ -75.236603392399871, 39.934344915588198 ], [ -75.236553368284035, 39.934541328229606 ], [ -75.236523739289495, 39.934681757607869 ], [ -75.23646865275937, 39.93484984370847 ], [ -75.23639257083309, 39.935172657047097 ], [ -75.236319693406415, 39.935326245383415 ], [ -75.236170071688193, 39.935407612638322 ], [ -75.236013305606164, 39.935517039570101 ], [ -75.235862987840122, 39.935617201263895 ], [ -75.235664013186124, 39.93571159467156 ], [ -75.235458236737784, 39.935824649600548 ], [ -75.235263800878855, 39.935961464314815 ], [ -75.234979211938509, 39.936223273683886 ], [ -75.234920104620784, 39.93633483891729 ], [ -75.234921859844576, 39.936452442920448 ], [ -75.234916643241306, 39.936593407317524 ], [ -75.234846195379561, 39.936681213249443 ], [ -75.234773217886627, 39.93675485407357 ], [ -75.234743934430995, 39.936885884271661 ], [ -75.234787028066179, 39.937042015932946 ], [ -75.23478163725234, 39.937187678805287 ], [ -75.234800485814745, 39.937338577353174 ], [ -75.234869387995261, 39.937457652082067 ], [ -75.234920846473912, 39.93755283366167 ], [ -75.234968480804383, 39.937751388174249 ], [ -75.234975645499958, 39.937887919976419 ], [ -75.234982811327555, 39.938024453604044 ], [ -75.235003402973462, 39.938128362860965 ], [ -75.235073871190949, 39.938205149316637 ], [ -75.235162997237452, 39.938272941142337 ], [ -75.235295549702869, 39.938322873167657 ], [ -75.23548966580897, 39.938360047880032 ], [ -75.235781621468533, 39.938394663877133 ], [ -75.235945910012816, 39.938412372964713 ], [ -75.236146825708062, 39.938430884619279 ], [ -75.236347393951135, 39.938458792892163 ], [ -75.236499999008728, 39.938462137337943 ], [ -75.236683816619447, 39.938447356385488 ], [ -75.236879844021686, 39.938432840876416 ], [ -75.237144408112613, 39.938382206511264 ], [ -75.237448995217846, 39.938323042842114 ], [ -75.237621821982088, 39.938275099076598 ], [ -75.237769363958648, 39.938250115381209 ], [ -75.237965737830379, 39.938226202842543 ], [ -75.238173278239344, 39.938230748270463 ], [ -75.238326229092081, 39.938224690584775 ], [ -75.238498013065879, 39.938204940029287 ], [ -75.238737116156756, 39.938181959138795 ], [ -75.23887244889444, 39.938156707609792 ], [ -75.239007434372553, 39.938140851999258 ], [ -75.239184280076159, 39.93814942678182 ], [ -75.239336708633189, 39.938157466792759 ], [ -75.239452860970076, 39.938155306162557 ], [ -75.239563082008161, 39.938148312398383 ], [ -75.239709582813774, 39.938151518974088 ], [ -75.239819283099436, 39.938158623135408 ], [ -75.23992253142427, 39.93817499146644 ], [ -75.240037295505857, 39.938210419969614 ], [ -75.24013967867721, 39.938250281510335 ], [ -75.240258636712738, 39.938337533037959 ], [ -75.240409954043173, 39.938458408504886 ], [ -75.240592764596812, 39.93863640566785 ], [ -75.240711550509445, 39.938728352515959 ], [ -75.240762672312897, 39.938832929382166 ], [ -75.240739328647066, 39.938968793108188 ], [ -75.240698712003592, 39.939076066109109 ], [ -75.240627228150103, 39.939192065636661 ], [ -75.240544403846485, 39.939284306466419 ], [ -75.240424952861517, 39.939375745837097 ], [ -75.240342300497176, 39.939463285303091 ], [ -75.240240642209002, 39.939569221582225 ], [ -75.240143873874203, 39.939708183502695 ], [ -75.240016753595938, 39.939841776143794 ], [ -75.239951199183622, 39.939962610041668 ], [ -75.239891993601631, 39.940040146825481 ], [ -75.23943990595032, 39.939820635715861 ], [ -75.239205991437785, 39.939736453084201 ], [ -75.239001185417649, 39.93971980516519 ], [ -75.238731875577471, 39.939738236652545 ], [ -75.238451977456748, 39.939829415310079 ], [ -75.238079847877131, 39.940064534529192 ], [ -75.237871446986631, 39.940145116009127 ], [ -75.23773600317422, 39.940175596995751 ], [ -75.237585447657111, 39.940187504362896 ], [ -75.237199516003727, 39.940154722115878 ], [ -75.237080986524376, 39.940155167925667 ], [ -75.236929756864583, 39.940185303009969 ], [ -75.236760937949882, 39.940263706211219 ], [ -75.236606879544809, 39.940366550463509 ], [ -75.235034538696169, 39.941475085310891 ], [ -75.233829518223544, 39.942317580676701 ], [ -75.234321267450326, 39.942742063837713 ], [ -75.234530491105872, 39.942908227120171 ], [ -75.234733594817499, 39.943088277988174 ], [ -75.235219915897616, 39.943495670466604 ], [ -75.234600587180509, 39.943947222941183 ], [ -75.234474445483499, 39.944028219465913 ], [ -75.234185736369838, 39.944238815680862 ], [ -75.233718153720432, 39.944560304836237 ], [ -75.233223562040223, 39.944137944561099 ] ] ] } },
{ "type": "Feature", "properties": { "MS_ID": "1360", "MS_Name": "McMichael, Morton", "MS_Grade": "K-8" }, "geometry": { "type": "Polygon", "coordinates": [ [ [ -75.185592696562509, 39.96690811198944 ], [ -75.184849223265942, 39.966141491739208 ], [ -75.184356608433859, 39.965550289347135 ], [ -75.183648737691556, 39.964572192293097 ], [ -75.183545544410691, 39.964437321152388 ], [ -75.183472258287082, 39.9643415361816 ], [ -75.183744915798954, 39.964279560944455 ], [ -75.184312816187273, 39.964105920151127 ], [ -75.18444557929719, 39.964047583288448 ], [ -75.184571235123911, 39.963999713871488 ], [ -75.18473166794152, 39.963950433325664 ], [ -75.185053485536727, 39.963821832471091 ], [ -75.18521097532448, 39.963758897352498 ], [ -75.185353936506672, 39.963716233447819 ], [ -75.185649750420893, 39.963627954642313 ], [ -75.186438592602812, 39.963482241546437 ], [ -75.186743449636367, 39.963446711591729 ], [ -75.187416281137246, 39.963368290400979 ], [ -75.188026078631978, 39.963295353205638 ], [ -75.188486942854311, 39.963249022063465 ], [ -75.189938839380332, 39.963084409434657 ], [ -75.191390905873021, 39.962923037726007 ], [ -75.191477382859986, 39.962921712634973 ], [ -75.192517977437944, 39.962809978027323 ], [ -75.192846649880039, 39.962770929048098 ], [ -75.194196728968947, 39.962623836549128 ], [ -75.194298255396959, 39.962608059960658 ], [ -75.195748003672051, 39.962448792109484 ], [ -75.197197827334634, 39.962288409446145 ], [ -75.199436978279621, 39.962043371015135 ], [ -75.199544021811406, 39.962613178626384 ], [ -75.199648178239485, 39.963167834578201 ], [ -75.199755785927437, 39.963778229411936 ], [ -75.199859852777507, 39.964337642195972 ], [ -75.199961679486393, 39.96489660500572 ], [ -75.200064871553082, 39.965454862803149 ], [ -75.20017113270363, 39.966006551861703 ], [ -75.200273207290138, 39.966568123671443 ], [ -75.200376660881403, 39.96712547684691 ], [ -75.200481089912898, 39.967681439682082 ], [ -75.200585486536141, 39.968225300257366 ], [ -75.200682503777699, 39.968748509689675 ], [ -75.198739010224742, 39.968964747235248 ], [ -75.203602220967468, 39.970262038082865 ], [ -75.203633246641175, 39.970432344209144 ], [ -75.20365192712471, 39.970536711194484 ], [ -75.203722568371902, 39.97092991009464 ], [ -75.203724446040582, 39.970940143918334 ], [ -75.203737785195429, 39.971013532968399 ], [ -75.203486539446743, 39.971014585288373 ], [ -75.203143860935683, 39.971018855159663 ], [ -75.202802175427323, 39.971035584416128 ], [ -75.202461466792158, 39.971068570446384 ], [ -75.202125827275182, 39.971116791388923 ], [ -75.201795276313916, 39.97118609164044 ], [ -75.201469914145832, 39.971269047396881 ], [ -75.201148341898246, 39.971358961099263 ], [ -75.200830039619106, 39.971456298762803 ], [ -75.200516778335299, 39.971561889946912 ], [ -75.200206583913399, 39.971674321300334 ], [ -75.19990132964449, 39.971795192318403 ], [ -75.199609663784571, 39.971931487936303 ], [ -75.199331723179768, 39.972085236761735 ], [ -75.199065968642913, 39.972253203407838 ], [ -75.19881896232198, 39.97243574288791 ], [ -75.198379886438261, 39.972837364965635 ], [ -75.198173739918573, 39.973048173442407 ], [ -75.197969736226256, 39.973260481653256 ], [ -75.197762677488171, 39.973470471768522 ], [ -75.197694270335006, 39.973552606852522 ], [ -75.19747675915832, 39.973757450820926 ], [ -75.197243477194689, 39.973953150655369 ], [ -75.197009068045887, 39.974144841619974 ], [ -75.196769721707142, 39.974332909260099 ], [ -75.196525446193291, 39.974517514102565 ], [ -75.196277105860247, 39.974698965475291 ], [ -75.196025582264312, 39.97487755147197 ], [ -75.195772038565948, 39.975054075529769 ], [ -75.195756120042091, 39.975064932430129 ], [ -75.19541223775164, 39.975103464112678 ], [ -75.194898639486823, 39.975163122542121 ], [ -75.194661354877965, 39.975187925352976 ], [ -75.194627529959604, 39.97519146092737 ], [ -75.194610616913849, 39.975193228697783 ], [ -75.194404169457812, 39.975214808203454 ], [ -75.19438620060312, 39.975216685777049 ], [ -75.194350269877901, 39.975220441972318 ], [ -75.194232272298578, 39.975232775243661 ], [ -75.193167670104145, 39.975344046881332 ], [ -75.193068199291773, 39.975225870025817 ], [ -75.19267610460345, 39.974556828745875 ], [ -75.192515246394834, 39.974279588107663 ], [ -75.191856032116107, 39.972736595546813 ], [ -75.19156997895054, 39.971541539557457 ], [ -75.191170879808055, 39.970174153296554 ], [ -75.190533303213755, 39.969523141662705 ], [ -75.189003307387878, 39.968639946461849 ], [ -75.187069083333924, 39.967747703382884 ], [ -75.185592696562509, 39.96690811198944 ] ] ] } },
{ "type": "Feature", "properties": { "MS_ID": "1370", "MS_Name": "Mitchell, Weir", "MS_Grade": "K-8" }, "geometry": { "type": "Polygon", "coordinates": [ [ [ -75.223544025658128, 39.940203617824316 ], [ -75.222906076696361, 39.939681196540569 ], [ -75.222096383573103, 39.938989041145632 ], [ -75.221638215779549, 39.938609119546143 ], [ -75.221140696626222, 39.938199705391014 ], [ -75.220732749935024, 39.93785186363128 ], [ -75.220243222508401, 39.937439726663953 ], [ -75.219614032248572, 39.936902060295957 ], [ -75.218984406671993, 39.936370501140502 ], [ -75.217811102221958, 39.935358673119218 ], [ -75.218234544241156, 39.935061842652843 ], [ -75.218636062687708, 39.934790977475458 ], [ -75.219181660654613, 39.934407849856306 ], [ -75.219695311341269, 39.934048479780358 ], [ -75.220150380682512, 39.933736808053148 ], [ -75.220311383295481, 39.93361547102807 ], [ -75.220547348538631, 39.933451623766636 ], [ -75.221732802558179, 39.934431584385926 ], [ -75.222483635939199, 39.933905953349239 ], [ -75.223219976032226, 39.933390561639662 ], [ -75.223725996377922, 39.933033180143617 ], [ -75.224119296219044, 39.932750305177052 ], [ -75.224593912174498, 39.932411748508372 ], [ -75.225410266650314, 39.93184045411882 ], [ -75.227597962531988, 39.930309407782048 ], [ -75.229222947972559, 39.929173256106502 ], [ -75.229938315209083, 39.929612465419098 ], [ -75.230104647184703, 39.929712464087395 ], [ -75.23070289803016, 39.930072132603634 ], [ -75.231363375283649, 39.930479286542131 ], [ -75.231799255493243, 39.930737814872352 ], [ -75.23203524168386, 39.930870618194682 ], [ -75.232333881217798, 39.931096141327977 ], [ -75.232770369589474, 39.93151838657586 ], [ -75.233157798590355, 39.931842426891151 ], [ -75.23357596956906, 39.932199059965171 ], [ -75.232567270249319, 39.932913863217941 ], [ -75.23298133789595, 39.933273942011439 ], [ -75.231958707799123, 39.933986075836685 ], [ -75.232128999369948, 39.934136985211914 ], [ -75.232724620187938, 39.934638608371642 ], [ -75.231096840937226, 39.935774221788556 ], [ -75.229726748091338, 39.936744095665958 ], [ -75.22922852278495, 39.937092462151817 ], [ -75.228843277793956, 39.937359480494052 ], [ -75.228358868230075, 39.937701584229814 ], [ -75.227831784137123, 39.938078450519924 ], [ -75.227383907561318, 39.938393939078658 ], [ -75.226855189889719, 39.938768103636612 ], [ -75.226384147702632, 39.939097196604656 ], [ -75.225951626259416, 39.939399253169725 ], [ -75.225481137403094, 39.939726193300842 ], [ -75.224114701129153, 39.940692397196386 ], [ -75.223544025658128, 39.940203617824316 ] ] ] } },
{ "type": "Feature", "properties": { "MS_ID": "1410", "MS_Name": "Rhoads, James", "MS_Grade": "K-8" }, "geometry": { "type": "Polygon", "coordinates": [ [ [ -75.217768075406283, 39.97262800884355 ], [ -75.217437605731305, 39.97243564768916 ], [ -75.217171978686068, 39.970352397707536 ], [ -75.216996405308734, 39.968970685609506 ], [ -75.216368182304151, 39.969031120310362 ], [ -75.215762179949849, 39.96909507783468 ], [ -75.215289929991755, 39.969142493711622 ], [ -75.214808397005399, 39.96919231816414 ], [ -75.214350158989788, 39.969238605392775 ], [ -75.213846021519331, 39.969289782379072 ], [ -75.213845159285881, 39.969228128539157 ], [ -75.213817106585083, 39.969036114236857 ], [ -75.213795680553361, 39.968832845125618 ], [ -75.213750077995442, 39.968482924461497 ], [ -75.213707576974869, 39.968127131120845 ], [ -75.213650012259606, 39.967697369548311 ], [ -75.213514114337869, 39.966578304228413 ], [ -75.213406945047524, 39.965708649216339 ], [ -75.213376093402218, 39.965466918667126 ], [ -75.213338060876268, 39.965168923090985 ], [ -75.21322853775267, 39.964332508643786 ], [ -75.21370729354372, 39.964296283029626 ], [ -75.214195595392169, 39.964259332972176 ], [ -75.214700151689371, 39.964221150655867 ], [ -75.215162948518312, 39.964189471409064 ], [ -75.216377419365543, 39.96409569079961 ], [ -75.218227931702955, 39.963957205165833 ], [ -75.218294675598699, 39.964490831904222 ], [ -75.218360981368264, 39.965028922370635 ], [ -75.22017099635535, 39.964845529988835 ], [ -75.220111487138567, 39.964360750603873 ], [ -75.220044780566624, 39.96382086951516 ], [ -75.219769535968538, 39.963011308410721 ], [ -75.219693762204116, 39.962524503152686 ], [ -75.219439007655538, 39.960942355930911 ], [ -75.219650427027204, 39.960957506554358 ], [ -75.220592477027196, 39.961075874663564 ], [ -75.221579416193293, 39.961199312968425 ], [ -75.222065832906452, 39.961258976455511 ], [ -75.222567847923074, 39.961321619604732 ], [ -75.223551983859366, 39.961444797032954 ], [ -75.224542130275992, 39.961568838865276 ], [ -75.225293496757303, 39.961659478843245 ], [ -75.225853950738326, 39.961729026473328 ], [ -75.226518888536873, 39.961813839321792 ], [ -75.22620387041475, 39.963330763928788 ], [ -75.22600799891535, 39.964251054527615 ], [ -75.226109994502607, 39.964880509679759 ], [ -75.225934595991859, 39.964904030803751 ], [ -75.225844624338919, 39.964944331733754 ], [ -75.225750875384449, 39.965011065857176 ], [ -75.22556752561762, 39.965170780216901 ], [ -75.225463412993264, 39.965205603412343 ], [ -75.225141980385729, 39.965093898612395 ], [ -75.224591245958251, 39.964897037474081 ], [ -75.224641250821961, 39.965184962705948 ], [ -75.224741994181088, 39.965766217184019 ], [ -75.224813391064345, 39.966207211535632 ], [ -75.22488803837112, 39.966643982292851 ], [ -75.224963960184127, 39.967111859143117 ], [ -75.225046875009355, 39.967586318419023 ], [ -75.225141030365521, 39.968146717047709 ], [ -75.225214397366798, 39.968589693308019 ], [ -75.225373672335479, 39.969518809027797 ], [ -75.225616916822474, 39.970480214640908 ], [ -75.225834915924196, 39.971365668757734 ], [ -75.225842370621791, 39.971431757830416 ], [ -75.225712660466854, 39.971464901137473 ], [ -75.225384811374511, 39.971532343367677 ], [ -75.223672904165724, 39.971895770110805 ], [ -75.222614536700831, 39.972121150512137 ], [ -75.222010897083138, 39.972254331670982 ], [ -75.219074117281977, 39.972878387935502 ], [ -75.218417809392037, 39.973025148118182 ], [ -75.217768075406283, 39.97262800884355 ] ] ] } },
{ "type": "Feature", "properties": { "MS_ID": "1420", "MS_Name": "Washington, Martha", "MS_Grade": "K-8" }, "geometry": { "type": "Polygon", "coordinates": [ [ [ -75.21213498586026, 39.969229150501626 ], [ -75.211335869500559, 39.968727078409309 ], [ -75.210102828038401, 39.967962921774308 ], [ -75.209759217327857, 39.967751471531962 ], [ -75.209541823377364, 39.967618069234796 ], [ -75.208463648902921, 39.966950858668852 ], [ -75.20756081755907, 39.966382069702114 ], [ -75.206847643765741, 39.965941337176801 ], [ -75.206496654643672, 39.965725642430144 ], [ -75.205467770013115, 39.965091006712015 ], [ -75.205494405201136, 39.964995662133553 ], [ -75.205858304662002, 39.964648011889416 ], [ -75.205900643657458, 39.964541035700584 ], [ -75.206469642000116, 39.964893311194032 ], [ -75.206709171212935, 39.964827939008607 ], [ -75.207299783195353, 39.964779372624605 ], [ -75.208078914330457, 39.964718917722486 ], [ -75.208698682426572, 39.964670013427742 ], [ -75.209344128650898, 39.964622313220438 ], [ -75.210804095952724, 39.964514491578882 ], [ -75.211286760760572, 39.964479711314404 ], [ -75.211409531380696, 39.964470654340111 ], [ -75.212091619197537, 39.964418799366847 ], [ -75.212786738854092, 39.964365955427326 ], [ -75.21322853775267, 39.964332508643786 ], [ -75.213338060876268, 39.965168923090985 ], [ -75.213376093402218, 39.965466918667126 ], [ -75.213406945047524, 39.965708649216339 ], [ -75.213514114337869, 39.966578304228413 ], [ -75.213650012259606, 39.967697369548311 ], [ -75.213707576974869, 39.968127131120845 ], [ -75.213750077995442, 39.968482924461497 ], [ -75.213795680553361, 39.968832845125618 ], [ -75.213817106585083, 39.969036114236857 ], [ -75.213845159285881, 39.969228128539157 ], [ -75.213846021519331, 39.969289782379072 ], [ -75.214350158989788, 39.969238605392775 ], [ -75.214808397005399, 39.96919231816414 ], [ -75.215289929991755, 39.969142493711622 ], [ -75.215762179949849, 39.96909507783468 ], [ -75.216368182304151, 39.969031120310362 ], [ -75.216996405308734, 39.968970685609506 ], [ -75.217171978686068, 39.970352397707536 ], [ -75.217437605731305, 39.97243564768916 ], [ -75.216086008317021, 39.971619381332815 ], [ -75.214990170969372, 39.970956060713704 ], [ -75.214688105428323, 39.970774549650116 ], [ -75.214542410752614, 39.970684580300279 ], [ -75.21431905887016, 39.970543492828305 ], [ -75.213900079218192, 39.970296393465695 ], [ -75.212934425633691, 39.96971390666679 ], [ -75.212641818992481, 39.969537402347356 ], [ -75.21213498586026, 39.969229150501626 ] ] ] } },
{ "type": "Feature", "properties": { "MS_ID": "1440", "MS_Name": "Penrose", "MS_Grade": "K-8" }, "geometry": { "type": "Polygon", "coordinates": [ [ [ -75.245793914842793, 39.916542514305725 ], [ -75.245307420669377, 39.915917856609639 ], [ -75.244935324376016, 39.91545166166371 ], [ -75.244663781650829, 39.91511144470433 ], [ -75.24384947138104, 39.91409082898938 ], [ -75.243612984189781, 39.913791308496002 ], [ -75.243227060543902, 39.913113412310103 ], [ -75.243104116022678, 39.912751582693325 ], [ -75.243022024205928, 39.912502230677902 ], [ -75.242660353381012, 39.911384475824661 ], [ -75.242364328399731, 39.910469572603624 ], [ -75.241885346950994, 39.909043216289689 ], [ -75.241687704693248, 39.908462280372817 ], [ -75.241454553504681, 39.908071317403 ], [ -75.241334182697202, 39.907819007159155 ], [ -75.241133450915186, 39.907210290614657 ], [ -75.240147321972458, 39.904152428724231 ], [ -75.240095956016802, 39.903993142620472 ], [ -75.239833208783466, 39.903178342364257 ], [ -75.239322257750842, 39.901369763806635 ], [ -75.238992213367183, 39.900256656235065 ], [ -75.238820367325388, 39.899758714043998 ], [ -75.238602196733765, 39.89901196227494 ], [ -75.238533534259176, 39.898814269849957 ], [ -75.238436504608316, 39.898535188831978 ], [ -75.237979642633348, 39.897194879020617 ], [ -75.237595657230756, 39.896336509301584 ], [ -75.237325057416697, 39.895827078972012 ], [ -75.236894675761548, 39.895159732125194 ], [ -75.236665985112154, 39.89476933490932 ], [ -75.236677012898213, 39.894601155430351 ], [ -75.236037001882593, 39.893564634635204 ], [ -75.235800895248161, 39.893160027181764 ], [ -75.235532377888603, 39.892715222006672 ], [ -75.235418599370945, 39.892526744078118 ], [ -75.235291695710217, 39.892316525338401 ], [ -75.235170869115919, 39.892116369658162 ], [ -75.23433288922179, 39.890728177407674 ], [ -75.233895378352287, 39.889923259507341 ], [ -75.233865704567791, 39.889868664508995 ], [ -75.233799454232198, 39.889758645391453 ], [ -75.233427210986207, 39.889179233455984 ], [ -75.233247762429784, 39.888924237548636 ], [ -75.2327809999355, 39.888139499933715 ], [ -75.232228442317293, 39.887090095160019 ], [ -75.230668457032451, 39.883896067186392 ], [ -75.230411518983232, 39.883461829350843 ], [ -75.229912939254277, 39.882412740777482 ], [ -75.229543801941233, 39.881864557431747 ], [ -75.229033249555698, 39.881349265783612 ], [ -75.228603587521036, 39.881069006359276 ], [ -75.228423069621911, 39.880662016182391 ], [ -75.228159174583453, 39.880032569770258 ], [ -75.227079046869036, 39.877121947231444 ], [ -75.226866664912762, 39.876404688473869 ], [ -75.227119147074774, 39.876437058648406 ], [ -75.228471672826757, 39.876632398326791 ], [ -75.228725560683557, 39.876668624199766 ], [ -75.228906784980367, 39.876693811083982 ], [ -75.229986333495745, 39.876848180427487 ], [ -75.230476795982383, 39.876890064343435 ], [ -75.2306447581024, 39.876902553720967 ], [ -75.230847274459848, 39.876920306590193 ], [ -75.231026787909116, 39.876936971392148 ], [ -75.231899704508038, 39.877014402944049 ], [ -75.232310483023099, 39.877057607485526 ], [ -75.232549371537914, 39.877083032876754 ], [ -75.232657830548817, 39.877094397632717 ], [ -75.232814890368658, 39.87711243410881 ], [ -75.232991685687736, 39.877129481194871 ], [ -75.233271045478688, 39.877155990450134 ], [ -75.233987749884008, 39.877179587672821 ], [ -75.234122264614882, 39.877182205026102 ], [ -75.234303047288321, 39.877137171584167 ], [ -75.234481910443748, 39.877095781699673 ], [ -75.234664034926382, 39.877052144866859 ], [ -75.235025554661618, 39.876965732166894 ], [ -75.235538971503573, 39.876752877526073 ], [ -75.235796754047627, 39.876580401562109 ], [ -75.23592834018342, 39.876489436409244 ], [ -75.236050870320327, 39.876405015486327 ], [ -75.236370654915291, 39.876188655940837 ], [ -75.236641156521017, 39.875737749515274 ], [ -75.236714522796305, 39.875615424068336 ], [ -75.236774023377464, 39.87547619722681 ], [ -75.236933298226788, 39.87511798404239 ], [ -75.237500191094171, 39.87508158250391 ], [ -75.237591556072985, 39.874983141045618 ], [ -75.237519004256455, 39.874890695687498 ], [ -75.237460894468143, 39.874805372170634 ], [ -75.2381110127738, 39.874594178573417 ], [ -75.238246209539284, 39.874447832912672 ], [ -75.238352047094594, 39.874333236143194 ], [ -75.238689845413091, 39.873960288602753 ], [ -75.238993723129141, 39.873837568937425 ], [ -75.239172304717698, 39.873610009470731 ], [ -75.239261279787314, 39.873491639364211 ], [ -75.239348522263469, 39.87337318708348 ], [ -75.239404656301247, 39.873300867025982 ], [ -75.24009977322072, 39.873031208126548 ], [ -75.240105316827325, 39.872859818033838 ], [ -75.24010203692238, 39.872732155446784 ], [ -75.240101418084294, 39.872614612555921 ], [ -75.240471891577144, 39.872382904911071 ], [ -75.240918186174071, 39.872403784289034 ], [ -75.241089386031192, 39.872439127319012 ], [ -75.241216663586471, 39.872467145592104 ], [ -75.24139560399729, 39.872507835651483 ], [ -75.241556091852615, 39.872541472125576 ], [ -75.241746896989341, 39.8725866263106 ], [ -75.242254690255123, 39.872793909017439 ], [ -75.242568210803299, 39.87295627461689 ], [ -75.242712932515303, 39.873031671465952 ], [ -75.246755948865143, 39.875086926773605 ], [ -75.246825077052875, 39.875144684989877 ], [ -75.248431166739522, 39.876486517705914 ], [ -75.251770075499621, 39.876008268019831 ], [ -75.252257276553195, 39.875938474510193 ], [ -75.253441150026205, 39.876008504533175 ], [ -75.253979010873593, 39.876043168205378 ], [ -75.256128361728841, 39.876173826886614 ], [ -75.2574212014637, 39.876252398504114 ], [ -75.258589304308444, 39.876323377245278 ], [ -75.259521094420577, 39.876379988422464 ], [ -75.261249868190362, 39.876485000209996 ], [ -75.262534644480212, 39.876571013380996 ], [ -75.26483205648411, 39.880647354801518 ], [ -75.265003452965331, 39.880982833205074 ], [ -75.265112413497278, 39.881656916238995 ], [ -75.264545055325769, 39.88211366659803 ], [ -75.26429795480307, 39.882242189378928 ], [ -75.263081780206718, 39.882355790919611 ], [ -75.262262890781756, 39.88257184438411 ], [ -75.261945609860732, 39.882888888678586 ], [ -75.261885560920106, 39.88306871152691 ], [ -75.261964841480093, 39.883240184373683 ], [ -75.262432568892535, 39.883634293208154 ], [ -75.264134345177268, 39.884133774271753 ], [ -75.264444105348261, 39.884314917831624 ], [ -75.264638235659191, 39.884733768815032 ], [ -75.264227371782994, 39.885002233135609 ], [ -75.26315322304049, 39.885300639938606 ], [ -75.262729533067557, 39.88555405988555 ], [ -75.262616970968509, 39.885805005360254 ], [ -75.262682861256451, 39.886025962062256 ], [ -75.262803763171306, 39.886083081334782 ], [ -75.263683818086065, 39.886145291220906 ], [ -75.26398148286934, 39.886096905427777 ], [ -75.264283665052631, 39.886193010021636 ], [ -75.26479848088735, 39.886445423270388 ], [ -75.264851524646971, 39.886537082190308 ], [ -75.264934097504536, 39.886673786544634 ], [ -75.265037720973808, 39.886833433206888 ], [ -75.265105299386633, 39.886981055725009 ], [ -75.265135394795237, 39.887155972712485 ], [ -75.265129033073023, 39.887330098344982 ], [ -75.265095919973788, 39.887537374225623 ], [ -75.264978543681892, 39.88775406469194 ], [ -75.264877595248194, 39.887920518124204 ], [ -75.264725815870932, 39.888080248867468 ], [ -75.264596727354231, 39.88821798465446 ], [ -75.264446585418938, 39.888332777773428 ], [ -75.26426121679286, 39.888413079117882 ], [ -75.263996462925704, 39.888469173198047 ], [ -75.263725853484857, 39.888485789009231 ], [ -75.263376474263879, 39.888461345439147 ], [ -75.262976875223217, 39.888413323280147 ], [ -75.262679770915057, 39.888356282540421 ], [ -75.262473142416496, 39.888419255849179 ], [ -75.262293214662293, 39.88855026444444 ], [ -75.262199963101935, 39.888705640223534 ], [ -75.262133821924905, 39.888917819787331 ], [ -75.262096025328177, 39.889153098775573 ], [ -75.262080927017465, 39.889366385421511 ], [ -75.262087853861757, 39.889675715294587 ], [ -75.26210130265099, 39.889906485419544 ], [ -75.262123279373554, 39.890103713064278 ], [ -75.262109616925244, 39.890277681125525 ], [ -75.262102425247775, 39.890474274709391 ], [ -75.262035872260569, 39.890697687851073 ], [ -75.261882221186809, 39.891307087450251 ], [ -75.26185500322245, 39.891452653996922 ], [ -75.261790298038989, 39.891625513952086 ], [ -75.261733499609392, 39.891781680833212 ], [ -75.26160542559434, 39.891891329227434 ], [ -75.261504929299548, 39.891945360884023 ], [ -75.261313488880177, 39.891991798320419 ], [ -75.261098528551571, 39.892082694840994 ], [ -75.260730025279486, 39.892181498895383 ], [ -75.260141733199077, 39.892303635552956 ], [ -75.25992903257611, 39.892332744162395 ], [ -75.259745704535305, 39.892356867490754 ], [ -75.259541323877713, 39.89235804710291 ], [ -75.259349879820832, 39.892404480334626 ], [ -75.259107600042981, 39.892444187204575 ], [ -75.258958468203929, 39.892530889134854 ], [ -75.258778112469145, 39.892673125835508 ], [ -75.258568790968383, 39.892809113170713 ], [ -75.258387196596487, 39.892985050898403 ], [ -75.258212687290467, 39.893166764562324 ], [ -75.258022976987093, 39.893365013106013 ], [ -75.257829413318305, 39.893568796144841 ], [ -75.257670103503898, 39.893733976614079 ], [ -75.257433754005774, 39.894009908823485 ], [ -75.25691062195753, 39.894543810220433 ], [ -75.25674319192008, 39.894731297975589 ], [ -75.256665740086447, 39.894853283937273 ], [ -75.256662650946723, 39.894937539468366 ], [ -75.256710194214634, 39.895034138047272 ], [ -75.256791936126888, 39.895193316318007 ], [ -75.25696827170303, 39.895360175074799 ], [ -75.257124994577012, 39.895464768468642 ], [ -75.257274634028278, 39.895563587218156 ], [ -75.257389809476962, 39.895706627387568 ], [ -75.257362786017623, 39.895846576067925 ], [ -75.257277011187512, 39.895996490520353 ], [ -75.257147276007998, 39.896151069228772 ], [ -75.256935264809101, 39.896360071954561 ], [ -75.256762390477519, 39.896496847241195 ], [ -75.256450426734631, 39.896844213135381 ], [ -75.256236760992238, 39.897098151577744 ], [ -75.256090994851277, 39.89729173024859 ], [ -75.255982307327514, 39.897469252593972 ], [ -75.255805103057625, 39.897723981836933 ], [ -75.255618194496719, 39.897944772897887 ], [ -75.255507238231615, 39.898184080419433 ], [ -75.255330648484446, 39.898421958548546 ], [ -75.255225872482185, 39.898492758411287 ], [ -75.255156735239822, 39.898586818077369 ], [ -75.255095921805463, 39.898652951588844 ], [ -75.255095698327253, 39.89876237738784 ], [ -75.255117673798836, 39.898855797334498 ], [ -75.255167073474013, 39.898901843644225 ], [ -75.255234643590242, 39.899049472898028 ], [ -75.255339910560338, 39.899164190349133 ], [ -75.255487494982361, 39.899319182958202 ], [ -75.255650794731324, 39.899505469046041 ], [ -75.255519274418589, 39.899671817467578 ], [ -75.25371257502718, 39.901659723545819 ], [ -75.251289309337849, 39.904404646539753 ], [ -75.253490304412139, 39.90558931620285 ], [ -75.252476504919258, 39.906629316501132 ], [ -75.252394338106072, 39.906632790886682 ], [ -75.25215241629941, 39.906661248580015 ], [ -75.251990927869699, 39.906685836261332 ], [ -75.251755264669853, 39.906742538619852 ], [ -75.251628592331969, 39.906812856580146 ], [ -75.251497652141097, 39.906899945242898 ], [ -75.25130306887074, 39.907030619593854 ], [ -75.251056807612812, 39.90717703101533 ], [ -75.250870339535865, 39.907285395521463 ], [ -75.250714079006457, 39.907366309166775 ], [ -75.250444903861364, 39.9075403280114 ], [ -75.25031760916012, 39.907627495774207 ], [ -75.250270748989095, 39.907710796000934 ], [ -75.250223270324568, 39.907810947483959 ], [ -75.250204759821727, 39.907917350997863 ], [ -75.250184802431519, 39.908063074666188 ], [ -75.250198422178045, 39.908288228500929 ], [ -75.250192433254767, 39.90845111971403 ], [ -75.250166215968548, 39.908568599552197 ], [ -75.250116672524285, 39.90872491974703 ], [ -75.250045038306638, 39.908886379494263 ], [ -75.250002786705565, 39.909042858658481 ], [ -75.249933014253799, 39.909153765566302 ], [ -75.249892001482777, 39.909276543093128 ], [ -75.249918077521187, 39.909361434647849 ], [ -75.250005976816794, 39.909450847654327 ], [ -75.250149753809126, 39.909512644596155 ], [ -75.250280010247522, 39.909543592126049 ], [ -75.250469649100168, 39.909547726872923 ], [ -75.250650755515238, 39.909585403904018 ], [ -75.250881884924652, 39.909652278422989 ], [ -75.251105309484345, 39.909730227093874 ], [ -75.251226826974275, 39.909800332938403 ], [ -75.251296876537225, 39.909880560379776 ], [ -75.251284833880106, 39.910009591046069 ], [ -75.251236322929998, 39.910137827771791 ], [ -75.251121754845684, 39.910275867252999 ], [ -75.251000303282694, 39.91040251131497 ], [ -75.250870525119794, 39.910557084678828 ], [ -75.250719897753385, 39.910683093370842 ], [ -75.250613656197018, 39.910793206576123 ], [ -75.25053637916065, 39.910909573348086 ], [ -75.250399305301755, 39.911063985363647 ], [ -75.250192939551951, 39.911216886386995 ], [ -75.249926638359568, 39.9113122654202 ], [ -75.249748692654819, 39.911387084705616 ], [ -75.249518444770004, 39.911494491642259 ], [ -75.249333201976512, 39.911569152053538 ], [ -75.249162135438425, 39.911655365782174 ], [ -75.248982947143546, 39.911763883640077 ], [ -75.248855021503886, 39.91186790279346 ], [ -75.248762739323894, 39.911995182787926 ], [ -75.248720483976712, 39.912151662400689 ], [ -75.248685315725467, 39.912313916108815 ], [ -75.248597641117129, 39.912514375069868 ], [ -75.248557449368036, 39.912614684969689 ], [ -75.248509347110868, 39.912731686129248 ], [ -75.248432064303913, 39.912848050580614 ], [ -75.248377492113562, 39.912942424466792 ], [ -75.248294362855717, 39.913019311341962 ], [ -75.248211646817225, 39.913084963697877 ], [ -75.248055161896048, 39.91317149136944 ], [ -75.247831789269497, 39.913290289523928 ], [ -75.247601740989808, 39.913392075882491 ], [ -75.247400454419491, 39.913505733991265 ], [ -75.247200615850289, 39.913580071629063 ], [ -75.247116657398607, 39.91367942385962 ], [ -75.247069169888789, 39.913779574931048 ], [ -75.247064413726022, 39.913908764408191 ], [ -75.247117804378291, 39.914044843650068 ], [ -75.247222876301294, 39.914165188967608 ], [ -75.247334083989571, 39.91429965601948 ], [ -75.247412089138166, 39.914419671610936 ], [ -75.247489294154803, 39.91453956246071 ], [ -75.247552847224995, 39.914583322370078 ], [ -75.247632585697104, 39.914637510394016 ], [ -75.247706629621263, 39.914723043031124 ], [ -75.247715997047791, 39.914838631235909 ], [ -75.247654911958207, 39.91495618126946 ], [ -75.247555004788893, 39.915079875646406 ], [ -75.247486469626139, 39.915214743145199 ], [ -75.247347948829216, 39.91540053246019 ], [ -75.247188409613869, 39.915633064899161 ], [ -75.247137232708425, 39.915728100742655 ], [ -75.24705774010306, 39.915852240368608 ], [ -75.246988991901077, 39.915931160339667 ], [ -75.246920373417467, 39.916006584551432 ], [ -75.246842424921908, 39.916088799437169 ], [ -75.246767951216569, 39.916199936311912 ], [ -75.246764293278204, 39.916330103917403 ], [ -75.246787141917977, 39.916449482405461 ], [ -75.246835266430509, 39.916560674885723 ], [ -75.246877504160409, 39.916708450661766 ], [ -75.246936747516315, 39.916872357826627 ], [ -75.246801565278645, 39.916919359416369 ], [ -75.246308677029248, 39.917177305096352 ], [ -75.245793914842793, 39.916542514305725 ] ] ] } },
{ "type": "Feature", "properties": { "MS_ID": "1460", "MS_Name": "Anderson, Add B", "MS_Grade": "K-8" }, "geometry": { "type": "Polygon", "coordinates": [ [ [ -75.249056726673984, 39.951680580210244 ], [ -75.24791508446215, 39.951536880554094 ], [ -75.247009840883962, 39.951425676409563 ], [ -75.245036057538158, 39.951182802515028 ], [ -75.24306881403966, 39.950927192723228 ], [ -75.241094503266012, 39.950692270332034 ], [ -75.24069436633448, 39.950646497306217 ], [ -75.239118443885374, 39.950447250034991 ], [ -75.239232389393351, 39.949924521244796 ], [ -75.239274401660694, 39.949684921302314 ], [ -75.239323701454424, 39.949464793659736 ], [ -75.239430758056884, 39.948932176911185 ], [ -75.239548284948185, 39.948400336142072 ], [ -75.239642526106152, 39.947933423987131 ], [ -75.239747337584618, 39.947412363603505 ], [ -75.239082223231321, 39.947328992099386 ], [ -75.238513354410486, 39.94725226321453 ], [ -75.237805181325527, 39.947165765573729 ], [ -75.235882921111795, 39.946915363690081 ], [ -75.235829363789392, 39.946827103235975 ], [ -75.236138505212722, 39.946734552036446 ], [ -75.237271191391088, 39.946464148088417 ], [ -75.23704771881377, 39.94581994805678 ], [ -75.236918550785134, 39.945425323267123 ], [ -75.236697717917082, 39.944750634695254 ], [ -75.236622736565494, 39.944670466417271 ], [ -75.235927451371765, 39.944085592161223 ], [ -75.235219915897616, 39.943495670466604 ], [ -75.234733594817499, 39.943088277988174 ], [ -75.234530491105872, 39.942908227120171 ], [ -75.234321267450326, 39.942742063837713 ], [ -75.233829518223544, 39.942317580676701 ], [ -75.235034538696169, 39.941475085310891 ], [ -75.236606879544809, 39.940366550463509 ], [ -75.236760937949882, 39.940263706211219 ], [ -75.236929756864583, 39.940185303009969 ], [ -75.237080986524376, 39.940155167925667 ], [ -75.237199516003727, 39.940154722115878 ], [ -75.237585447657111, 39.940187504362896 ], [ -75.23773600317422, 39.940175596995751 ], [ -75.237871446986631, 39.940145116009127 ], [ -75.238079847877131, 39.940064534529192 ], [ -75.238451977456748, 39.939829415310079 ], [ -75.238731875577471, 39.939738236652545 ], [ -75.239001185417649, 39.93971980516519 ], [ -75.239205991437785, 39.939736453084201 ], [ -75.23943990595032, 39.939820635715861 ], [ -75.239891993601631, 39.940040146825481 ], [ -75.239797060270874, 39.940166150899906 ], [ -75.239636193965339, 39.940303707781986 ], [ -75.239527559202003, 39.940433003129563 ], [ -75.239411085355428, 39.940609154188415 ], [ -75.23939994623602, 39.940745285754275 ], [ -75.239431191170752, 39.940891748735226 ], [ -75.239462784487202, 39.941028816554144 ], [ -75.239494550331813, 39.941161185848685 ], [ -75.239562769076869, 39.941299054384004 ], [ -75.239631507679988, 39.941422825582734 ], [ -75.23973514074514, 39.941594388723068 ], [ -75.239846265780599, 39.941728492006682 ], [ -75.239986872401488, 39.941891459470916 ], [ -75.240074619857069, 39.941996837199333 ], [ -75.240150680128679, 39.942087849550013 ], [ -75.240252548579249, 39.94214180825935 ], [ -75.240367493009074, 39.942172538839117 ], [ -75.240519584893065, 39.942189974285213 ], [ -75.240790192322265, 39.942224110944238 ], [ -75.240954320293596, 39.942246511400967 ], [ -75.241179666196331, 39.942265548369285 ], [ -75.241448091224413, 39.94227612249643 ], [ -75.241583257710602, 39.942255565363901 ], [ -75.241828131233831, 39.942242109411644 ], [ -75.242035856389819, 39.942241949332953 ], [ -75.242292247867113, 39.942247555178447 ], [ -75.242609160185978, 39.942268590334571 ], [ -75.243066825117708, 39.942283297392578 ], [ -75.243175839114343, 39.942309193223927 ], [ -75.243333862778599, 39.942331457742789 ], [ -75.243421837204934, 39.942403130693741 ], [ -75.243531325985472, 39.942443931772189 ], [ -75.243844668215601, 39.942478995021226 ], [ -75.244069844780299, 39.942502724859963 ], [ -75.244410139304748, 39.942552482238128 ], [ -75.244659210768418, 39.942590840628299 ], [ -75.245013275590154, 39.942598573749684 ], [ -75.24522641200447, 39.942617336971317 ], [ -75.245409896165057, 39.942611938211321 ], [ -75.245562683009666, 39.942610571177418 ], [ -75.245740060628123, 39.94260503945717 ], [ -75.245886916424297, 39.942598841120741 ], [ -75.246051565238346, 39.94260713696174 ], [ -75.246191796349407, 39.942614901352599 ], [ -75.246349476681516, 39.942646558742616 ], [ -75.246470873901117, 39.942668018520948 ], [ -75.246567335305599, 39.942703043463474 ], [ -75.246662757167513, 39.942766259301493 ], [ -75.246744933543013, 39.942857402353113 ], [ -75.246823192100905, 39.942971972128987 ], [ -75.246872247278276, 39.943132930920562 ], [ -75.246965075079515, 39.943266630343402 ], [ -75.2470262047011, 39.943400966043889 ], [ -75.247042751625173, 39.943479941376836 ], [ -75.247052019061485, 39.943560088623592 ], [ -75.247108567444698, 39.943683589883072 ], [ -75.247210316941192, 39.943906831522696 ], [ -75.247304183653625, 39.944012336036138 ], [ -75.247378871399306, 39.944140937002146 ], [ -75.247422171751793, 39.944292363592417 ], [ -75.247509588920835, 39.944407133557668 ], [ -75.247633634529024, 39.944522702539778 ], [ -75.247757163874553, 39.944652366944062 ], [ -75.24789866060209, 39.944791829492104 ], [ -75.24809187358936, 39.944937121264871 ], [ -75.248168120799463, 39.945023431592944 ], [ -75.248213672315586, 39.945113773749533 ], [ -75.248233421386047, 39.945241174929258 ], [ -75.248320841144931, 39.945355944274162 ], [ -75.24841453978722, 39.945466146404236 ], [ -75.248563700648717, 39.945563452033795 ], [ -75.248706065719105, 39.945679419268302 ], [ -75.248895711330434, 39.945838739524625 ], [ -75.249079254564094, 39.945997926398356 ], [ -75.249244312329566, 39.946161414027578 ], [ -75.249460655493166, 39.946342476911767 ], [ -75.249583471718594, 39.946408639811629 ], [ -75.249709946129414, 39.946458423006696 ], [ -75.249810789154253, 39.946540564200866 ], [ -75.249917391156529, 39.946632236266126 ], [ -75.24996634576982, 39.946713248177446 ], [ -75.250035801352524, 39.946818220034245 ], [ -75.250115565971157, 39.946975142410075 ], [ -75.250153114180719, 39.947117038786132 ], [ -75.250203219714038, 39.94724980335927 ], [ -75.250228557994546, 39.947391432714582 ], [ -75.250270483901176, 39.94758044986304 ], [ -75.25030803393831, 39.94772234621211 ], [ -75.250339996902269, 39.947850013079503 ], [ -75.25036568133072, 39.94798224629227 ], [ -75.250416478145326, 39.94809621492206 ], [ -75.250474417978822, 39.948182123740828 ], [ -75.250557296204406, 39.94825446820338 ], [ -75.250723745604205, 39.948380362950324 ], [ -75.251063554013939, 39.948693433522322 ], [ -75.251193028159776, 39.948827927486086 ], [ -75.2513172597683, 39.948938792142393 ], [ -75.251442013551411, 39.949035562119754 ], [ -75.251506405723688, 39.949112206370081 ], [ -75.251557205295455, 39.949226174492196 ], [ -75.251567918889833, 39.949433321220667 ], [ -75.251517754119789, 39.949634439735163 ], [ -75.251412641305194, 39.949834361407298 ], [ -75.251309948039292, 39.949968500313446 ], [ -75.25124301808232, 39.95012693131536 ], [ -75.251195099343022, 39.950266965525202 ], [ -75.251152938496929, 39.950416529686002 ], [ -75.251150115138358, 39.950576356184982 ], [ -75.251140122281925, 39.950681946345476 ], [ -75.251173817344096, 39.950762625233899 ], [ -75.251267554865436, 39.950955121187619 ], [ -75.251349401764884, 39.951055657938667 ], [ -75.251425660008678, 39.95114196519043 ], [ -75.251516692579486, 39.951200379653088 ], [ -75.251585494827296, 39.951281823030484 ], [ -75.25160916664602, 39.951385793918924 ], [ -75.251609512142352, 39.951501015605359 ], [ -75.251626302804695, 39.951625999087376 ], [ -75.251646232888405, 39.951748702055319 ], [ -75.251648708547393, 39.951847509935924 ], [ -75.251635665926074, 39.951982347430082 ], [ -75.249056726673984, 39.951680580210244 ] ] ] } },
{ "type": "Feature", "properties": { "MS_ID": "1470", "MS_Name": "Locke, Alain", "MS_Grade": "K-8" }, "geometry": { "type": "Polygon", "coordinates": [ [ [ -75.204539731005937, 39.964513987889958 ], [ -75.203873475169686, 39.964090178702058 ], [ -75.203598330002336, 39.963922997320289 ], [ -75.202343805540096, 39.96313896353827 ], [ -75.202372659532784, 39.963056582065789 ], [ -75.202370077394619, 39.962953675953656 ], [ -75.202361916911201, 39.962860672354367 ], [ -75.202298604750567, 39.962248178114251 ], [ -75.202266485733475, 39.961945013837152 ], [ -75.202235315394674, 39.961644753824096 ], [ -75.202195938817056, 39.96124957541975 ], [ -75.20210283042897, 39.960407347841539 ], [ -75.20197181660879, 39.959177859828493 ], [ -75.201834258049288, 39.957872636352754 ], [ -75.20195465540273, 39.957150393466243 ], [ -75.202115648150752, 39.956377553358799 ], [ -75.202274100240714, 39.955631375066517 ], [ -75.202428725671552, 39.954872067795399 ], [ -75.204933950284115, 39.955182536152009 ], [ -75.206275140039338, 39.955348852137156 ], [ -75.207436012953295, 39.955494992080155 ], [ -75.208128465261296, 39.955579666301013 ], [ -75.208600522077958, 39.955637941792958 ], [ -75.209021668891509, 39.955688565365271 ], [ -75.209481092766836, 39.955744379668474 ], [ -75.209898994905544, 39.955800997291362 ], [ -75.210476439998558, 39.955870858897484 ], [ -75.211520037075076, 39.956001544256402 ], [ -75.213498880531148, 39.956244998844504 ], [ -75.214483950116232, 39.956367178360118 ], [ -75.215472387433962, 39.956490873453589 ], [ -75.217483215352743, 39.956740152375822 ], [ -75.219422504212645, 39.956980737694465 ], [ -75.221312075483809, 39.957213878996761 ], [ -75.22139876232923, 39.957228293732662 ], [ -75.221245210583049, 39.957985122820261 ], [ -75.221086697731863, 39.958732966663597 ], [ -75.220920916733405, 39.95950637095752 ], [ -75.221909495659034, 39.959627117542659 ], [ -75.222396840047693, 39.959681565509307 ], [ -75.222901066083622, 39.959746376214461 ], [ -75.223884337800172, 39.959863163093011 ], [ -75.224213221277182, 39.95990071720955 ], [ -75.224772589225054, 39.959976294057341 ], [ -75.224868065705309, 39.960006758007886 ], [ -75.226209478808698, 39.960160334180387 ], [ -75.226851170944585, 39.960240004755285 ], [ -75.227444050101724, 39.960312277073548 ], [ -75.227976176654465, 39.960378542769718 ], [ -75.228646456659547, 39.960464835881091 ], [ -75.228319507687388, 39.962034653689877 ], [ -75.227671772353062, 39.961956483381094 ], [ -75.227160734198648, 39.961893461633018 ], [ -75.226518888536873, 39.961813839321792 ], [ -75.225853950738326, 39.961729026473328 ], [ -75.225293496757303, 39.961659478843245 ], [ -75.224542130275992, 39.961568838865276 ], [ -75.223551983859366, 39.961444797032954 ], [ -75.222567847923074, 39.961321619604732 ], [ -75.222065832906452, 39.961258976455511 ], [ -75.221579416193293, 39.961199312968425 ], [ -75.220592477027196, 39.961075874663564 ], [ -75.219650427027204, 39.960957506554358 ], [ -75.219439007655538, 39.960942355930911 ], [ -75.219693762204116, 39.962524503152686 ], [ -75.219769535968538, 39.963011308410721 ], [ -75.220044780566624, 39.96382086951516 ], [ -75.220111487138567, 39.964360750603873 ], [ -75.22017099635535, 39.964845529988835 ], [ -75.218360981368264, 39.965028922370635 ], [ -75.218294675598699, 39.964490831904222 ], [ -75.218227931702955, 39.963957205165833 ], [ -75.216377419365543, 39.96409569079961 ], [ -75.215162948518312, 39.964189471409064 ], [ -75.214700151689371, 39.964221150655867 ], [ -75.214195595392169, 39.964259332972176 ], [ -75.21370729354372, 39.964296283029626 ], [ -75.21322853775267, 39.964332508643786 ], [ -75.212786738854092, 39.964365955427326 ], [ -75.212091619197537, 39.964418799366847 ], [ -75.211409531380696, 39.964470654340111 ], [ -75.211286760760572, 39.964479711314404 ], [ -75.210804095952724, 39.964514491578882 ], [ -75.209344128650898, 39.964622313220438 ], [ -75.208698682426572, 39.964670013427742 ], [ -75.208078914330457, 39.964718917722486 ], [ -75.207299783195353, 39.964779372624605 ], [ -75.206709171212935, 39.964827939008607 ], [ -75.206469642000116, 39.964893311194032 ], [ -75.205900643657458, 39.964541035700584 ], [ -75.205858304662002, 39.964648011889416 ], [ -75.205494405201136, 39.964995662133553 ], [ -75.205467770013115, 39.965091006712015 ], [ -75.204539731005937, 39.964513987889958 ] ] ] } },
{ "type": "Feature", "properties": { "MS_ID": "1490", "MS_Name": "Blankenburg, Rudolph", "MS_Grade": "K-8" }, "geometry": { "type": "Polygon", "coordinates": [ [ [ -75.197560187269218, 39.991697544517045 ], [ -75.199665430845172, 39.98983487779531 ], [ -75.200811858376412, 39.98869997403802 ], [ -75.202680070346602, 39.98695844335225 ], [ -75.203607072174279, 39.986030905550408 ], [ -75.203879685299, 39.985634231063344 ], [ -75.204229705682351, 39.985124911339341 ], [ -75.204393350416368, 39.984194585211199 ], [ -75.204291184959033, 39.983484776375569 ], [ -75.204020428083908, 39.982856133574863 ], [ -75.203220016898442, 39.981635550621149 ], [ -75.201492545703701, 39.980366076762458 ], [ -75.199689664935619, 39.97939206820292 ], [ -75.197680418908718, 39.978526648404433 ], [ -75.196163187659536, 39.977785348662955 ], [ -75.19500983450105, 39.977151186834959 ], [ -75.194221404312472, 39.976595895992595 ], [ -75.193951957887961, 39.976275795675434 ], [ -75.193167670104174, 39.97534404688129 ], [ -75.194232272298549, 39.975232775243633 ], [ -75.194350269877859, 39.975220441972304 ], [ -75.194386200603105, 39.975216685777021 ], [ -75.194404169457783, 39.975214808203482 ], [ -75.194610616913835, 39.975193228697748 ], [ -75.194627529959561, 39.975191460927334 ], [ -75.194661354878022, 39.975187925353012 ], [ -75.19489863948678, 39.975163122542078 ], [ -75.195412237751597, 39.975103464112649 ], [ -75.195756120042049, 39.975064932430101 ], [ -75.195772038565892, 39.975054075529791 ], [ -75.196025582264284, 39.974877551471948 ], [ -75.196277105860204, 39.974698965475255 ], [ -75.196525446193334, 39.974517514102544 ], [ -75.196769721707113, 39.974332909260127 ], [ -75.197009068045858, 39.974144841619982 ], [ -75.197243477194661, 39.973953150655376 ], [ -75.197476759158292, 39.973757450820955 ], [ -75.197694270335049, 39.973552606852572 ], [ -75.197762677488157, 39.973470471768493 ], [ -75.197969736226241, 39.973260481653227 ], [ -75.198173739918516, 39.973048173442372 ], [ -75.198379886438218, 39.972837364965613 ], [ -75.198818962322022, 39.972435742887889 ], [ -75.199065968642898, 39.97225320340781 ], [ -75.199331723179824, 39.972085236761771 ], [ -75.199609663784543, 39.971931487936274 ], [ -75.199901329644462, 39.971795192318368 ], [ -75.200206583913427, 39.971674321300306 ], [ -75.20051677833527, 39.971561889946933 ], [ -75.200830039619134, 39.971456298762838 ], [ -75.201148341898218, 39.971358961099298 ], [ -75.201469914145804, 39.971269047396866 ], [ -75.201795276313959, 39.971186091640469 ], [ -75.202125827275154, 39.971116791388944 ], [ -75.202461466792144, 39.971068570446405 ], [ -75.20280217542728, 39.971035584416121 ], [ -75.203143860935739, 39.971018855159635 ], [ -75.203486539446715, 39.971014585288415 ], [ -75.203737785195401, 39.971013532968371 ], [ -75.20372444604061, 39.970940143918327 ], [ -75.203722568371859, 39.970929910094668 ], [ -75.203651927124682, 39.970536711194448 ], [ -75.203633246641218, 39.970432344209172 ], [ -75.203602220967511, 39.9702620380829 ], [ -75.20418303772162, 39.970429675097726 ], [ -75.20430221981367, 39.970442136607083 ], [ -75.204746460104488, 39.970386547913037 ], [ -75.205293838049485, 39.970327241442625 ], [ -75.205843086604659, 39.970276336071088 ], [ -75.206641606849132, 39.970188824391379 ], [ -75.207171510963349, 39.970134859313823 ], [ -75.208227686137349, 39.970016885317946 ], [ -75.209201375252562, 39.969908239553398 ], [ -75.210138364925925, 39.969805350585318 ], [ -75.211516605226294, 39.969655762505049 ], [ -75.21133586950053, 39.968727078409337 ], [ -75.212134985860217, 39.969229150501654 ], [ -75.212641818992495, 39.969537402347399 ], [ -75.212934425633705, 39.969713906666762 ], [ -75.213900079218163, 39.970296393465716 ], [ -75.214319058870203, 39.97054349282827 ], [ -75.214542410752657, 39.970684580300258 ], [ -75.214688105428351, 39.970774549650059 ], [ -75.214990170969358, 39.970956060713675 ], [ -75.216086008316978, 39.971619381332857 ], [ -75.217437605731249, 39.972435647689181 ], [ -75.21776807540634, 39.972628008843571 ], [ -75.218417809392065, 39.973025148118175 ], [ -75.219074117281963, 39.972878387935474 ], [ -75.222010897083123, 39.972254331670968 ], [ -75.222614536700817, 39.97212115051213 ], [ -75.222709512314722, 39.972650541751868 ], [ -75.222828863630397, 39.973319796485576 ], [ -75.222946553285183, 39.973985365394775 ], [ -75.223039086025452, 39.974526479371704 ], [ -75.222985250717358, 39.974593434564035 ], [ -75.222475294779869, 39.975213099809835 ], [ -75.221981874687373, 39.975783466924803 ], [ -75.219472137014449, 39.980017477693636 ], [ -75.221453505434042, 39.980750514692922 ], [ -75.222489735251912, 39.981137809008516 ], [ -75.223158282359165, 39.981382308664223 ], [ -75.223546412091167, 39.981475824059913 ], [ -75.223675247030911, 39.981510364482915 ], [ -75.223790845151271, 39.981521127080057 ], [ -75.224066937903189, 39.981509486859665 ], [ -75.22516370803244, 39.981337934257191 ], [ -75.226203522769282, 39.981609170753465 ], [ -75.22611408407532, 39.981310696521128 ], [ -75.22598506456491, 39.981103447139439 ], [ -75.226387009194028, 39.980458498530027 ], [ -75.226714541021522, 39.979938663944282 ], [ -75.227207620069024, 39.980118751050782 ], [ -75.227699839540506, 39.980301679555481 ], [ -75.228151738447494, 39.980464672815017 ], [ -75.228794895713804, 39.980702236606724 ], [ -75.22889328745417, 39.980441636903919 ], [ -75.228945582303098, 39.980180447979166 ], [ -75.228967684181796, 39.979917254199293 ], [ -75.228947659963282, 39.979652189871146 ], [ -75.228839962730632, 39.979404351996116 ], [ -75.228678570259419, 39.979168724934908 ], [ -75.228472749845992, 39.978961067777696 ], [ -75.228226165239832, 39.978777716248516 ], [ -75.227973586503808, 39.978597714782403 ], [ -75.228282210806213, 39.978711364030737 ], [ -75.228590933065931, 39.978824862309999 ], [ -75.228899739573606, 39.978938231843266 ], [ -75.229208614246105, 39.979051495702393 ], [ -75.229517539864531, 39.979164676033697 ], [ -75.229826509741116, 39.979277795214891 ], [ -75.230135503113672, 39.979390876215525 ], [ -75.230444505070466, 39.979503942133945 ], [ -75.230753504211293, 39.979617016145788 ], [ -75.231062486962259, 39.979730116873888 ], [ -75.231371435939096, 39.979843270967123 ], [ -75.231680336298282, 39.979956499723485 ], [ -75.231989175537507, 39.980069824493199 ], [ -75.23229793874701, 39.980183268375399 ], [ -75.232606609813928, 39.980296855344243 ], [ -75.232915178610739, 39.980410605901021 ], [ -75.233223623174013, 39.980524543891917 ], [ -75.233531936853424, 39.980638690795793 ], [ -75.23384010002701, 39.980753070510438 ], [ -75.233959105634725, 39.98079736322358 ], [ -75.234148102501749, 39.980867705338291 ], [ -75.234455923652192, 39.980982614650557 ], [ -75.234763556596036, 39.981097826228641 ], [ -75.235070979538961, 39.981213359418078 ], [ -75.235377642930985, 39.981330075243072 ], [ -75.23568320596948, 39.98144851134473 ], [ -75.235987896459434, 39.981568304214939 ], [ -75.236291953066441, 39.981689081571012 ], [ -75.236595610473984, 39.981810483655181 ], [ -75.236899102590186, 39.981932139877465 ], [ -75.237202665492021, 39.982053684198924 ], [ -75.237506534048194, 39.982174751452064 ], [ -75.237810940881999, 39.98229497371522 ], [ -75.238116124363003, 39.982413985893075 ], [ -75.238422315933946, 39.98253142003324 ], [ -75.238613394101122, 39.982603149821387 ], [ -75.23804864757993, 39.983543684060535 ], [ -75.237241583887595, 39.984841310424308 ], [ -75.237062811450215, 39.985185697132216 ], [ -75.237023101004354, 39.985406568571079 ], [ -75.237030918987628, 39.985620243766974 ], [ -75.237108763380519, 39.986011255893487 ], [ -75.237176486230155, 39.986440543108813 ], [ -75.237250852415357, 39.986807338612593 ], [ -75.237328593885167, 39.987203324452601 ], [ -75.237393131909073, 39.987572434651263 ], [ -75.237489434462987, 39.987997585476542 ], [ -75.237563149096587, 39.98846373791369 ], [ -75.237655500279843, 39.988905237968225 ], [ -75.23564564878761, 39.98930950082444 ], [ -75.233242623390808, 39.989800273495021 ], [ -75.23338610249742, 39.990219535799056 ], [ -75.233528571827094, 39.990654557564817 ], [ -75.233597499869035, 39.991205352958751 ], [ -75.233673989577838, 39.991883566031085 ], [ -75.232314891386693, 39.991816057524225 ], [ -75.231061164743878, 39.991765428833176 ], [ -75.229798026271538, 39.991683454862191 ], [ -75.228088387195186, 39.991602844416647 ], [ -75.226573055872862, 39.991517203670178 ], [ -75.225663257136972, 39.991470042606679 ], [ -75.225663786219584, 39.991668073566537 ], [ -75.225665097296925, 39.991931316064559 ], [ -75.225666388687642, 39.992194552721138 ], [ -75.225667862177005, 39.992457775359924 ], [ -75.22567059622213, 39.992720995083936 ], [ -75.225673756702648, 39.992984214272276 ], [ -75.225676422871416, 39.993247433398913 ], [ -75.22567775345847, 39.993510657388889 ], [ -75.225678280343516, 39.993773884424492 ], [ -75.225678366799357, 39.994037110781903 ], [ -75.225678059540101, 39.994300340191501 ], [ -75.225677395046446, 39.994563568049699 ], [ -75.22567642371213, 39.994826793662845 ], [ -75.225674559618454, 39.99509002216579 ], [ -75.22567010232126, 39.99535327112514 ], [ -75.225665808291936, 39.99561650745504 ], [ -75.225664932010787, 39.99587969550592 ], [ -75.225669230682698, 39.99614311989167 ], [ -75.225684724913862, 39.996406298527084 ], [ -75.225727523770303, 39.996666869140917 ], [ -75.225795556393209, 39.996925115022663 ], [ -75.225866923751624, 39.997182757528421 ], [ -75.225940311303148, 39.997439864153776 ], [ -75.226015044263519, 39.9976967507233 ], [ -75.22608608367419, 39.997954372323953 ], [ -75.226162425421634, 39.998210933741184 ], [ -75.226252540807877, 39.998464825518404 ], [ -75.226348691972447, 39.998717628147382 ], [ -75.22645164543718, 39.998968734972593 ], [ -75.226563818899265, 39.999217273796425 ], [ -75.22669187430796, 39.999461621468285 ], [ -75.226833666591645, 39.999701182978626 ], [ -75.226983807318305, 39.999937647245297 ], [ -75.227138265599635, 40.000172614115797 ], [ -75.227380749868331, 40.000540461402089 ], [ -75.227478267416728, 40.000740089109023 ], [ -75.226414698246629, 40.001239711627846 ], [ -75.223629943051378, 40.002547798079284 ], [ -75.220696492094689, 40.003925603512037 ], [ -75.219224678333248, 40.004616846915042 ], [ -75.218345895628147, 40.005029556222269 ], [ -75.21577504285959, 40.006236852254901 ], [ -75.214570362636024, 40.006802547937241 ], [ -75.213755401967248, 40.007147049425924 ], [ -75.213045738632559, 40.007447032730596 ], [ -75.210766795988945, 40.008552472049068 ], [ -75.2092665156527, 40.009488115989363 ], [ -75.208389749121949, 40.010047624477558 ], [ -75.208105716016206, 40.010233172363954 ], [ -75.208024533241726, 40.010286723532523 ], [ -75.207946494283178, 40.010338203472784 ], [ -75.207867633345515, 40.010388256897393 ], [ -75.207588170711446, 40.010589319998026 ], [ -75.207262149505382, 40.010768188626329 ], [ -75.207251814689315, 40.010877029614491 ], [ -75.207238671243374, 40.011015432437652 ], [ -75.206992264251838, 40.011197205082645 ], [ -75.206139021632211, 40.011826622459203 ], [ -75.206055582401646, 40.011771348838444 ], [ -75.205981185049581, 40.01172206353565 ], [ -75.205830875532683, 40.011622494238473 ], [ -75.205560898465336, 40.011446373536202 ], [ -75.204932690183128, 40.011036554083574 ], [ -75.204117973285349, 40.010678871273527 ], [ -75.202784535591348, 40.010168167568729 ], [ -75.200969162345203, 40.00950524023208 ], [ -75.199567166253132, 40.009106183523983 ], [ -75.197986629984825, 40.008561630003094 ], [ -75.197410075339391, 40.00838739067634 ], [ -75.196621974626353, 40.008149214427306 ], [ -75.195237887049032, 40.007764652233476 ], [ -75.194065793307729, 40.007370640630775 ], [ -75.193174513318922, 40.006946139642288 ], [ -75.19282909227671, 40.006720041632185 ], [ -75.192486504381606, 40.006486319158313 ], [ -75.192108171083333, 40.00599172460916 ], [ -75.192024070673781, 40.005881776893808 ], [ -75.19175386735489, 40.005238965345775 ], [ -75.191535358733759, 40.004201078412947 ], [ -75.191419442879493, 40.002882461289559 ], [ -75.191562642143637, 40.00079131936959 ], [ -75.191738293170644, 39.999549668698563 ], [ -75.19209975304112, 39.998256124712789 ], [ -75.192489521704189, 39.997189339779744 ], [ -75.193873154099549, 39.995380540585458 ], [ -75.193912073727489, 39.995333113315112 ], [ -75.194933748877503, 39.994088106992471 ], [ -75.19673644314085, 39.992628239307159 ], [ -75.197560187269218, 39.991697544517045 ] ] ] } },
{ "type": "Feature", "properties": { "MS_ID": "2050", "MS_Name": "Science Leadership Academy Middle School", "MS_Grade": "5-7" }, "geometry": { "type": "Polygon", "coordinates": [ [ [ -75.18107508428993, 39.961627798810682 ], [ -75.180220215305482, 39.960405820580924 ], [ -75.180051079952221, 39.960132068330701 ], [ -75.179975829700055, 39.960010271561359 ], [ -75.179838992260073, 39.959788789316065 ], [ -75.179478734326963, 39.958860905268111 ], [ -75.179295167951466, 39.95788037407501 ], [ -75.179364548959441, 39.957018719111247 ], [ -75.17952364866278, 39.956215676865845 ], [ -75.179566894823466, 39.956123041556239 ], [ -75.179862680494168, 39.95548943951723 ], [ -75.179899503429283, 39.955410561002708 ], [ -75.180183958222017, 39.954801220932175 ], [ -75.180310916296392, 39.954484184194932 ], [ -75.180447927761193, 39.954142038791431 ], [ -75.181034247432706, 39.952999285513314 ], [ -75.181251865767678, 39.952575133235719 ], [ -75.181741729327655, 39.951520486538257 ], [ -75.181772281198405, 39.951454706568114 ], [ -75.182434838634478, 39.950464820092932 ], [ -75.183013745760618, 39.949741926184196 ], [ -75.183676482390595, 39.949233166955388 ], [ -75.184660804126921, 39.948491032151125 ], [ -75.18638192557512, 39.947257678409755 ], [ -75.186767726554905, 39.946981536991224 ], [ -75.186870200153763, 39.946914571631552 ], [ -75.187353201490723, 39.946599474586549 ], [ -75.187922943512078, 39.946227784440133 ], [ -75.188256655278792, 39.946010073837229 ], [ -75.188891645373005, 39.945525822624042 ], [ -75.189392412525493, 39.945143924061817 ], [ -75.189458824175375, 39.945084777719828 ], [ -75.189852871888149, 39.944733834026863 ], [ -75.190229436374253, 39.94439845576369 ], [ -75.19067974179427, 39.943981979434184 ], [ -75.190991369494085, 39.943693759295058 ], [ -75.191058513707674, 39.943636688136998 ], [ -75.191573410309857, 39.943199036019067 ], [ -75.19177005947266, 39.943031884652498 ], [ -75.192531162023769, 39.94259603349542 ], [ -75.193645603189125, 39.942281245825789 ], [ -75.19369737903736, 39.942280125631619 ], [ -75.193867925578317, 39.942276342724597 ], [ -75.194602717089097, 39.942260124464816 ], [ -75.195776200448378, 39.942342866783441 ], [ -75.19692197216321, 39.942679697486149 ], [ -75.197951634815979, 39.943169607215729 ], [ -75.199093134229798, 39.943605358300026 ], [ -75.199965124130799, 39.943879462067173 ], [ -75.200427525553081, 39.943944167373822 ], [ -75.200806782898908, 39.943997229054901 ], [ -75.201614424977848, 39.943969597474407 ], [ -75.201809901472402, 39.943962903004568 ], [ -75.203054507415644, 39.943622628121219 ], [ -75.20329421085043, 39.944083011965667 ], [ -75.204604890228651, 39.943954452972712 ], [ -75.205326486444804, 39.94408111179888 ], [ -75.205281594664868, 39.944156981424733 ], [ -75.205374234049742, 39.945059142452983 ], [ -75.206960150340763, 39.946662249602404 ], [ -75.20697377705622, 39.946834461392456 ], [ -75.205656643225879, 39.948054106816564 ], [ -75.205168729519826, 39.948523475322737 ], [ -75.205033230576674, 39.94853436087157 ], [ -75.204526024742265, 39.948729225002907 ], [ -75.203763937215314, 39.949002247328607 ], [ -75.203013444813323, 39.949282731120135 ], [ -75.201412117030245, 39.949761240378812 ], [ -75.201157533455728, 39.949840443282177 ], [ -75.201288503427932, 39.949880043144013 ], [ -75.201489042443825, 39.94994614180677 ], [ -75.201585286155321, 39.949977863586057 ], [ -75.203461169525397, 39.949925216215028 ], [ -75.203303689305159, 39.950685118811286 ], [ -75.203190595998933, 39.951204468097302 ], [ -75.203141284883188, 39.951425006035308 ], [ -75.203084502412096, 39.951746851023842 ], [ -75.203072026176841, 39.951831115290247 ], [ -75.202956558820745, 39.952370661785316 ], [ -75.202828025900814, 39.952971249480946 ], [ -75.202742147396904, 39.953385322966497 ], [ -75.202590469835044, 39.95411371494432 ], [ -75.202428725671552, 39.954872067795399 ], [ -75.202274100240714, 39.955631375066517 ], [ -75.202115648150752, 39.956377553358799 ], [ -75.20195465540273, 39.957150393466243 ], [ -75.201834258049288, 39.957872636352754 ], [ -75.20197181660879, 39.959177859828493 ], [ -75.20210283042897, 39.960407347841539 ], [ -75.202195938817056, 39.96124957541975 ], [ -75.202235315394674, 39.961644753824096 ], [ -75.202266485733475, 39.961945013837152 ], [ -75.202298604750567, 39.962248178114251 ], [ -75.202361916911201, 39.962860672354367 ], [ -75.202370077394619, 39.962953675953656 ], [ -75.202372659532784, 39.963056582065789 ], [ -75.202343805540096, 39.96313896353827 ], [ -75.201929643797754, 39.96289648722054 ], [ -75.200767138905789, 39.9622889342618 ], [ -75.200137160433812, 39.961964055805304 ], [ -75.199436978279621, 39.962043371015135 ], [ -75.197197827334634, 39.962288409446145 ], [ -75.195748003672051, 39.962448792109484 ], [ -75.194298255396959, 39.962608059960658 ], [ -75.194196728968947, 39.962623836549128 ], [ -75.192846649880039, 39.962770929048098 ], [ -75.192517977437944, 39.962809978027323 ], [ -75.191477382859986, 39.962921712634973 ], [ -75.191390905873021, 39.962923037726007 ], [ -75.189938839380332, 39.963084409434657 ], [ -75.188486942854311, 39.963249022063465 ], [ -75.188026078631978, 39.963295353205638 ], [ -75.187416281137246, 39.963368290400979 ], [ -75.186743449636367, 39.963446711591729 ], [ -75.186438592602812, 39.963482241546437 ], [ -75.185649750420893, 39.963627954642313 ], [ -75.185353936506672, 39.963716233447819 ], [ -75.18521097532448, 39.963758897352498 ], [ -75.185053485536727, 39.963821832471091 ], [ -75.18473166794152, 39.963950433325664 ], [ -75.184571235123911, 39.963999713871488 ], [ -75.18444557929719, 39.964047583288448 ], [ -75.184312816187273, 39.964105920151127 ], [ -75.183744915798954, 39.964279560944455 ], [ -75.183472258287082, 39.9643415361816 ], [ -75.182877644607387, 39.963564374202662 ], [ -75.181958512510818, 39.962581540396314 ], [ -75.18107508428993, 39.961627798810682 ] ] ] } },
{ "type": "Feature", "properties": { "MS_ID": "2190", "MS_Name": "Fell, D Newlin", "MS_Grade": "K-8" }, "geometry": { "type": "Polygon", "coordinates": [ [ [ -75.164619773354104, 39.922906415015539 ], [ -75.164709261677217, 39.922467008496241 ], [ -75.166285924612069, 39.922669256565541 ], [ -75.166375983632861, 39.922234831857949 ], [ -75.166466263245155, 39.921855198350194 ], [ -75.166563496691523, 39.921419116041221 ], [ -75.166646392378354, 39.920987356281479 ], [ -75.166733087721965, 39.920619617276749 ], [ -75.166829716771105, 39.920173481176356 ], [ -75.16627796985432, 39.920105264996337 ], [ -75.165810202275978, 39.920043225914625 ], [ -75.165260121152372, 39.919967041309121 ], [ -75.16471656499877, 39.919898300293859 ], [ -75.164231533037963, 39.919836011404932 ], [ -75.163695968234293, 39.919751597738752 ], [ -75.163491232983574, 39.919736839426953 ], [ -75.163142756188918, 39.919693473325047 ], [ -75.162655066464282, 39.919626988379733 ], [ -75.16211106226082, 39.919567532293598 ], [ -75.161545560839215, 39.919491564608471 ], [ -75.161088192193489, 39.919435332548495 ], [ -75.160541516462061, 39.919362122170774 ], [ -75.160766898251438, 39.918354951904846 ], [ -75.160827369403862, 39.91811789286897 ], [ -75.160276250620242, 39.918045150991425 ], [ -75.159808699156955, 39.917984718206618 ], [ -75.159277727790013, 39.917915041383317 ], [ -75.159551147241814, 39.916672668420425 ], [ -75.15901050678805, 39.916595323844533 ], [ -75.158512789902815, 39.916539987469967 ], [ -75.157982098919888, 39.916474053530791 ], [ -75.158284023107768, 39.915079948239608 ], [ -75.158095485283411, 39.915048675423485 ], [ -75.157746613357304, 39.915003057854165 ], [ -75.157485428550487, 39.914960086092641 ], [ -75.157767227425396, 39.913701127579998 ], [ -75.158019440657597, 39.912463032257982 ], [ -75.158630245429208, 39.912542260151234 ], [ -75.159203288542713, 39.91261606957395 ], [ -75.159777091654931, 39.912691796225694 ], [ -75.160392291350917, 39.912756864337183 ], [ -75.160532263257323, 39.912105476943061 ], [ -75.160698262721297, 39.91136962299742 ], [ -75.160703980823172, 39.91134408935303 ], [ -75.160782933618805, 39.910983831833512 ], [ -75.160791733271836, 39.910943680291027 ], [ -75.160824106589232, 39.910795966944107 ], [ -75.160950211197573, 39.910215623025181 ], [ -75.161218127214752, 39.90901129470074 ], [ -75.161895489706993, 39.905831117449111 ], [ -75.162307524451592, 39.903944550565491 ], [ -75.164648526468781, 39.887612504005048 ], [ -75.162171293899618, 39.882907329176682 ], [ -75.164187006175254, 39.882571043062768 ], [ -75.166995120772825, 39.882029875902681 ], [ -75.167563655275245, 39.881981265249628 ], [ -75.172144092485979, 39.881286798262558 ], [ -75.173867946782551, 39.881122261921433 ], [ -75.175058709443292, 39.881127178541576 ], [ -75.175521979319711, 39.887429451301976 ], [ -75.175661052784832, 39.888558589920933 ], [ -75.175711549683001, 39.88876138361379 ], [ -75.175737050279707, 39.888863785336923 ], [ -75.17584319904708, 39.889805549032459 ], [ -75.175874194830229, 39.890043130639974 ], [ -75.176027851168527, 39.891220948058134 ], [ -75.176040421971805, 39.891329354681915 ], [ -75.176344301645443, 39.893950067873845 ], [ -75.176336648167734, 39.894025729800042 ], [ -75.175887348195673, 39.896154226916003 ], [ -75.175399825025096, 39.897343638954084 ], [ -75.175204781938945, 39.897810704148966 ], [ -75.174960715051029, 39.898489577280351 ], [ -75.17491929925437, 39.898604770405299 ], [ -75.174858575537343, 39.898901508384661 ], [ -75.174836463205466, 39.899052945944518 ], [ -75.174812110994353, 39.899180556330286 ], [ -75.174781677779933, 39.899334891115309 ], [ -75.174661521405909, 39.899902012483281 ], [ -75.174590166764631, 39.900256002506893 ], [ -75.174394720756368, 39.901225579105777 ], [ -75.174353990712206, 39.90153017248722 ], [ -75.174006389988691, 39.902912081844292 ], [ -75.173870622878212, 39.903669007244048 ], [ -75.173917111008819, 39.903789435402935 ], [ -75.173814233097076, 39.903850745835307 ], [ -75.173769497269987, 39.904035456563093 ], [ -75.173558282592779, 39.905049125763583 ], [ -75.173542910213655, 39.905227726157968 ], [ -75.173548063583056, 39.905389574900788 ], [ -75.173533997826695, 39.905595779295787 ], [ -75.173487545480739, 39.906756309950694 ], [ -75.173481359692545, 39.906942888063021 ], [ -75.173449052019393, 39.907159544189803 ], [ -75.17323528558174, 39.908003474064103 ], [ -75.173074451864267, 39.908719118662191 ], [ -75.172991813826599, 39.909147532286887 ], [ -75.172972135316883, 39.909243234455992 ], [ -75.172953234752043, 39.909352550414226 ], [ -75.172687427449986, 39.910577065850404 ], [ -75.172368711540571, 39.911727128945977 ], [ -75.172254555417823, 39.912280202517017 ], [ -75.17223264423825, 39.912386351217755 ], [ -75.172191898157763, 39.912583763644079 ], [ -75.172109628931224, 39.912987059452369 ], [ -75.172072294638113, 39.913201704780811 ], [ -75.171921062732281, 39.913906760110358 ], [ -75.171877046157306, 39.914257229030071 ], [ -75.171797772426231, 39.9143468534077 ], [ -75.17127261085615, 39.916779653894721 ], [ -75.171252795710814, 39.916871956868036 ], [ -75.171130017884707, 39.91742438166272 ], [ -75.170985504516167, 39.918150039401404 ], [ -75.170711251437126, 39.919394994977459 ], [ -75.170448151782693, 39.920640631710327 ], [ -75.170179800898566, 39.9218860886198 ], [ -75.169881030610668, 39.923132437406899 ], [ -75.169628171323239, 39.924373265706869 ], [ -75.168920300472777, 39.924287373119533 ], [ -75.168476672550696, 39.924227797333053 ], [ -75.167590122601396, 39.924106940022874 ], [ -75.166846555473967, 39.924005783707898 ], [ -75.166014149856835, 39.923904537964852 ], [ -75.164441712584846, 39.923703064142721 ], [ -75.164532167787925, 39.923260508841416 ], [ -75.164619773354104, 39.922906415015539 ] ] ] } },
{ "type": "Feature", "properties": { "MS_ID": "2210", "MS_Name": "Bache / Martin", "MS_Grade": "K-8" }, "geometry": { "type": "Polygon", "coordinates": [ [ [ -75.1681453247881, 39.975035024475979 ], [ -75.168055032335801, 39.97487099232697 ], [ -75.16773195706557, 39.974320808202691 ], [ -75.167220148978032, 39.97339870716462 ], [ -75.166539675023174, 39.972381597428608 ], [ -75.166272108558545, 39.97203764288151 ], [ -75.165972893576111, 39.971608896715722 ], [ -75.165778801455389, 39.971340492220719 ], [ -75.165618189230329, 39.971192002497197 ], [ -75.165311331532791, 39.970911444385585 ], [ -75.165133042735206, 39.970762133187122 ], [ -75.164745533118563, 39.970437600780166 ], [ -75.165490882651227, 39.970041827235164 ], [ -75.165681630692546, 39.969945711636662 ], [ -75.16636191542905, 39.969568086837874 ], [ -75.166966810783563, 39.969232139540118 ], [ -75.168313860216259, 39.968404053617832 ], [ -75.168466132847186, 39.967645473617296 ], [ -75.168569608728575, 39.967227573888415 ], [ -75.169371486386353, 39.967236746728588 ], [ -75.170177661334563, 39.967251723011316 ], [ -75.17077834579456, 39.96726075824045 ], [ -75.17134478822625, 39.967276270332178 ], [ -75.172108957934483, 39.967285656890404 ], [ -75.172194060392272, 39.966904598508911 ], [ -75.172268285604048, 39.966580482136109 ], [ -75.172400422432901, 39.965930333056825 ], [ -75.172478778002542, 39.965628033709208 ], [ -75.172561305510357, 39.965220293241629 ], [ -75.174161643057303, 39.965413599293491 ], [ -75.175763278727999, 39.965619619829013 ], [ -75.175873970890024, 39.965159200922436 ], [ -75.175905130164665, 39.964987498463813 ], [ -75.176027340342529, 39.964431052065521 ], [ -75.176038811036506, 39.96425996026975 ], [ -75.176392912390313, 39.96410880106437 ], [ -75.176683654094276, 39.963945031892884 ], [ -75.176942962265372, 39.963567691167043 ], [ -75.177125734425346, 39.963271404209131 ], [ -75.177228493452816, 39.963124037797058 ], [ -75.177320421786149, 39.962992297969066 ], [ -75.177483195731, 39.962868229316193 ], [ -75.17774979731945, 39.962783865837316 ], [ -75.17813373682884, 39.962803750897116 ], [ -75.178820235783121, 39.962991091970089 ], [ -75.180034772482301, 39.96332073145873 ], [ -75.181229462130958, 39.963706314052374 ], [ -75.181590776285219, 39.963784473602061 ], [ -75.181714744024973, 39.963923372434984 ], [ -75.18249535007034, 39.964139217875847 ], [ -75.183472258287082, 39.9643415361816 ], [ -75.183545544410691, 39.964437321152388 ], [ -75.183648737691556, 39.964572192293097 ], [ -75.184356608433859, 39.965550289347135 ], [ -75.184849223265942, 39.966141491739208 ], [ -75.185592696562509, 39.96690811198944 ], [ -75.181121775408755, 39.967463599612891 ], [ -75.179684783001221, 39.967417407677708 ], [ -75.180163681769514, 39.967794395545155 ], [ -75.180062820116191, 39.968416647134042 ], [ -75.17991460237576, 39.969090943561348 ], [ -75.179837439800778, 39.969447753664703 ], [ -75.179775989622598, 39.969693539893093 ], [ -75.179754889068661, 39.969814978561075 ], [ -75.179651616869393, 39.970310272091965 ], [ -75.178606401891841, 39.970181658250176 ], [ -75.178056687529704, 39.970113729414557 ], [ -75.17780650810144, 39.971208969504474 ], [ -75.177538730300711, 39.972438556473932 ], [ -75.177862946149759, 39.972481031370052 ], [ -75.177863875620346, 39.973833454430952 ], [ -75.177852679205543, 39.974248936524667 ], [ -75.177123534151548, 39.974328234747901 ], [ -75.1764196484622, 39.974404185387577 ], [ -75.17593658491711, 39.974453623779276 ], [ -75.175456715694423, 39.974504660838285 ], [ -75.173786245777109, 39.974678886988151 ], [ -75.172092336418629, 39.974855903415154 ], [ -75.170401710995137, 39.975039382279832 ], [ -75.169144903415003, 39.975168563448143 ], [ -75.168263449167256, 39.975260196643987 ], [ -75.1681453247881, 39.975035024475979 ] ] ] } },
{ "type": "Feature", "properties": { "MS_ID": "2240", "MS_Name": "Bregy, F Amedee", "MS_Grade": "K-8" }, "geometry": { "type": "Polygon", "coordinates": [ [ [ -75.18941869879913, 39.921007844650468 ], [ -75.189324502044258, 39.92091422014704 ], [ -75.189164222102875, 39.920746252371238 ], [ -75.189104939525222, 39.920684126443327 ], [ -75.188254594716653, 39.919754693708725 ], [ -75.18803994232465, 39.919456388448246 ], [ -75.187796434953455, 39.919252298947114 ], [ -75.187437415775221, 39.919050855891022 ], [ -75.187354451556345, 39.919006847013549 ], [ -75.186962292710476, 39.918867726114804 ], [ -75.186024785915095, 39.918690979128748 ], [ -75.185100329042271, 39.918554256265537 ], [ -75.184403372521771, 39.91844380213039 ], [ -75.182821510392557, 39.918233589219184 ], [ -75.182793564313926, 39.918359721358499 ], [ -75.182512112779733, 39.919630008029706 ], [ -75.182221268398635, 39.920871756083926 ], [ -75.181418469051934, 39.920773618414877 ], [ -75.181235353560254, 39.920738874625933 ], [ -75.180894868999459, 39.920705255663648 ], [ -75.180315208714447, 39.920621012522552 ], [ -75.179762912645103, 39.920550683259293 ], [ -75.179529028109528, 39.920521501296854 ], [ -75.179269240464407, 39.920489878413086 ], [ -75.178738502232548, 39.92041614683869 ], [ -75.177954860968725, 39.920309942989043 ], [ -75.17716829123836, 39.920219553776199 ], [ -75.176367667419242, 39.920109903474085 ], [ -75.175615988372058, 39.920014348078269 ], [ -75.175046835561133, 39.919944882434123 ], [ -75.174588346319453, 39.919885815943566 ], [ -75.174034281899779, 39.919810776183617 ], [ -75.1734928793705, 39.919744054387209 ], [ -75.173005779890019, 39.919680750769807 ], [ -75.172447365939234, 39.919622458981124 ], [ -75.171940351485745, 39.919544971646467 ], [ -75.171487857875448, 39.919486505887456 ], [ -75.170855014988518, 39.919411454882237 ], [ -75.17071125143714, 39.919394994977431 ], [ -75.17098550451621, 39.918150039401425 ], [ -75.171130017884678, 39.917424381662748 ], [ -75.171252795710842, 39.916871956868071 ], [ -75.171272610856164, 39.916779653894743 ], [ -75.171797772426189, 39.914346853407672 ], [ -75.171877046157348, 39.914257229030035 ], [ -75.171921062732309, 39.913906760110379 ], [ -75.172072294638141, 39.913201704780832 ], [ -75.172109628931196, 39.912987059452334 ], [ -75.172191898157791, 39.912583763644065 ], [ -75.172232644238292, 39.912386351217712 ], [ -75.172254555417851, 39.912280202517053 ], [ -75.172368711540599, 39.911727128945955 ], [ -75.172687427449944, 39.910577065850418 ], [ -75.172953234752015, 39.909352550414248 ], [ -75.172972135316911, 39.909243234455964 ], [ -75.172991813826556, 39.909147532286852 ], [ -75.173074451864309, 39.908719118662205 ], [ -75.173235285581697, 39.90800347406406 ], [ -75.173449052019365, 39.907159544189781 ], [ -75.173481359692587, 39.906942888063043 ], [ -75.173487545480754, 39.906756309950701 ], [ -75.173533997826667, 39.90559577929573 ], [ -75.173548063583013, 39.905389574900767 ], [ -75.173542910213612, 39.905227726157932 ], [ -75.173558282592822, 39.905049125763568 ], [ -75.173769497269959, 39.904035456563037 ], [ -75.173814233097033, 39.903850745835349 ], [ -75.173917111008791, 39.903789435402949 ], [ -75.173870622878184, 39.903669007244083 ], [ -75.174006389988648, 39.902912081844313 ], [ -75.174353990712177, 39.901530172487185 ], [ -75.174394720756382, 39.901225579105763 ], [ -75.174590166764688, 39.900256002506929 ], [ -75.174661521405923, 39.89990201248326 ], [ -75.17478167777989, 39.899334891115288 ], [ -75.174812110994296, 39.899180556330251 ], [ -75.17483646320548, 39.899052945944497 ], [ -75.174858575537385, 39.898901508384689 ], [ -75.174919299254341, 39.898604770405321 ], [ -75.174960715051057, 39.898489577280394 ], [ -75.175204781938973, 39.897810704148988 ], [ -75.175399825025053, 39.897343638954055 ], [ -75.175887348195701, 39.896154226916032 ], [ -75.176336648167748, 39.894025729800049 ], [ -75.176344301645472, 39.893950067873867 ], [ -75.176040421971834, 39.891329354681893 ], [ -75.176027851168499, 39.891220948058148 ], [ -75.175874194830286, 39.890043130640016 ], [ -75.175843199047122, 39.889805549032481 ], [ -75.175737050279736, 39.888863785336888 ], [ -75.175711549683029, 39.888761383613826 ], [ -75.175661052784847, 39.888558589920947 ], [ -75.175506636980884, 39.887220747272444 ], [ -75.175417242552555, 39.886004726012622 ], [ -75.17527615048904, 39.88408537061391 ], [ -75.175168534731355, 39.882621331116958 ], [ -75.175058709443249, 39.881127178541611 ], [ -75.179287493125386, 39.880763236356607 ], [ -75.183094856299022, 39.880871525812793 ], [ -75.18626600338726, 39.880776404069444 ], [ -75.188330576281984, 39.880233990850932 ], [ -75.191168337493977, 39.878957201713483 ], [ -75.19324988488367, 39.878184668892899 ], [ -75.194232585698785, 39.881954784067574 ], [ -75.194351056761064, 39.884179124399623 ], [ -75.19474422021824, 39.88715958381745 ], [ -75.195005540562306, 39.889005029920128 ], [ -75.195377006373889, 39.890852930227872 ], [ -75.196641613074519, 39.892154693323171 ], [ -75.197348498685372, 39.892554200508876 ], [ -75.197918846051323, 39.89287653536396 ], [ -75.200409179792757, 39.893582902071621 ], [ -75.202200101944854, 39.893834988846351 ], [ -75.204673561297355, 39.894257866007955 ], [ -75.206431881689838, 39.894891238246608 ], [ -75.208116811443404, 39.895522952552739 ], [ -75.209537912290031, 39.89633275566915 ], [ -75.210631792380312, 39.897050385553598 ], [ -75.211572290800035, 39.897836224048675 ], [ -75.212110552751241, 39.898285960912027 ], [ -75.213583251415244, 39.899931753250264 ], [ -75.214052011475687, 39.900663816645149 ], [ -75.214686441147435, 39.901880671807092 ], [ -75.215111478205699, 39.903786283051396 ], [ -75.215457612897794, 39.905591091598374 ], [ -75.21569646410812, 39.907563337006138 ], [ -75.215683644214579, 39.908893231045653 ], [ -75.215307921057544, 39.909606617026249 ], [ -75.21464580619201, 39.910115556509204 ], [ -75.213561389884163, 39.91061515098194 ], [ -75.212279003769453, 39.910756583074303 ], [ -75.209491383966551, 39.910609938141803 ], [ -75.208480502756302, 39.910615834252674 ], [ -75.207216129997903, 39.911012324931839 ], [ -75.206358320653322, 39.911347068097342 ], [ -75.205422666925756, 39.912288564423996 ], [ -75.20470414463496, 39.91331977872764 ], [ -75.204108834833207, 39.914495235089611 ], [ -75.203598250258977, 39.915615965798949 ], [ -75.202463861633277, 39.91744453314238 ], [ -75.20194457510884, 39.918550913909897 ], [ -75.201844627725151, 39.919256237059862 ], [ -75.2019945286075, 39.919781946952625 ], [ -75.201791324429493, 39.91981930807259 ], [ -75.200062380518332, 39.920137182962577 ], [ -75.195046513306224, 39.921012687583307 ], [ -75.19448533530732, 39.921085070263416 ], [ -75.193864481103802, 39.921130191596099 ], [ -75.192494737672277, 39.921267072634883 ], [ -75.191819916357758, 39.921388914670977 ], [ -75.191222154026448, 39.921500199794416 ], [ -75.191067943475105, 39.921533210498581 ], [ -75.190816344173939, 39.921584347136779 ], [ -75.190601465380666, 39.921628021702453 ], [ -75.190472472641858, 39.921654239566827 ], [ -75.190341960454703, 39.9216743775998 ], [ -75.190158601171589, 39.921702151168219 ], [ -75.190060582890808, 39.921717130711897 ], [ -75.189812587187561, 39.921399340079979 ], [ -75.18941869879913, 39.921007844650468 ] ] ] } },
{ "type": "Feature", "properties": { "MS_ID": "2260", "MS_Name": "Childs, George W", "MS_Grade": "K-8" }, "geometry": { "type": "Polygon", "coordinates": [ [ [ -75.167169301492947, 39.935677321641933 ], [ -75.167494969924718, 39.934114489113497 ], [ -75.167769203767861, 39.932922573067884 ], [ -75.168051450383828, 39.931713787949739 ], [ -75.168319619667869, 39.930481666285729 ], [ -75.168568272080051, 39.929253610830024 ], [ -75.168690842301743, 39.928644037253648 ], [ -75.168828119448264, 39.928035002761533 ], [ -75.168957737646906, 39.928036671436679 ], [ -75.169581709941497, 39.928134065918755 ], [ -75.170049972628661, 39.928188333573857 ], [ -75.170593633192937, 39.928266826050347 ], [ -75.171137875462918, 39.928330017163042 ], [ -75.171596227458551, 39.92838855343355 ], [ -75.172155520669818, 39.92846424087822 ], [ -75.172699996421372, 39.928521347013657 ], [ -75.173162091674797, 39.928588976642018 ], [ -75.17372885312524, 39.928661678717155 ], [ -75.175290408372561, 39.928868270262868 ], [ -75.175879537281787, 39.928942223357396 ], [ -75.176335220475252, 39.929001123898416 ], [ -75.176872311727877, 39.929062922406168 ], [ -75.17678215161331, 39.929487616295809 ], [ -75.176705677887313, 39.92985285667659 ], [ -75.176607555127958, 39.930286386427227 ], [ -75.176513077094768, 39.930717064212196 ], [ -75.176436614222609, 39.931081881237475 ], [ -75.176338548591261, 39.931506608312688 ], [ -75.176069976639653, 39.932722330845074 ], [ -75.176624996293256, 39.932798123115177 ], [ -75.177083344668944, 39.932856200502414 ], [ -75.177650804140711, 39.932925963364909 ], [ -75.178194830764539, 39.933001268023943 ], [ -75.178622270430736, 39.933059092056489 ], [ -75.179041979617651, 39.933110435895337 ], [ -75.179554525517545, 39.933179388864772 ], [ -75.180657984013649, 39.933315016086219 ], [ -75.181163219718698, 39.933386736218033 ], [ -75.181061268691238, 39.933814101652565 ], [ -75.180976481277142, 39.93418503191495 ], [ -75.18089047146259, 39.934606884247756 ], [ -75.182545590374446, 39.934824486692442 ], [ -75.184185208223084, 39.935035212025397 ], [ -75.183915976790445, 39.936241635037383 ], [ -75.183366154392488, 39.936181146566689 ], [ -75.183141827372111, 39.936152810606302 ], [ -75.18285664195399, 39.93611678598112 ], [ -75.182286133715039, 39.936033649071028 ], [ -75.180621122569107, 39.935817722142637 ], [ -75.179036099313848, 39.935613812060446 ], [ -75.178514387060289, 39.935545886938819 ], [ -75.178016588887857, 39.935494110269971 ], [ -75.177581066875348, 39.93542891655229 ], [ -75.177108717594066, 39.93537161137526 ], [ -75.176681796318576, 39.935319988096964 ], [ -75.176121743884124, 39.935244606206162 ], [ -75.175537292319945, 39.935165830248089 ], [ -75.175024966724436, 39.935100858714925 ], [ -75.174588322206247, 39.935048059592766 ], [ -75.173971243932684, 39.93497522661724 ], [ -75.173851895841239, 39.935451281353316 ], [ -75.173776911793738, 39.935848480227989 ], [ -75.17369756730578, 39.936231589278677 ], [ -75.173583177612215, 39.936742971318978 ], [ -75.17201673274829, 39.936486813754229 ], [ -75.170455668553785, 39.936233564919362 ], [ -75.17015472345561, 39.936189399975696 ], [ -75.169673550937532, 39.936107590546698 ], [ -75.169378496510021, 39.936050665255152 ], [ -75.168902428130735, 39.935970480203025 ], [ -75.168122462351931, 39.935826920592383 ], [ -75.167997559841737, 39.935810782650144 ], [ -75.167303352112043, 39.935696993958437 ], [ -75.167169301492947, 39.935677321641933 ] ] ] } },
{ "type": "Feature", "properties": { "MS_ID": "2340", "MS_Name": "McCall, General George A", "MS_Grade": "K-8" }, "geometry": { "type": "Polygon", "coordinates": [ [ [ -75.147347902108194, 39.957557941586437 ], [ -75.147203765343477, 39.957537836872454 ], [ -75.146086718004184, 39.9573917252239 ], [ -75.14594277208451, 39.957382115637081 ], [ -75.145744459225668, 39.957359724235062 ], [ -75.145399035107218, 39.957320721496984 ], [ -75.14418051989675, 39.957169303214364 ], [ -75.143905292912677, 39.957135100727491 ], [ -75.143596983731058, 39.957110134708458 ], [ -75.143300375149167, 39.95712727268846 ], [ -75.143040707401141, 39.957160363108592 ], [ -75.142803691124072, 39.957212773871298 ], [ -75.142635819317093, 39.957274725205366 ], [ -75.142188582236258, 39.957218627377337 ], [ -75.142021035240901, 39.957196792797966 ], [ -75.141413352644363, 39.95711824275984 ], [ -75.140998798267702, 39.957064656606988 ], [ -75.140717723486247, 39.957028322177436 ], [ -75.139955622561317, 39.956929803007412 ], [ -75.13963009231081, 39.95688829534479 ], [ -75.138723911267931, 39.956782808755115 ], [ -75.132808525086432, 39.956020214005825 ], [ -75.13322440629986, 39.955236147241465 ], [ -75.134435688872699, 39.953037480013521 ], [ -75.134877788151201, 39.952075979518057 ], [ -75.135206006189421, 39.951136968114433 ], [ -75.135447261972814, 39.950420052464679 ], [ -75.135607782623964, 39.949927370706007 ], [ -75.135671694912787, 39.949731206468556 ], [ -75.135740973881923, 39.949518565833074 ], [ -75.135793984024133, 39.949294798867619 ], [ -75.135878701421532, 39.948937185527257 ], [ -75.135941182435843, 39.948673438732257 ], [ -75.136037089171182, 39.948268585483937 ], [ -75.136048376984732, 39.948061401594224 ], [ -75.136137422423943, 39.947674525956771 ], [ -75.136214708514558, 39.947143308464526 ], [ -75.136239927227592, 39.946951593642261 ], [ -75.136287749547279, 39.946588053986375 ], [ -75.136303673655846, 39.946174054516668 ], [ -75.136316482810244, 39.945841034840342 ], [ -75.136288880538999, 39.945559358256361 ], [ -75.13625956961576, 39.945260236728295 ], [ -75.136227431143368, 39.944932253100944 ], [ -75.136170176949221, 39.944592687493682 ], [ -75.136098808061462, 39.944169404034341 ], [ -75.136025489914374, 39.943734554679423 ], [ -75.135966571120321, 39.943346747954365 ], [ -75.135903393407332, 39.942930910542799 ], [ -75.135860572809307, 39.942649055419935 ], [ -75.135832873850418, 39.942454294698493 ], [ -75.135792059544059, 39.94216731427943 ], [ -75.135737081752438, 39.941590929777455 ], [ -75.135713075244325, 39.94124610547081 ], [ -75.135699224064993, 39.940760233717945 ], [ -75.142386440048654, 39.940757611941891 ], [ -75.144060926878126, 39.940973037723602 ], [ -75.145032052834381, 39.94109993841964 ], [ -75.145667909670593, 39.94118234959349 ], [ -75.146743526145983, 39.941311595615886 ], [ -75.147604809258979, 39.941423638057607 ], [ -75.148097754044713, 39.941487516115259 ], [ -75.149180660923392, 39.941621355500793 ], [ -75.149647279282604, 39.941677975822891 ], [ -75.150407699434851, 39.941775750993735 ], [ -75.150756895774833, 39.941819800412944 ], [ -75.151189437091929, 39.9418784037736 ], [ -75.151561115246352, 39.941923426843161 ], [ -75.152334290524664, 39.942016262980935 ], [ -75.153917692813451, 39.942206410856834 ], [ -75.155489510946921, 39.942408179804424 ], [ -75.156271452412824, 39.942507107149702 ], [ -75.156671303369023, 39.942551231476536 ], [ -75.157059098586899, 39.942597730852768 ], [ -75.157572792890505, 39.942666781642878 ], [ -75.158043811341273, 39.942731291387297 ], [ -75.15863139924636, 39.942802234273863 ], [ -75.159104475631537, 39.942861016896892 ], [ -75.159778739876586, 39.942946696271861 ], [ -75.160205664382687, 39.942998326765306 ], [ -75.161378867223263, 39.943139244309378 ], [ -75.161783735595904, 39.94318730763522 ], [ -75.163355507479139, 39.943379983595939 ], [ -75.164131605039103, 39.943480137863283 ], [ -75.164373041567799, 39.943517176659228 ], [ -75.165421727204432, 39.943646961524678 ], [ -75.165330355231077, 39.94407812817898 ], [ -75.165201995624841, 39.944648340405529 ], [ -75.164996833056222, 39.945556106489782 ], [ -75.164855733340715, 39.946216887983837 ], [ -75.164773580695325, 39.946602468866807 ], [ -75.164711037372996, 39.946972121112893 ], [ -75.164615061195761, 39.947408036472588 ], [ -75.164440299261742, 39.948198999962472 ], [ -75.164327945273527, 39.948717644909934 ], [ -75.164193663718223, 39.949335903795834 ], [ -75.164106181132425, 39.949716204978202 ], [ -75.164024480494831, 39.950074889529176 ], [ -75.163858456685745, 39.95085758793789 ], [ -75.163709554021011, 39.951490570074647 ], [ -75.163686888855466, 39.951515298339856 ], [ -75.16364322502929, 39.951543516732251 ], [ -75.163516829326909, 39.951592072598714 ], [ -75.163645621739178, 39.951631227947146 ], [ -75.163898805658988, 39.951665106282597 ], [ -75.164024808666667, 39.95162917159179 ], [ -75.164195557249556, 39.95164400942916 ], [ -75.164361301202504, 39.951670103228203 ], [ -75.164534937894473, 39.951695838570785 ], [ -75.164717619414034, 39.951724382327178 ], [ -75.164896560914173, 39.951760641602277 ], [ -75.165056671043772, 39.951811652063355 ], [ -75.165181947138038, 39.951885231726131 ], [ -75.165245476142701, 39.952001731927588 ], [ -75.165299331945178, 39.952285830139594 ], [ -75.165227937740511, 39.952577745431036 ], [ -75.165064470979601, 39.953609971756649 ], [ -75.163902941446821, 39.953454676372985 ], [ -75.163661087248798, 39.953376478554077 ], [ -75.163329846390681, 39.953331160183922 ], [ -75.163192516124354, 39.953915514532937 ], [ -75.163094591399428, 39.954401416699021 ], [ -75.162887041133672, 39.955330954301132 ], [ -75.162689470483741, 39.956228283715134 ], [ -75.162363670698682, 39.957680012068508 ], [ -75.162155249680453, 39.957717957781703 ], [ -75.161296227823968, 39.957609153304851 ], [ -75.160295041570805, 39.957509451983583 ], [ -75.15902918678124, 39.957383381020321 ], [ -75.15881552775555, 39.957378555422657 ], [ -75.158693804940683, 39.957362385414044 ], [ -75.157135241700217, 39.957139475149482 ], [ -75.155539772987368, 39.956924816364129 ], [ -75.154451683864934, 39.956778478020361 ], [ -75.154249342685176, 39.956778157248024 ], [ -75.153784369729166, 39.956786598459914 ], [ -75.153346393837339, 39.956825445563375 ], [ -75.152894288034503, 39.956885026153664 ], [ -75.152772701158554, 39.956915399557204 ], [ -75.152559607776709, 39.956964754281678 ], [ -75.152290793851193, 39.957041445287963 ], [ -75.152061630553249, 39.957099760779059 ], [ -75.151649970129597, 39.95721319094833 ], [ -75.151489149397889, 39.957258519739419 ], [ -75.151140549040065, 39.957352358346036 ], [ -75.150894009482457, 39.957418606047241 ], [ -75.15065512095704, 39.957482799262017 ], [ -75.150173671662458, 39.957593477054161 ], [ -75.149526117829538, 39.957663167577913 ], [ -75.149126436054487, 39.95767570821544 ], [ -75.148877345366515, 39.957665503485366 ], [ -75.148860859457727, 39.957745703471161 ], [ -75.148461207850104, 39.957716464859189 ], [ -75.147844148082712, 39.95762800277754 ], [ -75.147347902108194, 39.957557941586437 ] ] ] } },
{ "type": "Feature", "properties": { "MS_ID": "2370", "MS_Name": "McDaniel, Delaplaine", "MS_Grade": "K-8" }, "geometry": { "type": "Polygon", "coordinates": [ [ [ -75.185727908957318, 39.936480347936552 ], [ -75.184980074113966, 39.936382116858304 ], [ -75.184492488641794, 39.936319117172893 ], [ -75.1843475621842, 39.936299641652489 ], [ -75.183915976790445, 39.936241635037383 ], [ -75.184185208223084, 39.935035212025397 ], [ -75.182545590374446, 39.934824486692442 ], [ -75.18089047146259, 39.934606884247756 ], [ -75.180976481277142, 39.93418503191495 ], [ -75.181061268691238, 39.933814101652565 ], [ -75.181163219718698, 39.933386736218033 ], [ -75.180657984013649, 39.933315016086219 ], [ -75.179554525517545, 39.933179388864772 ], [ -75.179041979617651, 39.933110435895337 ], [ -75.178622270430736, 39.933059092056489 ], [ -75.178194830764539, 39.933001268023943 ], [ -75.177650804140711, 39.932925963364909 ], [ -75.177083344668944, 39.932856200502414 ], [ -75.176624996293256, 39.932798123115177 ], [ -75.176069976639653, 39.932722330845074 ], [ -75.176338548591261, 39.931506608312688 ], [ -75.176436614222609, 39.931081881237475 ], [ -75.176513077094768, 39.930717064212196 ], [ -75.176607555127958, 39.930286386427227 ], [ -75.176705677887313, 39.92985285667659 ], [ -75.17678215161331, 39.929487616295809 ], [ -75.176872311727877, 39.929062922406168 ], [ -75.176962359651853, 39.928641162351532 ], [ -75.17703462385559, 39.92827918547934 ], [ -75.177137166543787, 39.927843969737289 ], [ -75.177222999814688, 39.927425473055308 ], [ -75.177302928635996, 39.927069538127768 ], [ -75.177401665006172, 39.92662679085602 ], [ -75.177949480069898, 39.926696112693143 ], [ -75.178408055677878, 39.926748544142391 ], [ -75.178970921539815, 39.926830360441713 ], [ -75.179611901388171, 39.926913714072725 ], [ -75.180248827452445, 39.927003479449453 ], [ -75.180894078384398, 39.927074755196408 ], [ -75.181434333990836, 39.927142529439578 ], [ -75.181923648779261, 39.927210519038333 ], [ -75.182479707453652, 39.927270987225661 ], [ -75.183070027622975, 39.927347318779098 ], [ -75.183567270979225, 39.927414552536376 ], [ -75.184135724490261, 39.927488390721471 ], [ -75.184693565353044, 39.927563973577286 ], [ -75.185187073443132, 39.927629321868601 ], [ -75.185774485308556, 39.927696343468938 ], [ -75.185991440629763, 39.927728243845479 ], [ -75.186858820040925, 39.927832140172747 ], [ -75.187597584287658, 39.92792761392424 ], [ -75.18918145487082, 39.92813040403253 ], [ -75.190744229589583, 39.928328258379871 ], [ -75.190668593009107, 39.928669416761188 ], [ -75.190602330306376, 39.928978118248253 ], [ -75.190535432735217, 39.929266492297394 ], [ -75.190474744494665, 39.92955977394741 ], [ -75.190222048709401, 39.930780386809857 ], [ -75.190127315766034, 39.931220084595033 ], [ -75.189949361879059, 39.932003488518205 ], [ -75.189688576363309, 39.933228640370629 ], [ -75.189416952601704, 39.934430371372947 ], [ -75.189317617940404, 39.93486751700781 ], [ -75.189237135178971, 39.935244278921189 ], [ -75.189148014256673, 39.935672620795231 ], [ -75.189062659170602, 39.93609681917723 ], [ -75.188978009780513, 39.936458124820042 ], [ -75.188885571251916, 39.936888071951493 ], [ -75.187327602999815, 39.93668022889355 ], [ -75.185756407865114, 39.936483928728613 ], [ -75.185727908957318, 39.936480347936552 ] ] ] } },
{ "type": "Feature", "properties": { "MS_ID": "2380", "MS_Name": "Meredith, William M", "MS_Grade": "K-8" }, "geometry": { "type": "Polygon", "coordinates": [ [ [ -75.156671303369023, 39.942551231476536 ], [ -75.156271452412824, 39.942507107149702 ], [ -75.155489510946921, 39.942408179804424 ], [ -75.153917692813451, 39.942206410856834 ], [ -75.152334290524664, 39.942016262980935 ], [ -75.151561115246352, 39.941923426843161 ], [ -75.151189437091929, 39.9418784037736 ], [ -75.150756895774833, 39.941819800412944 ], [ -75.150407699434851, 39.941775750993735 ], [ -75.149647279282604, 39.941677975822891 ], [ -75.149180660923392, 39.941621355500793 ], [ -75.148097754044713, 39.941487516115259 ], [ -75.147604809258979, 39.941423638057607 ], [ -75.146743526145983, 39.941311595615886 ], [ -75.145667909670593, 39.94118234959349 ], [ -75.145032052834381, 39.94109993841964 ], [ -75.144060926878126, 39.940973037723602 ], [ -75.142386440048654, 39.940757611941891 ], [ -75.142231658061476, 39.94073774285976 ], [ -75.135699224064993, 39.940760233717945 ], [ -75.135703574214858, 39.940378566798572 ], [ -75.135708297686563, 39.939964099364815 ], [ -75.13570376885157, 39.939818746405713 ], [ -75.135721866365017, 39.939289239104461 ], [ -75.135738348237595, 39.938898729435117 ], [ -75.135754038211061, 39.938526944836035 ], [ -75.135776550380072, 39.937993535805347 ], [ -75.135792219507863, 39.937330195264742 ], [ -75.135825628482152, 39.936830614911706 ], [ -75.135852345746059, 39.936197530329537 ], [ -75.135875239359095, 39.935655046754434 ], [ -75.135899385745248, 39.935082874127403 ], [ -75.135925315309862, 39.934468407485333 ], [ -75.142686249649202, 39.93488056541532 ], [ -75.142770502364172, 39.934898641587274 ], [ -75.143287603133089, 39.935036005921759 ], [ -75.144361093708426, 39.935323913654258 ], [ -75.144657073572233, 39.935403733338561 ], [ -75.144889026205334, 39.935466284927088 ], [ -75.145259688849009, 39.935566241560124 ], [ -75.145740968722848, 39.935695953093109 ], [ -75.146166245149146, 39.935810967654113 ], [ -75.146356927109252, 39.935862535506111 ], [ -75.146809238231398, 39.93598385223401 ], [ -75.146905684047354, 39.9360112996903 ], [ -75.147812777183603, 39.936256913994541 ], [ -75.148285847020247, 39.936380795161973 ], [ -75.148694934432996, 39.936487499408734 ], [ -75.149332538185462, 39.936665275010583 ], [ -75.149934850243511, 39.936837033602671 ], [ -75.150229109154651, 39.936922301227618 ], [ -75.151759213608059, 39.93733271818985 ], [ -75.151647846965076, 39.93782885397875 ], [ -75.15149502996691, 39.938515466014806 ], [ -75.151957557056136, 39.93859295052566 ], [ -75.152679341886611, 39.93872515703972 ], [ -75.153065445945515, 39.938764160018984 ], [ -75.153976793161405, 39.938873430538251 ], [ -75.15462893269904, 39.938957131228527 ], [ -75.156195027979109, 39.939153026786194 ], [ -75.156110412228699, 39.939561927269445 ], [ -75.156593301822568, 39.939621157186693 ], [ -75.156986331622136, 39.939664548104894 ], [ -75.157688625122589, 39.939748327956899 ], [ -75.157454786371432, 39.940764183751355 ], [ -75.157253135637916, 39.941738436083 ], [ -75.157059098586899, 39.942597730852768 ], [ -75.156671303369023, 39.942551231476536 ] ] ] } },
{ "type": "Feature", "properties": { "MS_ID": "2390", "MS_Name": "Morris, Robert", "MS_Grade": "K-8" }, "geometry": { "type": "Polygon", "coordinates": [ [ [ -75.173405951614285, 39.977784690664912 ], [ -75.173127753545728, 39.977751700238606 ], [ -75.172968127087202, 39.978408177999867 ], [ -75.172902512794167, 39.978679188881593 ], [ -75.172960196738543, 39.978693185827339 ], [ -75.172994519256164, 39.978720913073907 ], [ -75.172999861411043, 39.978749579828062 ], [ -75.173003448185611, 39.97876882581722 ], [ -75.172991759083502, 39.97883147385479 ], [ -75.172962978189503, 39.978985721589524 ], [ -75.172931280976599, 39.979026468103854 ], [ -75.172871291786763, 39.979052105398196 ], [ -75.172818822733717, 39.97907376237837 ], [ -75.172800971147538, 39.979161767072178 ], [ -75.171214292524155, 39.978953555245269 ], [ -75.1712943213969, 39.978579246226225 ], [ -75.171307803003913, 39.978506134590653 ], [ -75.171354488466392, 39.97825182831366 ], [ -75.17143377989791, 39.977917570721083 ], [ -75.171528309539383, 39.977538864296669 ], [ -75.171595692898464, 39.977180490136931 ], [ -75.171671373078283, 39.976839334217594 ], [ -75.171728095313028, 39.976533128813692 ], [ -75.171735554426974, 39.976506748042375 ], [ -75.171814507730872, 39.976165127688503 ], [ -75.171912462896458, 39.975772355686367 ], [ -75.171971123751717, 39.975463804263349 ], [ -75.171981105194291, 39.975398084239707 ], [ -75.172092336418629, 39.974855903415154 ], [ -75.173786245777109, 39.974678886988151 ], [ -75.175456715694423, 39.974504660838285 ], [ -75.17593658491711, 39.974453623779276 ], [ -75.1764196484622, 39.974404185387577 ], [ -75.177123534151548, 39.974328234747901 ], [ -75.177852679205543, 39.974248936524667 ], [ -75.177863875620346, 39.973833454430952 ], [ -75.177862946149759, 39.972481031370052 ], [ -75.177538730300711, 39.972438556473932 ], [ -75.17780650810144, 39.971208969504474 ], [ -75.178056687529704, 39.970113729414557 ], [ -75.178606401891841, 39.970181658250176 ], [ -75.179651616869393, 39.970310272091965 ], [ -75.179754889068661, 39.969814978561075 ], [ -75.179775989622598, 39.969693539893093 ], [ -75.179837439800778, 39.969447753664703 ], [ -75.17991460237576, 39.969090943561348 ], [ -75.180062820116191, 39.968416647134042 ], [ -75.180163681769514, 39.967794395545155 ], [ -75.179684783001221, 39.967417407677708 ], [ -75.181121775408755, 39.967463599612891 ], [ -75.185592696562509, 39.96690811198944 ], [ -75.187069083333924, 39.967747703382884 ], [ -75.189003307387878, 39.968639946461849 ], [ -75.190533303213755, 39.969523141662705 ], [ -75.191170879808055, 39.970174153296554 ], [ -75.19156997895054, 39.971541539557457 ], [ -75.191856032116107, 39.972736595546813 ], [ -75.192515246394834, 39.974279588107663 ], [ -75.19267610460345, 39.974556828745875 ], [ -75.193068199291773, 39.975225870025817 ], [ -75.193167670104145, 39.975344046881332 ], [ -75.19395195788799, 39.976275795675406 ], [ -75.193707466366959, 39.976436929608965 ], [ -75.193447421099137, 39.976607983514036 ], [ -75.193186946330925, 39.976778651568935 ], [ -75.193123532379715, 39.976820057225694 ], [ -75.19292609306035, 39.976948979056552 ], [ -75.192664914388544, 39.97711901761388 ], [ -75.192403469368585, 39.977288816308288 ], [ -75.192141809896938, 39.977458427652095 ], [ -75.191879998605003, 39.977627898991315 ], [ -75.19174566272099, 39.977714779863135 ], [ -75.191618089695098, 39.97779728379178 ], [ -75.191356137471004, 39.977966632818749 ], [ -75.191094199882599, 39.978135993315746 ], [ -75.19083233340443, 39.978305420602588 ], [ -75.190570593679311, 39.978474960971262 ], [ -75.190309039691016, 39.978644665293459 ], [ -75.189900793791836, 39.978909075000196 ], [ -75.189638865952062, 39.979078446966966 ], [ -75.189376825791882, 39.979247718549367 ], [ -75.189079771505732, 39.979439447020397 ], [ -75.188852511571014, 39.979586053859641 ], [ -75.188590283894214, 39.979755160969134 ], [ -75.187318617876883, 39.979581975406575 ], [ -75.185728634669076, 39.979362089304928 ], [ -75.184700253988936, 39.979225395072916 ], [ -75.18413796951701, 39.979160412047385 ], [ -75.183582363416036, 39.979083484042789 ], [ -75.183115877509863, 39.979030826912577 ], [ -75.182526999838601, 39.978957744698533 ], [ -75.18192679331861, 39.97887967381515 ], [ -75.181460189160049, 39.978814630070225 ], [ -75.180907018363513, 39.978740588882879 ], [ -75.180317476584776, 39.978666542404532 ], [ -75.18018551683241, 39.978650077745762 ], [ -75.179861772655528, 39.978607358478946 ], [ -75.179482831319248, 39.978557606628677 ], [ -75.178694522303289, 39.97846900801477 ], [ -75.177888884397504, 39.978355998185357 ], [ -75.17710442702699, 39.978253014542837 ], [ -75.176300858651487, 39.978140098415601 ], [ -75.174703886555733, 39.97793852162858 ], [ -75.173855804245761, 39.977838020656776 ], [ -75.173405951614285, 39.977784690664912 ] ] ] } },
{ "type": "Feature", "properties": { "MS_ID": "2450", "MS_Name": "Stanton, Edwin M", "MS_Grade": "K-8" }, "geometry": { "type": "Polygon", "coordinates": [ [ [ -75.166244705492531, 39.942855169146036 ], [ -75.165779396613502, 39.942786384401508 ], [ -75.165627581162482, 39.94278599843723 ], [ -75.165717535788573, 39.942406443211013 ], [ -75.165832591940045, 39.941804609729999 ], [ -75.166059849291941, 39.940800978519434 ], [ -75.166133887367266, 39.940422143899625 ], [ -75.166225452231089, 39.94003471465053 ], [ -75.166434773144985, 39.939056811917041 ], [ -75.166713599154548, 39.937845795024714 ], [ -75.166863359641837, 39.937181234426689 ], [ -75.166955670570985, 39.936733330982264 ], [ -75.167169301492947, 39.935677321641933 ], [ -75.167303352112043, 39.935696993958437 ], [ -75.167997559841737, 39.935810782650144 ], [ -75.168122462351931, 39.935826920592383 ], [ -75.168902428130735, 39.935970480203025 ], [ -75.169378496510021, 39.936050665255152 ], [ -75.169673550937532, 39.936107590546698 ], [ -75.17015472345561, 39.936189399975696 ], [ -75.170455668553785, 39.936233564919362 ], [ -75.17201673274829, 39.936486813754229 ], [ -75.173583177612215, 39.936742971318978 ], [ -75.17369756730578, 39.936231589278677 ], [ -75.173776911793738, 39.935848480227989 ], [ -75.173851895841239, 39.935451281353316 ], [ -75.173971243932684, 39.93497522661724 ], [ -75.174588322206247, 39.935048059592766 ], [ -75.175024966724436, 39.935100858714925 ], [ -75.175537292319945, 39.935165830248089 ], [ -75.176121743884124, 39.935244606206162 ], [ -75.176681796318576, 39.935319988096964 ], [ -75.177108717594066, 39.93537161137526 ], [ -75.177581066875348, 39.93542891655229 ], [ -75.178016588887857, 39.935494110269971 ], [ -75.178514387060289, 39.935545886938819 ], [ -75.179036099313848, 39.935613812060446 ], [ -75.180621122569107, 39.935817722142637 ], [ -75.182286133715039, 39.936033649071028 ], [ -75.18285664195399, 39.93611678598112 ], [ -75.183141827372111, 39.936152810606302 ], [ -75.183366154392488, 39.936181146566689 ], [ -75.183915976790445, 39.936241635037383 ], [ -75.1843475621842, 39.936299641652489 ], [ -75.184492488641794, 39.936319117172893 ], [ -75.184980074113966, 39.936382116858304 ], [ -75.185727908957318, 39.936480347936552 ], [ -75.185499936355626, 39.937598274968586 ], [ -75.185416433763805, 39.937953698860817 ], [ -75.185391896318137, 39.938058864797604 ], [ -75.18530335339068, 39.93851578013453 ], [ -75.185271019414415, 39.938663579602974 ], [ -75.185234838497536, 39.938824544195796 ], [ -75.18516814972773, 39.939115485637444 ], [ -75.184956101127355, 39.94008534101652 ], [ -75.183141072922254, 39.939896858480367 ], [ -75.181495283297309, 39.939688543255457 ], [ -75.179838911819743, 39.939479802181104 ], [ -75.178251967385393, 39.939269057267822 ], [ -75.176311496454474, 39.939022745187231 ], [ -75.174751851193761, 39.938827358599958 ], [ -75.174651103702843, 39.939301432411405 ], [ -75.174577055527223, 39.939641701536935 ], [ -75.174481401363494, 39.940057295817596 ], [ -75.174377344508272, 39.940527727135127 ], [ -75.17427280429898, 39.941022763217276 ], [ -75.174187746652152, 39.941422116658075 ], [ -75.174105103990854, 39.941794789421522 ], [ -75.173885276191882, 39.942801545330568 ], [ -75.173783428121624, 39.943292971740732 ], [ -75.173668549889214, 39.94377646481945 ], [ -75.172105588851736, 39.943578076921682 ], [ -75.171027713595265, 39.94344147559621 ], [ -75.170533667515443, 39.943381344634801 ], [ -75.16999812622295, 39.943311690588054 ], [ -75.16973017549833, 39.943278872334744 ], [ -75.169339659597796, 39.943226759555202 ], [ -75.16895818338466, 39.943185989900122 ], [ -75.16826142194563, 39.943096944520875 ], [ -75.167815621820793, 39.943046216677836 ], [ -75.167370646946992, 39.942996182332116 ], [ -75.166244705492531, 39.942855169146036 ] ] ] } },
{ "type": "Feature", "properties": { "MS_ID": "2470", "MS_Name": "Greenfield, Albert M", "MS_Grade": "K-8" }, "geometry": { "type": "Polygon", "coordinates": [ [ [ -75.177125734425346, 39.963271404209131 ], [ -75.177037111353968, 39.962928376527103 ], [ -75.176919274559708, 39.962700705208903 ], [ -75.17667678580743, 39.962497001669718 ], [ -75.175061263691873, 39.961336316224347 ], [ -75.173662015553049, 39.960309535563958 ], [ -75.172134142872039, 39.959159755185041 ], [ -75.171952111162938, 39.959022867135367 ], [ -75.171637067682084, 39.958811370649684 ], [ -75.171382942052873, 39.958635366585206 ], [ -75.171078439369069, 39.958537294385046 ], [ -75.170460661865917, 39.958551412759029 ], [ -75.170240447152395, 39.95847754705818 ], [ -75.170069724411732, 39.958394643080268 ], [ -75.169947536647314, 39.95828242202159 ], [ -75.169829368478517, 39.958110736877813 ], [ -75.169801146292841, 39.957975034691479 ], [ -75.169815456394204, 39.957856549675761 ], [ -75.169772229082938, 39.95748783655295 ], [ -75.169682551727846, 39.957352019856444 ], [ -75.16955200747185, 39.957251773159548 ], [ -75.169173651679642, 39.957032157222187 ], [ -75.167803268676579, 39.955936836230826 ], [ -75.166366305001191, 39.954817035099133 ], [ -75.164840328076764, 39.954620207274345 ], [ -75.165064470979601, 39.953609971756649 ], [ -75.165227937740511, 39.952577745431036 ], [ -75.165299331945178, 39.952285830139594 ], [ -75.165245476142701, 39.952001731927588 ], [ -75.165181947138038, 39.951885231726131 ], [ -75.165056671043772, 39.951811652063355 ], [ -75.164896560914173, 39.951760641602277 ], [ -75.164717619414034, 39.951724382327178 ], [ -75.164534937894473, 39.951695838570785 ], [ -75.164361301202504, 39.951670103228203 ], [ -75.164195557249556, 39.95164400942916 ], [ -75.164024808666667, 39.95162917159179 ], [ -75.163898805658988, 39.951665106282597 ], [ -75.163645621739178, 39.951631227947146 ], [ -75.163516829326909, 39.951592072598714 ], [ -75.16364322502929, 39.951543516732251 ], [ -75.163686888855466, 39.951515298339856 ], [ -75.163709554021011, 39.951490570074647 ], [ -75.163858456685745, 39.95085758793789 ], [ -75.164024480494831, 39.950074889529176 ], [ -75.164106181132425, 39.949716204978202 ], [ -75.164193663718223, 39.949335903795834 ], [ -75.164327945273527, 39.948717644909934 ], [ -75.164440299261742, 39.948198999962472 ], [ -75.164615061195761, 39.947408036472588 ], [ -75.164711037372996, 39.946972121112893 ], [ -75.164773580695325, 39.946602468866807 ], [ -75.164855733340715, 39.946216887983837 ], [ -75.164996833056222, 39.945556106489782 ], [ -75.165201995624841, 39.944648340405529 ], [ -75.165330355231077, 39.94407812817898 ], [ -75.165421727204432, 39.943646961524678 ], [ -75.165535846311727, 39.943201686586967 ], [ -75.165627581162482, 39.94278599843723 ], [ -75.165779396613502, 39.942786384401508 ], [ -75.166244705492531, 39.942855169146036 ], [ -75.167370646946992, 39.942996182332116 ], [ -75.167815621820793, 39.943046216677836 ], [ -75.16826142194563, 39.943096944520875 ], [ -75.16895818338466, 39.943185989900122 ], [ -75.169339659597796, 39.943226759555202 ], [ -75.16973017549833, 39.943278872334744 ], [ -75.16999812622295, 39.943311690588054 ], [ -75.170533667515443, 39.943381344634801 ], [ -75.171027713595265, 39.94344147559621 ], [ -75.172105588851736, 39.943578076921682 ], [ -75.173668549889214, 39.94377646481945 ], [ -75.175242118818971, 39.943970530038527 ], [ -75.177169587127736, 39.944210957542005 ], [ -75.178766362926822, 39.944401920202495 ], [ -75.180410192363652, 39.94460311929236 ], [ -75.180611507197511, 39.944632090593643 ], [ -75.180951025007914, 39.944671194832942 ], [ -75.182781164859378, 39.944907039721294 ], [ -75.183349320088695, 39.944977319165417 ], [ -75.183887421824778, 39.94503666902186 ], [ -75.185007885899552, 39.945179717662207 ], [ -75.185702812088124, 39.945277339313286 ], [ -75.185686889606757, 39.946160001890988 ], [ -75.185913782029246, 39.946219810369499 ], [ -75.186166267805476, 39.946403238643363 ], [ -75.186870200153763, 39.946914571631552 ], [ -75.186767726554905, 39.946981536991224 ], [ -75.18638192557512, 39.947257678409755 ], [ -75.184660804126921, 39.948491032151125 ], [ -75.183676482390595, 39.949233166955388 ], [ -75.183013745760618, 39.949741926184196 ], [ -75.182434838634478, 39.950464820092932 ], [ -75.181772281198405, 39.951454706568114 ], [ -75.181741729327655, 39.951520486538257 ], [ -75.181251865767678, 39.952575133235719 ], [ -75.181034247432706, 39.952999285513314 ], [ -75.180447927761193, 39.954142038791431 ], [ -75.180310916296392, 39.954484184194932 ], [ -75.180183958222017, 39.954801220932175 ], [ -75.179899503429283, 39.955410561002708 ], [ -75.179862680494168, 39.95548943951723 ], [ -75.179566894823466, 39.956123041556239 ], [ -75.17952364866278, 39.956215676865845 ], [ -75.179364548959441, 39.957018719111247 ], [ -75.179295167951466, 39.95788037407501 ], [ -75.179478734326963, 39.958860905268111 ], [ -75.179838992260073, 39.959788789316065 ], [ -75.179975829700055, 39.960010271561359 ], [ -75.180051079952221, 39.960132068330701 ], [ -75.180220215305482, 39.960405820580924 ], [ -75.18107508428993, 39.961627798810682 ], [ -75.181958512510818, 39.962581540396314 ], [ -75.182877644607387, 39.963564374202662 ], [ -75.183472258287082, 39.9643415361816 ], [ -75.18249535007034, 39.964139217875847 ], [ -75.181714744024973, 39.963923372434984 ], [ -75.181590776285219, 39.963784473602061 ], [ -75.181229462130958, 39.963706314052374 ], [ -75.180034772482301, 39.96332073145873 ], [ -75.178820235783121, 39.962991091970089 ], [ -75.17813373682884, 39.962803750897116 ], [ -75.17774979731945, 39.962783865837316 ], [ -75.177483195731, 39.962868229316193 ], [ -75.177320421786149, 39.962992297969066 ], [ -75.177228493452816, 39.963124037797058 ], [ -75.177125734425346, 39.963271404209131 ] ] ] } },
{ "type": "Feature", "properties": { "MS_ID": "2480", "MS_Name": "Marian Anderson Neighborhood Academy", "MS_Grade": "K-8" }, "geometry": { "type": "Polygon", "coordinates": [ [ [ -75.173668549889214, 39.94377646481945 ], [ -75.173783428121624, 39.943292971740732 ], [ -75.173885276191882, 39.942801545330568 ], [ -75.174105103990854, 39.941794789421522 ], [ -75.174187746652152, 39.941422116658075 ], [ -75.17427280429898, 39.941022763217276 ], [ -75.174377344508272, 39.940527727135127 ], [ -75.174481401363494, 39.940057295817596 ], [ -75.174577055527223, 39.939641701536935 ], [ -75.174651103702843, 39.939301432411405 ], [ -75.174751851193761, 39.938827358599958 ], [ -75.176311496454474, 39.939022745187231 ], [ -75.178251967385393, 39.939269057267822 ], [ -75.179838911819743, 39.939479802181104 ], [ -75.181495283297309, 39.939688543255457 ], [ -75.183141072922254, 39.939896858480367 ], [ -75.184956101127355, 39.94008534101652 ], [ -75.18534161324159, 39.940082118241101 ], [ -75.185782138099626, 39.940133191786899 ], [ -75.186317071913308, 39.940195151554946 ], [ -75.18655241248787, 39.94023143797336 ], [ -75.187445545266229, 39.94036545315516 ], [ -75.186850929415911, 39.940816678423232 ], [ -75.186990361184414, 39.940882551394274 ], [ -75.187284094804923, 39.941017307762117 ], [ -75.187582394664005, 39.941146041204462 ], [ -75.187879624176588, 39.941276182540733 ], [ -75.188171933683151, 39.941412786953236 ], [ -75.188464358917912, 39.941549270641779 ], [ -75.188759758573326, 39.941681962758672 ], [ -75.189052296363457, 39.941818191522501 ], [ -75.189339217417228, 39.941961421099123 ], [ -75.189624177489989, 39.942106989324515 ], [ -75.189908083270424, 39.942253728921074 ], [ -75.19019164382442, 39.942400870942549 ], [ -75.190539531935968, 39.94260176205637 ], [ -75.190830728968891, 39.942769592405043 ], [ -75.191086994952343, 39.942917353898068 ], [ -75.191360460855947, 39.943075414074606 ], [ -75.191573410309857, 39.943199036019067 ], [ -75.191058513707674, 39.943636688136998 ], [ -75.190991369494085, 39.943693759295058 ], [ -75.19067974179427, 39.943981979434184 ], [ -75.190229436374253, 39.94439845576369 ], [ -75.189852871888149, 39.944733834026863 ], [ -75.189458824175375, 39.945084777719828 ], [ -75.189392412525493, 39.945143924061817 ], [ -75.188891645373005, 39.945525822624042 ], [ -75.188256655278792, 39.946010073837229 ], [ -75.187922943512078, 39.946227784440133 ], [ -75.187353201490723, 39.946599474586549 ], [ -75.186870200153763, 39.946914571631552 ], [ -75.186166267805476, 39.946403238643363 ], [ -75.185913782029246, 39.946219810369499 ], [ -75.185686889606757, 39.946160001890988 ], [ -75.185702812088124, 39.945277339313286 ], [ -75.185007885899552, 39.945179717662207 ], [ -75.183887421824778, 39.94503666902186 ], [ -75.183349320088695, 39.944977319165417 ], [ -75.182781164859378, 39.944907039721294 ], [ -75.180951025007914, 39.944671194832942 ], [ -75.180611507197511, 39.944632090593643 ], [ -75.180410192363652, 39.94460311929236 ], [ -75.178766362926822, 39.944401920202495 ], [ -75.177169587127736, 39.944210957542005 ], [ -75.175242118818971, 39.943970530038527 ], [ -75.173668549889214, 39.94377646481945 ] ] ] } },
{ "type": "Feature", "properties": { "MS_ID": "2490", "MS_Name": "Waring, Laura W", "MS_Grade": "K-8" }, "geometry": { "type": "Polygon", "coordinates": [ [ [ -75.164555161782829, 39.970817943351797 ], [ -75.162981268304378, 39.970624201717911 ], [ -75.161404538443918, 39.970429631873678 ], [ -75.160560719901028, 39.970320887387722 ], [ -75.159853416326115, 39.970221629022987 ], [ -75.159703291665124, 39.970203112066145 ], [ -75.159977293464721, 39.968996296665715 ], [ -75.160073354155031, 39.968600844328726 ], [ -75.160160188889265, 39.968178321671928 ], [ -75.160214321053274, 39.967889659278384 ], [ -75.160407034721715, 39.967031303978366 ], [ -75.160483395964263, 39.966671469091366 ], [ -75.160562278876895, 39.966295316897011 ], [ -75.160678342313346, 39.965771807174988 ], [ -75.16080586914353, 39.965160145575624 ], [ -75.160958914488916, 39.964470689265887 ], [ -75.161054007698624, 39.964041957068709 ], [ -75.161110048751056, 39.963789972799837 ], [ -75.161189193480439, 39.963423640083001 ], [ -75.161261507423319, 39.963127888429533 ], [ -75.161303581324077, 39.962895050011134 ], [ -75.161384249953585, 39.962475270829295 ], [ -75.161381600763434, 39.962318688221039 ], [ -75.161412831068318, 39.962103737181245 ], [ -75.161476698428089, 39.961790460199161 ], [ -75.16155403445093, 39.961443028576952 ], [ -75.161646731433962, 39.961022491683032 ], [ -75.161773272985755, 39.960422797834035 ], [ -75.161803456808954, 39.960286249414551 ], [ -75.161960920869276, 39.95957214361848 ], [ -75.162059124439793, 39.959102137847566 ], [ -75.162119510866447, 39.958822858543392 ], [ -75.162176330438257, 39.958548527334194 ], [ -75.162294235972311, 39.958059253389138 ], [ -75.162319619351337, 39.95793156531419 ], [ -75.162340553585224, 39.957826991575629 ], [ -75.162363670698682, 39.957680012068508 ], [ -75.162689470483741, 39.956228283715134 ], [ -75.162887041133672, 39.955330954301132 ], [ -75.163094591399428, 39.954401416699021 ], [ -75.163192516124354, 39.953915514532937 ], [ -75.163329846390681, 39.953331160183922 ], [ -75.163661087248798, 39.953376478554077 ], [ -75.163902941446821, 39.953454676372985 ], [ -75.165064470979601, 39.953609971756649 ], [ -75.164840328076764, 39.954620207274345 ], [ -75.166366305001191, 39.954817035099133 ], [ -75.167803268676579, 39.955936836230826 ], [ -75.169173651679642, 39.957032157222187 ], [ -75.16955200747185, 39.957251773159548 ], [ -75.169682551727846, 39.957352019856444 ], [ -75.169772229082938, 39.95748783655295 ], [ -75.169815456394204, 39.957856549675761 ], [ -75.169801146292841, 39.957975034691479 ], [ -75.169829368478517, 39.958110736877813 ], [ -75.169947536647314, 39.95828242202159 ], [ -75.170069724411732, 39.958394643080268 ], [ -75.170240447152395, 39.95847754705818 ], [ -75.170460661865917, 39.958551412759029 ], [ -75.171078439369069, 39.958537294385046 ], [ -75.171382942052873, 39.958635366585206 ], [ -75.171637067682084, 39.958811370649684 ], [ -75.171952111162938, 39.959022867135367 ], [ -75.172134142872039, 39.959159755185041 ], [ -75.173662015553049, 39.960309535563958 ], [ -75.175061263691873, 39.961336316224347 ], [ -75.17667678580743, 39.962497001669718 ], [ -75.176919274559708, 39.962700705208903 ], [ -75.177037111353968, 39.962928376527103 ], [ -75.177125734425346, 39.963271404209131 ], [ -75.176942962265372, 39.963567691167043 ], [ -75.176683654094276, 39.963945031892884 ], [ -75.176392912390313, 39.96410880106437 ], [ -75.176038811036506, 39.96425996026975 ], [ -75.176027340342529, 39.964431052065521 ], [ -75.175905130164665, 39.964987498463813 ], [ -75.175873970890024, 39.965159200922436 ], [ -75.175763278727999, 39.965619619829013 ], [ -75.174161643057303, 39.965413599293491 ], [ -75.172561305510357, 39.965220293241629 ], [ -75.172478778002542, 39.965628033709208 ], [ -75.172400422432901, 39.965930333056825 ], [ -75.172268285604048, 39.966580482136109 ], [ -75.172194060392272, 39.966904598508911 ], [ -75.172108957934483, 39.967285656890404 ], [ -75.17134478822625, 39.967276270332178 ], [ -75.17077834579456, 39.96726075824045 ], [ -75.170177661334563, 39.967251723011316 ], [ -75.169371486386353, 39.967236746728588 ], [ -75.168569608728575, 39.967227573888415 ], [ -75.168466132847186, 39.967645473617296 ], [ -75.168313860216259, 39.968404053617832 ], [ -75.166966810783563, 39.969232139540118 ], [ -75.16636191542905, 39.969568086837874 ], [ -75.165681630692546, 39.969945711636662 ], [ -75.165490882651227, 39.970041827235164 ], [ -75.164745533118563, 39.970437600780166 ], [ -75.165133042735206, 39.970762133187122 ], [ -75.165311331532791, 39.970911444385585 ], [ -75.164555161782829, 39.970817943351797 ] ] ] } },
{ "type": "Feature", "properties": { "MS_ID": "2510", "MS_Name": "Fanny Jackson Coppin", "MS_Grade": "K-8" }, "geometry": { "type": "Polygon", "coordinates": [ [ [ -75.157059098586899, 39.942597730852768 ], [ -75.157253135637916, 39.941738436083 ], [ -75.157454786371432, 39.940764183751355 ], [ -75.157688625122589, 39.939748327956899 ], [ -75.158117819814976, 39.939809204805179 ], [ -75.158466696184476, 39.939847889617226 ], [ -75.158886640059848, 39.939899377665633 ], [ -75.159254930717111, 39.939952914944996 ], [ -75.159417331887155, 39.939182273711424 ], [ -75.159527442635564, 39.938694925124324 ], [ -75.159554359197941, 39.938555366234581 ], [ -75.159577445322043, 39.938470203570944 ], [ -75.159619136723961, 39.938276478511632 ], [ -75.159683671772882, 39.937995002068284 ], [ -75.159749925677858, 39.937653734136347 ], [ -75.159786388673965, 39.937476655289132 ], [ -75.15986230486071, 39.937165887836954 ], [ -75.159950335523945, 39.936764558734026 ], [ -75.158425176492813, 39.936373174154696 ], [ -75.15866947681549, 39.935227760788123 ], [ -75.158744034844446, 39.934888984902848 ], [ -75.158759735724743, 39.934798899062102 ], [ -75.158773210169656, 39.934721589809023 ], [ -75.15887096104602, 39.934291095262473 ], [ -75.159015578875881, 39.933655548026429 ], [ -75.15902852463303, 39.933510488272049 ], [ -75.159517227926372, 39.933101607974024 ], [ -75.160760837695392, 39.932075825310001 ], [ -75.160857674931592, 39.932013199656708 ], [ -75.161047684025633, 39.931818487024046 ], [ -75.162153721667096, 39.93093059539251 ], [ -75.162226613524751, 39.930874276922303 ], [ -75.162597781151689, 39.930554579891798 ], [ -75.162785740070774, 39.9304093661476 ], [ -75.163003702356733, 39.930229597397513 ], [ -75.163194330561979, 39.930076471943174 ], [ -75.163381468896816, 39.92986525821064 ], [ -75.163504892344051, 39.92983116343742 ], [ -75.164719220315362, 39.928806524439224 ], [ -75.164916180380303, 39.928697275280598 ], [ -75.164991056197508, 39.928604205978111 ], [ -75.165615668051444, 39.928048721411557 ], [ -75.166072429060335, 39.927663809011577 ], [ -75.166804924863683, 39.927037223679946 ], [ -75.166934844832184, 39.926969742214681 ], [ -75.167075447144498, 39.926799609730701 ], [ -75.167351960288613, 39.926580514436445 ], [ -75.168148530429022, 39.925876331564808 ], [ -75.168270056167472, 39.925797966414677 ], [ -75.168583705247997, 39.925735735040661 ], [ -75.169363458126128, 39.925591661893435 ], [ -75.16909605511934, 39.926817926055342 ], [ -75.168828119448264, 39.928035002761533 ], [ -75.168690842301743, 39.928644037253648 ], [ -75.168568272080051, 39.929253610830024 ], [ -75.168319619667869, 39.930481666285729 ], [ -75.168051450383828, 39.931713787949739 ], [ -75.167769203767861, 39.932922573067884 ], [ -75.167494969924718, 39.934114489113497 ], [ -75.167169301492947, 39.935677321641933 ], [ -75.166955670570985, 39.936733330982264 ], [ -75.166863359641837, 39.937181234426689 ], [ -75.166713599154548, 39.937845795024714 ], [ -75.166434773144985, 39.939056811917041 ], [ -75.166225452231089, 39.94003471465053 ], [ -75.166133887367266, 39.940422143899625 ], [ -75.166059849291941, 39.940800978519434 ], [ -75.165832591940045, 39.941804609729999 ], [ -75.165717535788573, 39.942406443211013 ], [ -75.165627581162482, 39.94278599843723 ], [ -75.165535846311727, 39.943201686586967 ], [ -75.165421727204432, 39.943646961524678 ], [ -75.164373041567799, 39.943517176659228 ], [ -75.164131605039103, 39.943480137863283 ], [ -75.163355507479139, 39.943379983595939 ], [ -75.161783735595904, 39.94318730763522 ], [ -75.161378867223263, 39.943139244309378 ], [ -75.160205664382687, 39.942998326765306 ], [ -75.159778739876586, 39.942946696271861 ], [ -75.159104475631537, 39.942861016896892 ], [ -75.15863139924636, 39.942802234273863 ], [ -75.158043811341273, 39.942731291387297 ], [ -75.157572792890505, 39.942666781642878 ], [ -75.157059098586899, 39.942597730852768 ] ] ] } },
{ "type": "Feature", "properties": { "MS_ID": "2580", "MS_Name": "Kirkbride, Elizabeth B", "MS_Grade": "K-8" }, "geometry": { "type": "Polygon", "coordinates": [ [ [ -75.152131555963194, 39.928337902065159 ], [ -75.152407464238323, 39.927130571882579 ], [ -75.15295334531676, 39.927203021526417 ], [ -75.153428540725173, 39.927269345780907 ], [ -75.153983360571189, 39.927337345417577 ], [ -75.155546671648324, 39.927551239446018 ], [ -75.157116847459292, 39.927753536801987 ], [ -75.158667099296991, 39.927956284864287 ], [ -75.158570528947308, 39.928382143012477 ], [ -75.158489256020673, 39.92875090689288 ], [ -75.158394971760188, 39.929178905161798 ], [ -75.159956146124415, 39.929381552047467 ], [ -75.161530461929019, 39.929591284894535 ], [ -75.16309117136602, 39.929793807012217 ], [ -75.163381468896816, 39.92986525821064 ], [ -75.163194330561979, 39.930076471943174 ], [ -75.163003702356733, 39.930229597397513 ], [ -75.162785740070774, 39.9304093661476 ], [ -75.162597781151689, 39.930554579891798 ], [ -75.162226613524751, 39.930874276922303 ], [ -75.162153721667096, 39.93093059539251 ], [ -75.161047684025633, 39.931818487024046 ], [ -75.160857674931592, 39.932013199656708 ], [ -75.160760837695392, 39.932075825310001 ], [ -75.159517227926372, 39.933101607974024 ], [ -75.159142271711559, 39.933050915094356 ], [ -75.157578769891956, 39.93283873487357 ], [ -75.156773369951594, 39.932733788185367 ], [ -75.156025733524459, 39.932636363890424 ], [ -75.155572619736759, 39.932581610870848 ], [ -75.154954845444024, 39.932494888611593 ], [ -75.154455544592039, 39.932421168316125 ], [ -75.154557502445115, 39.932002815126815 ], [ -75.154644591102766, 39.931626313793593 ], [ -75.154736079291624, 39.931209111118292 ], [ -75.154224335737993, 39.931143775815102 ], [ -75.153762779595937, 39.931080961093656 ], [ -75.153161040207422, 39.931001671141985 ], [ -75.152568272303498, 39.930917591355339 ], [ -75.15218604722466, 39.930864041886686 ], [ -75.152129382451875, 39.930859818210749 ], [ -75.151598399642168, 39.930783388779609 ], [ -75.151681049627513, 39.930371505726022 ], [ -75.151757080555683, 39.929998343580124 ], [ -75.15185379937401, 39.929556495910091 ], [ -75.151957614218304, 39.929112741108035 ], [ -75.152033959504962, 39.928763335951679 ], [ -75.152131555963194, 39.928337902065159 ] ] ] } },
{ "type": "Feature", "properties": { "MS_ID": "2590", "MS_Name": "Nebinger, George W", "MS_Grade": "K-8" }, "geometry": { "type": "Polygon", "coordinates": [ [ [ -75.158886640059848, 39.939899377665633 ], [ -75.158466696184476, 39.939847889617226 ], [ -75.158117819814976, 39.939809204805179 ], [ -75.157688625122589, 39.939748327956899 ], [ -75.156986331622136, 39.939664548104894 ], [ -75.156593301822568, 39.939621157186693 ], [ -75.156110412228699, 39.939561927269445 ], [ -75.156195027979109, 39.939153026786194 ], [ -75.15462893269904, 39.938957131228527 ], [ -75.153976793161405, 39.938873430538251 ], [ -75.153065445945515, 39.938764160018984 ], [ -75.152679341886611, 39.93872515703972 ], [ -75.151957557056136, 39.93859295052566 ], [ -75.15149502996691, 39.938515466014806 ], [ -75.151647846965076, 39.93782885397875 ], [ -75.151759213608059, 39.93733271818985 ], [ -75.150229109154651, 39.936922301227618 ], [ -75.149934850243511, 39.936837033602671 ], [ -75.149332538185462, 39.936665275010583 ], [ -75.148694934432996, 39.936487499408734 ], [ -75.148285847020247, 39.936380795161973 ], [ -75.147812777183603, 39.936256913994541 ], [ -75.146905684047354, 39.9360112996903 ], [ -75.146809238231398, 39.93598385223401 ], [ -75.146356927109252, 39.935862535506111 ], [ -75.146166245149146, 39.935810967654113 ], [ -75.145740968722848, 39.935695953093109 ], [ -75.145259688849009, 39.935566241560124 ], [ -75.144889026205334, 39.935466284927088 ], [ -75.144657073572233, 39.935403733338561 ], [ -75.144361093708426, 39.935323913654258 ], [ -75.143287603133089, 39.935036005921759 ], [ -75.142770502364172, 39.934898641587274 ], [ -75.142686249649202, 39.93488056541532 ], [ -75.135925315309862, 39.934468407485333 ], [ -75.135947217898604, 39.933949377522907 ], [ -75.135942473679506, 39.933646117724152 ], [ -75.135915441500671, 39.93250826743045 ], [ -75.14360127030109, 39.933080028183824 ], [ -75.143694804174999, 39.933107641143252 ], [ -75.144825277982122, 39.933346025244504 ], [ -75.145091411225252, 39.933390387422939 ], [ -75.145313188922813, 39.933436229294145 ], [ -75.145511825466414, 39.933474677595242 ], [ -75.145710460956877, 39.933502773680992 ], [ -75.14731729742374, 39.933651683789549 ], [ -75.148256073896889, 39.93377497895775 ], [ -75.149264025097267, 39.93390550522787 ], [ -75.149939283250262, 39.934006029600631 ], [ -75.15007586602411, 39.934033049078991 ], [ -75.150212319562556, 39.934063480331055 ], [ -75.150312828224955, 39.93416315637387 ], [ -75.150805724888727, 39.934291607999405 ], [ -75.151670456597358, 39.93453199712971 ], [ -75.152340439550372, 39.934718232313159 ], [ -75.153106330001265, 39.934923050022391 ], [ -75.153862738932943, 39.935127088346704 ], [ -75.15443785777471, 39.935285593503266 ], [ -75.155391071905115, 39.935548270874762 ], [ -75.155765192642875, 39.935650863669707 ], [ -75.156254296232163, 39.935782840313998 ], [ -75.156892172949298, 39.935941095249269 ], [ -75.15788163616898, 39.936213972322236 ], [ -75.158425176492813, 39.936373174154696 ], [ -75.159950335523945, 39.936764558734026 ], [ -75.15986230486071, 39.937165887836954 ], [ -75.159786388673965, 39.937476655289132 ], [ -75.159749925677858, 39.937653734136347 ], [ -75.159683671772882, 39.937995002068284 ], [ -75.159619136723961, 39.938276478511632 ], [ -75.159577445322043, 39.938470203570944 ], [ -75.159554359197941, 39.938555366234581 ], [ -75.159527442635564, 39.938694925124324 ], [ -75.159417331887155, 39.939182273711424 ], [ -75.159254930717111, 39.939952914944996 ], [ -75.158886640059848, 39.939899377665633 ] ] ] } },
{ "type": "Feature", "properties": { "MS_ID": "2630", "MS_Name": "Sharswood, George", "MS_Grade": "K-8" }, "geometry": { "type": "Polygon", "coordinates": [ [ [ -75.132081084690213, 39.92159430463181 ], [ -75.13187045885978, 39.921132212899103 ], [ -75.131270578686554, 39.919909966030211 ], [ -75.131182460839398, 39.919517823339937 ], [ -75.130757347108712, 39.918479756627136 ], [ -75.130441350496099, 39.917565781000071 ], [ -75.13004128037764, 39.916090610293544 ], [ -75.129514007963195, 39.913217616036569 ], [ -75.141580647266366, 39.914398551222284 ], [ -75.146119045062605, 39.91493799358981 ], [ -75.147358688861019, 39.91509134506807 ], [ -75.1477131640614, 39.915136313348611 ], [ -75.147993563830468, 39.915170463051496 ], [ -75.149707146837471, 39.915402149372973 ], [ -75.150234432922915, 39.915470137839733 ], [ -75.150739126118253, 39.915523809824585 ], [ -75.15127792582615, 39.91560195308395 ], [ -75.151015952954907, 39.916843271663531 ], [ -75.151554461807521, 39.91691344717016 ], [ -75.152047381191053, 39.916978197351476 ], [ -75.15259766026692, 39.917049622129419 ], [ -75.152510984066652, 39.917482617922246 ], [ -75.152429904368447, 39.917863685821096 ], [ -75.152327984907728, 39.918301057525625 ], [ -75.154238146818571, 39.918546488226774 ], [ -75.154153550580062, 39.918993330364124 ], [ -75.154060372559229, 39.919362578769324 ], [ -75.153976119597502, 39.919798689338364 ], [ -75.153872260734701, 39.920239413377629 ], [ -75.153792422247164, 39.920616806139329 ], [ -75.153691721910647, 39.921048699506386 ], [ -75.153607405492053, 39.921477316479226 ], [ -75.153535591582838, 39.921822912732566 ], [ -75.153452277403915, 39.922204867783179 ], [ -75.153455894242484, 39.922291943154995 ], [ -75.155056454245866, 39.922496339121075 ], [ -75.154963533543295, 39.922934871645005 ], [ -75.154887994722486, 39.923270770439892 ], [ -75.154795774043635, 39.923678803888848 ], [ -75.153210620786794, 39.923474142921151 ], [ -75.153116134492365, 39.923906624479038 ], [ -75.153039295424989, 39.924261309737119 ], [ -75.15293997770155, 39.924680762047863 ], [ -75.152076347356441, 39.924569355082511 ], [ -75.151343004120179, 39.924475261040342 ], [ -75.150101957074952, 39.924306294003031 ], [ -75.149405303808166, 39.924208752995497 ], [ -75.14784299931263, 39.924016633976919 ], [ -75.147663704377237, 39.923991908223719 ], [ -75.147479154757761, 39.923966458339187 ], [ -75.147232269690235, 39.923932411197221 ], [ -75.146911525867921, 39.923888177590612 ], [ -75.145604698086288, 39.923694769478153 ], [ -75.144384294904427, 39.923553728741865 ], [ -75.144260600167769, 39.923536497015334 ], [ -75.144077610760277, 39.923511985286773 ], [ -75.14321276747269, 39.923400315758698 ], [ -75.143060574467711, 39.923391134221283 ], [ -75.14126672725655, 39.923554959984955 ], [ -75.139663585359173, 39.923703030000681 ], [ -75.133146003114334, 39.923930523654981 ], [ -75.132989263348463, 39.923586677628364 ], [ -75.132840914124245, 39.923261234398517 ], [ -75.13268550142746, 39.922920294248414 ], [ -75.132499184337689, 39.922511552563783 ], [ -75.132334945062908, 39.922151240131022 ], [ -75.132081084690213, 39.92159430463181 ] ] ] } },
{ "type": "Feature", "properties": { "MS_ID": "2640", "MS_Name": "Southwark", "MS_Grade": "K-8" }, "geometry": { "type": "Polygon", "coordinates": [ [ [ -75.156627642947768, 39.922689604490671 ], [ -75.156723424949547, 39.922242990412578 ], [ -75.156796516090992, 39.921888314809664 ], [ -75.156893985541402, 39.921458325610956 ], [ -75.156990756411048, 39.921008485528304 ], [ -75.15705478271272, 39.920717378930277 ], [ -75.157163209872792, 39.920212749193524 ], [ -75.157433637104162, 39.918962680036756 ], [ -75.157993301453331, 39.919026931126133 ], [ -75.158462203885037, 39.919093210586041 ], [ -75.158997923394494, 39.919164686799753 ], [ -75.159277702068906, 39.917915040802129 ], [ -75.159808673435919, 39.917984717625558 ], [ -75.160276224899278, 39.918045150410471 ], [ -75.160827343682769, 39.91811789228813 ], [ -75.160766873699416, 39.918354951350395 ], [ -75.160541490740698, 39.919362121589884 ], [ -75.161088167641068, 39.91943533199413 ], [ -75.161545535117597, 39.919491564027794 ], [ -75.162111037708343, 39.919567531739439 ], [ -75.162655041911776, 39.919626987825708 ], [ -75.163142731636384, 39.919693472771108 ], [ -75.163491208431026, 39.919736838873085 ], [ -75.163695943681745, 39.919751597184913 ], [ -75.164231508485187, 39.91983601085122 ], [ -75.164716540446165, 39.919898299740247 ], [ -75.165260096599738, 39.919967040755637 ], [ -75.165810177723301, 39.920043225361262 ], [ -75.166277945301331, 39.920105264443045 ], [ -75.166829692218087, 39.920173480623198 ], [ -75.16673306316909, 39.920619616723584 ], [ -75.166646367825336, 39.9209873557283 ], [ -75.166563472138364, 39.921419115488014 ], [ -75.166466238691655, 39.92185519779698 ], [ -75.166375959079389, 39.922234831304699 ], [ -75.16628590005844, 39.922669256012284 ], [ -75.164709237123674, 39.92246700794265 ], [ -75.164619748800121, 39.922906414461913 ], [ -75.164532143234112, 39.923260508287775 ], [ -75.164441688463072, 39.923703061557688 ], [ -75.164441712584846, 39.923703064142721 ], [ -75.166014149856835, 39.923904537964852 ], [ -75.166846555473967, 39.924005783707898 ], [ -75.167590122601396, 39.924106940022874 ], [ -75.168476672550696, 39.924227797333053 ], [ -75.168920300472777, 39.924287373119533 ], [ -75.169628171323239, 39.924373265706869 ], [ -75.169363458126114, 39.925591661893485 ], [ -75.168583705247954, 39.925735735040625 ], [ -75.168270056167444, 39.925797966414656 ], [ -75.16814853042905, 39.925876331564794 ], [ -75.167351960288613, 39.926580514436417 ], [ -75.167075447144455, 39.926799609730743 ], [ -75.16693484483217, 39.926969742214716 ], [ -75.166804924863726, 39.927037223679925 ], [ -75.166072429060307, 39.927663809011612 ], [ -75.165615668051487, 39.928048721411578 ], [ -75.164991056197493, 39.92860420597809 ], [ -75.164916180380288, 39.928697275280562 ], [ -75.164719220315334, 39.928806524439196 ], [ -75.163504892344037, 39.929831163437392 ], [ -75.163381468896873, 39.929865258210597 ], [ -75.163091171366005, 39.929793807012175 ], [ -75.161530461928976, 39.92959128489457 ], [ -75.159956146124372, 39.929381552047431 ], [ -75.158394971760146, 39.929178905161812 ], [ -75.158489256020644, 39.928750906892908 ], [ -75.158570528947351, 39.928382143012492 ], [ -75.158667099296963, 39.927956284864322 ], [ -75.157116847459349, 39.927753536802015 ], [ -75.155546671648352, 39.927551239445989 ], [ -75.155635762593093, 39.927121617352611 ], [ -75.155728935640212, 39.926746419919525 ], [ -75.155817440653081, 39.926326879491995 ], [ -75.155916487800269, 39.925890500490439 ], [ -75.155997142663523, 39.925533794249013 ], [ -75.156095899582013, 39.925104929380275 ], [ -75.156189559331239, 39.924672522577652 ], [ -75.156274772649368, 39.924315763437434 ], [ -75.156371921143432, 39.923887217923721 ], [ -75.156455445262722, 39.923476440435437 ], [ -75.156529413803398, 39.923142209990857 ], [ -75.156627642947768, 39.922689604490671 ] ] ] } },
{ "type": "Feature", "properties": { "MS_ID": "2690", "MS_Name": "Taggart, John H", "MS_Grade": "K-8" }, "geometry": { "type": "Polygon", "coordinates": [ [ [ -75.154806047721593, 39.923686004894229 ], [ -75.154898269517673, 39.923277971463513 ], [ -75.154973808295694, 39.922942072661911 ], [ -75.155066728976209, 39.922503539229453 ], [ -75.153466168738078, 39.922299144307004 ], [ -75.153462550716682, 39.922212068909033 ], [ -75.153545866016216, 39.921830113877512 ], [ -75.15361767988081, 39.921484517617728 ], [ -75.153701995108662, 39.921055899710694 ], [ -75.15380269652529, 39.92062400726126 ], [ -75.153882533795141, 39.920246614466038 ], [ -75.153986392636739, 39.919805889517221 ], [ -75.154070646676217, 39.919369779867452 ], [ -75.154163824651135, 39.919000531453925 ], [ -75.154248420831294, 39.918553689309007 ], [ -75.152338257546262, 39.918308257852289 ], [ -75.152440178086522, 39.917870887065412 ], [ -75.152521257735586, 39.917489819159293 ], [ -75.152607933879608, 39.917056823358784 ], [ -75.15205765356562, 39.916985398603636 ], [ -75.151564735323518, 39.916920647592683 ], [ -75.151026226403488, 39.916850472134406 ], [ -75.151288197911285, 39.915609154405075 ], [ -75.150749398134593, 39.91553101119397 ], [ -75.150244704912097, 39.915477338354187 ], [ -75.149717418726141, 39.915409350834807 ], [ -75.148003835502607, 39.915177664666899 ], [ -75.147723435698538, 39.915143514989168 ], [ -75.147368961623044, 39.915098546766792 ], [ -75.14612931650116, 39.914945195373043 ], [ -75.141590918142782, 39.914405753412083 ], [ -75.138727821736651, 39.914125946104903 ], [ -75.13793082006012, 39.914047965373591 ], [ -75.137260325763677, 39.913982358009335 ], [ -75.129523011275893, 39.913224973276428 ], [ -75.129380904575399, 39.912194977523662 ], [ -75.129294156603393, 39.911286189017538 ], [ -75.129229876201236, 39.909901268757281 ], [ -75.129217335786279, 39.908829006456521 ], [ -75.129240679567545, 39.908223408229198 ], [ -75.12940513232671, 39.906636368865669 ], [ -75.129853791697215, 39.904642217374864 ], [ -75.130694944077632, 39.90217293283839 ], [ -75.1327178094608, 39.897390573963655 ], [ -75.134869647938501, 39.893113213479438 ], [ -75.135934570320245, 39.891187341788196 ], [ -75.137805106918307, 39.889119368277129 ], [ -75.139618545148096, 39.887330853383496 ], [ -75.14112646870511, 39.885937058154127 ], [ -75.142523951228171, 39.885153888036925 ], [ -75.144615279641172, 39.884346096058977 ], [ -75.146172974453151, 39.884111064567207 ], [ -75.15137971684662, 39.883817672254196 ], [ -75.15314338339833, 39.883704613886231 ], [ -75.154696309298714, 39.883594176875654 ], [ -75.156365747334618, 39.883475430191595 ], [ -75.157640301865356, 39.883384754589756 ], [ -75.158695622160863, 39.883301027324336 ], [ -75.159980700793668, 39.88319905781421 ], [ -75.162180296697926, 39.882914684753828 ], [ -75.164648526468739, 39.887612504005077 ], [ -75.162316531218124, 39.903951906157538 ], [ -75.161904495544107, 39.90583847214684 ], [ -75.161144179834977, 39.909353109897175 ], [ -75.160923991667318, 39.910388649807423 ], [ -75.160833114102573, 39.910803322652328 ], [ -75.160800740801562, 39.910951036001663 ], [ -75.160712987261491, 39.911351444143897 ], [ -75.160542536963376, 39.912112677462098 ], [ -75.160402565140643, 39.91276406486859 ], [ -75.159787365369567, 39.912698996812274 ], [ -75.159213562219293, 39.912623269311609 ], [ -75.158640518999945, 39.91254946084058 ], [ -75.158029712982525, 39.912470232975565 ], [ -75.157777499910608, 39.913708328319998 ], [ -75.157495701195955, 39.914967286857873 ], [ -75.157756886037035, 39.91501025859597 ], [ -75.158105758006997, 39.915055876134055 ], [ -75.15829429585591, 39.915087148933317 ], [ -75.157992373050021, 39.916481253377547 ], [ -75.158523064064781, 39.916547188169517 ], [ -75.159020781011151, 39.916602524499432 ], [ -75.15956142036481, 39.916679869000447 ], [ -75.159288001071758, 39.91792224198776 ], [ -75.159008221387737, 39.919171887983964 ], [ -75.15847250184504, 39.919100410918197 ], [ -75.158003600488399, 39.919034132427022 ], [ -75.157443936070393, 39.918969881387866 ], [ -75.157173508999747, 39.920219950568786 ], [ -75.157065081904605, 39.920724580315309 ], [ -75.15700105567457, 39.921015686018734 ], [ -75.156904283659173, 39.921465526983852 ], [ -75.156806815432716, 39.921895516217759 ], [ -75.156733724337158, 39.922250191827167 ], [ -75.156637926245025, 39.922696803790124 ], [ -75.156539687583873, 39.923149410840978 ], [ -75.156465720254999, 39.923483641318661 ], [ -75.156382195019816, 39.92389441878786 ], [ -75.154806047721593, 39.923686004894229 ] ] ] } },
{ "type": "Feature", "properties": { "MS_ID": "2720", "MS_Name": "Vare-Washington ES", "MS_Grade": "K-8" }, "geometry": { "type": "Polygon", "coordinates": [ [ [ -75.14360127030109, 39.933080028183824 ], [ -75.135915441500671, 39.93250826743045 ], [ -75.135722783997466, 39.930651314087626 ], [ -75.13545651269007, 39.92951577882684 ], [ -75.134801208888206, 39.927750960292627 ], [ -75.134307845383006, 39.926621600693721 ], [ -75.134064312349366, 39.925957337893244 ], [ -75.133151194317946, 39.923935206723797 ], [ -75.136689808948987, 39.923806874424827 ], [ -75.139974695637804, 39.923674297131654 ], [ -75.14321276747269, 39.923400315758698 ], [ -75.144077610760277, 39.923511985286773 ], [ -75.144260600167769, 39.923536497015334 ], [ -75.144384294904427, 39.923553728741865 ], [ -75.145604698086288, 39.923694769478153 ], [ -75.146911525867921, 39.923888177590612 ], [ -75.147232269690235, 39.923932411197221 ], [ -75.147479154757761, 39.923966458339187 ], [ -75.147663704377237, 39.923991908223719 ], [ -75.14784299931263, 39.924016633976919 ], [ -75.149405303808166, 39.924208752995497 ], [ -75.150101957074952, 39.924306294003031 ], [ -75.151343004120179, 39.924475261040342 ], [ -75.152076347356441, 39.924569355082511 ], [ -75.15293997770155, 39.924680762047863 ], [ -75.153039295424989, 39.924261309737119 ], [ -75.153116134492365, 39.923906624479038 ], [ -75.153210620786794, 39.923474142921151 ], [ -75.154795774043635, 39.923678803888848 ], [ -75.15637192114346, 39.923887217923685 ], [ -75.156274772649425, 39.924315763437455 ], [ -75.156189559331196, 39.92467252257768 ], [ -75.156095899582056, 39.925104929380232 ], [ -75.155997142663551, 39.925533794249041 ], [ -75.155916487800283, 39.925890500490404 ], [ -75.155817440653109, 39.926326879491967 ], [ -75.155728935640226, 39.92674641991951 ], [ -75.155635762593107, 39.927121617352626 ], [ -75.155546671648324, 39.927551239446018 ], [ -75.153983360571189, 39.927337345417577 ], [ -75.153428540725173, 39.927269345780907 ], [ -75.15295334531676, 39.927203021526417 ], [ -75.152407464238323, 39.927130571882579 ], [ -75.152131555963194, 39.928337902065159 ], [ -75.152033959504962, 39.928763335951679 ], [ -75.151957614218304, 39.929112741108035 ], [ -75.15185379937401, 39.929556495910091 ], [ -75.151757080555683, 39.929998343580124 ], [ -75.151681049627513, 39.930371505726022 ], [ -75.151598399642168, 39.930783388779609 ], [ -75.152129382451875, 39.930859818210749 ], [ -75.15218604722466, 39.930864041886686 ], [ -75.152568272303498, 39.930917591355339 ], [ -75.153161040207422, 39.931001671141985 ], [ -75.153762779595937, 39.931080961093656 ], [ -75.154224335737993, 39.931143775815102 ], [ -75.154736079291624, 39.931209111118292 ], [ -75.154644591102766, 39.931626313793593 ], [ -75.154557502445115, 39.932002815126815 ], [ -75.154455544592039, 39.932421168316125 ], [ -75.154954845444024, 39.932494888611593 ], [ -75.155572619736759, 39.932581610870848 ], [ -75.156025733524459, 39.932636363890424 ], [ -75.156773369951594, 39.932733788185367 ], [ -75.157578769891956, 39.93283873487357 ], [ -75.159142271711559, 39.933050915094356 ], [ -75.159517227926372, 39.933101607974024 ], [ -75.15902852463303, 39.933510488272049 ], [ -75.159015578875881, 39.933655548026429 ], [ -75.15887096104602, 39.934291095262473 ], [ -75.158773210169656, 39.934721589809023 ], [ -75.158759735724743, 39.934798899062102 ], [ -75.158744034844446, 39.934888984902848 ], [ -75.15866947681549, 39.935227760788123 ], [ -75.158425176492813, 39.936373174154696 ], [ -75.15788163616898, 39.936213972322236 ], [ -75.156892172949298, 39.935941095249269 ], [ -75.156254296232163, 39.935782840313998 ], [ -75.155765192642875, 39.935650863669707 ], [ -75.155391071905115, 39.935548270874762 ], [ -75.15443785777471, 39.935285593503266 ], [ -75.153862738932943, 39.935127088346704 ], [ -75.153106330001265, 39.934923050022391 ], [ -75.152340439550372, 39.934718232313159 ], [ -75.151670456597358, 39.93453199712971 ], [ -75.150805724888727, 39.934291607999405 ], [ -75.150312828224955, 39.93416315637387 ], [ -75.150212319562556, 39.934063480331055 ], [ -75.15007586602411, 39.934033049078991 ], [ -75.149939283250262, 39.934006029600631 ], [ -75.149264025097267, 39.93390550522787 ], [ -75.148256073896889, 39.93377497895775 ], [ -75.14731729742374, 39.933651683789549 ], [ -75.145710460956877, 39.933502773680992 ], [ -75.145511825466414, 39.933474677595242 ], [ -75.145313188922813, 39.933436229294145 ], [ -75.145091411225252, 39.933390387422939 ], [ -75.144825277982122, 39.933346025244504 ], [ -75.143694804174999, 39.933107641143252 ], [ -75.14360127030109, 39.933080028183824 ] ] ] } },
{ "type": "Feature", "properties": { "MS_ID": "3368", "MS_Name": "Belmont Elementary Charter School", "MS_Grade": "K-8" }, "geometry": { "type": "Polygon", "coordinates": [ [ [ -75.203602220967468, 39.970262038082865 ], [ -75.198739010224742, 39.968964747235248 ], [ -75.200682503777699, 39.968748509689675 ], [ -75.200585486536141, 39.968225300257366 ], [ -75.200481089912898, 39.967681439682082 ], [ -75.200376660881403, 39.96712547684691 ], [ -75.200273207290138, 39.966568123671443 ], [ -75.20017113270363, 39.966006551861703 ], [ -75.200064871553082, 39.965454862803149 ], [ -75.199961679486393, 39.96489660500572 ], [ -75.199859852777507, 39.964337642195972 ], [ -75.199755785927437, 39.963778229411936 ], [ -75.199648178239485, 39.963167834578201 ], [ -75.199544021811406, 39.962613178626384 ], [ -75.199436978279621, 39.962043371015135 ], [ -75.200137160433812, 39.961964055805304 ], [ -75.200767138905789, 39.9622889342618 ], [ -75.201929643797754, 39.96289648722054 ], [ -75.202343805540096, 39.96313896353827 ], [ -75.203598330002336, 39.963922997320289 ], [ -75.203873475169686, 39.964090178702058 ], [ -75.204539731005937, 39.964513987889958 ], [ -75.205467770013115, 39.965091006712015 ], [ -75.206496654643672, 39.965725642430144 ], [ -75.206847643765741, 39.965941337176801 ], [ -75.20756081755907, 39.966382069702114 ], [ -75.208463648902921, 39.966950858668852 ], [ -75.209541823377364, 39.967618069234796 ], [ -75.209759217327857, 39.967751471531962 ], [ -75.210102828038401, 39.967962921774308 ], [ -75.211335869500559, 39.968727078409309 ], [ -75.21151660522635, 39.96965576250502 ], [ -75.210138364925896, 39.969805350585347 ], [ -75.209201375252576, 39.969908239553455 ], [ -75.208227686137391, 39.970016885317989 ], [ -75.207171510963306, 39.970134859313845 ], [ -75.206641606849175, 39.970188824391343 ], [ -75.205843086604688, 39.970276336071066 ], [ -75.205293838049428, 39.970327241442654 ], [ -75.204746460104445, 39.970386547913009 ], [ -75.204302219813641, 39.970442136607105 ], [ -75.204183037721663, 39.970429675097705 ], [ -75.203602220967468, 39.970262038082865 ] ] ] } },
{ "type": "Feature", "properties": { "MS_ID": "3407", "MS_Name": "Mastery Charter School at Harrity", "MS_Grade": "K-8" }, "geometry": { "type": "Polygon", "coordinates": [ [ [ -75.238166649193332, 39.955012910361738 ], [ -75.236216920361784, 39.954772282617618 ], [ -75.234945872156359, 39.954615314144419 ], [ -75.23421282714466, 39.954522781605569 ], [ -75.233104954937048, 39.954385007628176 ], [ -75.232153184875642, 39.954263206249884 ], [ -75.231252738426377, 39.954144724895158 ], [ -75.229999643590077, 39.953997479183201 ], [ -75.230112924265356, 39.953457803578509 ], [ -75.230206774443786, 39.952996339190797 ], [ -75.230324509581024, 39.952476560683351 ], [ -75.230636301392508, 39.95092370508727 ], [ -75.230794915471407, 39.950173676046127 ], [ -75.230960920599031, 39.949439986549507 ], [ -75.231067246743279, 39.948909522519052 ], [ -75.23109712127237, 39.948747626146719 ], [ -75.231163563464833, 39.948444207728265 ], [ -75.231271443815345, 39.947910100727775 ], [ -75.233605406770252, 39.947352202420994 ], [ -75.233656721435096, 39.947286186814516 ], [ -75.233696781542491, 39.946626143747764 ], [ -75.233705120103764, 39.946374373105868 ], [ -75.233706070462929, 39.9461446490347 ], [ -75.233752519755939, 39.944671133388823 ], [ -75.233718153720432, 39.944560304836237 ], [ -75.234185736369838, 39.944238815680862 ], [ -75.234474445483499, 39.944028219465913 ], [ -75.234600587180509, 39.943947222941183 ], [ -75.235219915897616, 39.943495670466604 ], [ -75.235927451371765, 39.944085592161223 ], [ -75.236622736565494, 39.944670466417271 ], [ -75.236697717917082, 39.944750634695254 ], [ -75.236918550785134, 39.945425323267123 ], [ -75.23704771881377, 39.94581994805678 ], [ -75.237271191391088, 39.946464148088417 ], [ -75.236138505212722, 39.946734552036446 ], [ -75.235829363789392, 39.946827103235975 ], [ -75.235882921111795, 39.946915363690081 ], [ -75.237805181325527, 39.947165765573729 ], [ -75.238513354410486, 39.94725226321453 ], [ -75.239082223231321, 39.947328992099386 ], [ -75.239747337584618, 39.947412363603505 ], [ -75.239642526106152, 39.947933423987131 ], [ -75.239548284948185, 39.948400336142072 ], [ -75.239430758056884, 39.948932176911185 ], [ -75.239323701454424, 39.949464793659736 ], [ -75.239274401660694, 39.949684921302314 ], [ -75.239232389393351, 39.949924521244796 ], [ -75.239118443885374, 39.950447250034991 ], [ -75.24069436633448, 39.950646497306217 ], [ -75.241094503266012, 39.950692270332034 ], [ -75.240979108945254, 39.951199107897978 ], [ -75.240928386689248, 39.95145926411795 ], [ -75.240887041332201, 39.95164878569733 ], [ -75.240778337167271, 39.952194097718376 ], [ -75.24065268580766, 39.952744876500695 ], [ -75.240556286659057, 39.95320676603648 ], [ -75.24045055471241, 39.953734543746975 ], [ -75.240346771163217, 39.954264614695809 ], [ -75.240252014208735, 39.954726082272785 ], [ -75.240138677424127, 39.955253467261052 ], [ -75.238166649193332, 39.955012910361738 ] ] ] } },
{ "type": "Feature", "properties": { "MS_ID": "3412", "MS_Name": "Mastery Charter School at Frederick Douglass", "MS_Grade": "K-8" }, "geometry": { "type": "Polygon", "coordinates": [ [ [ -75.166098831869363, 39.985967163689345 ], [ -75.165317674596253, 39.985862954522091 ], [ -75.164518340278363, 39.985760603768917 ], [ -75.163748437167811, 39.985658196097646 ], [ -75.163615119041808, 39.9856362236481 ], [ -75.162951247186115, 39.985543730646725 ], [ -75.161383372872649, 39.985340495711945 ], [ -75.159812118030487, 39.985149374337254 ], [ -75.159955617642566, 39.984505307145035 ], [ -75.160051875126143, 39.984070259270354 ], [ -75.160146718267001, 39.983628898433622 ], [ -75.160470749277096, 39.982129650958669 ], [ -75.161255609070253, 39.982223071869946 ], [ -75.162054280120643, 39.982330749241548 ], [ -75.162360087668489, 39.980838137865717 ], [ -75.163156658392936, 39.980942851162624 ], [ -75.16393580353899, 39.981039133657539 ], [ -75.164724688006274, 39.981146009007773 ], [ -75.165511432765143, 39.981245061241033 ], [ -75.165850703737831, 39.979715263217045 ], [ -75.166635530325877, 39.979815293853029 ], [ -75.167420312430124, 39.979926190612574 ], [ -75.167530471721079, 39.97940596581951 ], [ -75.167628020440858, 39.978986372610393 ], [ -75.167731973204354, 39.978508341281326 ], [ -75.169603109806175, 39.978753420022272 ], [ -75.169677925442372, 39.978397752019632 ], [ -75.169776946512044, 39.977958280703788 ], [ -75.169974461906392, 39.978280100894736 ], [ -75.170288535047405, 39.978846340549701 ], [ -75.170600379145597, 39.978879942666701 ], [ -75.171214292524155, 39.978953555245269 ], [ -75.172800971147538, 39.979161767072178 ], [ -75.174394704022532, 39.97938126690061 ], [ -75.174291600324295, 39.979838764782095 ], [ -75.174201792836655, 39.98027882369307 ], [ -75.174099376273958, 39.980777765427909 ], [ -75.173972333599878, 39.981363588592927 ], [ -75.173908866419779, 39.98166905425991 ], [ -75.174992518790532, 39.982461103622988 ], [ -75.175313484300602, 39.982713200689865 ], [ -75.175027115445289, 39.984015354628639 ], [ -75.17446476462969, 39.983937188466911 ], [ -75.173993297214579, 39.983876423527335 ], [ -75.173443188352195, 39.983800912964071 ], [ -75.172888894159357, 39.983735751197209 ], [ -75.172640012359849, 39.983706247609604 ], [ -75.172424369210631, 39.983665910172043 ], [ -75.171848953330766, 39.983600122997636 ], [ -75.171511958054538, 39.985091958023368 ], [ -75.171394435408658, 39.985605109859279 ], [ -75.171292041646637, 39.986076504384798 ], [ -75.171177304713027, 39.986607635295123 ], [ -75.170396971996311, 39.986512961824289 ], [ -75.169575620908688, 39.98640739287832 ], [ -75.168779509533763, 39.986307275443664 ], [ -75.16797603611775, 39.986203987335514 ], [ -75.167319225552646, 39.986122598104323 ], [ -75.166753896677392, 39.986056963183316 ], [ -75.166098831869363, 39.985967163689345 ] ] ] } },
{ "type": "Feature", "properties": { "MS_ID": "3416", "MS_Name": "Mastery Charter School at Gratz", "MS_Grade": "7-12" }, "geometry": { "type": "Polygon", "coordinates": [ [ [ -75.145749695690427, 39.99444058423645 ], [ -75.145838085532986, 39.994038562044096 ], [ -75.145909552037082, 39.993716619707392 ], [ -75.145983241780741, 39.993390051478187 ], [ -75.146089596892011, 39.99284960025021 ], [ -75.146882363615063, 39.99295012073506 ], [ -75.147887036904876, 39.993079879941156 ], [ -75.148082023112394, 39.992376304715421 ], [ -75.148308556569617, 39.991505109455261 ], [ -75.148378439216003, 39.991217649854036 ], [ -75.148346223019672, 39.991069969587457 ], [ -75.148306958160731, 39.990969600674333 ], [ -75.148153138336497, 39.990725529002745 ], [ -75.148027398808907, 39.990562789923707 ], [ -75.147602755332258, 39.989961381659697 ], [ -75.14754375226056, 39.989864978105878 ], [ -75.147811312958979, 39.989906397761089 ], [ -75.148340982929142, 39.989971948983253 ], [ -75.148898121461116, 39.990037386804815 ], [ -75.149359103359018, 39.990093105293063 ], [ -75.149916230198087, 39.990170796234381 ], [ -75.150479317500384, 39.990248048190566 ], [ -75.150922074849873, 39.990305055018844 ], [ -75.151491277736667, 39.990373551890634 ], [ -75.152872214101734, 39.99055287770031 ], [ -75.153070264242828, 39.990578595857045 ], [ -75.153969970440528, 39.990697430797574 ], [ -75.155069726450151, 39.990839119926306 ], [ -75.1552710646977, 39.99085430180368 ], [ -75.154950080644554, 39.992354068813555 ], [ -75.154710323232962, 39.993406694494212 ], [ -75.154655758343992, 39.993644998185736 ], [ -75.154638603114094, 39.993720562504734 ], [ -75.154588884874912, 39.993939566029937 ], [ -75.154392629961905, 39.994872289778023 ], [ -75.154319378893987, 39.995223125129641 ], [ -75.154253957670178, 39.99552675657381 ], [ -75.154142688781448, 39.995992730083323 ], [ -75.15398545407642, 39.996783091884886 ], [ -75.153786769151651, 39.997718116984636 ], [ -75.153495102358377, 39.99782386798956 ], [ -75.153185587090618, 39.997936218121744 ], [ -75.152876149188074, 39.99804869263221 ], [ -75.152566798461038, 39.998161310664905 ], [ -75.152257549608038, 39.998274086068648 ], [ -75.151948411095958, 39.998387042462312 ], [ -75.151639395316465, 39.99850019274151 ], [ -75.151330514350747, 39.998613557904321 ], [ -75.151021778076512, 39.998727155294766 ], [ -75.150713199883086, 39.998841002336754 ], [ -75.150404788373649, 39.998955119048802 ], [ -75.150096607885871, 39.999069599694444 ], [ -75.150021422887789, 39.999097741296694 ], [ -75.14978886678783, 39.999184785075535 ], [ -75.14948154428005, 39.999300636881799 ], [ -75.149174582867033, 39.999417065514272 ], [ -75.148867927291903, 39.999533984126963 ], [ -75.148561523573377, 39.999651303199251 ], [ -75.148255314185221, 39.999768934030541 ], [ -75.147949245079303, 39.999886788899417 ], [ -75.147718576379333, 39.999975736496999 ], [ -75.147643261107376, 40.000004778256972 ], [ -75.147337308120342, 40.000122817081319 ], [ -75.14703132763313, 40.000240811241618 ], [ -75.146725266600583, 40.000358677541747 ], [ -75.146419070017487, 40.000476322829464 ], [ -75.146112680158595, 40.000593663801538 ], [ -75.145806043157293, 40.000710608231245 ], [ -75.145499103839057, 40.00082706746575 ], [ -75.145191808166757, 40.000942953778321 ], [ -75.144884097388228, 40.001058180235844 ], [ -75.144575919982287, 40.001172654662405 ], [ -75.144267225907299, 40.001286307440502 ], [ -75.143958051761899, 40.001399192556988 ], [ -75.143798092935654, 40.001455853895138 ], [ -75.143346433943023, 40.000744015445967 ], [ -75.144173278341938, 40.000431689331535 ], [ -75.144463397585852, 40.000328858228848 ], [ -75.144767010663116, 39.998916789999676 ], [ -75.145097955630547, 39.997426025465167 ], [ -75.145237380350309, 39.996758356874238 ], [ -75.145312766892502, 39.996395055009422 ], [ -75.145427411480767, 39.995930181623208 ], [ -75.145605097580926, 39.995103289313228 ], [ -75.145749695690427, 39.99444058423645 ] ] ] } },
{ "type": "Feature", "properties": { "MS_ID": "3418", "MS_Name": "Universal Institute Charter School at Vare, EH", "MS_Grade": "5-8" }, "geometry": { "type": "Polygon", "coordinates": [ [ [ -75.176335220475252, 39.929001123898416 ], [ -75.175879537281787, 39.928942223357396 ], [ -75.175290408372561, 39.928868270262868 ], [ -75.17372885312524, 39.928661678717155 ], [ -75.173162091674797, 39.928588976642018 ], [ -75.172699996421372, 39.928521347013657 ], [ -75.172155520669818, 39.92846424087822 ], [ -75.171596227458551, 39.92838855343355 ], [ -75.171137875462918, 39.928330017163042 ], [ -75.170593633192937, 39.928266826050347 ], [ -75.170049972628661, 39.928188333573857 ], [ -75.169581709941497, 39.928134065918755 ], [ -75.168957737646906, 39.928036671436679 ], [ -75.168828119448264, 39.928035002761533 ], [ -75.16909605511934, 39.926817926055342 ], [ -75.169363458126128, 39.925591661893435 ], [ -75.169628171323183, 39.924373265706841 ], [ -75.169881030610711, 39.92313243740692 ], [ -75.170179800898524, 39.921886088619836 ], [ -75.170448151782722, 39.920640631710306 ], [ -75.17071125143714, 39.919394994977431 ], [ -75.170855014988518, 39.919411454882237 ], [ -75.171487857875448, 39.919486505887456 ], [ -75.171940351485745, 39.919544971646467 ], [ -75.172447365939234, 39.919622458981124 ], [ -75.173005779890019, 39.919680750769807 ], [ -75.1734928793705, 39.919744054387209 ], [ -75.174034281899779, 39.919810776183617 ], [ -75.174588346319453, 39.919885815943566 ], [ -75.175046835561133, 39.919944882434123 ], [ -75.175615988372058, 39.920014348078269 ], [ -75.176367667419242, 39.920109903474085 ], [ -75.17716829123836, 39.920219553776199 ], [ -75.177954860968725, 39.920309942989043 ], [ -75.178738502232548, 39.92041614683869 ], [ -75.179269240464407, 39.920489878413086 ], [ -75.179529028109528, 39.920521501296854 ], [ -75.179762912645103, 39.920550683259293 ], [ -75.180315208714447, 39.920621012522552 ], [ -75.180894868999459, 39.920705255663648 ], [ -75.181235353560254, 39.920738874625933 ], [ -75.181418469051934, 39.920773618414877 ], [ -75.182221268398635, 39.920871756083926 ], [ -75.182512112779733, 39.919630008029706 ], [ -75.182793564313926, 39.918359721358499 ], [ -75.182821510392557, 39.918233589219184 ], [ -75.184403372521771, 39.91844380213039 ], [ -75.185100329042271, 39.918554256265537 ], [ -75.186024785915095, 39.918690979128748 ], [ -75.186962292710476, 39.918867726114804 ], [ -75.187354451556345, 39.919006847013549 ], [ -75.187437415775221, 39.919050855891022 ], [ -75.187796434953455, 39.919252298947114 ], [ -75.18803994232465, 39.919456388448246 ], [ -75.188254594716653, 39.919754693708725 ], [ -75.189104939525222, 39.920684126443327 ], [ -75.189164222102875, 39.920746252371238 ], [ -75.189324502044258, 39.92091422014704 ], [ -75.18941869879913, 39.921007844650468 ], [ -75.189812587187561, 39.921399340079979 ], [ -75.190060582890808, 39.921717130711897 ], [ -75.189652386816221, 39.921806363682663 ], [ -75.188900444183616, 39.921970687330258 ], [ -75.188875181161293, 39.922077642304501 ], [ -75.188662292938943, 39.922997692095187 ], [ -75.190266029043158, 39.923193436905137 ], [ -75.191101636481548, 39.923295418125065 ], [ -75.191185788187468, 39.923305688022566 ], [ -75.191396139363178, 39.923383363576093 ], [ -75.191611658538861, 39.923617751117284 ], [ -75.19199250935138, 39.924015696994509 ], [ -75.192343222562471, 39.924378312011676 ], [ -75.192504470350613, 39.924545030640189 ], [ -75.192690988033831, 39.924740555590816 ], [ -75.19296708973323, 39.925033668553681 ], [ -75.192832669189926, 39.926071733611955 ], [ -75.192615841795572, 39.926042255573876 ], [ -75.19248167879266, 39.926054432773917 ], [ -75.192345617423015, 39.92610679659353 ], [ -75.192094407776366, 39.926203476633333 ], [ -75.191978813060388, 39.926247964942831 ], [ -75.191565335878991, 39.926380006096331 ], [ -75.19138477873139, 39.926437664191674 ], [ -75.1910090689817, 39.926557640924521 ], [ -75.19048556896071, 39.926739731963977 ], [ -75.189971045222478, 39.926888152143931 ], [ -75.189460706563835, 39.926984595101054 ], [ -75.189918187644238, 39.926970750615254 ], [ -75.191008206927961, 39.927117599451165 ], [ -75.190931518258296, 39.92746656874472 ], [ -75.190873039413503, 39.927738121564197 ], [ -75.1908134879735, 39.928013904988966 ], [ -75.190744229589583, 39.928328258379871 ], [ -75.18918145487082, 39.92813040403253 ], [ -75.187597584287658, 39.92792761392424 ], [ -75.186858820040925, 39.927832140172747 ], [ -75.185991440629763, 39.927728243845479 ], [ -75.185774485308556, 39.927696343468938 ], [ -75.185187073443132, 39.927629321868601 ], [ -75.184693565353044, 39.927563973577286 ], [ -75.184135724490261, 39.927488390721471 ], [ -75.183567270979225, 39.927414552536376 ], [ -75.183070027622975, 39.927347318779098 ], [ -75.182479707453652, 39.927270987225661 ], [ -75.181923648779261, 39.927210519038333 ], [ -75.181434333990836, 39.927142529439578 ], [ -75.180894078384398, 39.927074755196408 ], [ -75.180248827452445, 39.927003479449453 ], [ -75.179611901388171, 39.926913714072725 ], [ -75.178970921539815, 39.926830360441713 ], [ -75.178408055677878, 39.926748544142391 ], [ -75.177949480069898, 39.926696112693143 ], [ -75.177401665006172, 39.92662679085602 ], [ -75.177302928635996, 39.927069538127768 ], [ -75.177222999814688, 39.927425473055308 ], [ -75.177137166543787, 39.927843969737289 ], [ -75.17703462385559, 39.92827918547934 ], [ -75.176962359651853, 39.928641162351532 ], [ -75.176872311727877, 39.929062922406168 ], [ -75.176335220475252, 39.929001123898416 ] ] ] } },
{ "type": "Feature", "properties": { "MS_ID": "3419", "MS_Name": "American Paradigm Charter School at Birney", "MS_Grade": "K-8" }, "geometry": { "type": "Polygon", "coordinates": [ [ [ -75.144637619890275, 40.037400500192959 ], [ -75.141465889264666, 40.036288405628063 ], [ -75.140672767853559, 40.036185703147375 ], [ -75.139883025356156, 40.036084777555374 ], [ -75.139096959751711, 40.035982543392699 ], [ -75.138374875698631, 40.035884780676277 ], [ -75.138164301481353, 40.035807454745665 ], [ -75.137208391981133, 40.03656309931997 ], [ -75.136824693201078, 40.036889828684266 ], [ -75.136437425600676, 40.037197149621385 ], [ -75.135962395683066, 40.03714069095362 ], [ -75.136019241867842, 40.036295917861864 ], [ -75.136225631292547, 40.033432280724874 ], [ -75.136247509394963, 40.033287749213443 ], [ -75.136329035286465, 40.032921468554612 ], [ -75.136415870030589, 40.032511360412428 ], [ -75.136486150502705, 40.032186032003878 ], [ -75.136555698059013, 40.031869034853813 ], [ -75.136619620815537, 40.031590764450947 ], [ -75.136758138920243, 40.030965190432397 ], [ -75.137016283780014, 40.029800355381106 ], [ -75.137092284854617, 40.029413268352592 ], [ -75.137422001514523, 40.027919776059939 ], [ -75.137747150502506, 40.026417386977926 ], [ -75.138285801386147, 40.026489929375565 ], [ -75.13869888911529, 40.026537166099082 ], [ -75.139508620781669, 40.026649055528274 ], [ -75.140304888383085, 40.026746981853115 ], [ -75.141088577308622, 40.026852108835733 ], [ -75.141879934305777, 40.026950231539658 ], [ -75.141557867122657, 40.028450084596976 ], [ -75.14233586038641, 40.028544555594401 ], [ -75.143126642520798, 40.028644190597831 ], [ -75.14391379256007, 40.028750317831836 ], [ -75.144717161187629, 40.02885685079211 ], [ -75.146151742993538, 40.029044922613139 ], [ -75.146913523436368, 40.029145166694519 ], [ -75.146851006456416, 40.029482804010044 ], [ -75.146827853354537, 40.029603964525066 ], [ -75.146706270766543, 40.030128119096432 ], [ -75.146683109568343, 40.030227966701837 ], [ -75.146576239929018, 40.030638530732375 ], [ -75.146519856929558, 40.030866694390696 ], [ -75.146228026226623, 40.032186808403949 ], [ -75.145898589623201, 40.033729038092027 ], [ -75.145554237692934, 40.035263103492419 ], [ -75.145149809305579, 40.037147186913401 ], [ -75.145094401091555, 40.037414306982356 ], [ -75.144637619890275, 40.037400500192959 ] ] ] } },
{ "type": "Feature", "properties": { "MS_ID": "3420", "MS_Name": "Mastery Charter School at Cleveland", "MS_Grade": "K-8" }, "geometry": { "type": "Polygon", "coordinates": [ [ [ -75.154068028192427, 40.016323599506364 ], [ -75.153684543486122, 40.016267164236559 ], [ -75.153353204531015, 40.016201984024178 ], [ -75.153246939586126, 40.016175302031442 ], [ -75.15302746433035, 40.016120194868904 ], [ -75.152705030671612, 40.016031391259503 ], [ -75.152388078192729, 40.015931755249632 ], [ -75.152078916591663, 40.015818381098256 ], [ -75.151776594201209, 40.015694582898824 ], [ -75.151490488260492, 40.015550775247235 ], [ -75.151216044709344, 40.015392909128956 ], [ -75.150941384882856, 40.015235643814741 ], [ -75.15078016813311, 40.015140169847385 ], [ -75.150336551705095, 40.015306352452406 ], [ -75.150148443859564, 40.01534175888267 ], [ -75.149932223829325, 40.015326710203979 ], [ -75.150039625728951, 40.014819702692151 ], [ -75.150070967630228, 40.014681673540309 ], [ -75.150096500592696, 40.014569226117459 ], [ -75.15021373801136, 40.013916741078198 ], [ -75.150245659191413, 40.013763076116248 ], [ -75.150395136546464, 40.01316714443147 ], [ -75.150573800089546, 40.012371541809067 ], [ -75.150883845434493, 40.010838385023092 ], [ -75.151428311603652, 40.010904609042456 ], [ -75.151799586902101, 40.010951326411387 ], [ -75.152541644535233, 40.011050209233204 ], [ -75.15287867430186, 40.00944804956422 ], [ -75.15367036090484, 40.009554092098085 ], [ -75.154465540226553, 40.009655724614888 ], [ -75.154801488249603, 40.008081776531533 ], [ -75.155577339393574, 40.008181700674939 ], [ -75.156377628108203, 40.008285714388848 ], [ -75.156539128697588, 40.007528480929054 ], [ -75.156711376213778, 40.006791236743389 ], [ -75.158278991805275, 40.006995350258343 ], [ -75.158602664202391, 40.005499191834758 ], [ -75.159381205307952, 40.005596441291395 ], [ -75.160180024422232, 40.00569355630023 ], [ -75.16039708600961, 40.004678600020277 ], [ -75.160495904395916, 40.004216526531508 ], [ -75.161242952051879, 40.004307516524946 ], [ -75.16205980369233, 40.004411363111885 ], [ -75.162661761060249, 40.004495862677487 ], [ -75.163942557551366, 40.004656818906476 ], [ -75.163788927821727, 40.00539171818879 ], [ -75.163629294871953, 40.006153400797871 ], [ -75.165229931494551, 40.006355457449395 ], [ -75.166836274689771, 40.006566257994216 ], [ -75.166942275597648, 40.006594500277856 ], [ -75.167064662238857, 40.006717078743776 ], [ -75.167530511749419, 40.007229125812927 ], [ -75.168176656778272, 40.007929192589991 ], [ -75.168488410699126, 40.008300247425488 ], [ -75.169021313440652, 40.008902824712983 ], [ -75.169141419955835, 40.008833865309228 ], [ -75.169189078165132, 40.008886444839476 ], [ -75.169384852820798, 40.00910241414271 ], [ -75.169580635951235, 40.00931837786667 ], [ -75.169776429692675, 40.00953434146551 ], [ -75.169972226055393, 40.009750299353541 ], [ -75.170121838866052, 40.009915319234196 ], [ -75.169991009235446, 40.009980603154744 ], [ -75.169703955215297, 40.010124033047994 ], [ -75.169416959327862, 40.010267534736798 ], [ -75.169129966602654, 40.010411043915013 ], [ -75.168842926854651, 40.01055449368053 ], [ -75.168555789831416, 40.010697818931199 ], [ -75.168268500564622, 40.010840955359342 ], [ -75.167937741913065, 40.011007132731933 ], [ -75.167777700108729, 40.011087534911212 ], [ -75.167651163399412, 40.011151105381138 ], [ -75.167364576988703, 40.011295068153942 ], [ -75.167077985919121, 40.011439028331331 ], [ -75.166791389156813, 40.011582982285844 ], [ -75.166504788906366, 40.011726933671184 ], [ -75.166218187612373, 40.011870879839293 ], [ -75.165931578146939, 40.012014823332706 ], [ -75.165644969876723, 40.012158764362326 ], [ -75.165358359220562, 40.012302704649514 ], [ -75.165071746212945, 40.012446643293956 ], [ -75.164785132024562, 40.012590580322048 ], [ -75.164498518791262, 40.01273452118798 ], [ -75.164211903206237, 40.012878460411208 ], [ -75.163925290986455, 40.013022401724548 ], [ -75.163638678619392, 40.013166345048937 ], [ -75.163352069583254, 40.013310291363616 ], [ -75.163065461467724, 40.013454242416422 ], [ -75.16277885785378, 40.013598196486072 ], [ -75.162492257467434, 40.013742156246877 ], [ -75.162205661479703, 40.013886121725321 ], [ -75.161901388578329, 40.014038975730386 ], [ -75.16163248269973, 40.014174069835029 ], [ -75.161345903316644, 40.01431805524637 ], [ -75.161059328194739, 40.014462049976366 ], [ -75.160772762119663, 40.014606051430086 ], [ -75.160486200237145, 40.014750064003081 ], [ -75.160199650810696, 40.014894086079742 ], [ -75.159913106747155, 40.01503811930224 ], [ -75.159626573900525, 40.015182163802628 ], [ -75.159340049860077, 40.015326221328792 ], [ -75.159054939934322, 40.015472157158776 ], [ -75.158772748656986, 40.015621846032538 ], [ -75.158479008542585, 40.015755735562387 ], [ -75.158168289457137, 40.01586664362334 ], [ -75.157853445881059, 40.015970763203924 ], [ -75.157728653692715, 40.01601172539366 ], [ -75.157538123294316, 40.016074266545779 ], [ -75.157218111555963, 40.016167114058277 ], [ -75.156888225953523, 40.016236131078628 ], [ -75.156553852212284, 40.016294516515018 ], [ -75.156066203118584, 40.016353484052317 ], [ -75.155726485036539, 40.016383367047936 ], [ -75.15538440697766, 40.016397019760355 ], [ -75.155041729666664, 40.01639847886657 ], [ -75.154699966870439, 40.016386315320183 ], [ -75.154359197647921, 40.016357853989668 ], [ -75.154068028192427, 40.016323599506364 ] ] ] } },
{ "type": "Feature", "properties": { "MS_ID": "3421", "MS_Name": "Universal Institute Charter School at Creighton", "MS_Grade": "K-8" }, "geometry": { "type": "Polygon", "coordinates": [ [ [ -75.110502311491388, 40.043516275898178 ], [ -75.109932823242204, 40.043199255850482 ], [ -75.108271801970758, 40.042214728152942 ], [ -75.106730690267185, 40.041321112298547 ], [ -75.105622522988028, 40.040667949189327 ], [ -75.104633224041251, 40.040074833498373 ], [ -75.103163265147828, 40.039197520942515 ], [ -75.101573754672501, 40.038294468382006 ], [ -75.099386790467904, 40.036762705604687 ], [ -75.098423486227247, 40.036092591628424 ], [ -75.097686575896049, 40.035719345833094 ], [ -75.09308759856971, 40.033486706168162 ], [ -75.093275021705736, 40.033305916932065 ], [ -75.09349854261545, 40.033073567178562 ], [ -75.093734354308282, 40.032843763787589 ], [ -75.093921693597139, 40.032648524438088 ], [ -75.094118441943266, 40.032456725393786 ], [ -75.094350866588059, 40.03220778020944 ], [ -75.093790692356905, 40.031513191046294 ], [ -75.093543159891183, 40.031196606861052 ], [ -75.093205252253696, 40.030705586800764 ], [ -75.095312188680111, 40.028548134190864 ], [ -75.096236836180452, 40.027597191156154 ], [ -75.096551850349954, 40.027787634227415 ], [ -75.096651846402196, 40.027851066303541 ], [ -75.096805382897969, 40.027948460822138 ], [ -75.097908360469773, 40.028619863829462 ], [ -75.098325411462909, 40.028206540815837 ], [ -75.098697805275805, 40.027854182841565 ], [ -75.098809279704227, 40.027740451845879 ], [ -75.099064692201367, 40.027498078073783 ], [ -75.101287055130555, 40.0289720841755 ], [ -75.10156167428498, 40.029183800823155 ], [ -75.101958874347915, 40.029341962971081 ], [ -75.102423016657255, 40.029493185571518 ], [ -75.104808554588786, 40.023604262577685 ], [ -75.10491434873498, 40.023600896846823 ], [ -75.105087636623608, 40.023508955367888 ], [ -75.105182106479731, 40.023390255080635 ], [ -75.105436783701748, 40.023002793046089 ], [ -75.105668639957855, 40.022944815986456 ], [ -75.105848463967448, 40.022941281788718 ], [ -75.106052473749372, 40.022957491642856 ], [ -75.106135455652677, 40.023005449437029 ], [ -75.10631124672453, 40.023105430376845 ], [ -75.106462551277573, 40.023193335762883 ], [ -75.106599344344914, 40.023269394415557 ], [ -75.106736736171541, 40.023330115808207 ], [ -75.10686065894825, 40.023352155690013 ], [ -75.107044245842189, 40.023316088873777 ], [ -75.107209677047294, 40.023233555828021 ], [ -75.107372984596637, 40.023141380402173 ], [ -75.107514256393316, 40.023102421663594 ], [ -75.107684554480898, 40.023087153803623 ], [ -75.107781542487587, 40.023031824893501 ], [ -75.107922813856902, 40.022992864751998 ], [ -75.108035656691143, 40.022914876376127 ], [ -75.108089405250396, 40.02281634179537 ], [ -75.108078622736159, 40.022708648478144 ], [ -75.108167203920331, 40.022612835344361 ], [ -75.108469477465505, 40.022412571771163 ], [ -75.10861343267544, 40.022304601330063 ], [ -75.108795790978547, 40.022235887123998 ], [ -75.109082570189628, 40.022177247355486 ], [ -75.109368603068773, 40.02213777806881 ], [ -75.109687156750667, 40.022160452054194 ], [ -75.109815022571198, 40.02220944005991 ], [ -75.109973701418753, 40.02223611139452 ], [ -75.110181655572973, 40.022279266142753 ], [ -75.110434188414416, 40.022331119294741 ], [ -75.110700489855148, 40.022413986441798 ], [ -75.110851799720947, 40.022501886075688 ], [ -75.110941183110967, 40.022642083552029 ], [ -75.110990073634667, 40.022796700324371 ], [ -75.111001307920645, 40.022892892983698 ], [ -75.111030997305576, 40.023027881026678 ], [ -75.111101775265084, 40.02313311519714 ], [ -75.111186475964601, 40.023254281404995 ], [ -75.111253081098397, 40.023349564114291 ], [ -75.11133144784344, 40.023516370494448 ], [ -75.11137275171788, 40.02360941475041 ], [ -75.111362846175425, 40.023735819700057 ], [ -75.111401468579913, 40.023897875284248 ], [ -75.111465392181017, 40.024179468869605 ], [ -75.11152217264069, 40.024387989644396 ], [ -75.111551118538159, 40.024542146953408 ], [ -75.111551188587313, 40.024668781106776 ], [ -75.111517244225269, 40.02477160882794 ], [ -75.111456498692874, 40.024921788873833 ], [ -75.111395303361874, 40.025212020956431 ], [ -75.111381005545184, 40.025322974135001 ], [ -75.111367712544947, 40.025472323462431 ], [ -75.111457175383578, 40.025610604838477 ], [ -75.111623899698458, 40.025687344964808 ], [ -75.111844853275628, 40.025717364337943 ], [ -75.112013069617646, 40.025755764204746 ], [ -75.11219565173873, 40.025809842841682 ], [ -75.112397435592513, 40.025883550536086 ], [ -75.112539974057313, 40.025940546364041 ], [ -75.112641273073493, 40.02603113137706 ], [ -75.112696946012207, 40.026139855005418 ], [ -75.112737211671373, 40.026259737228912 ], [ -75.112761248319472, 40.026411864007194 ], [ -75.11278223350449, 40.026642585978188 ], [ -75.112812680955855, 40.026880239703942 ], [ -75.112847422201909, 40.027038159909523 ], [ -75.11288284071972, 40.027320487263971 ], [ -75.112890262797663, 40.02745805116416 ], [ -75.112884778501723, 40.027600434735781 ], [ -75.11279310960424, 40.027711531414319 ], [ -75.112627674310431, 40.027794071584495 ], [ -75.112419253067827, 40.027890974205384 ], [ -75.112287203786551, 40.027949338382477 ], [ -75.112120838804216, 40.027991565155894 ], [ -75.112015512889457, 40.028004495737662 ], [ -75.111885401513007, 40.028013019374569 ], [ -75.111764962132042, 40.028029438227463 ], [ -75.11165256335029, 40.028095928991767 ], [ -75.111502719002431, 40.028226792996328 ], [ -75.111393368175044, 40.028343238160332 ], [ -75.111288556064395, 40.02847129816972 ], [ -75.111199449875016, 40.028580533348389 ], [ -75.111084068245773, 40.028723700269644 ], [ -75.111015058906773, 40.028829561428708 ], [ -75.110963465983829, 40.029001054634733 ], [ -75.110933462391472, 40.029130835194813 ], [ -75.110899655921756, 40.029358379305798 ], [ -75.110883120127312, 40.029526841505181 ], [ -75.110918246854879, 40.029650443769064 ], [ -75.110995875829616, 40.029836419758823 ], [ -75.111046413842956, 40.029948863648237 ], [ -75.111118159214826, 40.030157728355739 ], [ -75.111138177493288, 40.030284818155579 ], [ -75.111130425676194, 40.030484182095272 ], [ -75.11113733717977, 40.03069155703038 ], [ -75.111153554233312, 40.030916413112244 ], [ -75.111146032419541, 40.030981474836786 ], [ -75.111131046398867, 40.031043888122646 ], [ -75.111110294136125, 40.031130311105002 ], [ -75.111084231622343, 40.031287042861223 ], [ -75.111065544264761, 40.03138254520654 ], [ -75.111060177408703, 40.031520565969934 ], [ -75.111050121043363, 40.031650804907564 ], [ -75.111018772412891, 40.031815089260064 ], [ -75.110986976358873, 40.031990875782633 ], [ -75.110980714782215, 40.03215189999765 ], [ -75.110933957756956, 40.032327343632254 ], [ -75.110880944458799, 40.032535258063994 ], [ -75.110860831872415, 40.03279573592075 ], [ -75.110832465351038, 40.032883341749042 ], [ -75.110784447216886, 40.032962821914317 ], [ -75.110740520849262, 40.033065421907445 ], [ -75.110731805611124, 40.033161154273174 ], [ -75.110756065057416, 40.03330752991063 ], [ -75.110830245035316, 40.03348098611994 ], [ -75.110865924829938, 40.033563319462793 ], [ -75.110962316553156, 40.033780424566594 ], [ -75.111059616136231, 40.033989029395414 ], [ -75.111109767250369, 40.034096553660532 ], [ -75.111184352010042, 40.034232574807028 ], [ -75.111318787451097, 40.034369970957016 ], [ -75.111477715511697, 40.034519439362448 ], [ -75.111642674259585, 40.034642186377859 ], [ -75.111846342954735, 40.034796520381391 ], [ -75.112000881361766, 40.034930539948306 ], [ -75.112109039284618, 40.035101865293676 ], [ -75.11217677643171, 40.035285695640042 ], [ -75.112230071875018, 40.03545576172138 ], [ -75.112294981488688, 40.035583883081323 ], [ -75.112349170317984, 40.035730947413043 ], [ -75.112463811936124, 40.035864048237336 ], [ -75.112593116242323, 40.03600516240305 ], [ -75.112717731202665, 40.036138491966732 ], [ -75.112861851468324, 40.036283783485942 ], [ -75.113055699748827, 40.036434051292005 ], [ -75.11316100665681, 40.036504056939158 ], [ -75.113264960842059, 40.03657316283838 ], [ -75.113380123527691, 40.036692843895231 ], [ -75.113495364525207, 40.036810610135987 ], [ -75.113614100999683, 40.036966828597222 ], [ -75.113741920440006, 40.037146279386064 ], [ -75.11381241943819, 40.037259179943192 ], [ -75.11386266859212, 40.037379290652844 ], [ -75.113921999319004, 40.037522632849544 ], [ -75.114022126529562, 40.037900988609621 ], [ -75.114047882834328, 40.038009024664682 ], [ -75.114088604706652, 40.038117404159941 ], [ -75.11410319589001, 40.038255883811509 ], [ -75.114098579311786, 40.038374734357731 ], [ -75.114116035218785, 40.038503685594755 ], [ -75.114202728361292, 40.038649574724715 ], [ -75.114248735653732, 40.038750401375225 ], [ -75.114250148700791, 40.038842528823508 ], [ -75.114279900826844, 40.03898964670384 ], [ -75.114347454164374, 40.03907566195408 ], [ -75.114459482545215, 40.039234337542226 ], [ -75.114530276013852, 40.039486312649828 ], [ -75.114550612785308, 40.039586028447232 ], [ -75.114538789161216, 40.039679994812566 ], [ -75.114533060271114, 40.039827502266689 ], [ -75.114462486897878, 40.039960957022359 ], [ -75.114378385291502, 40.0400218541632 ], [ -75.114215419421797, 40.040219155700207 ], [ -75.114119004206927, 40.04038657080244 ], [ -75.114008206311496, 40.040503396396737 ], [ -75.113921906750278, 40.040620784126268 ], [ -75.113851697128567, 40.040744823038835 ], [ -75.113780998303028, 40.040881417330844 ], [ -75.113725904110339, 40.041037216547558 ], [ -75.113647526581147, 40.041161068787503 ], [ -75.11359413553204, 40.041272927837007 ], [ -75.113490282935857, 40.041421325852646 ], [ -75.113318657396292, 40.041630991416476 ], [ -75.113055611080298, 40.041879396269159 ], [ -75.112869477018648, 40.04204161064726 ], [ -75.11277410666618, 40.042140061461133 ], [ -75.112712840541406, 40.042286175760076 ], [ -75.1126421378885, 40.042422767540536 ], [ -75.112570217385837, 40.04259074478913 ], [ -75.112532913976395, 40.042709255662878 ], [ -75.112468669845825, 40.042889974864863 ], [ -75.112368586533748, 40.043151543946649 ], [ -75.112332014433434, 40.043251224738754 ], [ -75.112286786882152, 40.043363271613295 ], [ -75.11219231569136, 40.043480470533105 ], [ -75.11210576754651, 40.043604133305365 ], [ -75.11198581625824, 40.043745876624655 ], [ -75.111851240276792, 40.043843307427188 ], [ -75.111733242770654, 40.043934836877099 ], [ -75.111565753547922, 40.044037791588082 ], [ -75.111510242162751, 40.044077979181061 ], [ -75.110502311491388, 40.043516275898178 ] ] ] } },
{ "type": "Feature", "properties": { "MS_ID": "3422", "MS_Name": "Phila Charter for Arts at HR Edmunds", "MS_Grade": "K-8" }, "geometry": { "type": "Polygon", "coordinates": [ [ [ -75.084111671423784, 40.031619191935683 ], [ -75.084198741701314, 40.031439689910712 ], [ -75.084105914514225, 40.03139699477768 ], [ -75.083683177400104, 40.031155179126891 ], [ -75.083360805679845, 40.030970773680785 ], [ -75.082635727916596, 40.030564330129465 ], [ -75.080866934070926, 40.029557047064038 ], [ -75.080787357370852, 40.029517599892237 ], [ -75.080284926341676, 40.029232171015842 ], [ -75.079985184051026, 40.02906142517508 ], [ -75.079693264757793, 40.02889532236388 ], [ -75.079081017222308, 40.028553721721337 ], [ -75.078473935026878, 40.028209177896244 ], [ -75.077862216484959, 40.027870880573353 ], [ -75.077214710497628, 40.02749290128267 ], [ -75.076774206409965, 40.027382718225319 ], [ -75.075637222110473, 40.027081823145174 ], [ -75.075488992918679, 40.027072748600645 ], [ -75.0753671940857, 40.027039098136456 ], [ -75.075142296520269, 40.02684967008404 ], [ -75.074945105768123, 40.026692462151473 ], [ -75.073364419260571, 40.025370136184499 ], [ -75.073964328965431, 40.025074257481151 ], [ -75.075623107397007, 40.024075871624404 ], [ -75.076841951499659, 40.023258983857552 ], [ -75.077502642005769, 40.022809375604822 ], [ -75.078164133615218, 40.022362829704548 ], [ -75.078881152541854, 40.021882928661384 ], [ -75.079124651722779, 40.021706484266829 ], [ -75.079414189420319, 40.021388572807801 ], [ -75.079919555589044, 40.020834277411801 ], [ -75.080426035798808, 40.020304007764082 ], [ -75.080924598568828, 40.019756841340907 ], [ -75.081500446572278, 40.019137017951294 ], [ -75.081994744678994, 40.018581360372508 ], [ -75.082642230604236, 40.017898857528422 ], [ -75.083508697068012, 40.018366788670093 ], [ -75.084059227095537, 40.01865971565168 ], [ -75.084324936907805, 40.018805701291861 ], [ -75.085059231933371, 40.019217608551052 ], [ -75.087283057480249, 40.020486206694358 ], [ -75.088620305077356, 40.021243636674342 ], [ -75.089169703476657, 40.020553783344866 ], [ -75.089719630951464, 40.019876666126677 ], [ -75.091493844470108, 40.021028167748376 ], [ -75.092924624075167, 40.02196113938917 ], [ -75.093770489228788, 40.022509222848406 ], [ -75.094958576303171, 40.023261012180676 ], [ -75.095536451707744, 40.024129727696049 ], [ -75.095882833983325, 40.024757098940064 ], [ -75.097044942243571, 40.025879303453735 ], [ -75.097605356404372, 40.026374768656488 ], [ -75.097590357080719, 40.026571076513996 ], [ -75.097254003917939, 40.026411134362966 ], [ -75.096829948344421, 40.026272129645584 ], [ -75.096477744200939, 40.026186774181021 ], [ -75.096051957416933, 40.026134948467785 ], [ -75.095583467149098, 40.026127620134467 ], [ -75.095268623973311, 40.026148333813687 ], [ -75.094952686702129, 40.026197010186451 ], [ -75.094391919963243, 40.026337994769086 ], [ -75.094068149995664, 40.026470461389081 ], [ -75.093771605834888, 40.026629748156786 ], [ -75.090391810872646, 40.028500617970678 ], [ -75.089561570986319, 40.028950495936527 ], [ -75.088532971217532, 40.029512238479512 ], [ -75.087804474395156, 40.029916303484931 ], [ -75.087044033182266, 40.030332471248634 ], [ -75.086735227615179, 40.030512721666611 ], [ -75.086044517250002, 40.03093078216704 ], [ -75.085604889638986, 40.031196457125823 ], [ -75.085472582466338, 40.03127368443289 ], [ -75.085269758555583, 40.031380283758153 ], [ -75.085123333207846, 40.031450025257755 ], [ -75.08492630444691, 40.03154244548476 ], [ -75.084720663493925, 40.031625433487378 ], [ -75.084516866346647, 40.031697514513674 ], [ -75.084327098814782, 40.031763071134606 ], [ -75.08408993092327, 40.031821850631793 ], [ -75.084111671423784, 40.031619191935683 ] ] ] } },
{ "type": "Feature", "properties": { "MS_ID": "3423", "MS_Name": "Memphis St Charter at JP Jones", "MS_Grade": "5-8" }, "geometry": { "type": "Polygon", "coordinates": [ [ [ -75.113483548005561, 40.005928514015622 ], [ -75.109372296468393, 40.005393346629901 ], [ -75.10862843880291, 40.005405818032621 ], [ -75.108037811100729, 40.005432377405185 ], [ -75.107352908474439, 40.005472699329182 ], [ -75.106661567880778, 40.005481147216926 ], [ -75.106026311092847, 40.005499294636458 ], [ -75.105336981814347, 40.005519375367889 ], [ -75.103271033496952, 40.005603012611211 ], [ -75.103529563290181, 40.004431650336372 ], [ -75.103602524153658, 40.004074477808125 ], [ -75.103687800449492, 40.003638311741106 ], [ -75.103797272937769, 40.00313587465002 ], [ -75.101811336787563, 40.002864441501131 ], [ -75.100498273427775, 40.003580351632728 ], [ -75.099363421387253, 40.00420433899334 ], [ -75.097980259367546, 40.004951203315322 ], [ -75.09686759417383, 40.005562356864587 ], [ -75.09634801619778, 40.005852913915085 ], [ -75.093273983464385, 40.005962262346827 ], [ -75.092884803536876, 40.005974655093603 ], [ -75.091816171205949, 40.006008681452336 ], [ -75.092390743838081, 40.005511140248188 ], [ -75.092553965455551, 40.005366036753003 ], [ -75.092338483868048, 40.005170626238169 ], [ -75.092219196282585, 40.005036820627119 ], [ -75.092101093072472, 40.004872803513607 ], [ -75.091837946324205, 40.00473062814789 ], [ -75.091405736949383, 40.004554296486141 ], [ -75.090977514373478, 40.004443576190468 ], [ -75.090337351219517, 40.004222103067072 ], [ -75.09015139125701, 40.004153884085447 ], [ -75.08941342606002, 40.003883164039067 ], [ -75.088883800838175, 40.003684404149375 ], [ -75.08864656234654, 40.00355038237435 ], [ -75.088429854364705, 40.00339415425654 ], [ -75.088253424916104, 40.003213660293348 ], [ -75.088101607556439, 40.003074055475331 ], [ -75.087984306244522, 40.002889892577883 ], [ -75.087906688361997, 40.002696568072238 ], [ -75.087680610362028, 40.002278035314859 ], [ -75.087585520633823, 40.002028863577131 ], [ -75.087569006235427, 40.001781514139203 ], [ -75.087514820939191, 40.001157803179886 ], [ -75.087497878101445, 40.000754199257798 ], [ -75.087477384556806, 40.000441236697526 ], [ -75.087418589897709, 40.000102183717999 ], [ -75.087251484288515, 39.999851342989047 ], [ -75.087071085570187, 39.999605232222947 ], [ -75.086669327343458, 39.999154901077404 ], [ -75.086372190538526, 39.998896689035092 ], [ -75.0865031756028, 39.998828175076625 ], [ -75.087089894221904, 39.99851975337446 ], [ -75.08946670816789, 39.997270276066956 ], [ -75.092072266279757, 39.99589576298429 ], [ -75.094523680212234, 39.994604333014713 ], [ -75.09555908145164, 39.994095686712271 ], [ -75.097007260184469, 39.993400930935387 ], [ -75.099301744211076, 39.992186834651207 ], [ -75.101603555186514, 39.990995467662216 ], [ -75.103903724681928, 39.989797541868754 ], [ -75.103909718506742, 39.989794342522536 ], [ -75.103513146934233, 39.989336920636461 ], [ -75.103080643903994, 39.988847163864136 ], [ -75.102652381984598, 39.98837428399019 ], [ -75.102308012699368, 39.987975914202046 ], [ -75.10195240299187, 39.987573921283477 ], [ -75.101631814694457, 39.987212613259885 ], [ -75.101311975063908, 39.986847573232986 ], [ -75.100942170651024, 39.986441743385335 ], [ -75.100582820057596, 39.986026848577531 ], [ -75.100316770220147, 39.985728868698011 ], [ -75.100097545565546, 39.985478587939106 ], [ -75.099808085727318, 39.98515543917393 ], [ -75.099744329420801, 39.985080936240863 ], [ -75.099531906797182, 39.984842552760277 ], [ -75.099322591233729, 39.984596926008848 ], [ -75.099084468472469, 39.984326428942126 ], [ -75.099057406841297, 39.98425371114373 ], [ -75.099030725649655, 39.98414913341427 ], [ -75.098408088527037, 39.9833896870826 ], [ -75.098247314081931, 39.98319358419301 ], [ -75.098047670807119, 39.982950069640481 ], [ -75.097633129640414, 39.982478081025562 ], [ -75.097582210425898, 39.982408114630964 ], [ -75.09755394468209, 39.982314105049923 ], [ -75.097557731489061, 39.982220953405644 ], [ -75.097590086579913, 39.982141005351785 ], [ -75.097649348943676, 39.982062775721587 ], [ -75.097767817033429, 39.9819731403718 ], [ -75.09967356622235, 39.980970294440468 ], [ -75.097847988339808, 39.978878425784018 ], [ -75.097513165581546, 39.978507847371034 ], [ -75.093839592445846, 39.974373007927284 ], [ -75.094832651921365, 39.974177643003628 ], [ -75.096671245398298, 39.973803513900251 ], [ -75.097432389763824, 39.973637959438172 ], [ -75.098045115576312, 39.973504683462018 ], [ -75.098443512640159, 39.973418024432725 ], [ -75.099623587157609, 39.973147854333185 ], [ -75.101352377734571, 39.972719140885822 ], [ -75.103079679902095, 39.97225116176471 ], [ -75.106185385421696, 39.971216002459222 ], [ -75.108766939837892, 39.970222892540477 ], [ -75.110256011682864, 39.969645653072241 ], [ -75.111499666318892, 39.96913977010167 ], [ -75.114061839644378, 39.968056814898816 ], [ -75.119931513276512, 39.970645173077529 ], [ -75.121143991191701, 39.971403232752316 ], [ -75.121240327477452, 39.97151408764217 ], [ -75.120261679325878, 39.97241307167242 ], [ -75.119648882699678, 39.972975968664869 ], [ -75.120116913070049, 39.973268250699121 ], [ -75.120271479701913, 39.973349212153082 ], [ -75.120439609950992, 39.97341179687217 ], [ -75.120713248146828, 39.973442087690771 ], [ -75.121302103185783, 39.973413101617311 ], [ -75.121792930617616, 39.973378695737772 ], [ -75.122147082562719, 39.973554187098678 ], [ -75.122622374263656, 39.973773107269729 ], [ -75.122059451215335, 39.974337846341022 ], [ -75.121647674972522, 39.974732997003038 ], [ -75.121075582893909, 39.975296260148191 ], [ -75.120975980961859, 39.975385590359032 ], [ -75.12000099038562, 39.975936963667628 ], [ -75.119794329687039, 39.976394887457232 ], [ -75.118641424765926, 39.978905011863745 ], [ -75.118354565880594, 39.97954198516517 ], [ -75.117727383192886, 39.980930347176596 ], [ -75.117385180983661, 39.98150738567314 ], [ -75.117380855451742, 39.98151230877388 ], [ -75.117713447791871, 39.981893242481249 ], [ -75.118523417219507, 39.982826673998353 ], [ -75.119135870180443, 39.983486000889378 ], [ -75.119190362952182, 39.983550142775734 ], [ -75.119690852960389, 39.984113399154587 ], [ -75.120252061066907, 39.984756703332479 ], [ -75.120906642036871, 39.985481406064366 ], [ -75.121212655555297, 39.985821976362196 ], [ -75.121510749783312, 39.986166889365919 ], [ -75.122341552045086, 39.987031990395863 ], [ -75.12291451967468, 39.987463863042372 ], [ -75.123387985051991, 39.987917440030635 ], [ -75.124375688990511, 39.988823448976191 ], [ -75.125491778204349, 39.989837904704906 ], [ -75.124679416480717, 39.99028006106505 ], [ -75.124432637240574, 39.99041437725905 ], [ -75.123687792106608, 39.990837005313232 ], [ -75.122559837902671, 39.991429045890222 ], [ -75.121552681919482, 39.992001268680447 ], [ -75.120310000219376, 39.992673726539266 ], [ -75.119695257442785, 39.993017654701198 ], [ -75.118273063082015, 39.993804949459957 ], [ -75.118043885966273, 39.993927392157971 ], [ -75.11577971940612, 39.995168632610891 ], [ -75.114888158809237, 39.995651207425119 ], [ -75.114439343206001, 39.995904078825461 ], [ -75.113997808615437, 39.996146751198701 ], [ -75.113356274136166, 39.9965183752958 ], [ -75.113493539161283, 39.996509398474814 ], [ -75.113782904031495, 39.996545668449727 ], [ -75.114203760268296, 39.996600201630038 ], [ -75.11544873273192, 39.996754717356843 ], [ -75.115947285577931, 39.996823352482821 ], [ -75.11641424499777, 39.996882340389526 ], [ -75.116875278959697, 39.996944033202965 ], [ -75.117383762094931, 39.997007889103394 ], [ -75.117284481552048, 39.997495520586632 ], [ -75.11726460987984, 39.997590851431717 ], [ -75.11720552832351, 39.997848242204952 ], [ -75.117137189543726, 39.998204954618338 ], [ -75.117055406560638, 39.998602451874987 ], [ -75.117607794797848, 39.998672192592103 ], [ -75.118142726364312, 39.998740068925791 ], [ -75.118994832600421, 39.998853637104581 ], [ -75.119480640789931, 39.998918464749593 ], [ -75.119958416169581, 39.998976071047544 ], [ -75.120438160822957, 39.999031248928901 ], [ -75.120934067135778, 39.999098456940501 ], [ -75.121414859634569, 39.999160500711042 ], [ -75.121896450617228, 39.999221973258749 ], [ -75.122869834333471, 39.999348225421699 ], [ -75.124001039223003, 39.999494715317994 ], [ -75.125059397636107, 39.999629370055082 ], [ -75.124953048122805, 40.000118295958629 ], [ -75.124825845599801, 40.000737812773018 ], [ -75.124732704277591, 40.001125212840222 ], [ -75.124411893335235, 40.002635747370142 ], [ -75.124163774179195, 40.003830504979312 ], [ -75.123949327292692, 40.004815026363836 ], [ -75.123426893223495, 40.007213386785708 ], [ -75.12271875342671, 40.007135884907768 ], [ -75.119300632446283, 40.006680620977619 ], [ -75.113483548005561, 40.005928514015622 ] ], [ [ -75.108044887885157, 39.990426868907122 ], [ -75.107760150706909, 39.99010542981825 ], [ -75.107370646292964, 39.989670494953103 ], [ -75.107078726691711, 39.9893386682377 ], [ -75.106779093485599, 39.989005980988281 ], [ -75.106356382788434, 39.988549728688049 ], [ -75.106351446112996, 39.988552289988306 ], [ -75.106749055704057, 39.988981448806001 ], [ -75.107048687449549, 39.989314137007312 ], [ -75.107340607968922, 39.989645963826383 ], [ -75.107730110879587, 39.990080898766855 ], [ -75.10801484901846, 39.990402337057112 ], [ -75.108314021050774, 39.990732525123953 ], [ -75.108755445996465, 39.99123892275955 ], [ -75.108761253949837, 39.99123565516102 ], [ -75.108344061377053, 39.990757056022112 ], [ -75.108044887885157, 39.990426868907122 ] ], [ [ -75.111255197488632, 39.990030554565735 ], [ -75.1114748796181, 39.990273008569638 ], [ -75.111480099821208, 39.990270146179185 ], [ -75.111285237361528, 39.990055085568237 ], [ -75.111166647637972, 39.989923170183012 ], [ -75.111161344823543, 39.989926156834336 ], [ -75.111255197488632, 39.990030554565735 ] ] ] } },
{ "type": "Feature", "properties": { "MS_ID": "3424", "MS_Name": "Universal Institute Charter School at Alcorn", "MS_Grade": "K-8" }, "geometry": { "type": "Polygon", "coordinates": [ [ [ -75.195776200448378, 39.942342866783441 ], [ -75.194602717089097, 39.942260124464816 ], [ -75.193867925578317, 39.942276342724597 ], [ -75.19369737903736, 39.942280125631619 ], [ -75.193645603189125, 39.942281245825789 ], [ -75.192531162023769, 39.94259603349542 ], [ -75.19177005947266, 39.943031884652498 ], [ -75.191573410309857, 39.943199036019067 ], [ -75.191360460855947, 39.943075414074606 ], [ -75.191086994952343, 39.942917353898068 ], [ -75.190830728968891, 39.942769592405043 ], [ -75.190539531935968, 39.94260176205637 ], [ -75.19019164382442, 39.942400870942549 ], [ -75.189908083270424, 39.942253728921074 ], [ -75.189624177489989, 39.942106989324515 ], [ -75.189339217417228, 39.941961421099123 ], [ -75.189052296363457, 39.941818191522501 ], [ -75.188759758573326, 39.941681962758672 ], [ -75.188464358917912, 39.941549270641779 ], [ -75.188171933683151, 39.941412786953236 ], [ -75.187879624176588, 39.941276182540733 ], [ -75.187582394664005, 39.941146041204462 ], [ -75.187284094804923, 39.941017307762117 ], [ -75.186990361184414, 39.940882551394274 ], [ -75.186850929415911, 39.940816678423232 ], [ -75.187445545266229, 39.94036545315516 ], [ -75.18655241248787, 39.94023143797336 ], [ -75.186317071913308, 39.940195151554946 ], [ -75.185782138099626, 39.940133191786899 ], [ -75.18534161324159, 39.940082118241101 ], [ -75.184956101127355, 39.94008534101652 ], [ -75.18516814972773, 39.939115485637444 ], [ -75.185234838497536, 39.938824544195796 ], [ -75.185271019414415, 39.938663579602974 ], [ -75.18530335339068, 39.93851578013453 ], [ -75.185391896318137, 39.938058864797604 ], [ -75.185416433763805, 39.937953698860817 ], [ -75.185499936355626, 39.937598274968586 ], [ -75.185727908957318, 39.936480347936552 ], [ -75.185756407865114, 39.936483928728613 ], [ -75.187327602999815, 39.93668022889355 ], [ -75.188885571251916, 39.936888071951493 ], [ -75.188978009780513, 39.936458124820042 ], [ -75.189062659170602, 39.93609681917723 ], [ -75.189148014256673, 39.935672620795231 ], [ -75.189237135178971, 39.935244278921189 ], [ -75.189317617940404, 39.93486751700781 ], [ -75.189416952601704, 39.934430371372947 ], [ -75.189688576363309, 39.933228640370629 ], [ -75.189949361879059, 39.932003488518205 ], [ -75.190127315766034, 39.931220084595033 ], [ -75.190222048709401, 39.930780386809857 ], [ -75.190474744494665, 39.92955977394741 ], [ -75.190535432735217, 39.929266492297394 ], [ -75.190602330306376, 39.928978118248253 ], [ -75.190668593009107, 39.928669416761188 ], [ -75.190744229589583, 39.928328258379871 ], [ -75.1908134879735, 39.928013904988966 ], [ -75.190873039413503, 39.927738121564197 ], [ -75.190931518258296, 39.92746656874472 ], [ -75.191008206927961, 39.927117599451165 ], [ -75.189918187644238, 39.926970750615254 ], [ -75.189460706563835, 39.926984595101054 ], [ -75.189971045222478, 39.926888152143931 ], [ -75.19048556896071, 39.926739731963977 ], [ -75.1910090689817, 39.926557640924521 ], [ -75.19138477873139, 39.926437664191674 ], [ -75.191565335878991, 39.926380006096331 ], [ -75.191978813060388, 39.926247964942831 ], [ -75.192094407776366, 39.926203476633333 ], [ -75.192345617423015, 39.92610679659353 ], [ -75.19248167879266, 39.926054432773917 ], [ -75.192615841795572, 39.926042255573876 ], [ -75.192832669189926, 39.926071733611955 ], [ -75.19296708973323, 39.925033668553681 ], [ -75.192690988033831, 39.924740555590816 ], [ -75.192504470350613, 39.924545030640189 ], [ -75.192343222562471, 39.924378312011676 ], [ -75.19199250935138, 39.924015696994509 ], [ -75.191611658538861, 39.923617751117284 ], [ -75.191396139363178, 39.923383363576093 ], [ -75.191185788187468, 39.923305688022566 ], [ -75.191101636481548, 39.923295418125065 ], [ -75.190266029043158, 39.923193436905137 ], [ -75.188662292938943, 39.922997692095187 ], [ -75.188875181161293, 39.922077642304501 ], [ -75.188900444183616, 39.921970687330258 ], [ -75.189652386816221, 39.921806363682663 ], [ -75.190060582890808, 39.921717130711897 ], [ -75.190158601171589, 39.921702151168219 ], [ -75.190341960454703, 39.9216743775998 ], [ -75.190472472641858, 39.921654239566827 ], [ -75.190601465380666, 39.921628021702453 ], [ -75.190816344173939, 39.921584347136779 ], [ -75.191067943475105, 39.921533210498581 ], [ -75.191222154026448, 39.921500199794416 ], [ -75.191819916357758, 39.921388914670977 ], [ -75.192494737672277, 39.921267072634883 ], [ -75.193864481103802, 39.921130191596099 ], [ -75.19448533530732, 39.921085070263416 ], [ -75.195046513306224, 39.921012687583307 ], [ -75.200062380518332, 39.920137182962577 ], [ -75.201791324429493, 39.91981930807259 ], [ -75.2019945286075, 39.919781946952625 ], [ -75.202039540570269, 39.919939811356116 ], [ -75.202621675466872, 39.920589535899126 ], [ -75.20375348198337, 39.921039201492874 ], [ -75.205240901149054, 39.921072222050768 ], [ -75.206478643116213, 39.920901574082329 ], [ -75.207711093453938, 39.920872302717093 ], [ -75.208883167744574, 39.920983189008744 ], [ -75.20994136801059, 39.921190596095798 ], [ -75.21111670313401, 39.92195247005715 ], [ -75.211954448365773, 39.922650256788621 ], [ -75.212367731396569, 39.923395248822949 ], [ -75.212558014111224, 39.924206055908705 ], [ -75.212403490263085, 39.92539130720084 ], [ -75.212147221216867, 39.926347893775542 ], [ -75.211576304820056, 39.927608832401503 ], [ -75.211160537468075, 39.928406227444746 ], [ -75.210743554247017, 39.929267201457144 ], [ -75.210523192685443, 39.929722293704245 ], [ -75.209691197520428, 39.930835934591173 ], [ -75.207572912607361, 39.933166337097894 ], [ -75.206425414322723, 39.934357865804543 ], [ -75.205848477311449, 39.935038461585528 ], [ -75.205597131106998, 39.935484474274901 ], [ -75.205375906404669, 39.935877028775181 ], [ -75.205166128105802, 39.937061048418521 ], [ -75.205161751335893, 39.938405283949479 ], [ -75.205162132091957, 39.938603951228103 ], [ -75.205165335117769, 39.940273277762515 ], [ -75.205159163673983, 39.94065801560933 ], [ -75.205151124104532, 39.941109705274748 ], [ -75.205033088832508, 39.941841089418553 ], [ -75.20454685757062, 39.942551994291307 ], [ -75.203843894892458, 39.94315903180339 ], [ -75.203054507415644, 39.943622628121219 ], [ -75.201809901472402, 39.943962903004568 ], [ -75.201614424977848, 39.943969597474407 ], [ -75.200806782898908, 39.943997229054901 ], [ -75.200427525553081, 39.943944167373822 ], [ -75.199965124130799, 39.943879462067173 ], [ -75.199093134229798, 39.943605358300026 ], [ -75.197951634815979, 39.943169607215729 ], [ -75.19692197216321, 39.942679697486149 ], [ -75.195776200448378, 39.942342866783441 ] ] ] } },
{ "type": "Feature", "properties": { "MS_ID": "3426", "MS_Name": "Mastery Charter School at Pastorius", "MS_Grade": "K-8" }, "geometry": { "type": "Polygon", "coordinates": [ [ [ -75.157558040034758, 40.05503537344854 ], [ -75.157176177920093, 40.054836323074881 ], [ -75.15695130749144, 40.05473349141711 ], [ -75.156487685898952, 40.054521088248045 ], [ -75.15555586975394, 40.054075078255536 ], [ -75.155215928465907, 40.05392363046758 ], [ -75.155272796838759, 40.053114155064748 ], [ -75.155355913376113, 40.051849947890183 ], [ -75.155448041241812, 40.050509287563607 ], [ -75.155504189781709, 40.049572731858632 ], [ -75.15554903914898, 40.048936075339846 ], [ -75.155647293337566, 40.04737197878589 ], [ -75.155749947302411, 40.045818589145384 ], [ -75.155770691816102, 40.045328876294377 ], [ -75.155794244510076, 40.04513056846227 ], [ -75.155866891622821, 40.043721315859855 ], [ -75.156711702621422, 40.043744065758325 ], [ -75.157100543909579, 40.04375024955349 ], [ -75.157494342169272, 40.043763940339879 ], [ -75.158262737244229, 40.043783260233887 ], [ -75.158286507507952, 40.043342777651063 ], [ -75.158307958078439, 40.042862286312044 ], [ -75.158318479433788, 40.042409562733759 ], [ -75.158342073286732, 40.042022817189121 ], [ -75.1583591552955, 40.041488147437796 ], [ -75.158404566191791, 40.040737478582798 ], [ -75.158452410392471, 40.038540299261065 ], [ -75.160870977909553, 40.039344789566556 ], [ -75.163690022241411, 40.041001945650038 ], [ -75.165078230004355, 40.041859595344548 ], [ -75.165819440242146, 40.042310652116363 ], [ -75.166112718824195, 40.042492771444387 ], [ -75.167092653790547, 40.04309643913794 ], [ -75.167207981337981, 40.043150364784132 ], [ -75.166085921358373, 40.044244464345731 ], [ -75.164831882293512, 40.045469253399013 ], [ -75.165568408611279, 40.045923622088999 ], [ -75.166038285298228, 40.046219158406672 ], [ -75.166847014656156, 40.046724798302087 ], [ -75.167702759262113, 40.047246253974897 ], [ -75.167238653202972, 40.047686071425815 ], [ -75.166054737444057, 40.048834551374163 ], [ -75.165257122999222, 40.049597321852417 ], [ -75.165202153299958, 40.049652006390971 ], [ -75.164529072368694, 40.050307646064056 ], [ -75.163374568025759, 40.051419298090025 ], [ -75.161899383053424, 40.05284319234768 ], [ -75.161387592823473, 40.053342933770466 ], [ -75.161168940233736, 40.053554834901568 ], [ -75.160919293004326, 40.053792506233698 ], [ -75.16044128197008, 40.054257135617746 ], [ -75.158890483631453, 40.055769491834255 ], [ -75.158306891453037, 40.055438266005389 ], [ -75.157870792172588, 40.055199948295282 ], [ -75.15774917146787, 40.055154087063563 ], [ -75.157726129478391, 40.055142665785816 ], [ -75.157558040034758, 40.05503537344854 ] ] ] } },
{ "type": "Feature", "properties": { "MS_ID": "3428", "MS_Name": "Global Leadership Academy Charter School at Huey", "MS_Grade": "K-8" }, "geometry": { "type": "Polygon", "coordinates": [ [ [ -75.230248055945225, 39.960657318968089 ], [ -75.229785702047266, 39.960600373984363 ], [ -75.229263434367525, 39.96053660207577 ], [ -75.228646456659547, 39.960464835881091 ], [ -75.227976176654465, 39.960378542769718 ], [ -75.227444050101724, 39.960312277073548 ], [ -75.226851170944585, 39.960240004755285 ], [ -75.226209478808698, 39.960160334180387 ], [ -75.224868065705309, 39.960006758007886 ], [ -75.224772589225054, 39.959976294057341 ], [ -75.224213221277182, 39.95990071720955 ], [ -75.223884337800172, 39.959863163093011 ], [ -75.222901066083622, 39.959746376214461 ], [ -75.222396840047693, 39.959681565509307 ], [ -75.221909495659034, 39.959627117542659 ], [ -75.220920916733405, 39.95950637095752 ], [ -75.221086697731863, 39.958732966663597 ], [ -75.221245210583049, 39.957985122820261 ], [ -75.22139876232923, 39.957228293732662 ], [ -75.221493881686911, 39.956831736809185 ], [ -75.221560224861051, 39.956462883842832 ], [ -75.221687392617739, 39.955855362306693 ], [ -75.221798292514606, 39.955320872144078 ], [ -75.221923586742435, 39.954724257174909 ], [ -75.222037670166785, 39.9541745245253 ], [ -75.222057584994786, 39.95410396374313 ], [ -75.222192839669006, 39.953414996710308 ], [ -75.222280042023257, 39.953041001577226 ], [ -75.222435916610223, 39.952281857575507 ], [ -75.222589969082804, 39.951520619003304 ], [ -75.220616931304818, 39.951276551263554 ], [ -75.220776468190081, 39.950514077833517 ], [ -75.220936882389665, 39.949727402021786 ], [ -75.222915095785822, 39.949976453655864 ], [ -75.224893124080111, 39.950215311637955 ], [ -75.226869572404297, 39.950461812102006 ], [ -75.228846826142743, 39.95070699306487 ], [ -75.230636301392508, 39.95092370508727 ], [ -75.230324509581024, 39.952476560683351 ], [ -75.230206774443786, 39.952996339190797 ], [ -75.230112924265356, 39.953457803578509 ], [ -75.229999643590077, 39.953997479183201 ], [ -75.231252738426377, 39.954144724895158 ], [ -75.232153184875642, 39.954263206249884 ], [ -75.232045847235597, 39.954781857684175 ], [ -75.231937852468164, 39.955320059755401 ], [ -75.231911320697108, 39.95541321793619 ], [ -75.231801250626475, 39.95594961381817 ], [ -75.231674981962925, 39.956545242330847 ], [ -75.231557394622712, 39.957103005941647 ], [ -75.231439234017898, 39.957689984298746 ], [ -75.231278386919087, 39.958449941136628 ], [ -75.231114214152953, 39.959211330362891 ], [ -75.230961744571829, 39.959955393438008 ], [ -75.230802974261593, 39.960723310653556 ], [ -75.230248055945225, 39.960657318968089 ] ] ] } },
{ "type": "Feature", "properties": { "MS_ID": "4220", "MS_Name": "Blaine, James G", "MS_Grade": "K-8" }, "geometry": { "type": "Polygon", "coordinates": [ [ [ -75.185599421751093, 39.991700477966816 ], [ -75.185460530334282, 39.991385957345969 ], [ -75.185147059478226, 39.990892406450172 ], [ -75.184927720406591, 39.99059520320089 ], [ -75.184405017095685, 39.989930842315822 ], [ -75.183700393136661, 39.989261526616907 ], [ -75.183601329132074, 39.989160865516276 ], [ -75.183123963834333, 39.988731425792224 ], [ -75.182720228580322, 39.988331976671276 ], [ -75.182394365387552, 39.988043408324842 ], [ -75.180804988500043, 39.98679189595903 ], [ -75.180258756640583, 39.986346578550169 ], [ -75.179523110808617, 39.985789123900908 ], [ -75.179792281791563, 39.985610205196963 ], [ -75.180050259875088, 39.985437282869832 ], [ -75.180307568135376, 39.985263763842489 ], [ -75.180564376496477, 39.985089800590181 ], [ -75.180820856223548, 39.984915541111981 ], [ -75.181077173662771, 39.984741139602214 ], [ -75.181307071729776, 39.98458472238066 ], [ -75.181589994903106, 39.984392505808579 ], [ -75.181846542848277, 39.984218314156237 ], [ -75.182102659997511, 39.984043740203028 ], [ -75.182358464213138, 39.983868888402846 ], [ -75.182614086993098, 39.983693874325631 ], [ -75.182869665448678, 39.983518819972893 ], [ -75.182929858480406, 39.983477625177066 ], [ -75.183125329738147, 39.983343845387225 ], [ -75.18338122162055, 39.983169073572668 ], [ -75.183637469050581, 39.982994620916031 ], [ -75.183894211481984, 39.982820609466415 ], [ -75.184151580278936, 39.9826471583875 ], [ -75.184409714895651, 39.982474389725873 ], [ -75.184668745493681, 39.982302423517027 ], [ -75.18487731999933, 39.982165003582075 ], [ -75.184928617908653, 39.982131205384597 ], [ -75.185188843573656, 39.981960305435045 ], [ -75.185449369356945, 39.981789672923036 ], [ -75.185710170262567, 39.981619287465904 ], [ -75.185971226007979, 39.981449127885313 ], [ -75.186232507017479, 39.981279170993581 ], [ -75.186493990668268, 39.981109395560715 ], [ -75.186722795278413, 39.980961081515794 ], [ -75.18701747299545, 39.980770305900201 ], [ -75.187279421812988, 39.98060094730856 ], [ -75.187541476929638, 39.980431685126739 ], [ -75.18780361458623, 39.980262497199504 ], [ -75.188065810989286, 39.980093362271923 ], [ -75.188328042447111, 39.979924256388351 ], [ -75.188590283894214, 39.979755160969134 ], [ -75.188852511571014, 39.979586053859641 ], [ -75.189079771505732, 39.979439447020397 ], [ -75.189376825791882, 39.979247718549367 ], [ -75.189638865952062, 39.979078446966966 ], [ -75.189900793791836, 39.978909075000196 ], [ -75.190309039691016, 39.978644665293459 ], [ -75.190570593679311, 39.978474960971262 ], [ -75.19083233340443, 39.978305420602588 ], [ -75.191094199882599, 39.978135993315746 ], [ -75.191356137471004, 39.977966632818749 ], [ -75.191618089695098, 39.97779728379178 ], [ -75.19174566272099, 39.977714779863135 ], [ -75.191879998605003, 39.977627898991315 ], [ -75.192141809896938, 39.977458427652095 ], [ -75.192403469368585, 39.977288816308288 ], [ -75.192664914388544, 39.97711901761388 ], [ -75.19292609306035, 39.976948979056552 ], [ -75.193123532379715, 39.976820057225694 ], [ -75.193186946330925, 39.976778651568935 ], [ -75.193447421099137, 39.976607983514036 ], [ -75.193707466366959, 39.976436929608965 ], [ -75.19395195788799, 39.976275795675406 ], [ -75.194221404312501, 39.97659589599261 ], [ -75.195009834501079, 39.977151186834938 ], [ -75.196163187659565, 39.977785348662941 ], [ -75.19768041890876, 39.978526648404461 ], [ -75.199689664935661, 39.979392068202877 ], [ -75.201492545703644, 39.980366076762472 ], [ -75.20322001689847, 39.981635550621142 ], [ -75.204020428083865, 39.982856133574828 ], [ -75.204291184959047, 39.983484776375612 ], [ -75.204393350416396, 39.984194585211235 ], [ -75.204229705682366, 39.985124911339369 ], [ -75.203879685299057, 39.985634231063351 ], [ -75.203607072174322, 39.986030905550386 ], [ -75.202680070346645, 39.986958443352229 ], [ -75.200811858376426, 39.988699974038049 ], [ -75.199665430845215, 39.989834877795261 ], [ -75.197560187269161, 39.991697544517066 ], [ -75.196736443140892, 39.992628239307116 ], [ -75.194933748877546, 39.9940881069925 ], [ -75.186149354419982, 39.992663518096165 ], [ -75.185810157871785, 39.992076620483573 ], [ -75.185599421751093, 39.991700477966816 ] ] ] } },
{ "type": "Feature", "properties": { "MS_ID": "4240", "MS_Name": "Cassidy, Lewis C", "MS_Grade": "K-8" }, "geometry": { "type": "Polygon", "coordinates": [ [ [ -75.246091182026262, 39.978301577196724 ], [ -75.245541286389241, 39.97533147813126 ], [ -75.245248238777492, 39.97377965868526 ], [ -75.244951117302747, 39.972186470248452 ], [ -75.244885639289606, 39.971855249816322 ], [ -75.244863564164021, 39.971775639167802 ], [ -75.24515909619268, 39.970360891199675 ], [ -75.245473913840002, 39.968837805800128 ], [ -75.245791945060702, 39.967319375064491 ], [ -75.246109004593634, 39.965798297001115 ], [ -75.247169157938572, 39.965928701046096 ], [ -75.247464351418003, 39.96448137930475 ], [ -75.247447374594458, 39.964391926196711 ], [ -75.247565059595331, 39.963639605442836 ], [ -75.247685223805036, 39.963778601166823 ], [ -75.247779378237496, 39.963877058844524 ], [ -75.247903893716057, 39.963980879008261 ], [ -75.248057760306096, 39.964075934514739 ], [ -75.248615886187324, 39.964353800501904 ], [ -75.24896818715834, 39.964495505592424 ], [ -75.249465545905764, 39.964722662977977 ], [ -75.249881160268046, 39.96492922878943 ], [ -75.250022861474548, 39.965022842479499 ], [ -75.250178377120989, 39.965073257136268 ], [ -75.250314463668417, 39.96507034213009 ], [ -75.250447742881533, 39.965019166414919 ], [ -75.250606139154357, 39.964949726808719 ], [ -75.250758431274576, 39.964880154930356 ], [ -75.250914261798727, 39.96483887444105 ], [ -75.251075913768318, 39.964847097507672 ], [ -75.251201817495911, 39.964913325127938 ], [ -75.251284025605116, 39.96500446395644 ], [ -75.251342584641122, 39.965073927059564 ], [ -75.25133917134184, 39.9651667295105 ], [ -75.251369691789563, 39.965250863692134 ], [ -75.251463363688714, 39.965321091363251 ], [ -75.251604132294787, 39.965357075214506 ], [ -75.251708377570452, 39.965347588048992 ], [ -75.251812878460981, 39.965331053403958 ], [ -75.251923317384851, 39.965319350214507 ], [ -75.252094905605205, 39.965306626594767 ], [ -75.252335713785413, 39.965281302739314 ], [ -75.252636230641187, 39.965252573928908 ], [ -75.25284428756359, 39.965245345221284 ], [ -75.252972957149694, 39.965236389380188 ], [ -75.253077631423835, 39.965215155101575 ], [ -75.253222345288322, 39.965185384786416 ], [ -75.253315530605363, 39.965227385824882 ], [ -75.253408971614903, 39.965262336698494 ], [ -75.253583241692681, 39.96530139863625 ], [ -75.25371358490942, 39.965330097397491 ], [ -75.25393745710241, 39.965391399475536 ], [ -75.254094356440348, 39.965404217128018 ], [ -75.254223570819221, 39.965338840961223 ], [ -75.25432028042124, 39.965243366472073 ], [ -75.254381038578117, 39.965128298193306 ], [ -75.254457336730525, 39.965047662220073 ], [ -75.254544901184033, 39.964993135934378 ], [ -75.254632894634156, 39.964926862805918 ], [ -75.254739553930037, 39.964851588320144 ], [ -75.254938328513219, 39.964764211005004 ], [ -75.255113599759682, 39.9646927815674 ], [ -75.255267731322121, 39.964656161454634 ], [ -75.255409216827672, 39.964631021397622 ], [ -75.255544939945963, 39.964596352268217 ], [ -75.255687288979431, 39.964547718436521 ], [ -75.255832759193083, 39.964455653432516 ], [ -75.255892305280057, 39.964373478410238 ], [ -75.255967826942012, 39.964313984335753 ], [ -75.256083472070785, 39.964243609842342 ], [ -75.256193611143047, 39.964156654495994 ], [ -75.256281948107215, 39.964080980401484 ], [ -75.256383617989201, 39.963975031768058 ], [ -75.256587018968276, 39.963803105246839 ], [ -75.256687829273943, 39.963720648984776 ], [ -75.256782374049351, 39.963683907807244 ], [ -75.256941358365225, 39.963681483477295 ], [ -75.257127579877746, 39.963727853606514 ], [ -75.257294342320492, 39.963763218559968 ], [ -75.257453498019942, 39.963756094981015 ], [ -75.257543938428739, 39.963706332131601 ], [ -75.257668266553068, 39.963649074807833 ], [ -75.257824392881219, 39.963599561884415 ], [ -75.257934974634821, 39.963625477768396 ], [ -75.258004471507206, 39.963709281697227 ], [ -75.258013632459608, 39.963855259688863 ], [ -75.258014652712717, 39.963994008833296 ], [ -75.257977597055529, 39.964129578514992 ], [ -75.257944945835547, 39.964269946108949 ], [ -75.257992498419924, 39.964389719285876 ], [ -75.258090006384734, 39.964438863229638 ], [ -75.258231595350153, 39.964452518529704 ], [ -75.258373700175653, 39.964452078082694 ], [ -75.258490711351811, 39.96451105062193 ], [ -75.258547854505892, 39.964619274805109 ], [ -75.258615299097926, 39.964738302942806 ], [ -75.258695793743158, 39.964876426123446 ], [ -75.258713894262755, 39.964966167431669 ], [ -75.258716552949451, 39.965060277512059 ], [ -75.258712971359884, 39.965241248813079 ], [ -75.258705827562594, 39.965352779293816 ], [ -75.258738977756821, 39.965448725408393 ], [ -75.258782813522458, 39.965544906219506 ], [ -75.258865161807961, 39.965632515053493 ], [ -75.25897505812361, 39.965677223998952 ], [ -75.259078354042757, 39.965693575105171 ], [ -75.259215666802888, 39.965698905770537 ], [ -75.259334831896879, 39.965699142785887 ], [ -75.259412797504638, 39.965739630807846 ], [ -75.259428404163657, 39.965814035285561 ], [ -75.259439751271472, 39.96592126579727 ], [ -75.25955254833211, 39.96601188660744 ], [ -75.25964922071914, 39.966042201089174 ], [ -75.259779137290877, 39.966082640604917 ], [ -75.259909311131281, 39.966116033521985 ], [ -75.260065244080806, 39.966197008731399 ], [ -75.260310497418146, 39.966258762171016 ], [ -75.26049102702585, 39.966314903183005 ], [ -75.260548651777796, 39.966380236186879 ], [ -75.260647009841421, 39.966508306591592 ], [ -75.260704675868169, 39.966588850877478 ], [ -75.260767802667175, 39.966685838592184 ], [ -75.260833018409883, 39.966808525402634 ], [ -75.260855152104583, 39.96694893432813 ], [ -75.26086913872156, 39.96706351269308 ], [ -75.260889610656591, 39.967166572062574 ], [ -75.260959393186852, 39.967247378143092 ], [ -75.261023926761993, 39.967388707674147 ], [ -75.26105280133892, 39.967510605120488 ], [ -75.26110458216408, 39.967586358004397 ], [ -75.261131453426898, 39.967680226401448 ], [ -75.261089987181848, 39.967819255709642 ], [ -75.261012862391269, 39.967938854768178 ], [ -75.260928141950046, 39.968100267819842 ], [ -75.260935816643226, 39.968221705411885 ], [ -75.2609438328397, 39.968333823388328 ], [ -75.260930478239345, 39.96845014129412 ], [ -75.260844778184762, 39.968555561005545 ], [ -75.260724994484448, 39.968681230656209 ], [ -75.260739153194663, 39.96879114834983 ], [ -75.260766706363924, 39.968866374875155 ], [ -75.260720804871923, 39.968960997295937 ], [ -75.260590102163818, 39.969053779961833 ], [ -75.260478851103187, 39.969112002768682 ], [ -75.260373105897017, 39.969102711397504 ], [ -75.260292613951435, 39.969065983192657 ], [ -75.26016937995206, 39.969037655412642 ], [ -75.260064185980767, 39.969096008354924 ], [ -75.260025916777622, 39.969230443201695 ], [ -75.260021389724884, 39.969353948762908 ], [ -75.260029746252215, 39.969456744487253 ], [ -75.260057384307089, 39.969529641278598 ], [ -75.260049191485408, 39.969587767310834 ], [ -75.259999662449985, 39.969698635753126 ], [ -75.259978789162204, 39.970020019206117 ], [ -75.260004462782618, 39.970146512776964 ], [ -75.260063406516124, 39.970357685014832 ], [ -75.260063142030063, 39.970530258954817 ], [ -75.260041724814826, 39.970618415361542 ], [ -75.259971334710443, 39.970719503206261 ], [ -75.25985351032962, 39.970791575173145 ], [ -75.259718539395664, 39.970835288427992 ], [ -75.259530247578766, 39.97084519518252 ], [ -75.259396814216416, 39.970846963512884 ], [ -75.25926977900626, 39.970839541738641 ], [ -75.259100001553946, 39.970840520831985 ], [ -75.25899617112853, 39.97086158805643 ], [ -75.258842684980138, 39.970914228089775 ], [ -75.258376889148295, 39.971134997549719 ], [ -75.258086682017122, 39.971196328383421 ], [ -75.257915535801814, 39.971234590448375 ], [ -75.257761022059213, 39.971315191450493 ], [ -75.257557193307989, 39.97141804408632 ], [ -75.257431939430958, 39.971527266707049 ], [ -75.257408637281543, 39.971666689441079 ], [ -75.257358026133005, 39.971889476660657 ], [ -75.257305632651509, 39.971995617425534 ], [ -75.257306559502695, 39.972135567365001 ], [ -75.257292292554993, 39.9723591440547 ], [ -75.257256702252803, 39.97250296425085 ], [ -75.257195513885932, 39.972683542796318 ], [ -75.257186378703182, 39.972767302052333 ], [ -75.257180734538963, 39.97292110069808 ], [ -75.257133712373189, 39.973046015757006 ], [ -75.257067834968211, 39.973189177948669 ], [ -75.257049022600924, 39.973371387903001 ], [ -75.257046088763346, 39.973451327435278 ], [ -75.257029354902343, 39.973576900458546 ], [ -75.256969020217568, 39.973734176272636 ], [ -75.256947255860126, 39.973831653495687 ], [ -75.25695395864642, 39.974061971933224 ], [ -75.256954361678936, 39.974133566924522 ], [ -75.256952259531019, 39.974273450166905 ], [ -75.256913810191662, 39.974412544657191 ], [ -75.256932466431024, 39.974730122229637 ], [ -75.256912824024724, 39.974934925343959 ], [ -75.256858204849564, 39.975101653229551 ], [ -75.256823125371952, 39.975231492078386 ], [ -75.256811935419535, 39.975371177879111 ], [ -75.256879155544112, 39.975521896029129 ], [ -75.256993710990045, 39.975869543476456 ], [ -75.257103921268381, 39.976170453123508 ], [ -75.257146055458023, 39.976343948216915 ], [ -75.257261055158381, 39.976514360760035 ], [ -75.257293297357478, 39.976627004401642 ], [ -75.257282964495673, 39.976743387662985 ], [ -75.257213419182392, 39.976821170293363 ], [ -75.257210169327507, 39.976909721810316 ], [ -75.257278759009296, 39.977023154987144 ], [ -75.257348376328949, 39.977108623941561 ], [ -75.25740485139336, 39.977221793893882 ], [ -75.257406462665685, 39.977343101006589 ], [ -75.257409613238408, 39.977422462709022 ], [ -75.257478887898387, 39.977517252960055 ], [ -75.257649438671166, 39.977660886880273 ], [ -75.257699475404422, 39.977729351261154 ], [ -75.255923869999449, 39.978123017855417 ], [ -75.255458113457365, 39.978298594773371 ], [ -75.255024315473122, 39.978469700187468 ], [ -75.254819361351835, 39.978550010118632 ], [ -75.254471779098012, 39.978704422230194 ], [ -75.254253597655463, 39.978836494588592 ], [ -75.253930353356623, 39.979068205885 ], [ -75.253717004797167, 39.979278939637375 ], [ -75.25349726651325, 39.979534654664619 ], [ -75.253291513341665, 39.979878224493561 ], [ -75.253105595088584, 39.980181698136846 ], [ -75.252858668596232, 39.980491462826926 ], [ -75.252544651768403, 39.980771090371519 ], [ -75.25221053651191, 39.98101353192132 ], [ -75.251775292297026, 39.981245665910492 ], [ -75.251442749206589, 39.981409541706718 ], [ -75.251064657489735, 39.98160212773648 ], [ -75.250196349617823, 39.980581887017948 ], [ -75.249998181616306, 39.980343700298889 ], [ -75.249726803783815, 39.980032864357263 ], [ -75.249457364516687, 39.979711335555486 ], [ -75.249227094334529, 39.979450680883666 ], [ -75.248944677223221, 39.979107813621795 ], [ -75.248778747608029, 39.9789212908167 ], [ -75.24869932269641, 39.97881568180884 ], [ -75.248628270572183, 39.97870892987897 ], [ -75.248534557208004, 39.978538916430459 ], [ -75.24842942758778, 39.978296601807756 ], [ -75.248371855427933, 39.978120301429215 ], [ -75.248335481948686, 39.977970089109512 ], [ -75.247955343913091, 39.97808789189714 ], [ -75.247410558729214, 39.978153364887895 ], [ -75.246091182026262, 39.978301577196724 ] ] ] } },
{ "type": "Feature", "properties": { "MS_ID": "4270", "MS_Name": "Dick, William", "MS_Grade": "K-8" }, "geometry": { "type": "Polygon", "coordinates": [ [ [ -75.166098831869363, 39.985967163689345 ], [ -75.166753896677392, 39.986056963183316 ], [ -75.167319225552646, 39.986122598104323 ], [ -75.16797603611775, 39.986203987335514 ], [ -75.168779509533763, 39.986307275443664 ], [ -75.169575620908688, 39.98640739287832 ], [ -75.170396971996311, 39.986512961824289 ], [ -75.171177304713027, 39.986607635295123 ], [ -75.171292041646637, 39.986076504384798 ], [ -75.171394435408658, 39.985605109859279 ], [ -75.171511958054538, 39.985091958023368 ], [ -75.171848953330766, 39.983600122997636 ], [ -75.172424369210631, 39.983665910172043 ], [ -75.172640012359849, 39.983706247609604 ], [ -75.172888894159357, 39.983735751197209 ], [ -75.173443188352195, 39.983800912964071 ], [ -75.173993297214579, 39.983876423527335 ], [ -75.17446476462969, 39.983937188466911 ], [ -75.175027115445289, 39.984015354628639 ], [ -75.174795840659201, 39.985068104278497 ], [ -75.174694324263683, 39.985507649479274 ], [ -75.175271358930885, 39.985598296477903 ], [ -75.175217451445448, 39.985853437673278 ], [ -75.175609382233816, 39.98627515162319 ], [ -75.176089540528679, 39.98680021919035 ], [ -75.175411024705284, 39.987157035800735 ], [ -75.176782679438901, 39.987338918507284 ], [ -75.176495423466761, 39.987487599683782 ], [ -75.176211368881525, 39.987634389555645 ], [ -75.175927172371033, 39.987781027802576 ], [ -75.175642844162809, 39.987927522762121 ], [ -75.175358390040884, 39.988073876365 ], [ -75.175073819061936, 39.988220096922447 ], [ -75.174789132192686, 39.98836618986148 ], [ -75.174504339693641, 39.988512162619486 ], [ -75.174311697278085, 39.988610003672555 ], [ -75.174219448519878, 39.988658017153782 ], [ -75.173977539184776, 39.988794422692131 ], [ -75.173649393294383, 39.98894940991039 ], [ -75.173364242981194, 39.989094956548819 ], [ -75.173079019958436, 39.989240410772055 ], [ -75.172793767752964, 39.989385829419646 ], [ -75.172508811645912, 39.989531654084281 ], [ -75.172292968231304, 39.989642597782343 ], [ -75.172224196125512, 39.989677947036114 ], [ -75.171939883479496, 39.989824652468918 ], [ -75.171745440332984, 39.989925325866061 ], [ -75.171655458202309, 39.98997169978243 ], [ -75.171372004921082, 39.990119090817856 ], [ -75.17108835770135, 39.990266712888307 ], [ -75.170804904477876, 39.990414529659027 ], [ -75.170521592744933, 39.990562504812033 ], [ -75.170238106129474, 39.990710548344374 ], [ -75.169954588512937, 39.990858634656668 ], [ -75.169671442805566, 39.991006703428177 ], [ -75.169387237282763, 39.991155100897878 ], [ -75.169104537226204, 39.99130256565563 ], [ -75.168820753507205, 39.991450246846625 ], [ -75.168537400867024, 39.991597710002814 ], [ -75.168438987292944, 39.991648515872207 ], [ -75.168253030462964, 39.991744857665786 ], [ -75.167968726433187, 39.99189167457132 ], [ -75.16768419613058, 39.992038093768087 ], [ -75.167399173552312, 39.992184056109309 ], [ -75.167113679687631, 39.992329502596753 ], [ -75.166827906381144, 39.992474409612804 ], [ -75.16654188477618, 39.992618697665847 ], [ -75.166255234757472, 39.992762320355126 ], [ -75.165967916968725, 39.992905203807545 ], [ -75.165680078987151, 39.99304731800315 ], [ -75.165391617741392, 39.993188601150074 ], [ -75.165102627381771, 39.993329011213909 ], [ -75.164812682311123, 39.993468465623003 ], [ -75.164522096826246, 39.993606924596641 ], [ -75.164230743798313, 39.99374434291817 ], [ -75.163938567079228, 39.993880657146534 ], [ -75.163750194637231, 39.993967407460161 ], [ -75.163208755544204, 39.993324243819174 ], [ -75.162850181309039, 39.993481241024035 ], [ -75.162941799049278, 39.993044584418065 ], [ -75.163183884196584, 39.991891659821341 ], [ -75.163501808997822, 39.990402590136924 ], [ -75.163842617076696, 39.988907785078524 ], [ -75.164185086305025, 39.987312077754218 ], [ -75.164977218866227, 39.987422261124223 ], [ -75.165763440449226, 39.987515001890294 ], [ -75.166098831869363, 39.985967163689345 ] ] ] } },
{ "type": "Feature", "properties": { "MS_ID": "4280", "MS_Name": "Gompers, Samuel", "MS_Grade": "K-8" }, "geometry": { "type": "Polygon", "coordinates": [ [ [ -75.227380749868388, 40.000540461402139 ], [ -75.227138265599663, 40.000172614115769 ], [ -75.226983807318248, 39.999937647245261 ], [ -75.226833666591659, 39.999701182978654 ], [ -75.226691874307988, 39.999461621468299 ], [ -75.226563818899294, 39.999217273796397 ], [ -75.22645164543718, 39.998968734972578 ], [ -75.22634869197249, 39.998717628147411 ], [ -75.226252540807849, 39.998464825518425 ], [ -75.226162425421663, 39.998210933741206 ], [ -75.226086083674161, 39.997954372323939 ], [ -75.226015044263562, 39.997696750723328 ], [ -75.225940311303177, 39.997439864153748 ], [ -75.225866923751596, 39.997182757528464 ], [ -75.225795556393251, 39.996925115022684 ], [ -75.225727523770331, 39.996666869140945 ], [ -75.225684724913904, 39.996406298527113 ], [ -75.225669230682712, 39.996143119891642 ], [ -75.225664932010815, 39.995879695505955 ], [ -75.225665808291907, 39.995616507455004 ], [ -75.225670102321274, 39.995353271125119 ], [ -75.225674559618469, 39.995090022165769 ], [ -75.225676423712187, 39.994826793662824 ], [ -75.225677395046404, 39.994563568049735 ], [ -75.225678059540058, 39.994300340191529 ], [ -75.225678366799372, 39.994037110781932 ], [ -75.225678280343473, 39.993773884424478 ], [ -75.225677753458442, 39.99351065738886 ], [ -75.225676422871445, 39.993247433398899 ], [ -75.225673756702619, 39.992984214272319 ], [ -75.225670596222074, 39.992720995083978 ], [ -75.225667862177048, 39.992457775359874 ], [ -75.225666388687614, 39.992194552721166 ], [ -75.225665097296883, 39.991931316064594 ], [ -75.225663786219542, 39.99166807356648 ], [ -75.225663257137001, 39.991470042606707 ], [ -75.226573055872819, 39.991517203670206 ], [ -75.2280883871952, 39.991602844416676 ], [ -75.229798026271581, 39.991683454862162 ], [ -75.231061164743892, 39.991765428833141 ], [ -75.232314891386736, 39.991816057524254 ], [ -75.233673989577852, 39.991883566031071 ], [ -75.233597499869049, 39.991205352958723 ], [ -75.233528571827051, 39.990654557564824 ], [ -75.233386102497434, 39.990219535799035 ], [ -75.233242623390851, 39.989800273494986 ], [ -75.235645648787624, 39.989309500824461 ], [ -75.237655500279871, 39.988905237968261 ], [ -75.237563149096545, 39.988463737913712 ], [ -75.237489434463029, 39.987997585476585 ], [ -75.237393131909045, 39.987572434651227 ], [ -75.237328593885181, 39.987203324452629 ], [ -75.237250852415357, 39.986807338612621 ], [ -75.237176486230169, 39.986440543108792 ], [ -75.237108763380547, 39.986011255893459 ], [ -75.237030918987671, 39.985620243767016 ], [ -75.237023101004397, 39.985406568571094 ], [ -75.237062811450173, 39.985185697132245 ], [ -75.237241583887609, 39.984841310424329 ], [ -75.238048647579973, 39.983543684060528 ], [ -75.23861339410108, 39.982603149821351 ], [ -75.238729792663491, 39.982646846109809 ], [ -75.239038536077857, 39.982760288035614 ], [ -75.239348237754413, 39.982872230996186 ], [ -75.239658586969767, 39.982983159228972 ], [ -75.239969271803588, 39.983093557849344 ], [ -75.240279984824198, 39.983203917480253 ], [ -75.240590411884099, 39.983314720491592 ], [ -75.240900244362024, 39.983426458387555 ], [ -75.241209168057779, 39.983539615345691 ], [ -75.241516994904899, 39.983654526936583 ], [ -75.241824670647432, 39.983770037140658 ], [ -75.242131887875587, 39.983886478014874 ], [ -75.242437907325709, 39.984004711878363 ], [ -75.242741994291833, 39.984125604761495 ], [ -75.243043408226754, 39.9842500225745 ], [ -75.243341419291099, 39.984378826963741 ], [ -75.243636087211883, 39.984512590488258 ], [ -75.243927382874944, 39.984651309834028 ], [ -75.244214772981152, 39.984794932837545 ], [ -75.244497713391979, 39.984943415213053 ], [ -75.24477566497535, 39.985096703778851 ], [ -75.245047635426232, 39.985255853598012 ], [ -75.245313699193119, 39.985421324040857 ], [ -75.24557536375363, 39.985591336148069 ], [ -75.245834138039967, 39.98576410286919 ], [ -75.246091540600119, 39.985937830142099 ], [ -75.24634908383014, 39.986111494104328 ], [ -75.246440543508157, 39.986175207043097 ], [ -75.246603301992081, 39.986288587086783 ], [ -75.246846048992111, 39.986474028356845 ], [ -75.247071935575619, 39.986670967455552 ], [ -75.247288440956765, 39.986874559862549 ], [ -75.247498910648503, 39.987082381929497 ], [ -75.247705863147615, 39.987292520833201 ], [ -75.247911808896816, 39.987503059952267 ], [ -75.248119317629659, 39.987712508306053 ], [ -75.24832811799277, 39.987921523100447 ], [ -75.248535531599813, 39.988131365005628 ], [ -75.248738848678229, 39.988343287720184 ], [ -75.248935358099871, 39.988558549437528 ], [ -75.249122321066992, 39.98877842758796 ], [ -75.249297760561518, 39.989003933304318 ], [ -75.249464251914489, 39.989233836131852 ], [ -75.249625397575016, 39.989466369359434 ], [ -75.249784791962654, 39.989699762474693 ], [ -75.250001983990245, 39.990010864134149 ], [ -75.250097156671956, 39.990137181736664 ], [ -75.249189685306618, 39.990563671345605 ], [ -75.248011208629521, 39.991117508953593 ], [ -75.245684395900412, 39.992210955668838 ], [ -75.243788982265968, 39.993101613882949 ], [ -75.241651315840699, 39.994106038824725 ], [ -75.239025114570836, 39.99533696854877 ], [ -75.237359928968019, 39.996117407840515 ], [ -75.235286121841952, 39.997089297287218 ], [ -75.234243550976089, 39.997580435421085 ], [ -75.233228986832358, 39.998048439936049 ], [ -75.232151318110894, 39.998550879758795 ], [ -75.230887733108943, 39.999139974780753 ], [ -75.229453431899998, 39.99981219024631 ], [ -75.228739872810536, 40.000147416213096 ], [ -75.228375865106827, 40.000318420093237 ], [ -75.227478267416686, 40.00074008910898 ], [ -75.227380749868388, 40.000540461402139 ] ] ] } },
{ "type": "Feature", "properties": { "MS_ID": "4300", "MS_Name": "Heston, Edward", "MS_Grade": "K-8" }, "geometry": { "type": "Polygon", "coordinates": [ [ [ -75.224066937903231, 39.981509486859629 ], [ -75.223790845151228, 39.981521127080029 ], [ -75.223675247030869, 39.981510364482872 ], [ -75.223546412091125, 39.981475824059885 ], [ -75.223158282359137, 39.981382308664237 ], [ -75.222489735251926, 39.981137809008537 ], [ -75.221453505433985, 39.980750514692936 ], [ -75.219472137014478, 39.980017477693615 ], [ -75.22198187468733, 39.975783466924824 ], [ -75.222475294779827, 39.975213099809814 ], [ -75.222985250717329, 39.974593434564014 ], [ -75.22303908602548, 39.974526479371683 ], [ -75.222946553285141, 39.97398536539481 ], [ -75.222828863630369, 39.973319796485583 ], [ -75.222709512314751, 39.972650541751854 ], [ -75.222614536700831, 39.972121150512137 ], [ -75.223672904165724, 39.971895770110805 ], [ -75.225384811374511, 39.971532343367677 ], [ -75.225712660466854, 39.971464901137473 ], [ -75.225842370621791, 39.971431757830416 ], [ -75.226567762079782, 39.971345030936632 ], [ -75.22723186273781, 39.971275051252178 ], [ -75.227989495280795, 39.971190995654261 ], [ -75.228736326773515, 39.971108667353086 ], [ -75.229274885290891, 39.971046450091158 ], [ -75.229701820469373, 39.971000977136825 ], [ -75.2301313025864, 39.970951605867114 ], [ -75.230665926749822, 39.970895715332091 ], [ -75.230956047790812, 39.972431121830894 ], [ -75.231194879937476, 39.973710762005055 ], [ -75.231491480844042, 39.975305968165912 ], [ -75.231783297497515, 39.976853255058813 ], [ -75.232772501400191, 39.976747214512883 ], [ -75.233691147223553, 39.976643925147776 ], [ -75.233808258017646, 39.97726930314024 ], [ -75.233836197690351, 39.977420708976631 ], [ -75.23391622064608, 39.977824372158395 ], [ -75.234014753833506, 39.978362870427461 ], [ -75.23408204704694, 39.978734035672844 ], [ -75.234169498340819, 39.97917886302244 ], [ -75.234171976325044, 39.979264333464464 ], [ -75.234141873352399, 39.979603445025951 ], [ -75.234046163469216, 39.980403127769925 ], [ -75.233959105634696, 39.980797363223608 ], [ -75.233840100027024, 39.980753070510417 ], [ -75.233531936853439, 39.980638690795779 ], [ -75.233223623173984, 39.980524543891889 ], [ -75.232915178610753, 39.980410605900985 ], [ -75.232606609813956, 39.980296855344235 ], [ -75.232297938747038, 39.980183268375427 ], [ -75.231989175537464, 39.980069824493164 ], [ -75.231680336298297, 39.979956499723507 ], [ -75.231371435939053, 39.979843270967081 ], [ -75.23106248696223, 39.97973011687391 ], [ -75.230753504211251, 39.979617016145752 ], [ -75.230444505070494, 39.97950394213391 ], [ -75.230135503113701, 39.979390876215476 ], [ -75.229826509741159, 39.979277795214863 ], [ -75.229517539864474, 39.979164676033669 ], [ -75.229208614246133, 39.979051495702365 ], [ -75.228899739573649, 39.97893823184323 ], [ -75.228590933065888, 39.978824862309985 ], [ -75.228282210806242, 39.978711364030708 ], [ -75.22797358650385, 39.978597714782367 ], [ -75.228226165239846, 39.978777716248544 ], [ -75.228472749845935, 39.978961067777718 ], [ -75.228678570259362, 39.979168724934922 ], [ -75.228839962730646, 39.979404351996102 ], [ -75.228947659963239, 39.979652189871189 ], [ -75.228967684181811, 39.979917254199272 ], [ -75.228945582303126, 39.980180447979151 ], [ -75.228893287454127, 39.980441636903883 ], [ -75.228794895713818, 39.980702236606682 ], [ -75.228151738447451, 39.980464672815025 ], [ -75.227699839540449, 39.980301679555517 ], [ -75.227207620069052, 39.980118751050739 ], [ -75.226714541021479, 39.979938663944317 ], [ -75.226387009193999, 39.980458498530048 ], [ -75.225985064564952, 39.981103447139468 ], [ -75.226114084075334, 39.981310696521149 ], [ -75.226203522769339, 39.981609170753494 ], [ -75.225163708032468, 39.981337934257162 ], [ -75.224066937903231, 39.981509486859629 ] ] ] } },
{ "type": "Feature", "properties": { "MS_ID": "4320", "MS_Name": "Lamberton, Robert E", "MS_Grade": "K-8" }, "geometry": { "type": "Polygon", "coordinates": [ [ [ -75.257818514388177, 39.983426686211416 ], [ -75.257799524871203, 39.983298733608294 ], [ -75.257792034270125, 39.983180141489314 ], [ -75.257756297013458, 39.983024496429628 ], [ -75.257737737268727, 39.98272346434004 ], [ -75.257787741915109, 39.982651670192972 ], [ -75.257908075195701, 39.982599623853353 ], [ -75.257993910755062, 39.982519497765885 ], [ -75.257999093501866, 39.98234211207626 ], [ -75.258028493998694, 39.982284446628967 ], [ -75.258116596745467, 39.982279362515051 ], [ -75.258249797263176, 39.982284587201654 ], [ -75.258306631433626, 39.982222852891091 ], [ -75.258322166994702, 39.982129904601678 ], [ -75.258368850128193, 39.982014310468372 ], [ -75.258336261654023, 39.981910987650828 ], [ -75.258317158134147, 39.981770644081116 ], [ -75.258369728555195, 39.981659842183376 ], [ -75.258467859121438, 39.98162932260071 ], [ -75.258565647697736, 39.981608123438399 ], [ -75.258640398878072, 39.981553775005217 ], [ -75.258766182158098, 39.98143056899054 ], [ -75.258875327995369, 39.981265023796205 ], [ -75.258984644271251, 39.981094816894057 ], [ -75.258979829345449, 39.980978104757376 ], [ -75.258852017130025, 39.980826073756681 ], [ -75.258853774881402, 39.980695511037801 ], [ -75.258796781701648, 39.980596323018304 ], [ -75.258714701469188, 39.980519912453467 ], [ -75.258607874939017, 39.980456957859261 ], [ -75.258531510376869, 39.980390000062698 ], [ -75.258437826836172, 39.980299344143248 ], [ -75.25841112644909, 39.980200814473029 ], [ -75.258384426172213, 39.980102283896031 ], [ -75.258338695998916, 39.980026662221725 ], [ -75.258257983642224, 39.979912966586539 ], [ -75.258207050298097, 39.979813910710583 ], [ -75.258158681929686, 39.97964494518304 ], [ -75.258090772078333, 39.979512870633812 ], [ -75.258083272223132, 39.979386771288986 ], [ -75.258131492768342, 39.979229231825713 ], [ -75.258193405994902, 39.979111636727509 ], [ -75.25812032954606, 39.979037753835385 ], [ -75.258036419219479, 39.978928652082402 ], [ -75.257939879612636, 39.978833270163008 ], [ -75.257919409773791, 39.978730211227486 ], [ -75.257925907800399, 39.978553108162785 ], [ -75.257912350106082, 39.978426878147083 ], [ -75.257857071386823, 39.978281084462431 ], [ -75.257802133757039, 39.978125969321951 ], [ -75.25779011548282, 39.977957792975339 ], [ -75.257753352753681, 39.977803072498538 ], [ -75.257699475404422, 39.977729351261154 ], [ -75.257649438671166, 39.977660886880273 ], [ -75.257478887898387, 39.977517252960055 ], [ -75.257409613238408, 39.977422462709022 ], [ -75.257406462665685, 39.977343101006589 ], [ -75.25740485139336, 39.977221793893882 ], [ -75.257348376328949, 39.977108623941561 ], [ -75.257278759009296, 39.977023154987144 ], [ -75.257210169327507, 39.976909721810316 ], [ -75.257213419182392, 39.976821170293363 ], [ -75.257282964495673, 39.976743387662985 ], [ -75.257293297357478, 39.976627004401642 ], [ -75.257261055158381, 39.976514360760035 ], [ -75.257146055458023, 39.976343948216915 ], [ -75.257103921268381, 39.976170453123508 ], [ -75.256993710990045, 39.975869543476456 ], [ -75.256879155544112, 39.975521896029129 ], [ -75.256811935419535, 39.975371177879111 ], [ -75.256823125371952, 39.975231492078386 ], [ -75.256858204849564, 39.975101653229551 ], [ -75.256912824024724, 39.974934925343959 ], [ -75.256932466431024, 39.974730122229637 ], [ -75.256913810191662, 39.974412544657191 ], [ -75.256952259531019, 39.974273450166905 ], [ -75.256954361678936, 39.974133566924522 ], [ -75.25695395864642, 39.974061971933224 ], [ -75.256947255860126, 39.973831653495687 ], [ -75.256969020217568, 39.973734176272636 ], [ -75.257029354902343, 39.973576900458546 ], [ -75.257046088763346, 39.973451327435278 ], [ -75.257049022600924, 39.973371387903001 ], [ -75.257067834968211, 39.973189177948669 ], [ -75.257133712373189, 39.973046015757006 ], [ -75.257180734538963, 39.97292110069808 ], [ -75.257186378703182, 39.972767302052333 ], [ -75.257195513885932, 39.972683542796318 ], [ -75.257256702252803, 39.97250296425085 ], [ -75.257292292554993, 39.9723591440547 ], [ -75.257306559502695, 39.972135567365001 ], [ -75.257305632651509, 39.971995617425534 ], [ -75.257358026133005, 39.971889476660657 ], [ -75.257408637281543, 39.971666689441079 ], [ -75.257431939430958, 39.971527266707049 ], [ -75.257557193307989, 39.97141804408632 ], [ -75.257761022059213, 39.971315191450493 ], [ -75.257915535801814, 39.971234590448375 ], [ -75.258086682017122, 39.971196328383421 ], [ -75.258376889148295, 39.971134997549719 ], [ -75.258842684980138, 39.970914228089775 ], [ -75.25899617112853, 39.97086158805643 ], [ -75.259100001553946, 39.970840520831985 ], [ -75.25926977900626, 39.970839541738641 ], [ -75.259396814216416, 39.970846963512884 ], [ -75.259530247578766, 39.97084519518252 ], [ -75.259718539395664, 39.970835288427992 ], [ -75.25985351032962, 39.970791575173145 ], [ -75.259971334710443, 39.970719503206261 ], [ -75.260041724814826, 39.970618415361542 ], [ -75.260063142030063, 39.970530258954817 ], [ -75.260063406516124, 39.970357685014832 ], [ -75.260004462782618, 39.970146512776964 ], [ -75.259978789162204, 39.970020019206117 ], [ -75.259999662449985, 39.969698635753126 ], [ -75.260049191485408, 39.969587767310834 ], [ -75.260057384307089, 39.969529641278598 ], [ -75.260029746252215, 39.969456744487253 ], [ -75.260021389724884, 39.969353948762908 ], [ -75.260025916777622, 39.969230443201695 ], [ -75.260064185980767, 39.969096008354924 ], [ -75.26016937995206, 39.969037655412642 ], [ -75.260292613951435, 39.969065983192657 ], [ -75.260373105897017, 39.969102711397504 ], [ -75.260478851103187, 39.969112002768682 ], [ -75.260590102163818, 39.969053779961833 ], [ -75.260720804871923, 39.968960997295937 ], [ -75.260766706363924, 39.968866374875155 ], [ -75.260739153194663, 39.96879114834983 ], [ -75.260724994484448, 39.968681230656209 ], [ -75.260844778184762, 39.968555561005545 ], [ -75.260930478239345, 39.96845014129412 ], [ -75.2609438328397, 39.968333823388328 ], [ -75.260935816643226, 39.968221705411885 ], [ -75.260928141950046, 39.968100267819842 ], [ -75.261012862391269, 39.967938854768178 ], [ -75.261089987181848, 39.967819255709642 ], [ -75.261131453426898, 39.967680226401448 ], [ -75.26110458216408, 39.967586358004397 ], [ -75.26105280133892, 39.967510605120488 ], [ -75.261023926761993, 39.967388707674147 ], [ -75.260959393186852, 39.967247378143092 ], [ -75.260889610656591, 39.967166572062574 ], [ -75.26086913872156, 39.96706351269308 ], [ -75.260855152104583, 39.96694893432813 ], [ -75.260833018409883, 39.966808525402634 ], [ -75.260767802667175, 39.966685838592184 ], [ -75.260704675868169, 39.966588850877478 ], [ -75.260647009841421, 39.966508306591592 ], [ -75.260548651777796, 39.966380236186879 ], [ -75.26049102702585, 39.966314903183005 ], [ -75.260623238935892, 39.966272791683089 ], [ -75.260790454377769, 39.966276419416182 ], [ -75.260933796416111, 39.966243366988117 ], [ -75.261027098777674, 39.966199529794395 ], [ -75.261139260371166, 39.966110237744012 ], [ -75.261250567969853, 39.966012989367648 ], [ -75.261387343765676, 39.966002727698331 ], [ -75.26146338509993, 39.966054648433001 ], [ -75.261548200320547, 39.966117343298393 ], [ -75.261662390529992, 39.966160391219901 ], [ -75.261774873455096, 39.966187523902491 ], [ -75.261893486220217, 39.966172458313501 ], [ -75.262014019063173, 39.96613626464223 ], [ -75.262098901746853, 39.966071958299878 ], [ -75.262117291543348, 39.966007972499419 ], [ -75.262151392277389, 39.965953148014123 ], [ -75.262260223619947, 39.965865661258434 ], [ -75.262363534628335, 39.965762833444956 ], [ -75.262440803218581, 39.96565602620614 ], [ -75.262536265605178, 39.965615762017237 ], [ -75.262649101682925, 39.965633201485161 ], [ -75.262802281292878, 39.965644459741419 ], [ -75.262940475743378, 39.965595418783863 ], [ -75.263061666981741, 39.965509849819043 ], [ -75.263170116822153, 39.965459281819541 ], [ -75.263280145787988, 39.9654907719856 ], [ -75.263384692282386, 39.965546838376255 ], [ -75.263499931446262, 39.965592550693749 ], [ -75.263615751274287, 39.9656224018904 ], [ -75.263733821667344, 39.965606438808436 ], [ -75.263892574581106, 39.965543731843781 ], [ -75.264003957360657, 39.965475587101601 ], [ -75.264095047003622, 39.96539818463679 ], [ -75.264242580063737, 39.965313184274322 ], [ -75.26437349643588, 39.965243699141254 ], [ -75.264525626281213, 39.965189666709342 ], [ -75.264644009880513, 39.965180766022421 ], [ -75.26475847594584, 39.965185009544044 ], [ -75.264919898506562, 39.965190269971551 ], [ -75.265059622535617, 39.965193296109497 ], [ -75.265253936598143, 39.965208087258077 ], [ -75.26541890724144, 39.965241646310574 ], [ -75.265548007826396, 39.965378500445837 ], [ -75.265657186612387, 39.965527271093492 ], [ -75.265745203402631, 39.965627955516354 ], [ -75.265806115501462, 39.965717472754228 ], [ -75.265858384667311, 39.965792688888023 ], [ -75.265922362542128, 39.965861103764112 ], [ -75.266049461389528, 39.965927356831095 ], [ -75.266194643087204, 39.965969305170361 ], [ -75.266355826455168, 39.966012483559055 ], [ -75.266545722459583, 39.966022767406024 ], [ -75.266752264338919, 39.966016654659676 ], [ -75.26691070252798, 39.966009499641892 ], [ -75.267024719203647, 39.966026078253471 ], [ -75.267177532070619, 39.966078775249613 ], [ -75.267293809461677, 39.966158903979171 ], [ -75.267377113929825, 39.966212171656025 ], [ -75.267504183267206, 39.966267527710016 ], [ -75.26763528202477, 39.966287121478494 ], [ -75.267779982407816, 39.966342288333593 ], [ -75.267910776782216, 39.966401561806634 ], [ -75.268130958619153, 39.96649275792624 ], [ -75.26839332364213, 39.966590156535425 ], [ -75.268487921122684, 39.966636301162119 ], [ -75.268568388215073, 39.96669272399533 ], [ -75.268702093083832, 39.966797922332255 ], [ -75.268773140631637, 39.96686119602947 ], [ -75.268847932033395, 39.966947483412589 ], [ -75.268917822378441, 39.967042481807702 ], [ -75.269017320575017, 39.967236901656918 ], [ -75.269062817065162, 39.967309324493591 ], [ -75.269163633210212, 39.967373536196909 ], [ -75.269315200405842, 39.967397685331591 ], [ -75.269471642540736, 39.967382546784165 ], [ -75.269549407604984, 39.967356005443037 ], [ -75.269642225700323, 39.967325378226079 ], [ -75.269741144204602, 39.96731605144295 ], [ -75.269829802771795, 39.967336488485415 ], [ -75.269940809676456, 39.967404154298521 ], [ -75.27001750229617, 39.967516939386854 ], [ -75.270055464190989, 39.967654463593803 ], [ -75.270086093978861, 39.967757433320848 ], [ -75.270141470307863, 39.967873284963041 ], [ -75.270192648583588, 39.967978463780589 ], [ -75.270298575470918, 39.968185368435243 ], [ -75.270396059394159, 39.968340937118391 ], [ -75.270418252291378, 39.968455190348912 ], [ -75.270475257757951, 39.968557846948855 ], [ -75.270607591190313, 39.968658899386163 ], [ -75.270746313139199, 39.968668658677835 ], [ -75.270876008354222, 39.96863265457749 ], [ -75.271015626912856, 39.968607446784731 ], [ -75.27113982493529, 39.968627770308316 ], [ -75.271241653784159, 39.968664366079864 ], [ -75.271368775126589, 39.968698863720832 ], [ -75.271491006364016, 39.968710323736104 ], [ -75.271591669878731, 39.968716025392915 ], [ -75.271698882434308, 39.968730689046573 ], [ -75.271833411761151, 39.96878210177023 ], [ -75.271923388692358, 39.968860776405187 ], [ -75.27200552968506, 39.968965740047217 ], [ -75.272087501624753, 39.969012489184777 ], [ -75.272197378565906, 39.969048377619984 ], [ -75.2723446699692, 39.969095656788653 ], [ -75.272506089702759, 39.96913265605032 ], [ -75.272625892016734, 39.969179341325045 ], [ -75.272771843356665, 39.969231882479853 ], [ -75.27300662004194, 39.969300451239128 ], [ -75.273233561790363, 39.96930094053377 ], [ -75.273454405149479, 39.969280130945947 ], [ -75.273570215777696, 39.969279102158431 ], [ -75.273682203232795, 39.969288574603091 ], [ -75.273810228822228, 39.969298393037775 ], [ -75.273912926248272, 39.96931119213032 ], [ -75.274013588516183, 39.969316891612451 ], [ -75.274151097029588, 39.969318094557622 ], [ -75.274326499727067, 39.969317469632365 ], [ -75.27448834915036, 39.969311260567601 ], [ -75.274849576315091, 39.96929127212691 ], [ -75.275056364798957, 39.969294408964387 ], [ -75.275197902565495, 39.969326566152496 ], [ -75.275294221622772, 39.969388616539007 ], [ -75.275379819940909, 39.969540397016182 ], [ -75.275456514182565, 39.969779298788112 ], [ -75.275494550401106, 39.969930933724896 ], [ -75.27556823756025, 39.970126554894648 ], [ -75.275607533845303, 39.970212072174817 ], [ -75.275679083354802, 39.970277556004341 ], [ -75.275819432122091, 39.970311010280305 ], [ -75.27600562051812, 39.970313261481017 ], [ -75.276216557453623, 39.97032839209227 ], [ -75.276303379308473, 39.970352313559346 ], [ -75.27639208218487, 39.97040317435485 ], [ -75.276453474891227, 39.970495779959933 ], [ -75.276508456829546, 39.970591335007761 ], [ -75.276630818322943, 39.970811817592192 ], [ -75.276661084418592, 39.97096438829081 ], [ -75.276558974816609, 39.971077062658921 ], [ -75.27647681652644, 39.97115070035715 ], [ -75.276554022237562, 39.971244529714788 ], [ -75.276725194211451, 39.971249982456406 ], [ -75.276861833852365, 39.971196482694332 ], [ -75.277073745477068, 39.971106238414094 ], [ -75.277167291389333, 39.971087087569693 ], [ -75.277303246217684, 39.971083843768945 ], [ -75.277422491221628, 39.971098760350202 ], [ -75.277555607370005, 39.971141978221681 ], [ -75.27765799846641, 39.971210550722844 ], [ -75.277696638769442, 39.971266947740467 ], [ -75.277683699530087, 39.971344281401834 ], [ -75.277537505914594, 39.971409395369484 ], [ -75.27752660910302, 39.971537133447853 ], [ -75.277592780906886, 39.971616614032932 ], [ -75.277658724469362, 39.971652531656318 ], [ -75.277766259091578, 39.971679707495724 ], [ -75.27788752176285, 39.971694333674876 ], [ -75.2779938245599, 39.97173386766503 ], [ -75.278297456679695, 39.971929025313372 ], [ -75.278353689851059, 39.972014336045902 ], [ -75.278450224472564, 39.972107719938862 ], [ -75.278537926006464, 39.972186497784662 ], [ -75.278633764626377, 39.972299089879819 ], [ -75.278698224043524, 39.972415811944792 ], [ -75.278725236199676, 39.972531727515488 ], [ -75.278760486466027, 39.972635804990645 ], [ -75.278779273281941, 39.972720307254008 ], [ -75.278784180873529, 39.972842954631702 ], [ -75.278795852895627, 39.972951330163887 ], [ -75.278810907683749, 39.97305257158478 ], [ -75.278831854652481, 39.973163550666243 ], [ -75.278860002762315, 39.973248255403348 ], [ -75.278934786517141, 39.973338768419808 ], [ -75.278971423800968, 39.973447681518394 ], [ -75.278999746889795, 39.97352758414339 ], [ -75.27906533009039, 39.973656342952538 ], [ -75.279109584523951, 39.973813476597321 ], [ -75.279124638833196, 39.973914717049119 ], [ -75.279171949075987, 39.973987818792011 ], [ -75.279242150520531, 39.974032581956891 ], [ -75.279359337505809, 39.974073549037499 ], [ -75.279466811767605, 39.97412391856745 ], [ -75.279601935644337, 39.974186896021571 ], [ -75.279806301447678, 39.974321045765379 ], [ -75.279955546984823, 39.974425175482331 ], [ -75.280039740266801, 39.974528904934004 ], [ -75.280085695706973, 39.974625004401041 ], [ -75.28013161062924, 39.974736521475975 ], [ -75.280193565224806, 39.974836368248255 ], [ -75.280304943480587, 39.974992829585652 ], [ -75.27942880590787, 39.975437769104573 ], [ -75.277678153539, 39.976338050290529 ], [ -75.276379782163374, 39.977005710925546 ], [ -75.276144874656353, 39.977110754593888 ], [ -75.275295595847467, 39.977490517782833 ], [ -75.273572982053523, 39.978260769101702 ], [ -75.273030279212065, 39.978502089122337 ], [ -75.272267015977505, 39.978841476027192 ], [ -75.27142318670235, 39.979218672134174 ], [ -75.269270407150216, 39.980171541492894 ], [ -75.267478372298655, 39.980966265532999 ], [ -75.266257859649812, 39.981507506691379 ], [ -75.265591868592736, 39.981802833365073 ], [ -75.264770280424514, 39.982167149718208 ], [ -75.26438298957261, 39.982338882224667 ], [ -75.263715563102082, 39.982634826792584 ], [ -75.262184434397852, 39.983482268655152 ], [ -75.260729520683455, 39.984282074375585 ], [ -75.259509606864285, 39.984952663492855 ], [ -75.258955533329797, 39.985257231692373 ], [ -75.258738552028106, 39.985141114068803 ], [ -75.258563723636072, 39.985064439102352 ], [ -75.258448395671024, 39.984979945664406 ], [ -75.25841623552185, 39.98488814773544 ], [ -75.25841990895843, 39.984788017824322 ], [ -75.258388750785613, 39.984668911974843 ], [ -75.258296756010225, 39.984594035697782 ], [ -75.25815876484522, 39.984481720256042 ], [ -75.25808027370266, 39.984361585733353 ], [ -75.258003119968919, 39.984205041536939 ], [ -75.257973464647804, 39.984044973233281 ], [ -75.257885146553406, 39.983869965850175 ], [ -75.257865989730291, 39.983746565928257 ], [ -75.257872002040799, 39.983582716678079 ], [ -75.257818514388177, 39.983426686211416 ] ] ] } },
{ "type": "Feature", "properties": { "MS_ID": "4350", "MS_Name": "Rhodes, E Washington", "MS_Grade": "K-8" }, "geometry": { "type": "Polygon", "coordinates": [ [ [ -75.169189078165076, 40.008886444839469 ], [ -75.169141419955849, 40.008833865309235 ], [ -75.169021313440624, 40.008902824712962 ], [ -75.168488410699084, 40.008300247425517 ], [ -75.168176656778257, 40.007929192590012 ], [ -75.167530511749405, 40.007229125812948 ], [ -75.167064662238843, 40.006717078743748 ], [ -75.16694227559762, 40.006594500277835 ], [ -75.166836274689814, 40.006566257994251 ], [ -75.165229931494522, 40.006355457449423 ], [ -75.163629294871939, 40.006153400797842 ], [ -75.163788927821713, 40.005391718188818 ], [ -75.163942557551323, 40.004656818906497 ], [ -75.16410376670683, 40.003913706255922 ], [ -75.16416664603112, 40.003624523693333 ], [ -75.164233490395432, 40.003317107376866 ], [ -75.164286536810522, 40.00307313876192 ], [ -75.163851075409838, 40.003010034771556 ], [ -75.163682975978347, 40.00298909789413 ], [ -75.163620737066765, 40.002951223522345 ], [ -75.163353696511919, 40.002785904787004 ], [ -75.163087679534385, 40.002619892158826 ], [ -75.162822061963212, 40.002453885182184 ], [ -75.162556805934528, 40.002287463133371 ], [ -75.162292043402488, 40.00212051456046 ], [ -75.162027902745123, 40.001952960368321 ], [ -75.161764512443071, 40.001784718762444 ], [ -75.161501999840823, 40.001615707022843 ], [ -75.161240496930915, 40.001445843436557 ], [ -75.160980128647452, 40.001275047033594 ], [ -75.160721025743868, 40.001103237877174 ], [ -75.160464794109089, 40.000928858303567 ], [ -75.160220654240931, 40.000743763024388 ], [ -75.159990484020739, 40.000548785576576 ], [ -75.159771303179568, 40.000346684385228 ], [ -75.159561507923584, 40.000138163057265 ], [ -75.159365399833675, 39.999922217678773 ], [ -75.159180337412408, 39.999700925014444 ], [ -75.158996023520174, 39.99947923625237 ], [ -75.158812225465738, 39.999257262374705 ], [ -75.158622657239462, 39.999027408273079 ], [ -75.158996820399423, 39.998828117554716 ], [ -75.158600524087873, 39.998328302691036 ], [ -75.158581459306902, 39.99820623506163 ], [ -75.158713614132395, 39.997652155834757 ], [ -75.158927845079575, 39.996640395389797 ], [ -75.159103965504229, 39.995787685077389 ], [ -75.159372142837569, 39.995680417888252 ], [ -75.15968224437357, 39.99556799088046 ], [ -75.159992421765324, 39.995455666584427 ], [ -75.160302278195971, 39.99534316033575 ], [ -75.160458845033475, 39.995286151429148 ], [ -75.16061238107612, 39.995230246167772 ], [ -75.160921358987451, 39.995116575987772 ], [ -75.161229784186887, 39.995001919436717 ], [ -75.161537185104706, 39.99488598566942 ], [ -75.161632026721733, 39.994849646448799 ], [ -75.161843567962237, 39.994768518945996 ], [ -75.162148512958751, 39.994649222386677 ], [ -75.162451670763218, 39.99452782503193 ], [ -75.162753452252574, 39.994404057743509 ], [ -75.163052950470643, 39.994277649610268 ], [ -75.163350493459035, 39.994148322421083 ], [ -75.163645506285704, 39.994015792031412 ], [ -75.163750194637188, 39.993967407460183 ], [ -75.1639385670792, 39.993880657146555 ], [ -75.164230743798285, 39.993744342918198 ], [ -75.164522096826218, 39.993606924596655 ], [ -75.16481268231118, 39.993468465623025 ], [ -75.165102627381728, 39.993329011213895 ], [ -75.165391617741349, 39.993188601150038 ], [ -75.165680078987194, 39.993047318003121 ], [ -75.165967916968768, 39.992905203807517 ], [ -75.166255234757514, 39.992762320355162 ], [ -75.166541884776166, 39.992618697665819 ], [ -75.166827906381101, 39.992474409612832 ], [ -75.167113679687617, 39.992329502596718 ], [ -75.167399173552297, 39.992184056109281 ], [ -75.167684196130537, 39.992038093768116 ], [ -75.16796872643323, 39.991891674571285 ], [ -75.168253030462921, 39.991744857665822 ], [ -75.168438987292916, 39.991648515872171 ], [ -75.168537400867052, 39.991597710002786 ], [ -75.168820753507191, 39.991450246846647 ], [ -75.169104537226175, 39.991302565655658 ], [ -75.169387237282805, 39.991155100897856 ], [ -75.169671442805537, 39.991006703428219 ], [ -75.169954588512965, 39.990858634656689 ], [ -75.170238106129517, 39.99071054834441 ], [ -75.170521592744976, 39.990562504811997 ], [ -75.170804904477905, 39.990414529658999 ], [ -75.171088357701336, 39.990266712888307 ], [ -75.171372004921039, 39.990119090817871 ], [ -75.171655458202267, 39.989971699782402 ], [ -75.171745440332927, 39.989925325866082 ], [ -75.171939883479538, 39.98982465246894 ], [ -75.172224196125484, 39.9896779470361 ], [ -75.172292968231247, 39.989642597782371 ], [ -75.172508811645955, 39.98953165408431 ], [ -75.172793767753006, 39.989385829419625 ], [ -75.173079019958408, 39.989240410772084 ], [ -75.173364242981236, 39.989094956548797 ], [ -75.173649393294426, 39.988949409910354 ], [ -75.173977539184762, 39.988794422692159 ], [ -75.174219448519821, 39.988658017153824 ], [ -75.174311697278043, 39.988610003672527 ], [ -75.174504339693669, 39.988512162619465 ], [ -75.174789132192714, 39.988366189861445 ], [ -75.175073819061922, 39.988220096922412 ], [ -75.175358390040927, 39.988073876364979 ], [ -75.175642844162766, 39.987927522762092 ], [ -75.175927172371004, 39.987781027802548 ], [ -75.176211368881482, 39.987634389555687 ], [ -75.176495423466704, 39.987487599683803 ], [ -75.176782679438944, 39.987338918507248 ], [ -75.177063092462859, 39.987193543122466 ], [ -75.177346692168612, 39.987046262590624 ], [ -75.177630125084576, 39.986898806454569 ], [ -75.177913384392085, 39.986751169156939 ], [ -75.178195957341785, 39.986602755354092 ], [ -75.178472695568757, 39.986447791350841 ], [ -75.178743502953907, 39.986286711125807 ], [ -75.17900988020557, 39.986121580118649 ], [ -75.179272884522234, 39.985953153660788 ], [ -75.179523110808603, 39.985789123900936 ], [ -75.180258756640569, 39.98634657855019 ], [ -75.180804988500029, 39.986791895959065 ], [ -75.182394365387495, 39.988043408324863 ], [ -75.182720228580294, 39.988331976671304 ], [ -75.183123963834305, 39.988731425792196 ], [ -75.183601329132031, 39.989160865516297 ], [ -75.183700393136633, 39.989261526616936 ], [ -75.184405017095713, 39.9899308423158 ], [ -75.184927720406591, 39.990595203200876 ], [ -75.185147059478211, 39.990892406450136 ], [ -75.185460530334225, 39.991385957345926 ], [ -75.18559942175105, 39.991700477966795 ], [ -75.184700285269216, 39.991589119541139 ], [ -75.183101998413974, 39.99138794426193 ], [ -75.183032700854611, 39.991716851483105 ], [ -75.182947308724124, 39.99213267501959 ], [ -75.182872631407051, 39.992499454725454 ], [ -75.182851602191391, 39.992559874632306 ], [ -75.182780975726061, 39.992882286376116 ], [ -75.182464030803899, 39.994366558356973 ], [ -75.181903074945907, 39.99429765136918 ], [ -75.181432829410497, 39.994245677786118 ], [ -75.180890217578252, 39.994168545511528 ], [ -75.18031371940242, 39.994099363009774 ], [ -75.179844914954472, 39.994033394503155 ], [ -75.179248026300343, 39.993964890716228 ], [ -75.178651743405027, 39.993871756525863 ], [ -75.178187784598165, 39.993812531982819 ], [ -75.17762739068317, 39.993746384401454 ], [ -75.177303299835231, 39.99524011547215 ], [ -75.177218179749644, 39.995650340091963 ], [ -75.177133546462017, 39.996021750104234 ], [ -75.177062696511427, 39.996373576490953 ], [ -75.175652938774093, 39.996202787880357 ], [ -75.175571272141525, 39.996219469420367 ], [ -75.174547480314743, 39.996087238988281 ], [ -75.174038467225898, 39.996024515599672 ], [ -75.173949400464977, 39.99643354143781 ], [ -75.17384678846004, 39.996912549393727 ], [ -75.173769058476935, 39.997262288867645 ], [ -75.173692576928147, 39.997617637190956 ], [ -75.173602053938012, 39.998036371890962 ], [ -75.173283639609565, 39.999517700766575 ], [ -75.173659409012657, 39.999570697039786 ], [ -75.173831294429348, 39.999588710336923 ], [ -75.174137219872904, 39.999630912143267 ], [ -75.174313531737738, 39.999654389562174 ], [ -75.174622755000271, 39.999691882385825 ], [ -75.174868390534087, 39.999712412716072 ], [ -75.175293399387726, 39.999778492493697 ], [ -75.175514526034888, 39.999807286320994 ], [ -75.175925338566032, 39.999870229693421 ], [ -75.176301083123874, 39.999922587768175 ], [ -75.177887038472633, 40.000121568957596 ], [ -75.185802393358145, 40.001234552348926 ], [ -75.185912547974084, 40.001132547160438 ], [ -75.186012406911118, 40.001053024540447 ], [ -75.186397606938101, 40.000736424561396 ], [ -75.186584835371761, 40.000595263882104 ], [ -75.186708430893646, 40.000512636059881 ], [ -75.186845303191646, 40.000418622982316 ], [ -75.186950217276987, 40.000365426393145 ], [ -75.187196480962427, 40.000287353234057 ], [ -75.187341555814385, 40.000261523586033 ], [ -75.187512044538323, 40.00025079430813 ], [ -75.187743421807767, 40.000254142455965 ], [ -75.188113649415286, 40.000271489307877 ], [ -75.188288794404599, 40.00027428149977 ], [ -75.188448542793381, 40.000273006903839 ], [ -75.188561073164763, 40.000256228164261 ], [ -75.188815724785542, 40.000205526644883 ], [ -75.189577831961429, 39.999896811291237 ], [ -75.190519874520163, 39.999642803588863 ], [ -75.191738293170644, 39.999549668698563 ], [ -75.191562642143637, 40.00079131936959 ], [ -75.191419442879493, 40.002882461289559 ], [ -75.191535358733759, 40.004201078412947 ], [ -75.19175386735489, 40.005238965345775 ], [ -75.192024070673781, 40.005881776893808 ], [ -75.192108171083333, 40.00599172460916 ], [ -75.192486504381606, 40.006486319158313 ], [ -75.192158228677727, 40.006527377238541 ], [ -75.191821408232016, 40.006574296052605 ], [ -75.191599621913568, 40.006605365335332 ], [ -75.191484640869177, 40.006621471858772 ], [ -75.191147931097959, 40.00666897143271 ], [ -75.190810819265678, 40.006714566250331 ], [ -75.190472797834886, 40.006755838402768 ], [ -75.190133918306969, 40.00679303950912 ], [ -75.189794954448089, 40.006829825081944 ], [ -75.188755778562779, 40.006878352542437 ], [ -75.187516789049397, 40.006936196424128 ], [ -75.183099108766967, 40.007142337153816 ], [ -75.182592786438661, 40.007166034187144 ], [ -75.18225108780932, 40.00718179340911 ], [ -75.181909386245479, 40.007197501095696 ], [ -75.181567690130208, 40.0072132763677 ], [ -75.181226012662336, 40.007229234849831 ], [ -75.180884368107684, 40.007245494893617 ], [ -75.18054276363695, 40.007262176494443 ], [ -75.180201214852175, 40.00727939352921 ], [ -75.179859864509268, 40.007299379194102 ], [ -75.17949583686817, 40.007330268309865 ], [ -75.179180801384206, 40.007365274424053 ], [ -75.178842549432787, 40.007405984825326 ], [ -75.178503538030128, 40.007442419954863 ], [ -75.178179909740876, 40.007475470308371 ], [ -75.177824975522881, 40.007512339652081 ], [ -75.177486254965245, 40.007550251471187 ], [ -75.177147716099867, 40.007589819726178 ], [ -75.176809937702686, 40.007632744984527 ], [ -75.176473880472329, 40.007682150068852 ], [ -75.176140272599895, 40.007741262524689 ], [ -75.175808480002743, 40.007806375815477 ], [ -75.175478788274134, 40.007877155780896 ], [ -75.175151737905125, 40.007954950762134 ], [ -75.174825741007481, 40.008035409322559 ], [ -75.174501353753044, 40.008119498119697 ], [ -75.174180201881939, 40.008210381053985 ], [ -75.173862557508201, 40.008308666135953 ], [ -75.173545182307848, 40.008407551969093 ], [ -75.173228816783137, 40.008508366147588 ], [ -75.172899767335508, 40.008628853982756 ], [ -75.172615987788575, 40.008742338168631 ], [ -75.172314979329087, 40.008867989561658 ], [ -75.172014785720961, 40.00899458472761 ], [ -75.171718077313756, 40.009125979605493 ], [ -75.171428931534734, 40.009266804198596 ], [ -75.171140818938056, 40.009408899199258 ], [ -75.17085302274306, 40.0095513925516 ], [ -75.170565491590224, 40.009694217330313 ], [ -75.170278169301554, 40.009837310105141 ], [ -75.170121838866024, 40.009915319234146 ], [ -75.169972226055364, 40.00975029935357 ], [ -75.169776429692661, 40.009534341465475 ], [ -75.169580635951206, 40.009318377866705 ], [ -75.169384852820755, 40.009102414142731 ], [ -75.169189078165076, 40.008886444839469 ] ] ] } },
{ "type": "Feature", "properties": { "MS_ID": "4360", "MS_Name": "Kenderton", "MS_Grade": "K-8" }, "geometry": { "type": "Polygon", "coordinates": [ [ [ -75.151799586902101, 40.010951326411387 ], [ -75.151428311603652, 40.010904609042456 ], [ -75.150883845434493, 40.010838385023092 ], [ -75.15109155559459, 40.009935608153931 ], [ -75.151246917918513, 40.009280230798247 ], [ -75.151369652148887, 40.008728562635739 ], [ -75.151453885777585, 40.008304667680875 ], [ -75.151603506394991, 40.0076665613758 ], [ -75.151921560965405, 40.006168522577639 ], [ -75.152236168982213, 40.004690958269734 ], [ -75.152550748902101, 40.003182838259605 ], [ -75.152926522504174, 40.001593941772107 ], [ -75.153271781536162, 40.000005964225323 ], [ -75.153375642978403, 39.99953571694784 ], [ -75.153430435011018, 39.99932290234041 ], [ -75.153516764290259, 39.998943682008132 ], [ -75.153566178221169, 39.998724918821267 ], [ -75.153609445003895, 39.998516597237568 ], [ -75.153786769151651, 39.997718116984636 ], [ -75.154114321169033, 39.99759946147784 ], [ -75.154424000201615, 39.99748737210632 ], [ -75.154733710195501, 39.997375333980365 ], [ -75.155043441373593, 39.997263327056139 ], [ -75.155353180309064, 39.99715133481174 ], [ -75.155662917087312, 39.997039340804712 ], [ -75.155972639589095, 39.996927324938724 ], [ -75.156282336831339, 39.996815268044465 ], [ -75.156591995352244, 39.996703154500572 ], [ -75.156704511511791, 39.996662382790745 ], [ -75.15690160774858, 39.996590963416921 ], [ -75.157211160558006, 39.996478679172412 ], [ -75.157520640489793, 39.996366281644995 ], [ -75.157830188757302, 39.996253754201838 ], [ -75.158136652901845, 39.996136676453347 ], [ -75.158444376261045, 39.996021077877373 ], [ -75.158753002554306, 39.995906686422721 ], [ -75.159103965504258, 39.995787685077396 ], [ -75.158927845079575, 39.996640395389804 ], [ -75.158713614132438, 39.997652155834722 ], [ -75.158581459306859, 39.998206235061588 ], [ -75.158600524087831, 39.998328302691021 ], [ -75.158996820399381, 39.998828117554744 ], [ -75.158622657239476, 39.999027408273108 ], [ -75.158812225465766, 39.999257262374762 ], [ -75.158996023520118, 39.999479236252398 ], [ -75.159180337412451, 39.999700925014487 ], [ -75.159365399833689, 39.999922217678751 ], [ -75.159561507923542, 40.000138163057301 ], [ -75.159771303179554, 40.000346684385214 ], [ -75.159990484020753, 40.000548785576598 ], [ -75.160220654240945, 40.000743763024346 ], [ -75.160464794109032, 40.00092885830361 ], [ -75.160721025743825, 40.001103237877189 ], [ -75.160980128647481, 40.001275047033552 ], [ -75.161240496930887, 40.001445843436528 ], [ -75.161501999840837, 40.001615707022822 ], [ -75.161764512443099, 40.001784718762401 ], [ -75.162027902745152, 40.0019529603683 ], [ -75.162292043402445, 40.002120514560424 ], [ -75.162556805934486, 40.002287463133378 ], [ -75.162822061963169, 40.002453885182128 ], [ -75.163087679534428, 40.002619892158783 ], [ -75.163353696511948, 40.002785904787025 ], [ -75.163620737066793, 40.002951223522366 ], [ -75.163682975978361, 40.002989097894108 ], [ -75.16385107540988, 40.003010034771599 ], [ -75.164286536810536, 40.003073138761948 ], [ -75.164233490395446, 40.003317107376837 ], [ -75.164166646031077, 40.003624523693347 ], [ -75.164103766706873, 40.003913706255958 ], [ -75.163942557551366, 40.004656818906476 ], [ -75.162661761060249, 40.004495862677487 ], [ -75.16205980369233, 40.004411363111885 ], [ -75.161242952051879, 40.004307516524946 ], [ -75.160495904395916, 40.004216526531508 ], [ -75.16039708600961, 40.004678600020277 ], [ -75.160180024422232, 40.00569355630023 ], [ -75.159381205307952, 40.005596441291395 ], [ -75.158602664202391, 40.005499191834758 ], [ -75.158278991805275, 40.006995350258343 ], [ -75.156711376213778, 40.006791236743389 ], [ -75.156539128697588, 40.007528480929054 ], [ -75.156377628108203, 40.008285714388848 ], [ -75.155577339393574, 40.008181700674939 ], [ -75.154801488249603, 40.008081776531533 ], [ -75.154465540226553, 40.009655724614888 ], [ -75.15367036090484, 40.009554092098085 ], [ -75.15287867430186, 40.00944804956422 ], [ -75.152541644535233, 40.011050209233204 ], [ -75.151799586902101, 40.010951326411387 ] ] ] } },
{ "type": "Feature", "properties": { "MS_ID": "4370", "MS_Name": "Overbrook Elementary", "MS_Grade": "K-8" }, "geometry": { "type": "Polygon", "coordinates": [ [ [ -75.250001983990245, 39.990010864134149 ], [ -75.249784791962654, 39.989699762474693 ], [ -75.249625397575016, 39.989466369359434 ], [ -75.249464251914489, 39.989233836131852 ], [ -75.249297760561518, 39.989003933304318 ], [ -75.249122321066992, 39.98877842758796 ], [ -75.248935358099871, 39.988558549437528 ], [ -75.248738848678229, 39.988343287720184 ], [ -75.248535531599813, 39.988131365005628 ], [ -75.24832811799277, 39.987921523100447 ], [ -75.248119317629659, 39.987712508306053 ], [ -75.247911808896816, 39.987503059952267 ], [ -75.247705863147615, 39.987292520833201 ], [ -75.247498910648503, 39.987082381929497 ], [ -75.247288440956765, 39.986874559862549 ], [ -75.247071935575619, 39.986670967455552 ], [ -75.246846048992111, 39.986474028356845 ], [ -75.246603301992081, 39.986288587086783 ], [ -75.246440543508157, 39.986175207043097 ], [ -75.24634908383014, 39.986111494104328 ], [ -75.246091540600119, 39.985937830142099 ], [ -75.245834138039967, 39.98576410286919 ], [ -75.24557536375363, 39.985591336148069 ], [ -75.245313699193119, 39.985421324040857 ], [ -75.245047635426232, 39.985255853598012 ], [ -75.24477566497535, 39.985096703778851 ], [ -75.244497713391979, 39.984943415213053 ], [ -75.244214772981152, 39.984794932837545 ], [ -75.243927382874944, 39.984651309834028 ], [ -75.243636087211883, 39.984512590488258 ], [ -75.243341419291099, 39.984378826963741 ], [ -75.243043408226754, 39.9842500225745 ], [ -75.242741994291833, 39.984125604761495 ], [ -75.242437907325709, 39.984004711878363 ], [ -75.242131887875587, 39.983886478014874 ], [ -75.241824670647432, 39.983770037140658 ], [ -75.241516994904899, 39.983654526936583 ], [ -75.241209168057779, 39.983539615345691 ], [ -75.240900244362024, 39.983426458387555 ], [ -75.240590411884099, 39.983314720491592 ], [ -75.240279984824198, 39.983203917480253 ], [ -75.239969271803588, 39.983093557849344 ], [ -75.239658586969767, 39.982983159228972 ], [ -75.239348237754413, 39.982872230996186 ], [ -75.239038536077857, 39.982760288035614 ], [ -75.238729792663491, 39.982646846109809 ], [ -75.23861339410108, 39.982603149821351 ], [ -75.238745520310957, 39.98238310185171 ], [ -75.239043607578807, 39.981951945720148 ], [ -75.239336432008997, 39.98144874926313 ], [ -75.239417827001915, 39.981284194784699 ], [ -75.239474887650616, 39.981115960767795 ], [ -75.239467835944794, 39.980915644536566 ], [ -75.239379719751213, 39.980425360503943 ], [ -75.239303598356258, 39.980016992209073 ], [ -75.239258846125693, 39.979755614339709 ], [ -75.239189215717261, 39.979416215726673 ], [ -75.239125842023839, 39.979070965940977 ], [ -75.239959888231468, 39.978972028742746 ], [ -75.24078976905453, 39.978888636602413 ], [ -75.241575704715274, 39.97880044785277 ], [ -75.242355952246029, 39.978713176428748 ], [ -75.243246597508019, 39.978610720268605 ], [ -75.24413970763122, 39.978518417505597 ], [ -75.245041223646012, 39.978412055657792 ], [ -75.246091182026262, 39.978301577196724 ], [ -75.247410558729214, 39.978153364887895 ], [ -75.247955343913091, 39.97808789189714 ], [ -75.248335481948686, 39.977970089109512 ], [ -75.248371855427933, 39.978120301429215 ], [ -75.24842942758778, 39.978296601807756 ], [ -75.248534557208004, 39.978538916430459 ], [ -75.248628270572183, 39.97870892987897 ], [ -75.24869932269641, 39.97881568180884 ], [ -75.248778747608029, 39.9789212908167 ], [ -75.248944677223221, 39.979107813621795 ], [ -75.249227094334529, 39.979450680883666 ], [ -75.249457364516687, 39.979711335555486 ], [ -75.249726803783815, 39.980032864357263 ], [ -75.249998181616306, 39.980343700298889 ], [ -75.250196349617823, 39.980581887017948 ], [ -75.251064657489735, 39.98160212773648 ], [ -75.251442749206589, 39.981409541706718 ], [ -75.251775292297026, 39.981245665910492 ], [ -75.25221053651191, 39.98101353192132 ], [ -75.252544651768403, 39.980771090371519 ], [ -75.252858668596232, 39.980491462826926 ], [ -75.253105595088584, 39.980181698136846 ], [ -75.253291513341665, 39.979878224493561 ], [ -75.25349726651325, 39.979534654664619 ], [ -75.253717004797167, 39.979278939637375 ], [ -75.253930353356623, 39.979068205885 ], [ -75.254253597655463, 39.978836494588592 ], [ -75.254471779098012, 39.978704422230194 ], [ -75.254819361351835, 39.978550010118632 ], [ -75.255024315473122, 39.978469700187468 ], [ -75.255458113457365, 39.978298594773371 ], [ -75.255923869999449, 39.978123017855417 ], [ -75.257699475404422, 39.977729351261154 ], [ -75.257753352753681, 39.977803072498538 ], [ -75.25779011548282, 39.977957792975339 ], [ -75.257802133757039, 39.978125969321951 ], [ -75.257857071386823, 39.978281084462431 ], [ -75.257912350106082, 39.978426878147083 ], [ -75.257925907800399, 39.978553108162785 ], [ -75.257919409773791, 39.978730211227486 ], [ -75.257939879612636, 39.978833270163008 ], [ -75.258036419219479, 39.978928652082402 ], [ -75.25812032954606, 39.979037753835385 ], [ -75.258193405994902, 39.979111636727509 ], [ -75.258131492768342, 39.979229231825713 ], [ -75.258083272223132, 39.979386771288986 ], [ -75.258090772078333, 39.979512870633812 ], [ -75.258158681929686, 39.97964494518304 ], [ -75.258207050298097, 39.979813910710583 ], [ -75.258257983642224, 39.979912966586539 ], [ -75.258338695998916, 39.980026662221725 ], [ -75.258384426172213, 39.980102283896031 ], [ -75.25841112644909, 39.980200814473029 ], [ -75.258437826836172, 39.980299344143248 ], [ -75.258531510376869, 39.980390000062698 ], [ -75.258607874939017, 39.980456957859261 ], [ -75.258714701469188, 39.980519912453467 ], [ -75.258796781701648, 39.980596323018304 ], [ -75.258853774881402, 39.980695511037801 ], [ -75.258852017130025, 39.980826073756681 ], [ -75.258979829345449, 39.980978104757376 ], [ -75.258984644271251, 39.981094816894057 ], [ -75.258875327995369, 39.981265023796205 ], [ -75.258766182158098, 39.98143056899054 ], [ -75.258640398878072, 39.981553775005217 ], [ -75.258565647697736, 39.981608123438399 ], [ -75.258467859121438, 39.98162932260071 ], [ -75.258369728555195, 39.981659842183376 ], [ -75.258317158134147, 39.981770644081116 ], [ -75.258336261654023, 39.981910987650828 ], [ -75.258368850128193, 39.982014310468372 ], [ -75.258322166994702, 39.982129904601678 ], [ -75.258306631433626, 39.982222852891091 ], [ -75.258249797263176, 39.982284587201654 ], [ -75.258116596745467, 39.982279362515051 ], [ -75.258028493998694, 39.982284446628967 ], [ -75.257999093501866, 39.98234211207626 ], [ -75.257993910755062, 39.982519497765885 ], [ -75.257908075195701, 39.982599623853353 ], [ -75.257787741915109, 39.982651670192972 ], [ -75.257737737268727, 39.98272346434004 ], [ -75.257756297013458, 39.983024496429628 ], [ -75.257792034270125, 39.983180141489314 ], [ -75.257799524871203, 39.983298733608294 ], [ -75.257818514388177, 39.983426686211416 ], [ -75.257872002040799, 39.983582716678079 ], [ -75.257865989730291, 39.983746565928257 ], [ -75.257885146553406, 39.983869965850175 ], [ -75.257973464647804, 39.984044973233281 ], [ -75.258003119968919, 39.984205041536939 ], [ -75.25808027370266, 39.984361585733353 ], [ -75.25815876484522, 39.984481720256042 ], [ -75.258296756010225, 39.984594035697782 ], [ -75.258388750785613, 39.984668911974843 ], [ -75.25841990895843, 39.984788017824322 ], [ -75.25841623552185, 39.98488814773544 ], [ -75.258448395671024, 39.984979945664406 ], [ -75.258563723636072, 39.985064439102352 ], [ -75.258738552028106, 39.985141114068803 ], [ -75.258955533329797, 39.985257231692373 ], [ -75.258727533098352, 39.985382559416664 ], [ -75.258567737044302, 39.985513104562493 ], [ -75.258500930731998, 39.985567680465287 ], [ -75.256896065541369, 39.986758250324243 ], [ -75.256296604286604, 39.98720179878692 ], [ -75.256119109880871, 39.987313021012916 ], [ -75.255697418815785, 39.987510663317117 ], [ -75.254000640135246, 39.988305893059476 ], [ -75.251467971899046, 39.989493599388325 ], [ -75.250821578617661, 39.989796712174275 ], [ -75.250097156671956, 39.990137181736664 ], [ -75.250001983990245, 39.990010864134149 ] ] ] } },
{ "type": "Feature", "properties": { "MS_ID": "4440", "MS_Name": "Allen, Ethel D", "MS_Grade": "K-8" }, "geometry": { "type": "Polygon", "coordinates": [ [ [ -75.177887038472591, 40.00012156895756 ], [ -75.176301083123903, 39.999922587768204 ], [ -75.175925338566074, 39.999870229693393 ], [ -75.175514526034945, 39.999807286321023 ], [ -75.175293399387741, 39.999778492493732 ], [ -75.174868390534058, 39.999712412716036 ], [ -75.174622755000314, 39.999691882385846 ], [ -75.174313531737752, 39.999654389562139 ], [ -75.174137219872947, 39.999630912143303 ], [ -75.173831294429306, 39.999588710336909 ], [ -75.173659409012686, 39.999570697039815 ], [ -75.173283639609537, 39.99951770076661 ], [ -75.173602053938041, 39.99803637189094 ], [ -75.173692576928104, 39.997617637190928 ], [ -75.173769058476907, 39.997262288867653 ], [ -75.173846788460082, 39.996912549393699 ], [ -75.173949400465006, 39.996433541437845 ], [ -75.174038467225841, 39.9960245155997 ], [ -75.174547480314772, 39.996087238988324 ], [ -75.175571272141582, 39.996219469420403 ], [ -75.175652938774093, 39.996202787880335 ], [ -75.177062696511385, 39.996373576490917 ], [ -75.177133546462045, 39.996021750104205 ], [ -75.177218179749602, 39.995650340091977 ], [ -75.177303299835245, 39.995240115472185 ], [ -75.177627390683114, 39.993746384401497 ], [ -75.178187784598123, 39.99381253198284 ], [ -75.178651743405055, 39.993871756525905 ], [ -75.179248026300385, 39.993964890716256 ], [ -75.17984491495443, 39.99403339450312 ], [ -75.180313719402449, 39.994099363009788 ], [ -75.180890217578266, 39.994168545511492 ], [ -75.181432829410554, 39.994245677786139 ], [ -75.181903074945865, 39.994297651369152 ], [ -75.182464030803914, 39.994366558356987 ], [ -75.182780975726018, 39.992882286376144 ], [ -75.182851602191363, 39.992559874632335 ], [ -75.182872631407022, 39.992499454725419 ], [ -75.182947308724138, 39.992132675019619 ], [ -75.183032700854653, 39.991716851483069 ], [ -75.183101998414003, 39.991387944261952 ], [ -75.18470028526923, 39.991589119541175 ], [ -75.185599421751093, 39.991700477966816 ], [ -75.185810157871785, 39.992076620483573 ], [ -75.186149354419982, 39.992663518096165 ], [ -75.194933748877546, 39.9940881069925 ], [ -75.193912073727503, 39.995333113315091 ], [ -75.193873154099521, 39.995380540585423 ], [ -75.192489521704218, 39.997189339779773 ], [ -75.192099753041163, 39.998256124712817 ], [ -75.191738293170658, 39.999549668698542 ], [ -75.19051987452012, 39.999642803588813 ], [ -75.189577831961458, 39.999896811291215 ], [ -75.188815724785499, 40.000205526644876 ], [ -75.188561073164792, 40.000256228164218 ], [ -75.188448542793424, 40.000273006903818 ], [ -75.188288794404571, 40.000274281499806 ], [ -75.188113649415257, 40.000271489307906 ], [ -75.187743421807781, 40.000254142455994 ], [ -75.187512044538337, 40.000250794308165 ], [ -75.187341555814399, 40.000261523586055 ], [ -75.187196480962456, 40.000287353234036 ], [ -75.186950217276959, 40.000365426393167 ], [ -75.186845303191689, 40.000418622982281 ], [ -75.186708430893617, 40.000512636059888 ], [ -75.186584835371775, 40.000595263882119 ], [ -75.186397606938058, 40.000736424561424 ], [ -75.186012406911175, 40.001053024540496 ], [ -75.185912547974127, 40.001132547160466 ], [ -75.185802393358159, 40.001234552348905 ], [ -75.177887038472591, 40.00012156895756 ] ] ] } },
{ "type": "Feature", "properties": { "MS_ID": "4460", "MS_Name": "Duckrey, Tanner", "MS_Grade": "K-8" }, "geometry": { "type": "Polygon", "coordinates": [ [ [ -75.154710323232962, 39.993406694494212 ], [ -75.154950080644554, 39.992354068813555 ], [ -75.1552710646977, 39.99085430180368 ], [ -75.155499898775389, 39.98979440941477 ], [ -75.155593106021954, 39.98937048713281 ], [ -75.155935897467614, 39.987878554987873 ], [ -75.156276371490634, 39.986284634879105 ], [ -75.156613909741495, 39.984700031799335 ], [ -75.156915778236083, 39.983220970078428 ], [ -75.1572554738771, 39.981694821044428 ], [ -75.15889700821441, 39.981915040873034 ], [ -75.160470749277096, 39.982129650958669 ], [ -75.160146718267001, 39.983628898433622 ], [ -75.160051875126143, 39.984070259270354 ], [ -75.159955617642566, 39.984505307145035 ], [ -75.159812118030487, 39.985149374337254 ], [ -75.161383372872649, 39.985340495711945 ], [ -75.162951247186115, 39.985543730646725 ], [ -75.163615119041808, 39.9856362236481 ], [ -75.163748437167811, 39.985658196097646 ], [ -75.164518340278363, 39.985760603768917 ], [ -75.165317674596253, 39.985862954522091 ], [ -75.166098831869363, 39.985967163689345 ], [ -75.165763440449226, 39.987515001890294 ], [ -75.164977218866227, 39.987422261124223 ], [ -75.164185086305025, 39.987312077754218 ], [ -75.163842617076696, 39.988907785078524 ], [ -75.163501808997822, 39.990402590136924 ], [ -75.163183884196584, 39.991891659821341 ], [ -75.162941799049278, 39.993044584418065 ], [ -75.162850181309039, 39.993481241024035 ], [ -75.163208755544204, 39.993324243819174 ], [ -75.163750194637231, 39.993967407460161 ], [ -75.163645506285718, 39.994015792031441 ], [ -75.163350493459006, 39.994148322421033 ], [ -75.1630529504706, 39.994277649610297 ], [ -75.162753452252531, 39.99440405774353 ], [ -75.162451670763176, 39.994527825031952 ], [ -75.162148512958709, 39.994649222386698 ], [ -75.161843567962194, 39.99476851894601 ], [ -75.161632026721676, 39.99484964644877 ], [ -75.161537185104763, 39.994885985669384 ], [ -75.161229784186915, 39.995001919436739 ], [ -75.160921358987466, 39.995116575987758 ], [ -75.160612381076149, 39.995230246167729 ], [ -75.160458845033475, 39.995286151429184 ], [ -75.160302278196028, 39.995343160335779 ], [ -75.159992421765352, 39.995455666584405 ], [ -75.159682244373528, 39.995567990880481 ], [ -75.159372142837526, 39.995680417888288 ], [ -75.159103965504258, 39.995787685077396 ], [ -75.158753002554306, 39.995906686422721 ], [ -75.158444376261045, 39.996021077877373 ], [ -75.158136652901845, 39.996136676453347 ], [ -75.157830188757302, 39.996253754201838 ], [ -75.157520640489793, 39.996366281644995 ], [ -75.157211160558006, 39.996478679172412 ], [ -75.15690160774858, 39.996590963416921 ], [ -75.156704511511791, 39.996662382790745 ], [ -75.156591995352244, 39.996703154500572 ], [ -75.156282336831339, 39.996815268044465 ], [ -75.155972639589095, 39.996927324938724 ], [ -75.155662917087312, 39.997039340804712 ], [ -75.155353180309064, 39.99715133481174 ], [ -75.155043441373593, 39.997263327056139 ], [ -75.154733710195501, 39.997375333980365 ], [ -75.154424000201615, 39.99748737210632 ], [ -75.154114321169033, 39.99759946147784 ], [ -75.153786769151651, 39.997718116984636 ], [ -75.15398545407642, 39.996783091884886 ], [ -75.154142688781448, 39.995992730083323 ], [ -75.154253957670178, 39.99552675657381 ], [ -75.154319378893987, 39.995223125129641 ], [ -75.154392629961905, 39.994872289778023 ], [ -75.154588884874912, 39.993939566029937 ], [ -75.154638603114094, 39.993720562504734 ], [ -75.154655758343992, 39.993644998185736 ], [ -75.154710323232962, 39.993406694494212 ] ] ] } },
{ "type": "Feature", "properties": { "MS_ID": "4520", "MS_Name": "Bluford, Guion", "MS_Grade": "K-8" }, "geometry": { "type": "Polygon", "coordinates": [ [ [ -75.233808258017646, 39.97726930314024 ], [ -75.233691147223553, 39.976643925147776 ], [ -75.232772501400191, 39.976747214512883 ], [ -75.231783297497515, 39.976853255058813 ], [ -75.231491480844042, 39.975305968165912 ], [ -75.231194879937476, 39.973710762005055 ], [ -75.230956047790812, 39.972431121830894 ], [ -75.230665926749822, 39.970895715332091 ], [ -75.2301313025864, 39.970951605867114 ], [ -75.229701820469373, 39.971000977136825 ], [ -75.229274885290891, 39.971046450091158 ], [ -75.228736326773515, 39.971108667353086 ], [ -75.227989495280795, 39.971190995654261 ], [ -75.22723186273781, 39.971275051252178 ], [ -75.226567762079782, 39.971345030936632 ], [ -75.225842370621791, 39.971431757830416 ], [ -75.225834915924196, 39.971365668757734 ], [ -75.225616916822474, 39.970480214640908 ], [ -75.225373672335479, 39.969518809027832 ], [ -75.225214397366798, 39.968589693308019 ], [ -75.225141030365521, 39.968146717047709 ], [ -75.225046875009355, 39.967586318419023 ], [ -75.224963960184127, 39.967111859143117 ], [ -75.22488803837112, 39.966643982292851 ], [ -75.224813391064345, 39.966207211535632 ], [ -75.224741994181088, 39.965766217184019 ], [ -75.224641250821961, 39.965184962705948 ], [ -75.224591245958251, 39.964897037474081 ], [ -75.225141980385729, 39.965093898612395 ], [ -75.225463412993264, 39.965205603412343 ], [ -75.22556752561762, 39.965170780216901 ], [ -75.225750875384449, 39.965011065857176 ], [ -75.225844624338919, 39.964944331733754 ], [ -75.225934595991859, 39.964904030803751 ], [ -75.226109994502607, 39.964880509679759 ], [ -75.22600799891535, 39.964251054527615 ], [ -75.22620387041475, 39.963330763928788 ], [ -75.226518888536873, 39.961813839321792 ], [ -75.227160734198648, 39.961893461633018 ], [ -75.227671772353062, 39.961956483381094 ], [ -75.228319507687388, 39.962034653689877 ], [ -75.228900051657433, 39.962108580531364 ], [ -75.229439388705856, 39.962172316173991 ], [ -75.229977894576223, 39.962241470319668 ], [ -75.230552802930831, 39.962311037464822 ], [ -75.23111700353796, 39.962385276152332 ], [ -75.232528655840454, 39.962558783241477 ], [ -75.233223610673406, 39.962644976846541 ], [ -75.23381051701584, 39.962713922148495 ], [ -75.234540185657764, 39.96280875270849 ], [ -75.234459329390091, 39.963200941933835 ], [ -75.234376354155273, 39.963565807028502 ], [ -75.234224567679249, 39.964326150828242 ], [ -75.234063280173189, 39.965086532123166 ], [ -75.233904238080555, 39.965847997738422 ], [ -75.234855082819337, 39.965963696050636 ], [ -75.235842946512903, 39.96608663788394 ], [ -75.236505074012058, 39.966168230655015 ], [ -75.237161454850281, 39.96625200566946 ], [ -75.237818473056095, 39.966331409314456 ], [ -75.237502714634616, 39.967855480246634 ], [ -75.237283291284271, 39.968900118372588 ], [ -75.237241276005051, 39.968978565083177 ], [ -75.237293445503568, 39.969261160104054 ], [ -75.237456158177594, 39.970142539223403 ], [ -75.238289302958762, 39.970049354997684 ], [ -75.239046020943604, 39.96996385280201 ], [ -75.239134528254453, 39.969894156939084 ], [ -75.239132095148676, 39.969754754208566 ], [ -75.239479226329095, 39.968098598180006 ], [ -75.240464813077566, 39.968218936673665 ], [ -75.241452977114704, 39.968341677267247 ], [ -75.242124473737775, 39.968425250108275 ], [ -75.242755475173979, 39.968501825409604 ], [ -75.243428775588896, 39.968584480317844 ], [ -75.244416013990346, 39.968707975928204 ], [ -75.245473913840002, 39.968837805800128 ], [ -75.24515909619268, 39.970360891199675 ], [ -75.244863564164021, 39.971775639167802 ], [ -75.244885639289606, 39.971855249816322 ], [ -75.244951117302747, 39.972186470248452 ], [ -75.245248238777492, 39.97377965868526 ], [ -75.245541286389241, 39.97533147813126 ], [ -75.246091182026262, 39.978301577196724 ], [ -75.245041223646012, 39.978412055657792 ], [ -75.24413970763122, 39.978518417505597 ], [ -75.243246597508019, 39.978610720268605 ], [ -75.242355952246029, 39.978713176428748 ], [ -75.241575704715274, 39.97880044785277 ], [ -75.24078976905453, 39.978888636602413 ], [ -75.239959888231468, 39.978972028742746 ], [ -75.239125842023839, 39.979070965940977 ], [ -75.239189215717261, 39.979416215726673 ], [ -75.239258846125693, 39.979755614339709 ], [ -75.239303598356258, 39.980016992209073 ], [ -75.239379719751213, 39.980425360503943 ], [ -75.239467835944794, 39.980915644536566 ], [ -75.239474887650616, 39.981115960767795 ], [ -75.239417827001915, 39.981284194784699 ], [ -75.239336432008997, 39.98144874926313 ], [ -75.239043607578807, 39.981951945720148 ], [ -75.238745520310957, 39.98238310185171 ], [ -75.23861339410108, 39.982603149821351 ], [ -75.238422315933903, 39.982531420033233 ], [ -75.238116124362961, 39.982413985893089 ], [ -75.237810940882042, 39.982294973715256 ], [ -75.237506534048208, 39.982174751452078 ], [ -75.237202665491978, 39.982053684198895 ], [ -75.236899102590144, 39.9819321398775 ], [ -75.236595610473941, 39.981810483655146 ], [ -75.236291953066413, 39.981689081571048 ], [ -75.235987896459392, 39.981568304214896 ], [ -75.235683205969437, 39.981448511344695 ], [ -75.235377642930956, 39.981330075243108 ], [ -75.235070979539017, 39.981213359418042 ], [ -75.234763556595993, 39.981097826228613 ], [ -75.234455923652149, 39.980982614650586 ], [ -75.234148102501706, 39.980867705338326 ], [ -75.233959105634696, 39.980797363223608 ], [ -75.234046163469216, 39.980403127769925 ], [ -75.234141873352399, 39.979603445025951 ], [ -75.234171976325044, 39.979264333464464 ], [ -75.234169498340819, 39.97917886302244 ], [ -75.23408204704694, 39.978734035672844 ], [ -75.234014753833506, 39.978362870427461 ], [ -75.23391622064608, 39.977824372158395 ], [ -75.233836197690351, 39.977420708976631 ], [ -75.233808258017646, 39.97726930314024 ] ] ] } },
{ "type": "Feature", "properties": { "MS_ID": "4530", "MS_Name": "Gideon, Edward", "MS_Grade": "K-8" }, "geometry": { "type": "Polygon", "coordinates": [ [ [ -75.175411024705284, 39.987157035800735 ], [ -75.176089540528679, 39.98680021919035 ], [ -75.175609382233816, 39.98627515162319 ], [ -75.175217451445448, 39.985853437673278 ], [ -75.175271358930885, 39.985598296477903 ], [ -75.174694324263683, 39.985507649479274 ], [ -75.174795840659201, 39.985068104278497 ], [ -75.175027115445289, 39.984015354628639 ], [ -75.175313484300602, 39.982713200689865 ], [ -75.17534449995452, 39.982518657081911 ], [ -75.175910899786416, 39.982582444247164 ], [ -75.176367903413151, 39.98265172506332 ], [ -75.176933587046875, 39.98271409270523 ], [ -75.177477758938508, 39.982784443953406 ], [ -75.177977639435582, 39.982854088318938 ], [ -75.178535971308278, 39.982920887401079 ], [ -75.179057451904157, 39.982991331746902 ], [ -75.179465747076193, 39.983050154653036 ], [ -75.179952325564386, 39.983109186632312 ], [ -75.180528931263851, 39.983181660562181 ], [ -75.180963249028437, 39.983239565014927 ], [ -75.181481826664793, 39.983303114408457 ], [ -75.181579810126379, 39.983314721911796 ], [ -75.181907948570981, 39.981788588008477 ], [ -75.182020721796832, 39.981297252490968 ], [ -75.182108533432427, 39.980894855703546 ], [ -75.182216771470564, 39.980374948449096 ], [ -75.182806686699138, 39.980443549243155 ], [ -75.183281082780482, 39.980507341511043 ], [ -75.183839377073738, 39.980586237363617 ], [ -75.184423524027878, 39.980669960285454 ], [ -75.185498616934993, 39.980805936179294 ], [ -75.186323240197879, 39.980916215400391 ], [ -75.186722795278413, 39.980961081515794 ], [ -75.186493990668268, 39.981109395560715 ], [ -75.186232507017479, 39.981279170993581 ], [ -75.185971226007979, 39.981449127885313 ], [ -75.185710170262567, 39.981619287465904 ], [ -75.185449369356945, 39.981789672923036 ], [ -75.185188843573656, 39.981960305435045 ], [ -75.184928617908653, 39.982131205384597 ], [ -75.18487731999933, 39.982165003582075 ], [ -75.184668745493681, 39.982302423517027 ], [ -75.184409714895651, 39.982474389725873 ], [ -75.184151580278936, 39.9826471583875 ], [ -75.183894211481984, 39.982820609466415 ], [ -75.183637469050581, 39.982994620916031 ], [ -75.18338122162055, 39.983169073572668 ], [ -75.183125329738147, 39.983343845387225 ], [ -75.182929858480406, 39.983477625177066 ], [ -75.182869665448678, 39.983518819972893 ], [ -75.182614086993098, 39.983693874325631 ], [ -75.182358464213138, 39.983868888402846 ], [ -75.182102659997511, 39.984043740203028 ], [ -75.181846542848277, 39.984218314156237 ], [ -75.181589994903106, 39.984392505808579 ], [ -75.181307071729776, 39.98458472238066 ], [ -75.181077173662771, 39.984741139602214 ], [ -75.180820856223548, 39.984915541111981 ], [ -75.180564376496477, 39.985089800590181 ], [ -75.180307568135376, 39.985263763842489 ], [ -75.180050259875088, 39.985437282869832 ], [ -75.179792281791563, 39.985610205196963 ], [ -75.179523110808617, 39.985789123900908 ], [ -75.179272884522263, 39.985953153660745 ], [ -75.179009880205555, 39.986121580118663 ], [ -75.178743502953864, 39.986286711125828 ], [ -75.178472695568772, 39.986447791350813 ], [ -75.178195957341828, 39.98660275535412 ], [ -75.177913384392085, 39.986751169156904 ], [ -75.17763012508459, 39.98689880645459 ], [ -75.177346692168584, 39.987046262590603 ], [ -75.177063092462816, 39.987193543122501 ], [ -75.176782679438901, 39.987338918507284 ], [ -75.175411024705284, 39.987157035800735 ] ] ] } },
{ "type": "Feature", "properties": { "MS_ID": "4560", "MS_Name": "Kelley, William D", "MS_Grade": "K-8" }, "geometry": { "type": "Polygon", "coordinates": [ [ [ -75.175910899786416, 39.982582444247164 ], [ -75.17534449995452, 39.982518657081911 ], [ -75.175313484300602, 39.982713200689865 ], [ -75.174992518790532, 39.982461103622988 ], [ -75.173908866419779, 39.98166905425991 ], [ -75.173972333599878, 39.981363588592927 ], [ -75.174099376273958, 39.980777765427909 ], [ -75.174201792836655, 39.98027882369307 ], [ -75.174291600324295, 39.979838764782095 ], [ -75.174394704022532, 39.97938126690061 ], [ -75.172800971147538, 39.979161767072178 ], [ -75.172818822733717, 39.97907376237837 ], [ -75.172871291786763, 39.979052105398196 ], [ -75.172931280976599, 39.979026468103854 ], [ -75.172962978189503, 39.978985721589524 ], [ -75.172991759083502, 39.97883147385479 ], [ -75.173003448185611, 39.97876882581722 ], [ -75.172999861411043, 39.978749579828062 ], [ -75.172994519256164, 39.978720913073907 ], [ -75.172960196738543, 39.978693185827339 ], [ -75.172902512794167, 39.978679188881593 ], [ -75.172968127087202, 39.978408177999867 ], [ -75.173127753545728, 39.977751700238606 ], [ -75.173405951614285, 39.977784690664912 ], [ -75.173855804245761, 39.977838020656776 ], [ -75.174703886555733, 39.97793852162858 ], [ -75.176300858651487, 39.978140098415601 ], [ -75.17710442702699, 39.978253014542837 ], [ -75.177888884397504, 39.978355998185357 ], [ -75.178694522303289, 39.97846900801477 ], [ -75.179482831319248, 39.978557606628677 ], [ -75.179861772655528, 39.978607358478946 ], [ -75.18018551683241, 39.978650077745762 ], [ -75.180317476584776, 39.978666542404532 ], [ -75.180907018363513, 39.978740588882879 ], [ -75.181460189160049, 39.978814630070225 ], [ -75.18192679331861, 39.97887967381515 ], [ -75.182526999838601, 39.978957744698533 ], [ -75.183115877509863, 39.979030826912577 ], [ -75.183582363416036, 39.979083484042789 ], [ -75.18413796951701, 39.979160412047385 ], [ -75.184700253988936, 39.979225395072916 ], [ -75.185728634669076, 39.979362089304928 ], [ -75.187318617876883, 39.979581975406575 ], [ -75.188590283894214, 39.979755160969134 ], [ -75.188328042447111, 39.979924256388351 ], [ -75.188065810989286, 39.980093362271923 ], [ -75.18780361458623, 39.980262497199504 ], [ -75.187541476929638, 39.980431685126739 ], [ -75.187279421812988, 39.98060094730856 ], [ -75.18701747299545, 39.980770305900201 ], [ -75.186722795278413, 39.980961081515794 ], [ -75.186323240197879, 39.980916215400391 ], [ -75.185498616934993, 39.980805936179294 ], [ -75.184423524027878, 39.980669960285454 ], [ -75.183839377073738, 39.980586237363617 ], [ -75.183281082780482, 39.980507341511043 ], [ -75.182806686699138, 39.980443549243155 ], [ -75.182216771470564, 39.980374948449096 ], [ -75.182108533432427, 39.980894855703546 ], [ -75.182020721796832, 39.981297252490968 ], [ -75.181907948570981, 39.981788588008477 ], [ -75.181579810126379, 39.983314721911796 ], [ -75.181481826664793, 39.983303114408457 ], [ -75.180963249028437, 39.983239565014927 ], [ -75.180528931263851, 39.983181660562181 ], [ -75.179952325564386, 39.983109186632312 ], [ -75.179465747076193, 39.983050154653036 ], [ -75.179057451904157, 39.982991331746902 ], [ -75.178535971308278, 39.982920887401079 ], [ -75.177977639435582, 39.982854088318938 ], [ -75.177477758938508, 39.982784443953406 ], [ -75.176933587046875, 39.98271409270523 ], [ -75.176367903413151, 39.98265172506332 ], [ -75.175910899786416, 39.982582444247164 ] ] ] } },
{ "type": "Feature", "properties": { "MS_ID": "4570", "MS_Name": "Meade, General George G", "MS_Grade": "K-8" }, "geometry": { "type": "Polygon", "coordinates": [ [ [ -75.160470749277096, 39.982129650958669 ], [ -75.15889700821441, 39.981915040873034 ], [ -75.1572554738771, 39.981694821044428 ], [ -75.157582797319805, 39.980224194510946 ], [ -75.157915626067123, 39.978708863326993 ], [ -75.158239623958735, 39.977281450598085 ], [ -75.15822792908628, 39.977217108818159 ], [ -75.158526998487773, 39.975851545068728 ], [ -75.158783295907838, 39.974483739989985 ], [ -75.159057703687694, 39.973206128900557 ], [ -75.15923764108679, 39.972385269795133 ], [ -75.159441966579152, 39.971468323386603 ], [ -75.159703291665124, 39.970203112066145 ], [ -75.159853416326115, 39.970221629022987 ], [ -75.160560719901028, 39.970320887387722 ], [ -75.161404538443918, 39.970429631873678 ], [ -75.162981268304378, 39.970624201717911 ], [ -75.164555161782829, 39.970817943351797 ], [ -75.165311331532791, 39.970911444385585 ], [ -75.165618189230329, 39.971192002497197 ], [ -75.165778801455389, 39.971340492220719 ], [ -75.165972893576111, 39.971608896715722 ], [ -75.166272108558545, 39.97203764288151 ], [ -75.166539675023174, 39.972381597428608 ], [ -75.167220148978032, 39.97339870716462 ], [ -75.16773195706557, 39.974320808202691 ], [ -75.168055032335801, 39.97487099232697 ], [ -75.1681453247881, 39.975035024475979 ], [ -75.168263449167256, 39.975260196643987 ], [ -75.169144903415003, 39.975168563448143 ], [ -75.170401710995137, 39.975039382279832 ], [ -75.172092336418629, 39.974855903415154 ], [ -75.171981105194291, 39.975398084239707 ], [ -75.171971123751717, 39.975463804263349 ], [ -75.171912462896458, 39.975772355686367 ], [ -75.171814507730872, 39.976165127688503 ], [ -75.171735554426974, 39.976506748042375 ], [ -75.171728095313028, 39.976533128813692 ], [ -75.171671373078283, 39.976839334217594 ], [ -75.171595692898464, 39.977180490136931 ], [ -75.171528309539383, 39.977538864296669 ], [ -75.17143377989791, 39.977917570721083 ], [ -75.171354488466392, 39.97825182831366 ], [ -75.171307803003913, 39.978506134590653 ], [ -75.1712943213969, 39.978579246226225 ], [ -75.171214292524155, 39.978953555245269 ], [ -75.170600379145597, 39.978879942666701 ], [ -75.170288535047405, 39.978846340549701 ], [ -75.169974461906392, 39.978280100894736 ], [ -75.169776946512044, 39.977958280703788 ], [ -75.169677925442372, 39.978397752019632 ], [ -75.169603109806175, 39.978753420022272 ], [ -75.167731973204354, 39.978508341281326 ], [ -75.167628020440858, 39.978986372610393 ], [ -75.167530471721079, 39.97940596581951 ], [ -75.167420312430124, 39.979926190612574 ], [ -75.166635530325877, 39.979815293853029 ], [ -75.165850703737831, 39.979715263217045 ], [ -75.165511432765143, 39.981245061241033 ], [ -75.164724688006274, 39.981146009007773 ], [ -75.16393580353899, 39.981039133657539 ], [ -75.163156658392936, 39.980942851162624 ], [ -75.162360087668489, 39.980838137865717 ], [ -75.162054280120643, 39.982330749241548 ], [ -75.161255609070253, 39.982223071869946 ], [ -75.160470749277096, 39.982129650958669 ] ] ] } },
{ "type": "Feature", "properties": { "MS_ID": "5160", "MS_Name": "Penn Treaty HS", "MS_Grade": "6-12" }, "geometry": { "type": "MultiPolygon", "coordinates": [ [ [ [ -75.133190652634255, 39.98013574784725 ], [ -75.133510383380482, 39.97864336608496 ], [ -75.133835011366628, 39.97714905360862 ], [ -75.134004196312901, 39.97633249510141 ], [ -75.134219216796367, 39.975365593783962 ], [ -75.134333934112917, 39.974994169051698 ], [ -75.134343497408537, 39.97491896587055 ], [ -75.134556454645605, 39.974257541883489 ], [ -75.134930900500208, 39.973061242059835 ], [ -75.135308538504148, 39.971860497177126 ], [ -75.135775233645361, 39.970339869577586 ], [ -75.136224615776513, 39.968882803510766 ], [ -75.136791505062405, 39.968990817810408 ], [ -75.137253520396115, 39.969075785304753 ], [ -75.137764512438608, 39.969169478681032 ], [ -75.138006048129483, 39.969219363475865 ], [ -75.138498291865446, 39.969312315896936 ], [ -75.138998801153392, 39.969407424798952 ], [ -75.139579621843822, 39.969516032266746 ], [ -75.14066667180019, 39.969653554896873 ], [ -75.141518179301471, 39.969759299275118 ], [ -75.142370699129998, 39.969867105602212 ], [ -75.143095361071161, 39.969955764342949 ], [ -75.142838706394642, 39.971195234872056 ], [ -75.142581834627563, 39.972389594892668 ], [ -75.142477337689982, 39.972889311393054 ], [ -75.142302189969328, 39.9737316839839 ], [ -75.142119437782611, 39.974587830488609 ], [ -75.142073432923979, 39.97467849821701 ], [ -75.142198581953053, 39.975212897741983 ], [ -75.142378075211383, 39.975859349607674 ], [ -75.142616289236244, 39.976751180765277 ], [ -75.143026086479409, 39.97823389715915 ], [ -75.143140468668051, 39.978367394197434 ], [ -75.143033345640362, 39.97900298334401 ], [ -75.142867719367715, 39.979852615528138 ], [ -75.142108295743427, 39.979762401956854 ], [ -75.141937134182328, 39.979740985557818 ], [ -75.141511252244356, 39.979681680500775 ], [ -75.141021889731647, 39.979618813282947 ], [ -75.14082165519423, 39.980528987119577 ], [ -75.140686926025268, 39.98112361719604 ], [ -75.140370751178864, 39.982602963060202 ], [ -75.139868617417804, 39.982537431291895 ], [ -75.139364976462062, 39.982474354348405 ], [ -75.138918060642183, 39.982413350565402 ], [ -75.138810843293015, 39.982400671924928 ], [ -75.13813899339722, 39.982313649610639 ], [ -75.137443982436793, 39.982224063368413 ], [ -75.136849627525223, 39.982148242970013 ], [ -75.136314692255382, 39.982077524588803 ], [ -75.135781483491925, 39.982010482253401 ], [ -75.134870659914014, 39.981888470214876 ], [ -75.133923406037937, 39.981770568866139 ], [ -75.133410809436853, 39.981699372023627 ], [ -75.132881583994191, 39.981632652884151 ], [ -75.132880083007379, 39.981546863611705 ], [ -75.133190652634255, 39.98013574784725 ] ] ], [ [ [ -75.122029413197041, 39.974313319019082 ], [ -75.122592336291632, 39.973748580094764 ], [ -75.122688304178794, 39.973955727989392 ], [ -75.123391600831411, 39.974404440822944 ], [ -75.12384343234244, 39.9746955226422 ], [ -75.124321095011396, 39.975004050973155 ], [ -75.124710859675176, 39.97524935772902 ], [ -75.125202798993243, 39.975559228786388 ], [ -75.125299877728921, 39.975592788805905 ], [ -75.126136391602088, 39.976083143560061 ], [ -75.126542304018514, 39.97632123087444 ], [ -75.126960892712134, 39.976563314164622 ], [ -75.127069000547053, 39.976623585188058 ], [ -75.127402015206371, 39.976846682302153 ], [ -75.127569691831198, 39.976919579730186 ], [ -75.128629449907692, 39.977534656124327 ], [ -75.129510378228645, 39.978048164045276 ], [ -75.129952476673779, 39.978303287119878 ], [ -75.130449447329923, 39.978590160699376 ], [ -75.130920757393028, 39.978864734862952 ], [ -75.131777086543565, 39.97936578765308 ], [ -75.133017240242239, 39.98012059107544 ], [ -75.132653344855726, 39.980338739702916 ], [ -75.131831907318173, 39.980765502527952 ], [ -75.131366554910073, 39.981010901517053 ], [ -75.130930079334135, 39.981234623995583 ], [ -75.130338305844134, 39.981550017731983 ], [ -75.129735596009283, 39.981861175408667 ], [ -75.129335235616338, 39.982070909171512 ], [ -75.129144722451912, 39.982170561326441 ], [ -75.128986107546751, 39.982253445557802 ], [ -75.128553822810147, 39.982481026760375 ], [ -75.127978700500989, 39.982786761640675 ], [ -75.127398837248151, 39.983081702845745 ], [ -75.126822453174469, 39.983386960925053 ], [ -75.126228123779427, 39.983696416519443 ], [ -75.125065566354237, 39.984304987267187 ], [ -75.124655975269633, 39.98452791773672 ], [ -75.123928492110039, 39.984903403068415 ], [ -75.121510749783312, 39.986166889365919 ], [ -75.121212655555297, 39.985821976362196 ], [ -75.120906642036871, 39.985481406064366 ], [ -75.120252061066907, 39.984756703332479 ], [ -75.119690852960389, 39.984113399154587 ], [ -75.119190362952182, 39.983550142775734 ], [ -75.119135870180443, 39.983486000889378 ], [ -75.118523417219507, 39.982826673998353 ], [ -75.117713447791871, 39.981893242481249 ], [ -75.117355141482875, 39.981482857133308 ], [ -75.117697344994028, 39.980905818752724 ], [ -75.118324528069024, 39.979517456904333 ], [ -75.118611387167221, 39.978880482777257 ], [ -75.119764292747092, 39.976370359570765 ], [ -75.119970952438294, 39.975912434907883 ], [ -75.120945944076553, 39.975361061880882 ], [ -75.121045545977083, 39.975271732596347 ], [ -75.12161763813323, 39.974708468700335 ], [ -75.122029413197041, 39.974313319019082 ] ] ] ] } },
{ "type": "Feature", "properties": { "MS_ID": "5170", "MS_Name": "deBurgos, Julia", "MS_Grade": "K-8" }, "geometry": { "type": "Polygon", "coordinates": [ [ [ -75.131088115463825, 39.995035612799526 ], [ -75.130628724669265, 39.994709901542876 ], [ -75.13016923992879, 39.99438670726849 ], [ -75.129496978641086, 39.993869232807455 ], [ -75.129280458882008, 39.993699377472957 ], [ -75.128889442988978, 39.993372103299826 ], [ -75.128475089755739, 39.992960955217434 ], [ -75.127546493031261, 39.992086888554418 ], [ -75.127111320392359, 39.991717809559425 ], [ -75.126830487798216, 39.991404731965424 ], [ -75.126710735145366, 39.991301669390808 ], [ -75.126244039825991, 39.990868405313527 ], [ -75.126191324969653, 39.990814106384825 ], [ -75.12579668763162, 39.990461431903405 ], [ -75.125750534448571, 39.990386642956814 ], [ -75.12581548092534, 39.990321253648283 ], [ -75.12594819181092, 39.990231008067177 ], [ -75.127031519392133, 39.990387163082374 ], [ -75.128975415900385, 39.990641759039711 ], [ -75.130898898138341, 39.990891051659261 ], [ -75.131438123591522, 39.990961523158226 ], [ -75.131960356655156, 39.991031196350804 ], [ -75.132420530012624, 39.991084433589037 ], [ -75.132893672781051, 39.991145087284416 ], [ -75.133348283982755, 39.991202409839474 ], [ -75.133804484375545, 39.991260856138112 ], [ -75.134333867235583, 39.99133132472361 ], [ -75.134869142315338, 39.99140896839522 ], [ -75.135466375548575, 39.991480483817242 ], [ -75.136159956462009, 39.991566016162068 ], [ -75.137348534275347, 39.991730424426088 ], [ -75.137843870920889, 39.991789278601544 ], [ -75.138352174722698, 39.991852857799046 ], [ -75.139261390180479, 39.991970582025537 ], [ -75.139708990944214, 39.992029580301704 ], [ -75.140198000561355, 39.992087928038544 ], [ -75.140863738569166, 39.99217521966478 ], [ -75.141512077185212, 39.992256821179417 ], [ -75.142174239727794, 39.992344412216156 ], [ -75.142998991853617, 39.992450866452408 ], [ -75.143830470843156, 39.99255141798465 ], [ -75.144467015940975, 39.992633969272369 ], [ -75.14511047460141, 39.992716747776953 ], [ -75.145603133727676, 39.992784686994064 ], [ -75.146089596891997, 39.992849600250246 ], [ -75.145983241780712, 39.993390051478151 ], [ -75.14590955203704, 39.993716619707364 ], [ -75.145838085532972, 39.994038562044047 ], [ -75.145749695690384, 39.994440584236486 ], [ -75.145239857173422, 39.994370033268453 ], [ -75.144942262716114, 39.994333525319661 ], [ -75.144759299464994, 39.9943110802839 ], [ -75.144123307796406, 39.994226694654969 ], [ -75.143476791454674, 39.994139667054569 ], [ -75.141831549876656, 39.993930973166272 ], [ -75.141496669555025, 39.995423089126909 ], [ -75.1408376334888, 39.995336448922309 ], [ -75.14019094100945, 39.995252235382303 ], [ -75.139520829672335, 39.995165888961097 ], [ -75.139199716713179, 39.996662558158228 ], [ -75.138694425648708, 39.996595873288541 ], [ -75.138270208047771, 39.996538460658343 ], [ -75.137808780306088, 39.996480200577892 ], [ -75.13735006855778, 39.996422465370436 ], [ -75.136846225512102, 39.996353216602948 ], [ -75.13634700247907, 39.99628984635558 ], [ -75.135510120667547, 39.9961800297488 ], [ -75.134993369703821, 39.996118024840683 ], [ -75.134444928994085, 39.996050948967572 ], [ -75.133896421099664, 39.995968736218416 ], [ -75.133357350752675, 39.9959060737364 ], [ -75.132833215270736, 39.995838343071519 ], [ -75.132367371439358, 39.995777072436489 ], [ -75.132156732884852, 39.995719088521611 ], [ -75.131948753109128, 39.99558477147017 ], [ -75.131513759492563, 39.995312789867072 ], [ -75.131088115463825, 39.995035612799526 ] ] ] } },
{ "type": "Feature", "properties": { "MS_ID": "5200", "MS_Name": "Adaire, Alexander", "MS_Grade": "K-8" }, "geometry": { "type": "Polygon", "coordinates": [ [ [ -75.133017240242268, 39.980120591075426 ], [ -75.131777086543593, 39.979365787653045 ], [ -75.130920757393042, 39.978864734862924 ], [ -75.13044944732988, 39.978590160699348 ], [ -75.129952476673807, 39.978303287119843 ], [ -75.129510378228602, 39.978048164045248 ], [ -75.128629449907649, 39.977534656124348 ], [ -75.127569691831241, 39.976919579730207 ], [ -75.127402015206414, 39.976846682302181 ], [ -75.12706900054701, 39.976623585188023 ], [ -75.126960892712177, 39.976563314164608 ], [ -75.126542304018557, 39.976321230874412 ], [ -75.126136391602145, 39.976083143560096 ], [ -75.125299877728949, 39.975592788805898 ], [ -75.1252027989932, 39.975559228786366 ], [ -75.124710859675204, 39.975249357728991 ], [ -75.124321095011439, 39.975004050973141 ], [ -75.123843432342468, 39.974695522642243 ], [ -75.123391600831383, 39.974404440822902 ], [ -75.122688304178766, 39.973955727989427 ], [ -75.122592336291675, 39.973748580094743 ], [ -75.122117046064218, 39.973529658925713 ], [ -75.121762894324419, 39.973354167471989 ], [ -75.121272067019845, 39.973388574123341 ], [ -75.120683212180452, 39.973417560042769 ], [ -75.120409572926775, 39.973387269125716 ], [ -75.120241443936081, 39.973324684389326 ], [ -75.120086877395721, 39.973243722894914 ], [ -75.119618846153514, 39.972951440711135 ], [ -75.12023164280734, 39.972388543878722 ], [ -75.121210291003038, 39.97148956010394 ], [ -75.119901477658942, 39.970620645196178 ], [ -75.117579723897734, 39.969596875844189 ], [ -75.1140318084597, 39.968032285506638 ], [ -75.114412554555372, 39.967866562610482 ], [ -75.115384362995329, 39.967443565655003 ], [ -75.11603666268492, 39.967159633077955 ], [ -75.116863529683954, 39.966799707058293 ], [ -75.118117389800915, 39.966253894853764 ], [ -75.119668024506467, 39.965568062352844 ], [ -75.121631743517213, 39.964616634355174 ], [ -75.12402565266153, 39.963439119131372 ], [ -75.127774820137262, 39.961522260067071 ], [ -75.129087908088607, 39.960709141203971 ], [ -75.135702544426778, 39.962047993115426 ], [ -75.136296520653048, 39.962452641935407 ], [ -75.136756916619632, 39.962767571015299 ], [ -75.137170839282788, 39.962820848330701 ], [ -75.138082907460401, 39.962937644900208 ], [ -75.137784536718286, 39.963914618673314 ], [ -75.13763755143215, 39.964278589774587 ], [ -75.137545195177637, 39.964461308523127 ], [ -75.137497605071715, 39.964630454456262 ], [ -75.137482535120583, 39.964726420860195 ], [ -75.137448727812668, 39.964985152262045 ], [ -75.137681549163887, 39.965113299918222 ], [ -75.138033081836809, 39.965511858184783 ], [ -75.138287764499111, 39.965843834419744 ], [ -75.138439283296805, 39.966041336741888 ], [ -75.138733593982892, 39.966484864056554 ], [ -75.138827502449971, 39.966596308900456 ], [ -75.139873008898576, 39.967987058563608 ], [ -75.140462921978383, 39.969071045767016 ], [ -75.140551402124999, 39.969235591718167 ], [ -75.140666671800204, 39.969653554896844 ], [ -75.139579621843851, 39.969516032266775 ], [ -75.138998801153363, 39.969407424798973 ], [ -75.138498291865403, 39.969312315896914 ], [ -75.138006048129526, 39.969219363475901 ], [ -75.137764512438665, 39.96916947868101 ], [ -75.137253520396115, 39.969075785304781 ], [ -75.136791505062448, 39.968990817810386 ], [ -75.136224615776484, 39.968882803510752 ], [ -75.135775233645404, 39.970339869577614 ], [ -75.135308538504191, 39.97186049717709 ], [ -75.134930900500223, 39.97306124205987 ], [ -75.134556454645647, 39.97425754188351 ], [ -75.134343497408508, 39.974918965870572 ], [ -75.134333934112945, 39.974994169051676 ], [ -75.134219216796325, 39.975365593783941 ], [ -75.134004196312915, 39.97633249510136 ], [ -75.133835011366671, 39.977149053608599 ], [ -75.13351038338044, 39.978643366084931 ], [ -75.133190652634298, 39.980135747847221 ], [ -75.133017240242268, 39.980120591075426 ] ] ] } },
{ "type": "Feature", "properties": { "MS_ID": "5210", "MS_Name": "Brown, Henry A", "MS_Grade": "K-8" }, "geometry": { "type": "Polygon", "coordinates": [ [ [ -75.128975415900427, 39.990641759039676 ], [ -75.127031519392148, 39.990387163082389 ], [ -75.125948191810963, 39.990231008067198 ], [ -75.125833377641698, 39.990150802017972 ], [ -75.125491778204307, 39.989837904704892 ], [ -75.124375688990554, 39.988823448976227 ], [ -75.123387985052034, 39.987917440030621 ], [ -75.122914519674652, 39.987463863042336 ], [ -75.122341552045114, 39.987031990395877 ], [ -75.121510749783354, 39.986166889365883 ], [ -75.123928492109997, 39.984903403068436 ], [ -75.124655975269675, 39.984527917736699 ], [ -75.125065566354195, 39.984304987267166 ], [ -75.126228123779455, 39.983696416519486 ], [ -75.126822453174498, 39.983386960925024 ], [ -75.127398837248208, 39.98308170284578 ], [ -75.127978700501032, 39.982786761640696 ], [ -75.128553822810105, 39.982481026760404 ], [ -75.128986107546766, 39.982253445557767 ], [ -75.129144722451869, 39.982170561326413 ], [ -75.129335235616381, 39.98207090917154 ], [ -75.129735596009311, 39.981861175408682 ], [ -75.130338305844163, 39.981550017731976 ], [ -75.130930079334178, 39.981234623995547 ], [ -75.131366554910016, 39.981010901517074 ], [ -75.13183190731813, 39.980765502527987 ], [ -75.132653344855754, 39.98033873970293 ], [ -75.133017240242268, 39.980120591075426 ], [ -75.133190652634298, 39.980135747847221 ], [ -75.132880083007407, 39.981546863611676 ], [ -75.132881583994205, 39.98163265288413 ], [ -75.13254593170808, 39.983167929381047 ], [ -75.132208545676988, 39.984742593575241 ], [ -75.131908225592113, 39.98614244234804 ], [ -75.131907389304288, 39.986307698294908 ], [ -75.131831998644998, 39.986520106208907 ], [ -75.131676895568376, 39.98723090960096 ], [ -75.13155894833055, 39.987800418399999 ], [ -75.131240889270344, 39.989297092638033 ], [ -75.130898898138298, 39.99089105165924 ], [ -75.128975415900427, 39.990641759039676 ] ] ] } },
{ "type": "Feature", "properties": { "MS_ID": "5250", "MS_Name": "Dunbar, Paul Laurence", "MS_Grade": "K-8" }, "geometry": { "type": "Polygon", "coordinates": [ [ [ -75.149342600812304, 39.985393448501895 ], [ -75.149433250793905, 39.984962431910517 ], [ -75.149503987607005, 39.984630248336472 ], [ -75.149686331806535, 39.983808717791689 ], [ -75.150013144117324, 39.982316206246104 ], [ -75.149442852804199, 39.982242079566831 ], [ -75.148438393560028, 39.98211158646729 ], [ -75.147946230205051, 39.982050274322205 ], [ -75.147455136014145, 39.981987551670095 ], [ -75.147782518677957, 39.980496006284838 ], [ -75.148111662187858, 39.978998965177915 ], [ -75.148448925997869, 39.97744698125247 ], [ -75.148752803389655, 39.976053196905774 ], [ -75.149059196083542, 39.974629243367673 ], [ -75.149552017071656, 39.974694448447764 ], [ -75.150040948234121, 39.974758282007784 ], [ -75.150231571072993, 39.97478246830952 ], [ -75.150948633926973, 39.974873440243911 ], [ -75.151617069714064, 39.974960553070396 ], [ -75.151916690619785, 39.973589833498131 ], [ -75.152023531334763, 39.973106284066759 ], [ -75.152188367424088, 39.972319593119771 ], [ -75.152450123837312, 39.971145161948556 ], [ -75.15257454601803, 39.970571700083774 ], [ -75.154150681058894, 39.970779542151007 ], [ -75.155719300925185, 39.970982844131662 ], [ -75.157280421192368, 39.971192141394845 ], [ -75.158611644555691, 39.971348995116934 ], [ -75.159441966579152, 39.971468323386603 ], [ -75.15923764108679, 39.972385269795133 ], [ -75.159057703687694, 39.973206128900557 ], [ -75.158783295907838, 39.974483739989985 ], [ -75.158526998487773, 39.975851545068728 ], [ -75.15822792908628, 39.977217108818159 ], [ -75.158239623958735, 39.977281450598085 ], [ -75.157915626067123, 39.978708863326993 ], [ -75.157582797319805, 39.980224194510946 ], [ -75.1572554738771, 39.981694821044428 ], [ -75.156915778236083, 39.983220970078428 ], [ -75.156613909741495, 39.984700031799335 ], [ -75.156276371490634, 39.986284634879105 ], [ -75.155407743181883, 39.986180876153817 ], [ -75.154939781630702, 39.986119456251302 ], [ -75.154063109870123, 39.986004580541646 ], [ -75.153276337950899, 39.985900652194836 ], [ -75.15248570735109, 39.985802946312269 ], [ -75.151702355404026, 39.98570171004166 ], [ -75.150914779971032, 39.985598532846595 ], [ -75.14947287810017, 39.985410443765979 ], [ -75.149342600812304, 39.985393448501895 ] ] ] } },
{ "type": "Feature", "properties": { "MS_ID": "5320", "MS_Name": "Hartranft, John F", "MS_Grade": "K-8" }, "geometry": { "type": "Polygon", "coordinates": [ [ [ -75.146089596892011, 39.99284960025021 ], [ -75.145603133727633, 39.992784686994042 ], [ -75.145110474601367, 39.992716747776981 ], [ -75.144467015941004, 39.99263396927234 ], [ -75.143830470843128, 39.992551417984622 ], [ -75.142998991853645, 39.99245086645243 ], [ -75.142174239727765, 39.992344412216134 ], [ -75.142521861371648, 39.990755628911266 ], [ -75.142847894007446, 39.989258272167781 ], [ -75.143169729206363, 39.987767784311643 ], [ -75.143501276450266, 39.986276791042265 ], [ -75.143642310698041, 39.985634051569598 ], [ -75.143845209405185, 39.984684011514105 ], [ -75.14415497059548, 39.984725377629132 ], [ -75.144381130991306, 39.98475543195795 ], [ -75.144655650589399, 39.984791913178285 ], [ -75.145445239104845, 39.984896820186492 ], [ -75.146103435946713, 39.984979555324422 ], [ -75.146783481380311, 39.985064706806497 ], [ -75.147274874134439, 39.985125218491731 ], [ -75.147767029549101, 39.985191677663472 ], [ -75.148259234182404, 39.985254031672355 ], [ -75.148550431588021, 39.985293161137577 ], [ -75.149342600812304, 39.985393448501895 ], [ -75.14947287810017, 39.985410443765979 ], [ -75.150914779971032, 39.985598532846595 ], [ -75.151702355404026, 39.98570171004166 ], [ -75.15248570735109, 39.985802946312269 ], [ -75.153276337950899, 39.985900652194836 ], [ -75.154063109870123, 39.986004580541646 ], [ -75.154939781630702, 39.986119456251302 ], [ -75.155407743181883, 39.986180876153817 ], [ -75.156276371490634, 39.986284634879105 ], [ -75.155935897467614, 39.987878554987873 ], [ -75.155593106021954, 39.98937048713281 ], [ -75.155499898775389, 39.98979440941477 ], [ -75.1552710646977, 39.99085430180368 ], [ -75.155069726450151, 39.990839119926306 ], [ -75.153969970440528, 39.990697430797574 ], [ -75.153070264242828, 39.990578595857045 ], [ -75.152872214101734, 39.99055287770031 ], [ -75.151491277736667, 39.990373551890634 ], [ -75.150922074849873, 39.990305055018844 ], [ -75.150479317500384, 39.990248048190566 ], [ -75.149916230198087, 39.990170796234381 ], [ -75.149359103359018, 39.990093105293063 ], [ -75.148898121461116, 39.990037386804815 ], [ -75.148340982929142, 39.989971948983253 ], [ -75.147811312958979, 39.989906397761089 ], [ -75.14754375226056, 39.989864978105878 ], [ -75.147602755332258, 39.989961381659697 ], [ -75.148027398808907, 39.990562789923707 ], [ -75.148153138336497, 39.990725529002745 ], [ -75.148306958160731, 39.990969600674333 ], [ -75.148346223019672, 39.991069969587457 ], [ -75.148378439216003, 39.991217649854036 ], [ -75.148308556569617, 39.991505109455261 ], [ -75.148082023112394, 39.992376304715421 ], [ -75.147887036904876, 39.993079879941156 ], [ -75.146882363615063, 39.99295012073506 ], [ -75.146089596892011, 39.99284960025021 ] ] ] } },
{ "type": "Feature", "properties": { "MS_ID": "5330", "MS_Name": "Hunter, William H", "MS_Grade": "K-8" }, "geometry": { "type": "Polygon", "coordinates": [ [ [ -75.135466375548532, 39.991480483817263 ], [ -75.134869142315395, 39.991408968395184 ], [ -75.134333867235625, 39.991331324723575 ], [ -75.133804484375545, 39.991260856138105 ], [ -75.133348283982812, 39.991202409839445 ], [ -75.132893672781094, 39.99114508728438 ], [ -75.132420530012581, 39.991084433589052 ], [ -75.131960356655199, 39.991031196350839 ], [ -75.131438123591494, 39.990961523158262 ], [ -75.130898898138298, 39.99089105165924 ], [ -75.131240889270344, 39.989297092638033 ], [ -75.13155894833055, 39.987800418399999 ], [ -75.131676895568376, 39.98723090960096 ], [ -75.131831998644998, 39.986520106208907 ], [ -75.131907389304288, 39.986307698294908 ], [ -75.131908225592113, 39.98614244234804 ], [ -75.132208545676988, 39.984742593575241 ], [ -75.13254593170808, 39.983167929381047 ], [ -75.132881583994205, 39.98163265288413 ], [ -75.13341080943681, 39.981699372023634 ], [ -75.133923406037908, 39.981770568866118 ], [ -75.134870659914043, 39.981888470214855 ], [ -75.135781483491954, 39.982010482253429 ], [ -75.136314692255411, 39.982077524588775 ], [ -75.136849627525251, 39.982148242969956 ], [ -75.137443982436736, 39.982224063368434 ], [ -75.138138993397263, 39.982313649610667 ], [ -75.137800860010884, 39.9839084399865 ], [ -75.137461737507863, 39.985493513020387 ], [ -75.13713869789342, 39.986990180836699 ], [ -75.136835683816685, 39.988486909283367 ], [ -75.136643321845554, 39.98937111348399 ], [ -75.136573076843391, 39.989654413185505 ], [ -75.136508375441977, 39.989970281336525 ], [ -75.136159956461981, 39.991566016162047 ], [ -75.135466375548532, 39.991480483817263 ] ] ] } },
{ "type": "Feature", "properties": { "MS_ID": "5340", "MS_Name": "Ludlow, James R", "MS_Grade": "K-8" }, "geometry": { "type": "Polygon", "coordinates": [ [ [ -75.143140468668008, 39.978367394197413 ], [ -75.143026086479452, 39.978233897159178 ], [ -75.142616289236202, 39.976751180765305 ], [ -75.142378075211354, 39.975859349607632 ], [ -75.142198581953011, 39.975212897742018 ], [ -75.142073432924022, 39.974678498217024 ], [ -75.142119437782611, 39.974587830488574 ], [ -75.142302189969286, 39.973731683983871 ], [ -75.142477337690011, 39.972889311393018 ], [ -75.142581834627521, 39.97238959489269 ], [ -75.142838706394656, 39.971195234872091 ], [ -75.143095361071147, 39.969955764342906 ], [ -75.142370699129998, 39.969867105602241 ], [ -75.141518179301528, 39.969759299275125 ], [ -75.140666671800204, 39.969653554896844 ], [ -75.140551402124999, 39.969235591718167 ], [ -75.140462921978383, 39.969071045767016 ], [ -75.139873008898576, 39.967987058563608 ], [ -75.138827502449971, 39.966596308900456 ], [ -75.138733593982892, 39.966484864056554 ], [ -75.138439283296805, 39.966041336741888 ], [ -75.138287764499111, 39.965843834419744 ], [ -75.138033081836809, 39.965511858184783 ], [ -75.137681549163887, 39.965113299918222 ], [ -75.137448727812668, 39.964985152262045 ], [ -75.137482535120583, 39.964726420860195 ], [ -75.137497605071715, 39.964630454456262 ], [ -75.137545195177637, 39.964461308523127 ], [ -75.13763755143215, 39.964278589774587 ], [ -75.137784536718286, 39.963914618673314 ], [ -75.138082907460401, 39.962937644900208 ], [ -75.138275494502153, 39.962317625015551 ], [ -75.139222018105158, 39.962540411289233 ], [ -75.139296795993587, 39.962558010537791 ], [ -75.13960221591509, 39.962630351711397 ], [ -75.139785787742085, 39.962673831773387 ], [ -75.140061386787522, 39.962737902133746 ], [ -75.13975490177026, 39.963692321574484 ], [ -75.139931971331976, 39.963777785249071 ], [ -75.140706422729195, 39.964139708528414 ], [ -75.141631395109499, 39.964573737886788 ], [ -75.142529666342341, 39.964986459831259 ], [ -75.143377523625617, 39.965380879124162 ], [ -75.144002543014764, 39.965671032854061 ], [ -75.144586330970171, 39.965945479047832 ], [ -75.144906073260202, 39.966096608938209 ], [ -75.145757828853561, 39.966493928625411 ], [ -75.145891316170449, 39.966548164290515 ], [ -75.146504780635482, 39.966842825167568 ], [ -75.1471478417686, 39.96712784996928 ], [ -75.147910497226221, 39.967326318265393 ], [ -75.148690237763461, 39.967517677650534 ], [ -75.149558502643416, 39.967733564369794 ], [ -75.150515647641441, 39.96797237611294 ], [ -75.150973556731842, 39.968078967362651 ], [ -75.151463010212154, 39.968176206752119 ], [ -75.152000700917654, 39.968299180915928 ], [ -75.153019234572128, 39.968550282609883 ], [ -75.152907122888593, 39.969067136710308 ], [ -75.152783500923348, 39.969624409413022 ], [ -75.152691592709118, 39.970055951747433 ], [ -75.15257454601803, 39.970571700083774 ], [ -75.152450123837312, 39.971145161948556 ], [ -75.152188367424088, 39.972319593119771 ], [ -75.152023531334763, 39.973106284066759 ], [ -75.151916690619785, 39.973589833498131 ], [ -75.151617069714064, 39.974960553070396 ], [ -75.150948633926973, 39.974873440243911 ], [ -75.150231571072993, 39.97478246830952 ], [ -75.150040948234121, 39.974758282007784 ], [ -75.149552017071656, 39.974694448447764 ], [ -75.149059196083542, 39.974629243367673 ], [ -75.148752803389655, 39.976053196905774 ], [ -75.148448925997869, 39.97744698125247 ], [ -75.148111662187858, 39.978998965177915 ], [ -75.14732538418636, 39.978896900925243 ], [ -75.146584980863693, 39.978801493421564 ], [ -75.146215048812877, 39.978756261424195 ], [ -75.145792642107821, 39.978702831995413 ], [ -75.145011012151812, 39.978598592042552 ], [ -75.144646993028985, 39.978549148043491 ], [ -75.144059506981364, 39.978471373226469 ], [ -75.143756302255298, 39.978432549113876 ], [ -75.143140468668008, 39.978367394197413 ] ] ] } },
{ "type": "Feature", "properties": { "MS_ID": "5350", "MS_Name": "McKinley, William", "MS_Grade": "K-8" }, "geometry": { "type": "Polygon", "coordinates": [ [ [ -75.137461737507863, 39.985493513020387 ], [ -75.137800860010884, 39.9839084399865 ], [ -75.138138993397263, 39.982313649610667 ], [ -75.13881084329303, 39.982400671924985 ], [ -75.138918060642212, 39.982413350565409 ], [ -75.139364976462076, 39.982474354348383 ], [ -75.139868617417861, 39.982537431291938 ], [ -75.140370751178821, 39.982602963060174 ], [ -75.140686926025296, 39.98112361719609 ], [ -75.140821655194188, 39.980528987119541 ], [ -75.141021889731604, 39.979618813282997 ], [ -75.141511252244385, 39.979681680500754 ], [ -75.141937134182285, 39.979740985557804 ], [ -75.142108295743384, 39.979762401956869 ], [ -75.142867719367658, 39.979852615528166 ], [ -75.14303334564039, 39.979002983344067 ], [ -75.143140468668008, 39.978367394197413 ], [ -75.143756302255298, 39.978432549113876 ], [ -75.144059506981364, 39.978471373226469 ], [ -75.144646993028985, 39.978549148043491 ], [ -75.145011012151812, 39.978598592042552 ], [ -75.145792642107821, 39.978702831995413 ], [ -75.146215048812877, 39.978756261424195 ], [ -75.146584980863693, 39.978801493421564 ], [ -75.14732538418636, 39.978896900925243 ], [ -75.148111662187858, 39.978998965177915 ], [ -75.147782518677957, 39.980496006284838 ], [ -75.147455136014145, 39.981987551670095 ], [ -75.147946230205051, 39.982050274322205 ], [ -75.148438393560028, 39.98211158646729 ], [ -75.149442852804199, 39.982242079566831 ], [ -75.150013144117324, 39.982316206246104 ], [ -75.149686331806535, 39.983808717791689 ], [ -75.149503987607005, 39.984630248336472 ], [ -75.149433250793905, 39.984962431910517 ], [ -75.149342600812304, 39.985393448501895 ], [ -75.148550431588021, 39.985293161137577 ], [ -75.148259234182404, 39.985254031672355 ], [ -75.147767029549101, 39.985191677663472 ], [ -75.147274874134439, 39.985125218491731 ], [ -75.146783481380311, 39.985064706806497 ], [ -75.146103435946713, 39.984979555324422 ], [ -75.145445239104845, 39.984896820186492 ], [ -75.144655650589399, 39.984791913178285 ], [ -75.144381130991306, 39.98475543195795 ], [ -75.14415497059548, 39.984725377629132 ], [ -75.143845209405185, 39.984684011514105 ], [ -75.143642310698041, 39.985634051569598 ], [ -75.143501276450266, 39.986276791042265 ], [ -75.14284163481183, 39.986192101820293 ], [ -75.142190866076405, 39.986108059088153 ], [ -75.141520680932089, 39.986017572336635 ], [ -75.141047604481614, 39.985959829314957 ], [ -75.140588503476479, 39.985896730133746 ], [ -75.140128661583958, 39.985841622340075 ], [ -75.139168497163681, 39.98571722446956 ], [ -75.138656866236218, 39.985651151996905 ], [ -75.138122452001255, 39.985582696318595 ], [ -75.137461737507863, 39.985493513020387 ] ] ] } },
{ "type": "Feature", "properties": { "MS_ID": "5390", "MS_Name": "Potter-Thomas", "MS_Grade": "K-8" }, "geometry": { "type": "Polygon", "coordinates": [ [ [ -75.133236771487915, 39.999058838224833 ], [ -75.133351782231315, 39.998538430656275 ], [ -75.133433859374904, 39.998136101189722 ], [ -75.133578267190614, 39.997462719081611 ], [ -75.133726320739356, 39.996819971861925 ], [ -75.133798045346026, 39.996508593499946 ], [ -75.133896421099621, 39.995968736218387 ], [ -75.134444928994114, 39.996050948967593 ], [ -75.134993369703864, 39.996118024840648 ], [ -75.13551012066759, 39.996180029748828 ], [ -75.136347002479113, 39.996289846355623 ], [ -75.13684622551213, 39.996353216602905 ], [ -75.137350068557751, 39.996422465370415 ], [ -75.137808780306045, 39.996480200577842 ], [ -75.138270208047729, 39.996538460658293 ], [ -75.138694425648751, 39.996595873288513 ], [ -75.139199716713136, 39.996662558158206 ], [ -75.139520829672378, 39.995165888961132 ], [ -75.140190941009479, 39.995252235382324 ], [ -75.140837633488829, 39.995336448922345 ], [ -75.141496669555053, 39.99542308912693 ], [ -75.141831549876684, 39.993930973166307 ], [ -75.143476791454631, 39.994139667054597 ], [ -75.14412330779642, 39.994226694655005 ], [ -75.144759299465036, 39.994311080283865 ], [ -75.144942262716157, 39.994333525319703 ], [ -75.145239857173465, 39.99437003326841 ], [ -75.145749695690427, 39.99444058423645 ], [ -75.145605097580926, 39.995103289313228 ], [ -75.145427411480767, 39.995930181623208 ], [ -75.145312766892502, 39.996395055009422 ], [ -75.145237380350309, 39.996758356874238 ], [ -75.145097955630547, 39.997426025465167 ], [ -75.144767010663116, 39.998916789999676 ], [ -75.144463397585852, 40.000328858228848 ], [ -75.144173278341938, 40.000431689331535 ], [ -75.143346433943023, 40.000744015445967 ], [ -75.143798092935654, 40.001455853895138 ], [ -75.143648450631176, 40.001511392304913 ], [ -75.14333847105577, 40.001622985270679 ], [ -75.143028159371909, 40.001734046387107 ], [ -75.142717563084958, 40.001844650614025 ], [ -75.142413355132689, 40.001952523071488 ], [ -75.142095701899706, 40.002064791736061 ], [ -75.14178453204201, 40.002174477653249 ], [ -75.141473265079696, 40.002284010973611 ], [ -75.141161952059804, 40.002393465838942 ], [ -75.140850634593775, 40.002502917979676 ], [ -75.140539361454245, 40.002612439684974 ], [ -75.140228182203046, 40.002722113173988 ], [ -75.139886621555277, 40.002842828195924 ], [ -75.140068415657836, 40.001971680605877 ], [ -75.140777439799436, 40.001695826436446 ], [ -75.140634531786475, 40.001647054973652 ], [ -75.140149076280508, 40.0015839349809 ], [ -75.140229247468938, 40.001251083769084 ], [ -75.14040264033143, 40.000477983232194 ], [ -75.140478637170929, 40.000094951885217 ], [ -75.140498556720885, 39.999994555103264 ], [ -75.140319459647088, 39.99997299400659 ], [ -75.139988843273599, 39.999933194748493 ], [ -75.139527467286456, 39.999877985167934 ], [ -75.139070617408123, 39.999812668976816 ], [ -75.138525630687624, 39.999744178215309 ], [ -75.135652237783759, 39.999376842785225 ], [ -75.13441312486971, 39.999208624914175 ], [ -75.133830779622926, 39.999130477239881 ], [ -75.133236771487915, 39.999058838224833 ] ] ] } },
{ "type": "Feature", "properties": { "MS_ID": "5420", "MS_Name": "Welsh, John", "MS_Grade": "K-8" }, "geometry": { "type": "Polygon", "coordinates": [ [ [ -75.141512077185226, 39.992256821179438 ], [ -75.140863738569209, 39.992175219664809 ], [ -75.140198000561369, 39.992087928038508 ], [ -75.139708990944243, 39.992029580301683 ], [ -75.139261390180508, 39.99197058202553 ], [ -75.138352174722655, 39.991852857799067 ], [ -75.137843870920904, 39.991789278601573 ], [ -75.137348534275375, 39.991730424426102 ], [ -75.136159956461981, 39.991566016162047 ], [ -75.136508375441977, 39.989970281336525 ], [ -75.136573076843391, 39.989654413185505 ], [ -75.136643321845554, 39.98937111348399 ], [ -75.136835683816685, 39.988486909283367 ], [ -75.13713869789342, 39.986990180836699 ], [ -75.137461737507863, 39.985493513020387 ], [ -75.138122452001255, 39.985582696318595 ], [ -75.138656866236218, 39.985651151996905 ], [ -75.139168497163681, 39.98571722446956 ], [ -75.140128661583958, 39.985841622340075 ], [ -75.140588503476479, 39.985896730133746 ], [ -75.141047604481614, 39.985959829314957 ], [ -75.141520680932089, 39.986017572336635 ], [ -75.142190866076405, 39.986108059088153 ], [ -75.14284163481183, 39.986192101820293 ], [ -75.143501276450266, 39.986276791042265 ], [ -75.143169729206363, 39.987767784311643 ], [ -75.142847894007446, 39.989258272167781 ], [ -75.142521861371648, 39.990755628911266 ], [ -75.142174239727765, 39.992344412216134 ], [ -75.141512077185226, 39.992256821179438 ] ] ] } },
{ "type": "Feature", "properties": { "MS_ID": "5480", "MS_Name": "Kearny, General Philip", "MS_Grade": "K-8" }, "geometry": { "type": "Polygon", "coordinates": [ [ [ -75.152000700917654, 39.968299180915928 ], [ -75.151463010212154, 39.968176206752119 ], [ -75.150973556731842, 39.968078967362651 ], [ -75.150515647641441, 39.96797237611294 ], [ -75.149558502643416, 39.967733564369794 ], [ -75.148690237763461, 39.967517677650534 ], [ -75.147910497226221, 39.967326318265393 ], [ -75.1471478417686, 39.96712784996928 ], [ -75.146504780635482, 39.966842825167568 ], [ -75.145891316170449, 39.966548164290515 ], [ -75.145757828853561, 39.966493928625411 ], [ -75.144906073260202, 39.966096608938209 ], [ -75.144586330970171, 39.965945479047832 ], [ -75.144002543014764, 39.965671032854061 ], [ -75.143377523625617, 39.965380879124162 ], [ -75.142529666342341, 39.964986459831259 ], [ -75.141631395109499, 39.964573737886788 ], [ -75.140706422729195, 39.964139708528414 ], [ -75.139931971331976, 39.963777785249071 ], [ -75.13975490177026, 39.963692321574484 ], [ -75.140061386787522, 39.962737902133746 ], [ -75.139785787742085, 39.962673831773387 ], [ -75.13960221591509, 39.962630351711397 ], [ -75.139296795993587, 39.962558010537791 ], [ -75.139222018105158, 39.962540411289233 ], [ -75.138275494502153, 39.962317625015551 ], [ -75.138082907460401, 39.962937644900208 ], [ -75.137170839282788, 39.962820848330701 ], [ -75.136756916619632, 39.962767571015299 ], [ -75.136296520653048, 39.962452641935407 ], [ -75.135702544426778, 39.962047993115426 ], [ -75.129087908088607, 39.960709141203971 ], [ -75.13049522314833, 39.959595907579875 ], [ -75.130730667113824, 39.959319392641518 ], [ -75.130967685037106, 39.959041027345968 ], [ -75.13107984185315, 39.958909303283434 ], [ -75.131328457106278, 39.958569744871241 ], [ -75.131538075718169, 39.958283444870958 ], [ -75.131960371579666, 39.957566035903298 ], [ -75.132268026732518, 39.957043373107737 ], [ -75.132532098752336, 39.956570957433129 ], [ -75.132808525086432, 39.956020214005825 ], [ -75.13963009231081, 39.95688829534479 ], [ -75.139955622561317, 39.956929803007412 ], [ -75.140717723486247, 39.957028322177436 ], [ -75.140998798267702, 39.957064656606988 ], [ -75.141413352644363, 39.95711824275984 ], [ -75.142021035240901, 39.957196792797966 ], [ -75.142188582236258, 39.957218627377337 ], [ -75.142635819317093, 39.957274725205366 ], [ -75.142803691124072, 39.957212773871298 ], [ -75.143040707401141, 39.957160363108592 ], [ -75.143300375149167, 39.95712727268846 ], [ -75.143596983731058, 39.957110134708458 ], [ -75.143905292912677, 39.957135100727491 ], [ -75.14418051989675, 39.957169303214364 ], [ -75.145399035107218, 39.957320721496984 ], [ -75.145744459225668, 39.957359724235062 ], [ -75.14594277208451, 39.957382115637081 ], [ -75.146086718004184, 39.9573917252239 ], [ -75.147203765343477, 39.957537836872454 ], [ -75.147347902108194, 39.957557941586437 ], [ -75.147844148082712, 39.95762800277754 ], [ -75.148461207850104, 39.957716464859189 ], [ -75.148860859457727, 39.957745703471161 ], [ -75.148877345366515, 39.957665503485366 ], [ -75.149126436054487, 39.95767570821544 ], [ -75.149526117829538, 39.957663167577913 ], [ -75.150173671662458, 39.957593477054161 ], [ -75.15065512095704, 39.957482799262017 ], [ -75.150894009482457, 39.957418606047241 ], [ -75.151140549040065, 39.957352358346036 ], [ -75.151489149397889, 39.957258519739419 ], [ -75.151649970129597, 39.95721319094833 ], [ -75.152061630553249, 39.957099760779059 ], [ -75.152290793851193, 39.957041445287963 ], [ -75.152559607776709, 39.956964754281678 ], [ -75.152772701158554, 39.956915399557204 ], [ -75.152894288034503, 39.956885026153664 ], [ -75.153346393837339, 39.956825445563375 ], [ -75.153784369729166, 39.956786598459914 ], [ -75.154249342685176, 39.956778157248024 ], [ -75.154451683864934, 39.956778478020361 ], [ -75.155539772987368, 39.956924816364129 ], [ -75.155509634341783, 39.957050998199669 ], [ -75.155491089375033, 39.957128637649085 ], [ -75.155483482277802, 39.957206029803565 ], [ -75.155477493482167, 39.957281821405743 ], [ -75.155391640485519, 39.957677898462492 ], [ -75.155350152349101, 39.957871527932816 ], [ -75.155328435876541, 39.957976005460068 ], [ -75.155261935707088, 39.958270256321619 ], [ -75.155181620517979, 39.958628997761771 ], [ -75.155094905057979, 39.958710542842361 ], [ -75.155135275140566, 39.958854737747686 ], [ -75.154965409666644, 39.959627040392157 ], [ -75.154844531974192, 39.96018548951281 ], [ -75.154720137061375, 39.960745415940799 ], [ -75.154633592648864, 39.961145108962199 ], [ -75.15454212216801, 39.961580483472879 ], [ -75.154513108539135, 39.961712146240608 ], [ -75.154424081730937, 39.96212679396664 ], [ -75.154312169935196, 39.962615898581042 ], [ -75.154182020180016, 39.96322382051941 ], [ -75.154095724266838, 39.963603054932825 ], [ -75.15401448604787, 39.963977350821146 ], [ -75.153864571206299, 39.964661261437399 ], [ -75.153741905183054, 39.965246269151478 ], [ -75.154511597154681, 39.965489110899917 ], [ -75.155260656163364, 39.965709754494505 ], [ -75.155045915393558, 39.966683130300801 ], [ -75.154816651311037, 39.967722321111665 ], [ -75.153278116829583, 39.967348793199484 ], [ -75.153149665627723, 39.967944946692562 ], [ -75.153019234572128, 39.968550282609883 ], [ -75.152000700917654, 39.968299180915928 ] ] ] } },
{ "type": "Feature", "properties": { "MS_ID": "5500", "MS_Name": "Marshall, Thurgood", "MS_Grade": "K-8" }, "geometry": { "type": "Polygon", "coordinates": [ [ [ -75.134355138590522, 40.035883748147967 ], [ -75.13356651121525, 40.035626316406741 ], [ -75.132765326287128, 40.035337728416096 ], [ -75.131844543992287, 40.035052721926462 ], [ -75.130880813875791, 40.03474587521162 ], [ -75.131163473067971, 40.033393041908745 ], [ -75.131290723504463, 40.032819538815794 ], [ -75.131394179086016, 40.032353260909289 ], [ -75.131508168454218, 40.031868264661455 ], [ -75.131609049570656, 40.031354287192876 ], [ -75.131830595926544, 40.030322345542046 ], [ -75.132175490695261, 40.028773220258579 ], [ -75.13235317984288, 40.028020998290913 ], [ -75.132510113664466, 40.027275350856897 ], [ -75.132839444916669, 40.025784333137878 ], [ -75.133010869098726, 40.024997809821862 ], [ -75.133168500187011, 40.024300188630612 ], [ -75.133207883148145, 40.0241455649345 ], [ -75.133261114680835, 40.023896779092425 ], [ -75.133285602100358, 40.023785546217844 ], [ -75.134330305699066, 40.023555685469518 ], [ -75.135001727478723, 40.023376356045276 ], [ -75.135490185366478, 40.023223266760084 ], [ -75.135939823919756, 40.023051045166994 ], [ -75.136067270379613, 40.022993869695426 ], [ -75.13680074130896, 40.022664813908904 ], [ -75.138789898323068, 40.021671948947933 ], [ -75.13868563146066, 40.022089355858064 ], [ -75.138646048641604, 40.022274510416011 ], [ -75.138419947050849, 40.023329816232724 ], [ -75.138079435653808, 40.024928910005634 ], [ -75.137822900478042, 40.026088812543264 ], [ -75.137747150502506, 40.026417386977926 ], [ -75.137422001514523, 40.027919776059939 ], [ -75.137092284854617, 40.029413268352592 ], [ -75.137016283780014, 40.029800355381106 ], [ -75.136758138920243, 40.030965190432397 ], [ -75.136619620815537, 40.031590764450947 ], [ -75.136555698059013, 40.031869034853813 ], [ -75.136486150502705, 40.032186032003878 ], [ -75.136415870030589, 40.032511360412428 ], [ -75.136329035286465, 40.032921468554612 ], [ -75.136247509394963, 40.033287749213443 ], [ -75.136225631292547, 40.033432280724874 ], [ -75.136019241867842, 40.036295917861864 ], [ -75.134917192364824, 40.036048836526746 ], [ -75.134355138590522, 40.035883748147967 ] ] ] } },
{ "type": "Feature", "properties": { "MS_ID": "5560", "MS_Name": "Spring Garden", "MS_Grade": "K-8" }, "geometry": { "type": "Polygon", "coordinates": [ [ [ -75.15257454601803, 39.970571700083774 ], [ -75.152691592709118, 39.970055951747433 ], [ -75.152783500923348, 39.969624409413022 ], [ -75.152907122888593, 39.969067136710308 ], [ -75.153019234572128, 39.968550282609883 ], [ -75.153149665627723, 39.967944946692562 ], [ -75.153278116829583, 39.967348793199484 ], [ -75.154816651311037, 39.967722321111665 ], [ -75.155045915393558, 39.966683130300801 ], [ -75.155260656163364, 39.965709754494505 ], [ -75.154511597154681, 39.965489110899917 ], [ -75.153741905183054, 39.965246269151478 ], [ -75.153864571206299, 39.964661261437399 ], [ -75.15401448604787, 39.963977350821146 ], [ -75.154095724266838, 39.963603054932825 ], [ -75.154182020180016, 39.96322382051941 ], [ -75.154312169935196, 39.962615898581042 ], [ -75.154424081730937, 39.96212679396664 ], [ -75.154513108539135, 39.961712146240608 ], [ -75.15454212216801, 39.961580483472879 ], [ -75.154633592648864, 39.961145108962199 ], [ -75.154720137061375, 39.960745415940799 ], [ -75.154844531974192, 39.96018548951281 ], [ -75.154965409666644, 39.959627040392157 ], [ -75.155135275140566, 39.958854737747686 ], [ -75.155094905057979, 39.958710542842361 ], [ -75.155181620517979, 39.958628997761771 ], [ -75.155261935707088, 39.958270256321619 ], [ -75.155328435876541, 39.957976005460068 ], [ -75.155350152349101, 39.957871527932816 ], [ -75.155391640485519, 39.957677898462492 ], [ -75.155477493482167, 39.957281821405743 ], [ -75.155483482277802, 39.957206029803565 ], [ -75.155491089375033, 39.957128637649085 ], [ -75.155509634341783, 39.957050998199669 ], [ -75.155539772987368, 39.956924816364129 ], [ -75.157135241700217, 39.957139475149482 ], [ -75.158693804940683, 39.957362385414044 ], [ -75.15881552775555, 39.957378555422657 ], [ -75.15902918678124, 39.957383381020321 ], [ -75.160295041570805, 39.957509451983583 ], [ -75.161296227823968, 39.957609153304851 ], [ -75.162155249680453, 39.957717957781703 ], [ -75.162363670698682, 39.957680012068508 ], [ -75.162340553585224, 39.957826991575629 ], [ -75.162319619351337, 39.95793156531419 ], [ -75.162294235972311, 39.958059253389138 ], [ -75.162176330438257, 39.958548527334194 ], [ -75.162119510866447, 39.958822858543392 ], [ -75.162059124439793, 39.959102137847566 ], [ -75.161960920869276, 39.95957214361848 ], [ -75.161803456808954, 39.960286249414551 ], [ -75.161773272985755, 39.960422797834035 ], [ -75.161646731433962, 39.961022491683032 ], [ -75.16155403445093, 39.961443028576952 ], [ -75.161476698428089, 39.961790460199161 ], [ -75.161412831068318, 39.962103737181245 ], [ -75.161381600763434, 39.962318688221039 ], [ -75.161384249953585, 39.962475270829295 ], [ -75.161303581324077, 39.962895050011134 ], [ -75.161261507423319, 39.963127888429533 ], [ -75.161189193480439, 39.963423640083001 ], [ -75.161110048751056, 39.963789972799837 ], [ -75.161054007698624, 39.964041957068709 ], [ -75.160958914488916, 39.964470689265887 ], [ -75.16080586914353, 39.965160145575624 ], [ -75.160678342313346, 39.965771807174988 ], [ -75.160562278876895, 39.966295316897011 ], [ -75.160483395964263, 39.966671469091366 ], [ -75.160407034721715, 39.967031303978366 ], [ -75.160214321053274, 39.967889659278384 ], [ -75.160160188889265, 39.968178321671928 ], [ -75.160073354155031, 39.968600844328726 ], [ -75.159977293464721, 39.968996296665715 ], [ -75.159703291665124, 39.970203112066145 ], [ -75.159441966579152, 39.971468323386603 ], [ -75.158611644555691, 39.971348995116934 ], [ -75.157280421192368, 39.971192141394845 ], [ -75.155719300925185, 39.970982844131662 ], [ -75.154150681058894, 39.970779542151007 ], [ -75.15257454601803, 39.970571700083774 ] ] ] } },
{ "type": "Feature", "properties": { "MS_ID": "5580", "MS_Name": "Stetson", "MS_Grade": "5-8" }, "geometry": { "type": "Polygon", "coordinates": [ [ [ -75.113782904031495, 39.996545668449727 ], [ -75.113493539161283, 39.996509398474814 ], [ -75.113356274136166, 39.9965183752958 ], [ -75.113997808615437, 39.996146751198701 ], [ -75.114439343206001, 39.995904078825461 ], [ -75.114888158809237, 39.995651207425119 ], [ -75.11577971940612, 39.995168632610891 ], [ -75.118043885966273, 39.993927392157971 ], [ -75.118273063082015, 39.993804949459957 ], [ -75.119695257442785, 39.993017654701198 ], [ -75.120310000219376, 39.992673726539266 ], [ -75.121552681919482, 39.992001268680447 ], [ -75.122559837902671, 39.991429045890222 ], [ -75.123687792106608, 39.990837005313232 ], [ -75.124432637240574, 39.99041437725905 ], [ -75.124679416480717, 39.99028006106505 ], [ -75.125491778204349, 39.989837904704906 ], [ -75.125833377641683, 39.990150802017951 ], [ -75.12594819181092, 39.990231008067177 ], [ -75.12581548092534, 39.990321253648283 ], [ -75.125750534448571, 39.990386642956814 ], [ -75.12579668763162, 39.990461431903405 ], [ -75.126191324969653, 39.990814106384825 ], [ -75.126244039825991, 39.990868405313527 ], [ -75.126710735145366, 39.991301669390808 ], [ -75.126830487798216, 39.991404731965424 ], [ -75.127111320392359, 39.991717809559425 ], [ -75.127546493031261, 39.992086888554418 ], [ -75.128475089755739, 39.992960955217434 ], [ -75.128889442988978, 39.993372103299826 ], [ -75.129280458882008, 39.993699377472957 ], [ -75.129496978641086, 39.993869232807455 ], [ -75.13016923992879, 39.99438670726849 ], [ -75.130628724669265, 39.994709901542876 ], [ -75.131088115463825, 39.995035612799526 ], [ -75.131513759492563, 39.995312789867072 ], [ -75.131948753109128, 39.99558477147017 ], [ -75.132156732884852, 39.995719088521611 ], [ -75.132367371439358, 39.995777072436489 ], [ -75.132833215270736, 39.995838343071519 ], [ -75.133357350752675, 39.9959060737364 ], [ -75.133896421099664, 39.995968736218416 ], [ -75.133798045345998, 39.996508593499918 ], [ -75.133726320739342, 39.99681997186191 ], [ -75.133578267190572, 39.997462719081646 ], [ -75.13343385937489, 39.998136101189708 ], [ -75.133351782231301, 39.998538430656254 ], [ -75.133236771487901, 39.999058838224812 ], [ -75.13289707808265, 40.000644377340706 ], [ -75.13257830506727, 40.002135590534323 ], [ -75.132255941709332, 40.003632741855078 ], [ -75.13206592362306, 40.004559750902864 ], [ -75.131950178948728, 40.005157159453539 ], [ -75.131654384617903, 40.005162189067619 ], [ -75.131312090564677, 40.005165243621761 ], [ -75.130969678922199, 40.005164784081401 ], [ -75.130627343888861, 40.0051604247314 ], [ -75.130285263657086, 40.005151891220599 ], [ -75.129943272337954, 40.005141571084472 ], [ -75.129601271643381, 40.005130493753185 ], [ -75.129259288924217, 40.005118558035299 ], [ -75.128917354013609, 40.005105659191614 ], [ -75.128575489722422, 40.005091692323184 ], [ -75.12823372347782, 40.00507655443878 ], [ -75.12787293070501, 40.005059142872305 ], [ -75.127550586787223, 40.005042349869555 ], [ -75.127209206713559, 40.005023442448064 ], [ -75.126867753927343, 40.005004480086406 ], [ -75.12652625250432, 40.00498535521092 ], [ -75.126184750933717, 40.004965874307906 ], [ -75.125843291102072, 40.004945832900518 ], [ -75.125501917994654, 40.004925037395701 ], [ -75.125160673401908, 40.004903286018589 ], [ -75.124819602455645, 40.004880381575965 ], [ -75.124478749225801, 40.004856124147885 ], [ -75.124138158817715, 40.004830317442931 ], [ -75.123949327292692, 40.004815026363836 ], [ -75.124163774179195, 40.003830504979312 ], [ -75.124411893335235, 40.002635747370142 ], [ -75.124732704277591, 40.001125212840222 ], [ -75.124825845599801, 40.000737812773018 ], [ -75.124953048122805, 40.000118295958629 ], [ -75.125059397636107, 39.999629370055082 ], [ -75.124001039223003, 39.999494715317994 ], [ -75.122869834333471, 39.999348225421699 ], [ -75.121896450617228, 39.999221973258749 ], [ -75.121414859634569, 39.999160500711042 ], [ -75.120934067135778, 39.999098456940501 ], [ -75.120438160822957, 39.999031248928901 ], [ -75.119958416169581, 39.998976071047544 ], [ -75.119480640789931, 39.998918464749593 ], [ -75.118994832600421, 39.998853637104581 ], [ -75.118142726364312, 39.998740068925791 ], [ -75.117607794797848, 39.998672192592103 ], [ -75.117055406560638, 39.998602451874987 ], [ -75.117137189543726, 39.998204954618338 ], [ -75.11720552832351, 39.997848242204952 ], [ -75.11726460987984, 39.997590851431717 ], [ -75.117284481552048, 39.997495520586632 ], [ -75.117383762094931, 39.997007889103394 ], [ -75.116875278959697, 39.996944033202965 ], [ -75.11641424499777, 39.996882340389526 ], [ -75.115947285577931, 39.996823352482821 ], [ -75.11544873273192, 39.996754717356843 ], [ -75.114203760268296, 39.996600201630038 ], [ -75.113782904031495, 39.996545668449727 ] ] ] } },
{ "type": "Feature", "properties": { "MS_ID": "5680", "MS_Name": "Munoz-Marin, Luis", "MS_Grade": "K-8" }, "geometry": { "type": "Polygon", "coordinates": [ [ [ -75.132065923623074, 40.004559750902828 ], [ -75.132255941709346, 40.003632741855057 ], [ -75.132578305067284, 40.002135590534365 ], [ -75.132897078082692, 40.000644377340741 ], [ -75.133236771487915, 39.999058838224833 ], [ -75.133830779622926, 39.999130477239881 ], [ -75.13441312486971, 39.999208624914175 ], [ -75.135652237783759, 39.999376842785225 ], [ -75.138525630687624, 39.999744178215309 ], [ -75.139070617408123, 39.999812668976816 ], [ -75.139527467286456, 39.999877985167934 ], [ -75.139988843273599, 39.999933194748493 ], [ -75.140319459647088, 39.99997299400659 ], [ -75.140498556720885, 39.999994555103264 ], [ -75.140478637170929, 40.000094951885217 ], [ -75.14040264033143, 40.000477983232194 ], [ -75.140229247468938, 40.001251083769084 ], [ -75.140149076280508, 40.0015839349809 ], [ -75.140634531786475, 40.001647054973652 ], [ -75.140777439799436, 40.001695826436446 ], [ -75.140068415657836, 40.001971680605877 ], [ -75.139886621555277, 40.002842828195924 ], [ -75.139606289945149, 40.002942203525343 ], [ -75.139295671892981, 40.003052771218321 ], [ -75.138985334091359, 40.003163793176888 ], [ -75.138675325410276, 40.00327533899268 ], [ -75.138365691996754, 40.003387488107244 ], [ -75.138056609338491, 40.003500521130391 ], [ -75.137748899615801, 40.003615755148964 ], [ -75.137669279433752, 40.003646197302992 ], [ -75.137442407311227, 40.003732937953053 ], [ -75.137136777086283, 40.003851499227139 ], [ -75.136831652510196, 40.003970866824645 ], [ -75.136526674783369, 40.00409046944236 ], [ -75.136221494617274, 40.004209732385313 ], [ -75.135915751884596, 40.00432808881714 ], [ -75.135609093696601, 40.004444966656301 ], [ -75.135300906269634, 40.004559631997999 ], [ -75.134989554234707, 40.004669614814979 ], [ -75.134673976845136, 40.004771398547945 ], [ -75.134352502401114, 40.004861512171956 ], [ -75.134024860171863, 40.004938897069572 ], [ -75.133693575625898, 40.005004972185681 ], [ -75.13335888197858, 40.005062658514603 ], [ -75.133021251329041, 40.005105942538556 ], [ -75.13268120165452, 40.00513187887433 ], [ -75.132339300056245, 40.005147432728904 ], [ -75.131950178948784, 40.00515715945356 ], [ -75.132065923623074, 40.004559750902828 ] ] ] } },
{ "type": "Feature", "properties": { "MS_ID": "6200", "MS_Name": "Day, Anna Blakiston", "MS_Grade": "K-8" }, "geometry": { "type": "Polygon", "coordinates": [ [ [ -75.171499945297512, 40.065260166460085 ], [ -75.171242613420873, 40.065009465564067 ], [ -75.170911942200362, 40.06466925503468 ], [ -75.170694095224292, 40.064459655645386 ], [ -75.170363432116545, 40.064094950521572 ], [ -75.170171277860703, 40.063906878960744 ], [ -75.169830069175745, 40.063541050603526 ], [ -75.169043941062057, 40.064300447708618 ], [ -75.168099853994661, 40.065220822433247 ], [ -75.167768993996802, 40.065108487428617 ], [ -75.167316975799508, 40.064947375805282 ], [ -75.166959797621146, 40.064827434292788 ], [ -75.166541860594577, 40.064680558490032 ], [ -75.166221362221947, 40.06457189914466 ], [ -75.165715400711719, 40.06439171631164 ], [ -75.165348083832185, 40.06426613015288 ], [ -75.164800356027399, 40.064072420152492 ], [ -75.16438368564819, 40.063926607255361 ], [ -75.163787849265859, 40.063712558698455 ], [ -75.163441904480891, 40.063596555650861 ], [ -75.162924112406088, 40.063410709422975 ], [ -75.162548716519709, 40.063285958426555 ], [ -75.162019778077138, 40.063096216918403 ], [ -75.161959775443421, 40.063158903137371 ], [ -75.161664164970404, 40.062984054182564 ], [ -75.161234268560349, 40.062732319361182 ], [ -75.160993261252585, 40.062595900743247 ], [ -75.160603683582082, 40.062369944395634 ], [ -75.160351823820065, 40.062229621687059 ], [ -75.159894163675673, 40.061971945302716 ], [ -75.15961343513672, 40.061810751388485 ], [ -75.159199738183617, 40.061567179296624 ], [ -75.157201933769812, 40.060429816621323 ], [ -75.158413238004911, 40.059182161006305 ], [ -75.158164175122735, 40.059036116190057 ], [ -75.157760459794872, 40.058800649227884 ], [ -75.157373032045157, 40.058585980622965 ], [ -75.15747896418911, 40.056504930678976 ], [ -75.157460518160022, 40.056419470375637 ], [ -75.158315992615528, 40.056035306848422 ], [ -75.158890483631453, 40.055769491834255 ], [ -75.16044128197008, 40.054257135617746 ], [ -75.160919293004326, 40.053792506233698 ], [ -75.161168940233736, 40.053554834901568 ], [ -75.161387592823473, 40.053342933770466 ], [ -75.161899383053424, 40.05284319234768 ], [ -75.163374568025759, 40.051419298090025 ], [ -75.164529072368694, 40.050307646064056 ], [ -75.165202153299958, 40.049652006390971 ], [ -75.165257122999222, 40.049597321852417 ], [ -75.166054737444057, 40.048834551374163 ], [ -75.167238653202972, 40.047686071425815 ], [ -75.167702759262113, 40.047246253974897 ], [ -75.168849229373578, 40.047955063249475 ], [ -75.169270294239368, 40.048207577481364 ], [ -75.170604154612505, 40.049030262603679 ], [ -75.170633392705824, 40.049102253934542 ], [ -75.170735764829729, 40.049353539623894 ], [ -75.170838622081149, 40.049604666703246 ], [ -75.170942167480874, 40.049855568549134 ], [ -75.171046608599966, 40.05010618224366 ], [ -75.171128209410952, 40.050300315011455 ], [ -75.171152069465705, 40.050356452903564 ], [ -75.171258819868243, 40.050606284767596 ], [ -75.171368008247214, 40.050855476555114 ], [ -75.17152726633006, 40.051089120617519 ], [ -75.171730244679964, 40.051300673460624 ], [ -75.171945640258031, 40.051505659589687 ], [ -75.172152757000802, 40.051715590770904 ], [ -75.172161820995342, 40.051725161961784 ], [ -75.172357958871004, 40.0519262102043 ], [ -75.172563552913189, 40.052136755145739 ], [ -75.172886685469805, 40.05240617655712 ], [ -75.17311902812439, 40.052599606597042 ], [ -75.173350444011845, 40.052793671285229 ], [ -75.17358005010081, 40.052988992343558 ], [ -75.17381241180081, 40.053183506129528 ], [ -75.174038406870778, 40.053381793351804 ], [ -75.174240560579008, 40.053592781409236 ], [ -75.174406882626243, 40.053823769205678 ], [ -75.174545062767081, 40.054064883026868 ], [ -75.174659339622835, 40.054312964447234 ], [ -75.174760854725989, 40.054564906121492 ], [ -75.174864406549261, 40.054816556359789 ], [ -75.174958471072813, 40.055070187800844 ], [ -75.175011886653749, 40.055328760154559 ], [ -75.175031113008046, 40.055591480315385 ], [ -75.175040893842009, 40.055855494356877 ], [ -75.17506031602511, 40.056118622540659 ], [ -75.175079333190226, 40.056382200250589 ], [ -75.175107856093248, 40.056644576403741 ], [ -75.175147982734231, 40.05683972519401 ], [ -75.175161133519325, 40.056903685234026 ], [ -75.175249558211306, 40.057158933378112 ], [ -75.175368107498102, 40.057406053640349 ], [ -75.175506456008307, 40.057646904895407 ], [ -75.175660163705231, 40.057882932814437 ], [ -75.175828223620599, 40.058112341586458 ], [ -75.176008816601595, 40.058335765247662 ], [ -75.176199471725695, 40.058554821559156 ], [ -75.176398039537716, 40.058769793894172 ], [ -75.176602353354454, 40.058981048146265 ], [ -75.176811002129583, 40.059190142062391 ], [ -75.17702481901928, 40.059396410410521 ], [ -75.177244996180818, 40.059598348141634 ], [ -75.177472724659935, 40.059794448369821 ], [ -75.177713753131499, 40.059982251152789 ], [ -75.177868197679118, 40.060085715223948 ], [ -75.177973060829686, 40.060155962660133 ], [ -75.178250115685387, 40.060309079095589 ], [ -75.178547090024423, 40.060439691961847 ], [ -75.178855173645474, 40.060557399718036 ], [ -75.1791640113303, 40.060671852836947 ], [ -75.179476102279693, 40.06078031680449 ], [ -75.179789952365596, 40.060886076584673 ], [ -75.180102100083829, 40.06099460945412 ], [ -75.180412377680113, 40.061106165758432 ], [ -75.180722199572813, 40.061218479570947 ], [ -75.181031758369912, 40.061331233541871 ], [ -75.181152904441291, 40.061375417270774 ], [ -75.180908110576453, 40.061608494800097 ], [ -75.180805276948973, 40.061725900603314 ], [ -75.180542791025317, 40.061978621114235 ], [ -75.179920698340652, 40.062582207224928 ], [ -75.17915926787137, 40.063318167187305 ], [ -75.17842108801139, 40.064031715750374 ], [ -75.177723967423134, 40.064738898005018 ], [ -75.176526153729085, 40.065897034281825 ], [ -75.17573916329448, 40.065455268868476 ], [ -75.175328386690637, 40.065217389438295 ], [ -75.174727902079368, 40.065845721695496 ], [ -75.174165372527568, 40.066389806058389 ], [ -75.173459723562914, 40.067055093829076 ], [ -75.17311094758368, 40.066831281133908 ], [ -75.172711306139234, 40.066511492515104 ], [ -75.172483260879588, 40.066273276342251 ], [ -75.172134078206739, 40.065926492388684 ], [ -75.171886533737649, 40.065664213903119 ], [ -75.171499945297512, 40.065260166460085 ] ] ] } },
{ "type": "Feature", "properties": { "MS_ID": "6210", "MS_Name": "Edmonds, Franklin S", "MS_Grade": "K-8" }, "geometry": { "type": "Polygon", "coordinates": [ [ [ -75.163396561287428, 40.076966592906757 ], [ -75.160428881288155, 40.075312663990957 ], [ -75.160505944363791, 40.074832885704787 ], [ -75.160557535401566, 40.07453012215327 ], [ -75.16057136671003, 40.074423771911661 ], [ -75.160640549962196, 40.074042203895914 ], [ -75.16069589137031, 40.073662829689788 ], [ -75.160716755856285, 40.073538412214603 ], [ -75.160770294691261, 40.073314161676031 ], [ -75.160824253010816, 40.073095104095117 ], [ -75.160918772306204, 40.07271045947612 ], [ -75.16102579413149, 40.072272806064859 ], [ -75.16110506465796, 40.071953548466063 ], [ -75.161313377383806, 40.07138793441851 ], [ -75.161388025401322, 40.071313389393225 ], [ -75.161615190423589, 40.071093864034161 ], [ -75.161801133465218, 40.070912805711053 ], [ -75.162036677113619, 40.070686408849902 ], [ -75.162323800092096, 40.070408124113825 ], [ -75.162745835910982, 40.069997115366426 ], [ -75.163421081615212, 40.069333932553093 ], [ -75.164106879059688, 40.068663986234739 ], [ -75.164361558068848, 40.068424816613124 ], [ -75.164637851582341, 40.068194280617561 ], [ -75.164876775479584, 40.068008388184566 ], [ -75.165146355041102, 40.067820877379482 ], [ -75.165318570789765, 40.067707514220047 ], [ -75.165706626955156, 40.067439172956448 ], [ -75.166073919305376, 40.067195462117326 ], [ -75.168099853994661, 40.065220822433247 ], [ -75.169043941062057, 40.064300447708618 ], [ -75.169830069175745, 40.063541050603526 ], [ -75.170171277860703, 40.063906878960744 ], [ -75.170363432116545, 40.064094950521572 ], [ -75.170694095224292, 40.064459655645386 ], [ -75.170911942200362, 40.06466925503468 ], [ -75.171242613420873, 40.065009465564067 ], [ -75.171499945297512, 40.065260166460085 ], [ -75.171886533737649, 40.065664213903119 ], [ -75.172134078206739, 40.065926492388684 ], [ -75.172483260879588, 40.066273276342251 ], [ -75.172711306139234, 40.066511492515104 ], [ -75.17311094758368, 40.066831281133908 ], [ -75.173459723562914, 40.067055093829076 ], [ -75.174165372527568, 40.066389806058389 ], [ -75.174727902079368, 40.065845721695496 ], [ -75.175328386690637, 40.065217389438295 ], [ -75.17573916329448, 40.065455268868476 ], [ -75.176526153729085, 40.065897034281825 ], [ -75.176953793886568, 40.06615132299622 ], [ -75.177115301845575, 40.06624476362591 ], [ -75.177261715345011, 40.066331152649447 ], [ -75.17764680439015, 40.066547505878688 ], [ -75.178009570519521, 40.066744759505241 ], [ -75.178672078084844, 40.067118786666391 ], [ -75.179305829661487, 40.067483744814041 ], [ -75.179976316261801, 40.067875264486865 ], [ -75.180110807930646, 40.067955274247275 ], [ -75.18054528168588, 40.068191173494938 ], [ -75.18090101784793, 40.068412729949017 ], [ -75.181751751870877, 40.068903970716796 ], [ -75.18108824954534, 40.069602032708623 ], [ -75.180482958314926, 40.070192005108865 ], [ -75.179819339181364, 40.070876185778644 ], [ -75.17953391169506, 40.071163544421765 ], [ -75.179448593523603, 40.071262433472128 ], [ -75.179372702983926, 40.07139944954563 ], [ -75.178981967701134, 40.072155267200699 ], [ -75.178028288650509, 40.074066398210071 ], [ -75.17781843262479, 40.074422850470185 ], [ -75.177617206062521, 40.074732651258351 ], [ -75.177404904707245, 40.075083609626276 ], [ -75.177235727560969, 40.075347332512585 ], [ -75.17702354357202, 40.075688539468672 ], [ -75.176841892035853, 40.075981391446142 ], [ -75.176501683341428, 40.076371483982001 ], [ -75.176226911455572, 40.07666422121828 ], [ -75.175876601811524, 40.077032900430822 ], [ -75.17557507191728, 40.077354562927241 ], [ -75.175289156943819, 40.077667277908994 ], [ -75.175063538670301, 40.077879978853979 ], [ -75.173655693446733, 40.07707058148381 ], [ -75.173374956014257, 40.077353905315874 ], [ -75.173148496231406, 40.077577846361848 ], [ -75.172879900103041, 40.0778507012704 ], [ -75.172621443186358, 40.078104902334765 ], [ -75.17073321801486, 40.077014924114557 ], [ -75.170289358454099, 40.076768758495902 ], [ -75.169786705148525, 40.077287518746132 ], [ -75.16931873256533, 40.077784394409143 ], [ -75.168803783238118, 40.078292999490593 ], [ -75.167660835388304, 40.079467440255094 ], [ -75.164088291843143, 40.077353842883106 ], [ -75.163396561287428, 40.076966592906757 ] ] ] } },
{ "type": "Feature", "properties": { "MS_ID": "6250", "MS_Name": "Henry, Charles W", "MS_Grade": "K-8" }, "geometry": { "type": "Polygon", "coordinates": [ [ [ -75.186778567800502, 40.054505329397813 ], [ -75.186517176073679, 40.053967139677219 ], [ -75.186115954072037, 40.053247312429583 ], [ -75.185680908565772, 40.052422965101933 ], [ -75.18528871203894, 40.05174455160671 ], [ -75.185221003452995, 40.051586374810611 ], [ -75.185016597204864, 40.05121743514735 ], [ -75.184693767416206, 40.050642411518247 ], [ -75.184573408865958, 40.050404922376231 ], [ -75.184367843807877, 40.050069635138406 ], [ -75.184203446847008, 40.049775693340166 ], [ -75.183967654825935, 40.049314893850998 ], [ -75.183918389266495, 40.049209436066668 ], [ -75.183760101274089, 40.048916757148717 ], [ -75.183398611368162, 40.048255322268425 ], [ -75.185276642679014, 40.046411282219864 ], [ -75.186687978711788, 40.045035183475889 ], [ -75.189314856680951, 40.042487081914196 ], [ -75.189479806396562, 40.042308689090454 ], [ -75.190251728050939, 40.042789129188279 ], [ -75.190579146848194, 40.04299291082166 ], [ -75.191199815770361, 40.043387097755421 ], [ -75.191241429408834, 40.043133123148614 ], [ -75.191347531853935, 40.042837478219859 ], [ -75.191450427950301, 40.042626907678873 ], [ -75.191577728315892, 40.042398635256546 ], [ -75.191769196368355, 40.042147462876386 ], [ -75.192095176604283, 40.041809923078937 ], [ -75.193918250519488, 40.040037592637972 ], [ -75.1961285681936, 40.037925107052061 ], [ -75.195914264742726, 40.037733862904666 ], [ -75.198239278990272, 40.036608638084601 ], [ -75.198039694584466, 40.035669218093339 ], [ -75.197974857636126, 40.035507042060317 ], [ -75.197888016606157, 40.035055917156463 ], [ -75.197816109396527, 40.034749735075671 ], [ -75.197674087515111, 40.034405069914918 ], [ -75.197646444300446, 40.034270388072251 ], [ -75.197622678162503, 40.034162988274453 ], [ -75.197535724841984, 40.033893093786155 ], [ -75.197542303806799, 40.033712343674054 ], [ -75.197597752485549, 40.033531894838887 ], [ -75.197678973632648, 40.033405452739927 ], [ -75.197919072023254, 40.033244249276422 ], [ -75.198678543453269, 40.033103334376847 ], [ -75.199038244590824, 40.032960800774042 ], [ -75.199251737480651, 40.032733128641603 ], [ -75.199657208498422, 40.032329249260336 ], [ -75.199726579381618, 40.032360159665359 ], [ -75.199973271520435, 40.032514050436404 ], [ -75.20016845710775, 40.032655383255353 ], [ -75.200231806534234, 40.032748119832171 ], [ -75.200242787701427, 40.032851112196404 ], [ -75.200206681397304, 40.033021558846777 ], [ -75.200146492477955, 40.033239988939812 ], [ -75.200028688584155, 40.033608408344811 ], [ -75.199985376463104, 40.03377298530102 ], [ -75.200097582348576, 40.034146512203399 ], [ -75.200199021220584, 40.034411342607449 ], [ -75.200291112990328, 40.034727339684906 ], [ -75.200444277091918, 40.034999027734479 ], [ -75.200657018961678, 40.035266328297695 ], [ -75.200775872664266, 40.035463045899007 ], [ -75.200867404707452, 40.035596367010683 ], [ -75.200900646815924, 40.035699853324061 ], [ -75.200850986034638, 40.035835748611319 ], [ -75.200872028419326, 40.035967505228555 ], [ -75.200959635611241, 40.036106446988313 ], [ -75.201102466265951, 40.036258031697621 ], [ -75.201195071084101, 40.036362835254522 ], [ -75.201348320082971, 40.036434732804572 ], [ -75.201563073283737, 40.036450915390517 ], [ -75.201788243308386, 40.036387411570573 ], [ -75.202032110008261, 40.036221574481544 ], [ -75.202150046587221, 40.036047235646478 ], [ -75.202261206583572, 40.035855622837872 ], [ -75.202386563730613, 40.035681448386022 ], [ -75.20257149451794, 40.035502885472539 ], [ -75.202712117177811, 40.035317633574714 ], [ -75.202922515207462, 40.035054012718582 ], [ -75.203084753133552, 40.034886363292969 ], [ -75.203222163737337, 40.034786662719846 ], [ -75.20350839828582, 40.034678843315966 ], [ -75.203747544407506, 40.034638480680805 ], [ -75.204029714361539, 40.034639027990117 ], [ -75.204296186394672, 40.034662058054018 ], [ -75.204863022681607, 40.034794493135699 ], [ -75.205195419021351, 40.034841816003564 ], [ -75.205467815805449, 40.03490493310418 ], [ -75.205700974323008, 40.035024264179022 ], [ -75.205867140644457, 40.035147816901969 ], [ -75.206017185901246, 40.035305262058806 ], [ -75.206070987129522, 40.035454867515099 ], [ -75.206085122234938, 40.035672093009048 ], [ -75.206139137685241, 40.035815995323688 ], [ -75.206260359897172, 40.03594996856576 ], [ -75.206373521694971, 40.036100889391015 ], [ -75.206477124484479, 40.036308679524822 ], [ -75.206535568144517, 40.036532593961859 ], [ -75.206598608572605, 40.036631961173249 ], [ -75.206766965013472, 40.036897336151156 ], [ -75.206974240477223, 40.037113130006581 ], [ -75.207215624761346, 40.037409591927315 ], [ -75.207729207745928, 40.037774871777039 ], [ -75.208078111526262, 40.037976672830567 ], [ -75.208376574493911, 40.038137399981487 ], [ -75.208652348917511, 40.038309040909205 ], [ -75.208868976643529, 40.038473663894557 ], [ -75.209124572995051, 40.038787560320088 ], [ -75.209317447910323, 40.038991616309858 ], [ -75.209557995020177, 40.039310887531443 ], [ -75.209811678519827, 40.039676114981091 ], [ -75.210017049658845, 40.039943234008625 ], [ -75.210161137870799, 40.040260373489794 ], [ -75.210480757972761, 40.040649890361927 ], [ -75.210561684847178, 40.040870226880486 ], [ -75.210728891242212, 40.041325473668053 ], [ -75.21083797713095, 40.041622474988294 ], [ -75.210859548920496, 40.041839863852772 ], [ -75.210904665370407, 40.042023523461431 ], [ -75.211057676167371, 40.042300901304088 ], [ -75.211345496279748, 40.042746794435466 ], [ -75.211558941928629, 40.042996964385978 ], [ -75.211673738644066, 40.043090419187109 ], [ -75.211789580031137, 40.043184724066734 ], [ -75.21192903529321, 40.043427550488076 ], [ -75.212049811050491, 40.043772711237679 ], [ -75.212144317128462, 40.044025961691482 ], [ -75.212171396839437, 40.04429484411871 ], [ -75.212190627241938, 40.044574972381433 ], [ -75.212179748154668, 40.044865850199621 ], [ -75.212109579540723, 40.045749073728594 ], [ -75.212042318208518, 40.045958790877563 ], [ -75.211943877049222, 40.046207777510205 ], [ -75.211845223037002, 40.046462466295836 ], [ -75.211660667585662, 40.046829422513667 ], [ -75.211582188544426, 40.046941852169788 ], [ -75.211583635960082, 40.047101714170338 ], [ -75.211646585314412, 40.04720585326379 ], [ -75.211768481151751, 40.047322710427473 ], [ -75.211949102248042, 40.047457990207711 ], [ -75.212150497747984, 40.047633687030618 ], [ -75.212382646475106, 40.047781519170812 ], [ -75.21260865508988, 40.047894967336909 ], [ -75.21297690463706, 40.04817709331067 ], [ -75.213127848126462, 40.048311716613661 ], [ -75.213331168333582, 40.04843607880872 ], [ -75.213503312054073, 40.048599709738419 ], [ -75.213666327701318, 40.048808805057881 ], [ -75.213782258125832, 40.049085357215006 ], [ -75.213914486675066, 40.049522100705161 ], [ -75.214050976973169, 40.049844772595428 ], [ -75.214502897940363, 40.050671021219088 ], [ -75.214570951425429, 40.050756997128254 ], [ -75.214391938232723, 40.05087763982575 ], [ -75.214285127850843, 40.050993419398814 ], [ -75.21410916982579, 40.051245500039272 ], [ -75.214011848694639, 40.051450092092509 ], [ -75.213955869004323, 40.051576838638837 ], [ -75.213923650684279, 40.051753333927387 ], [ -75.213852663774134, 40.05193881768102 ], [ -75.213834716486502, 40.052076248967118 ], [ -75.213727534397123, 40.052201864177263 ], [ -75.213622559439841, 40.052268460385278 ], [ -75.213467854784128, 40.052294579511667 ], [ -75.213169772330275, 40.05238644539147 ], [ -75.212923994333977, 40.052449931767832 ], [ -75.212638711210232, 40.052542078953955 ], [ -75.21240683662478, 40.052576337486151 ], [ -75.212072927254624, 40.052598495450212 ], [ -75.211711945243707, 40.052659434259482 ], [ -75.211412755801817, 40.052780805950647 ], [ -75.211230607153595, 40.052855539056793 ], [ -75.211096715385167, 40.053010096448794 ], [ -75.210953703345979, 40.0530660053901 ], [ -75.210787299458119, 40.053062327664428 ], [ -75.21053202960907, 40.053036995893251 ], [ -75.21028992901347, 40.053002109457232 ], [ -75.210070851364151, 40.053036645326955 ], [ -75.209851036926835, 40.053090854029762 ], [ -75.209655717716274, 40.053175138711524 ], [ -75.209472092687776, 40.053289216427785 ], [ -75.209326868595682, 40.053404142187816 ], [ -75.209143980374677, 40.053498545257014 ], [ -75.208963670525748, 40.053524092128555 ], [ -75.207833182599174, 40.053607375784033 ], [ -75.207676998260709, 40.053672833587186 ], [ -75.207546782992765, 40.053729020655432 ], [ -75.207308500751481, 40.053763126342773 ], [ -75.207138276233081, 40.053690444922289 ], [ -75.206936050311839, 40.05361705578656 ], [ -75.206756475647381, 40.05362292503699 ], [ -75.206511424713881, 40.053666724463845 ], [ -75.206278068011954, 40.05374031618485 ], [ -75.206121143041898, 40.053825445074317 ], [ -75.205988713112589, 40.053940650054756 ], [ -75.205675968994612, 40.054081396568222 ], [ -75.205476583583561, 40.054273877318373 ], [ -75.205329505876264, 40.054437981524387 ], [ -75.205195228563866, 40.054602369087519 ], [ -75.205113628718777, 40.054728544235651 ], [ -75.205046673511632, 40.054805819367061 ], [ -75.204882631977526, 40.054853072221071 ], [ -75.204711136534826, 40.054720158698373 ], [ -75.204172646304556, 40.054306830785684 ], [ -75.203728886790699, 40.053929175565372 ], [ -75.203492813238611, 40.0536531779589 ], [ -75.203343406620377, 40.053505215900039 ], [ -75.203216350850596, 40.053428105580494 ], [ -75.201463672635484, 40.052317850026171 ], [ -75.200112696889889, 40.051464734422979 ], [ -75.198770661051654, 40.052706436124808 ], [ -75.198200211439428, 40.052355961173681 ], [ -75.197713782371508, 40.052038963383026 ], [ -75.196982389607783, 40.051573127119013 ], [ -75.195633242758063, 40.052802534093821 ], [ -75.194914692399223, 40.052347695640989 ], [ -75.194434759265889, 40.052054328983459 ], [ -75.19434079120002, 40.051896151450784 ], [ -75.194327070166949, 40.051712260372618 ], [ -75.194206469403355, 40.051680300236967 ], [ -75.194084863316291, 40.051634165536754 ], [ -75.194013038577225, 40.051733475507106 ], [ -75.19321126466869, 40.051164993859551 ], [ -75.193011877019757, 40.051009992967018 ], [ -75.191816595569492, 40.050257484857788 ], [ -75.191496467772666, 40.050571190969158 ], [ -75.191319589047453, 40.05074452070351 ], [ -75.190817327616827, 40.051190803965 ], [ -75.188906400150046, 40.053020829447739 ], [ -75.188048847025684, 40.053816158878966 ], [ -75.187798093166379, 40.05406519918661 ], [ -75.186961886206433, 40.054823553994879 ], [ -75.186778567800502, 40.054505329397813 ] ] ] } },
{ "type": "Feature", "properties": { "MS_ID": "6260", "MS_Name": "Houston, Henry E", "MS_Grade": "K-8" }, "geometry": { "type": "Polygon", "coordinates": [ [ [ -75.189677035290188, 40.073460348632381 ], [ -75.189207259042703, 40.073164558665901 ], [ -75.18850083767552, 40.072765298951168 ], [ -75.188053387903125, 40.072504173185841 ], [ -75.187695787240813, 40.072302805182268 ], [ -75.187276913468835, 40.072062829281919 ], [ -75.186954180425033, 40.071882422539247 ], [ -75.186560905159723, 40.071658157130351 ], [ -75.186354392386079, 40.071536438549813 ], [ -75.186232931408611, 40.071465271378912 ], [ -75.185857880384575, 40.071247696344166 ], [ -75.185560844150586, 40.07107347214712 ], [ -75.184654503511467, 40.070566138510756 ], [ -75.183912762571467, 40.070145631452192 ], [ -75.183649124761786, 40.069991111355741 ], [ -75.183271031536819, 40.069789831738944 ], [ -75.182895479438699, 40.069554220685106 ], [ -75.182580061298836, 40.069376178292416 ], [ -75.182219994515449, 40.069160195141407 ], [ -75.181751751870877, 40.068903970716796 ], [ -75.18090101784793, 40.068412729949017 ], [ -75.18054528168588, 40.068191173494938 ], [ -75.180110807930646, 40.067955274247275 ], [ -75.179976316261801, 40.067875264486865 ], [ -75.179305829661487, 40.067483744814041 ], [ -75.178672078084844, 40.067118786666391 ], [ -75.178009570519521, 40.066744759505241 ], [ -75.17764680439015, 40.066547505878688 ], [ -75.177261715345011, 40.066331152649447 ], [ -75.177115301845575, 40.06624476362591 ], [ -75.176953793886568, 40.06615132299622 ], [ -75.176526153729085, 40.065897034281825 ], [ -75.177723967423134, 40.064738898005018 ], [ -75.17842108801139, 40.064031715750374 ], [ -75.17915926787137, 40.063318167187305 ], [ -75.179920698340652, 40.062582207224928 ], [ -75.180542791025317, 40.061978621114235 ], [ -75.180805276948973, 40.061725900603314 ], [ -75.180908110576453, 40.061608494800097 ], [ -75.181152904441291, 40.061375417270774 ], [ -75.181313924827293, 40.061222101312751 ], [ -75.181555715661318, 40.061006075885068 ], [ -75.181778858750832, 40.060768882071748 ], [ -75.183366244182366, 40.059221535836038 ], [ -75.184045192363143, 40.058573455297207 ], [ -75.184769667940103, 40.057858491270558 ], [ -75.184861346392864, 40.057793731212463 ], [ -75.184956377519754, 40.057734942120156 ], [ -75.186535538746668, 40.05621047774239 ], [ -75.187306780945477, 40.055485816669453 ], [ -75.186961886206433, 40.054823553994879 ], [ -75.187798093166379, 40.05406519918661 ], [ -75.188048847025684, 40.053816158878966 ], [ -75.188906400150046, 40.053020829447739 ], [ -75.190817327616827, 40.051190803965 ], [ -75.191319589047453, 40.05074452070351 ], [ -75.191496467772666, 40.050571190969158 ], [ -75.191816595569492, 40.050257484857788 ], [ -75.193011877019757, 40.051009992967018 ], [ -75.19321126466869, 40.051164993859551 ], [ -75.194013038577225, 40.051733475507106 ], [ -75.194084863316291, 40.051634165536754 ], [ -75.194206469403355, 40.051680300236967 ], [ -75.194327070166949, 40.051712260372618 ], [ -75.19434079120002, 40.051896151450784 ], [ -75.194434759265889, 40.052054328983459 ], [ -75.194914692399223, 40.052347695640989 ], [ -75.195633242758063, 40.052802534093821 ], [ -75.196982389607783, 40.051573127119013 ], [ -75.197713782371508, 40.052038963383026 ], [ -75.198200211439428, 40.052355961173681 ], [ -75.198770661051654, 40.052706436124808 ], [ -75.200112696889889, 40.051464734422979 ], [ -75.201463672635484, 40.052317850026171 ], [ -75.203216350850596, 40.053428105580494 ], [ -75.203343406620377, 40.053505215900039 ], [ -75.203492813238611, 40.0536531779589 ], [ -75.203728886790699, 40.053929175565372 ], [ -75.204172646304556, 40.054306830785684 ], [ -75.204711136534826, 40.054720158698373 ], [ -75.204882631977526, 40.054853072221071 ], [ -75.205318213759483, 40.055190656075837 ], [ -75.205872576109314, 40.055615952666628 ], [ -75.206210225916465, 40.055885484051927 ], [ -75.207929633616473, 40.057219621105467 ], [ -75.206957689388901, 40.058196204794527 ], [ -75.204544501680047, 40.06058276092147 ], [ -75.202589099620781, 40.062539283643154 ], [ -75.202475788498816, 40.062651177851635 ], [ -75.202146203894799, 40.062982608647353 ], [ -75.201739772284768, 40.063375963925488 ], [ -75.201269264364086, 40.063854881946042 ], [ -75.20079594233718, 40.063734488746654 ], [ -75.200744931276574, 40.064497824262524 ], [ -75.201368360788308, 40.065115210994797 ], [ -75.201716782198545, 40.06544573648771 ], [ -75.201509277266382, 40.065419682557739 ], [ -75.201318810825853, 40.065383095046542 ], [ -75.200848335947725, 40.065233959550397 ], [ -75.200466808315127, 40.065178124771293 ], [ -75.200196736878951, 40.065164236678115 ], [ -75.200048587415822, 40.065187266471767 ], [ -75.199870881827238, 40.065267536700254 ], [ -75.199755286354417, 40.065382275334635 ], [ -75.198361531731493, 40.066762860753997 ], [ -75.197424924115055, 40.067679332798321 ], [ -75.197337375042821, 40.067707880611287 ], [ -75.197256087691784, 40.067748563406553 ], [ -75.197028936841747, 40.06795207563993 ], [ -75.194553595162773, 40.070415101071653 ], [ -75.194372033200182, 40.070590641418171 ], [ -75.194137456597971, 40.070817438075451 ], [ -75.192846443424244, 40.072111143283081 ], [ -75.192064510929342, 40.072901534020701 ], [ -75.190832796812217, 40.074115481079261 ], [ -75.189677035290188, 40.073460348632381 ] ] ] } },
{ "type": "Feature", "properties": { "MS_ID": "6270", "MS_Name": "Jenks, John S", "MS_Grade": "K-8" }, "geometry": { "type": "MultiPolygon", "coordinates": [ [ [ [ -75.17844985463563, 40.076930025345661 ], [ -75.176841892035853, 40.075981391446142 ], [ -75.17702354357202, 40.075688539468672 ], [ -75.177235727560969, 40.075347332512585 ], [ -75.177404904707245, 40.075083609626276 ], [ -75.177617206062521, 40.074732651258351 ], [ -75.17781843262479, 40.074422850470185 ], [ -75.178028288650509, 40.074066398210071 ], [ -75.178981967701134, 40.072155267200699 ], [ -75.179372702983926, 40.07139944954563 ], [ -75.179448593523603, 40.071262433472128 ], [ -75.17953391169506, 40.071163544421765 ], [ -75.179819339181364, 40.070876185778644 ], [ -75.180482958314926, 40.070192005108865 ], [ -75.18108824954534, 40.069602032708623 ], [ -75.181751751870877, 40.068903970716796 ], [ -75.182219994515449, 40.069160195141407 ], [ -75.182580061298836, 40.069376178292416 ], [ -75.182895479438699, 40.069554220685106 ], [ -75.183271031536819, 40.069789831738944 ], [ -75.183649124761786, 40.069991111355741 ], [ -75.183912762571467, 40.070145631452192 ], [ -75.184654503511467, 40.070566138510756 ], [ -75.185560844150586, 40.07107347214712 ], [ -75.185857880384575, 40.071247696344166 ], [ -75.186232931408611, 40.071465271378912 ], [ -75.186354392386079, 40.071536438549813 ], [ -75.186560905159723, 40.071658157130351 ], [ -75.186954180425033, 40.071882422539247 ], [ -75.187276913468835, 40.072062829281919 ], [ -75.187695787240813, 40.072302805182268 ], [ -75.188053387903125, 40.072504173185841 ], [ -75.18850083767552, 40.072765298951168 ], [ -75.188422669373878, 40.072840843860767 ], [ -75.187061169524895, 40.074156612500744 ], [ -75.186986699644009, 40.074243045632635 ], [ -75.185918203797257, 40.075283525927297 ], [ -75.18584257629746, 40.075350095113144 ], [ -75.185023351238286, 40.076150353783497 ], [ -75.183803546976819, 40.077374019752945 ], [ -75.181941612248721, 40.076411771585136 ], [ -75.181819609441987, 40.076472005835555 ], [ -75.181507751295968, 40.076766524941057 ], [ -75.181275777822151, 40.077019298461742 ], [ -75.181030059985943, 40.077273432084276 ], [ -75.180779772537662, 40.077528941616251 ], [ -75.180498744570443, 40.077819479266729 ], [ -75.180283933259091, 40.078049915751549 ], [ -75.180238979859595, 40.077946920259826 ], [ -75.17844985463563, 40.076930025345661 ] ] ], [ [ [ -75.21679214667418, 40.08903660075098 ], [ -75.215122749798255, 40.088075867036437 ], [ -75.214348416093756, 40.087630220440481 ], [ -75.214131604265361, 40.087505439172979 ], [ -75.213751972768193, 40.087291903724214 ], [ -75.212831233937408, 40.086756319362117 ], [ -75.211775556236773, 40.086142221512461 ], [ -75.210352882200695, 40.085314609417431 ], [ -75.209971688566185, 40.085169123801826 ], [ -75.209779746033533, 40.085090031618783 ], [ -75.209636205205356, 40.085022979412869 ], [ -75.209481769069001, 40.084943327218802 ], [ -75.20928421156529, 40.08483426722583 ], [ -75.209155702847085, 40.084755375095213 ], [ -75.208910715746413, 40.084575325095102 ], [ -75.208435029404512, 40.084198875414714 ], [ -75.206324275771323, 40.082970839013775 ], [ -75.204881650906074, 40.082144357994984 ], [ -75.20414582216543, 40.081722786622379 ], [ -75.202673816495547, 40.080879606073893 ], [ -75.200935619184406, 40.0798838978099 ], [ -75.200453046055159, 40.079607451815171 ], [ -75.198351392186211, 40.078403448841158 ], [ -75.197642683132841, 40.077997422417525 ], [ -75.196434398310672, 40.077305163453666 ], [ -75.195956482410679, 40.077032700742315 ], [ -75.195003407367366, 40.076489337754225 ], [ -75.190832796812217, 40.074115481079261 ], [ -75.192064510929342, 40.072901534020701 ], [ -75.192846443424244, 40.072111143283081 ], [ -75.194137456597971, 40.070817438075451 ], [ -75.194372033200182, 40.070590641418171 ], [ -75.194553595162773, 40.070415101071653 ], [ -75.197028936841747, 40.06795207563993 ], [ -75.197256087691784, 40.067748563406553 ], [ -75.197337375042821, 40.067707880611287 ], [ -75.197424924115055, 40.067679332798321 ], [ -75.198361531731493, 40.066762860753997 ], [ -75.199755286354417, 40.065382275334635 ], [ -75.199870881827238, 40.065267536700254 ], [ -75.200048587415822, 40.065187266471767 ], [ -75.200196736878951, 40.065164236678115 ], [ -75.200466808315127, 40.065178124771293 ], [ -75.200848335947725, 40.065233959550397 ], [ -75.201318810825853, 40.065383095046542 ], [ -75.201509277266382, 40.065419682557739 ], [ -75.201716782198545, 40.06544573648771 ], [ -75.201368360788308, 40.065115210994797 ], [ -75.200744931276574, 40.064497824262524 ], [ -75.20079594233718, 40.063734488746654 ], [ -75.201269264364086, 40.063854881946042 ], [ -75.201739772284768, 40.063375963925488 ], [ -75.202146203894799, 40.062982608647353 ], [ -75.202475788498816, 40.062651177851635 ], [ -75.202589099620781, 40.062539283643154 ], [ -75.204544501680047, 40.06058276092147 ], [ -75.206957689388901, 40.058196204794527 ], [ -75.207929633616473, 40.057219621105467 ], [ -75.206210225916465, 40.055885484051927 ], [ -75.205872576109314, 40.055615952666628 ], [ -75.205318213759483, 40.055190656075837 ], [ -75.204882631977526, 40.054853072221071 ], [ -75.205046673511632, 40.054805819367061 ], [ -75.205113628718777, 40.054728544235651 ], [ -75.205195228563866, 40.054602369087519 ], [ -75.205329505876264, 40.054437981524387 ], [ -75.205476583583561, 40.054273877318373 ], [ -75.205675968994612, 40.054081396568222 ], [ -75.205988713112589, 40.053940650054756 ], [ -75.206121143041898, 40.053825445074317 ], [ -75.206278068011954, 40.05374031618485 ], [ -75.206511424713881, 40.053666724463845 ], [ -75.206756475647381, 40.05362292503699 ], [ -75.206936050311839, 40.05361705578656 ], [ -75.207138276233081, 40.053690444922289 ], [ -75.207308500751481, 40.053763126342773 ], [ -75.207546782992765, 40.053729020655432 ], [ -75.207676998260709, 40.053672833587186 ], [ -75.207833182599174, 40.053607375784033 ], [ -75.208963670525748, 40.053524092128555 ], [ -75.209143980374677, 40.053498545257014 ], [ -75.209326868595682, 40.053404142187816 ], [ -75.209472092687776, 40.053289216427785 ], [ -75.209655717716274, 40.053175138711524 ], [ -75.209851036926835, 40.053090854029762 ], [ -75.210070851364151, 40.053036645326955 ], [ -75.21028992901347, 40.053002109457232 ], [ -75.21053202960907, 40.053036995893251 ], [ -75.210787299458119, 40.053062327664428 ], [ -75.210953703345979, 40.0530660053901 ], [ -75.211096715385167, 40.053010096448794 ], [ -75.211230607153595, 40.052855539056793 ], [ -75.211412755801817, 40.052780805950647 ], [ -75.211711945243707, 40.052659434259482 ], [ -75.212072927254624, 40.052598495450212 ], [ -75.21240683662478, 40.052576337486151 ], [ -75.212638711210232, 40.052542078953955 ], [ -75.212923994333977, 40.052449931767832 ], [ -75.213169772330275, 40.05238644539147 ], [ -75.213467854784128, 40.052294579511667 ], [ -75.213622559439841, 40.052268460385278 ], [ -75.213727534397123, 40.052201864177263 ], [ -75.213834716486502, 40.052076248967118 ], [ -75.213852663774134, 40.05193881768102 ], [ -75.213923650684279, 40.051753333927387 ], [ -75.213955869004323, 40.051576838638837 ], [ -75.214011848694639, 40.051450092092509 ], [ -75.21410916982579, 40.051245500039272 ], [ -75.214285127850843, 40.050993419398814 ], [ -75.214391938232723, 40.05087763982575 ], [ -75.214570951425429, 40.050756997128254 ], [ -75.214773662023873, 40.051013089696674 ], [ -75.215014015200865, 40.051225805028722 ], [ -75.215222630017337, 40.051421226782722 ], [ -75.215420767764513, 40.051608118795841 ], [ -75.215777925175402, 40.051873189420142 ], [ -75.216326929504689, 40.052204711996183 ], [ -75.216790725387852, 40.052505315687824 ], [ -75.217010137442244, 40.052700972060094 ], [ -75.217213811154679, 40.053029024016652 ], [ -75.217405458513042, 40.053389994172349 ], [ -75.217549321175539, 40.053874360860924 ], [ -75.217669754896079, 40.054407988278427 ], [ -75.217763705877303, 40.054783399722368 ], [ -75.217795407486619, 40.055091067156702 ], [ -75.217832685987787, 40.055389555593813 ], [ -75.217845279811428, 40.055490394310446 ], [ -75.21786557809817, 40.055814404931837 ], [ -75.21796293545799, 40.056098627432789 ], [ -75.218157072596853, 40.056393282553863 ], [ -75.218298510555428, 40.056653589666091 ], [ -75.218413154589186, 40.056763968720674 ], [ -75.218536110879924, 40.056940904507741 ], [ -75.218701602562746, 40.057135367329046 ], [ -75.218941681605457, 40.057356364863651 ], [ -75.21920948591719, 40.057702417275088 ], [ -75.219388861337734, 40.05781422290228 ], [ -75.219651448391872, 40.058010823670351 ], [ -75.219824640861304, 40.058288420750699 ], [ -75.220004912974389, 40.058665729881277 ], [ -75.220269018437705, 40.059111256362883 ], [ -75.220356221749086, 40.059378663758977 ], [ -75.220476715146845, 40.059621913058933 ], [ -75.22064160075098, 40.059832953087543 ], [ -75.220798171617147, 40.059977438880047 ], [ -75.221010228210176, 40.06008166299101 ], [ -75.221178513312267, 40.060201517869032 ], [ -75.221344329441592, 40.060387689084521 ], [ -75.221508909429573, 40.060607018300935 ], [ -75.221710773734742, 40.060984800422176 ], [ -75.221872422741285, 40.061282879124711 ], [ -75.222086600737697, 40.061909825941818 ], [ -75.222153781145963, 40.062135306657659 ], [ -75.222231749366685, 40.062361025546558 ], [ -75.222395102698059, 40.062613511767651 ], [ -75.222632432427872, 40.062909106714166 ], [ -75.222891343950565, 40.063205176676256 ], [ -75.223151180598975, 40.063476376362566 ], [ -75.223401160302984, 40.063722469592662 ], [ -75.223525069664589, 40.063874529487769 ], [ -75.22357191279032, 40.064066378402096 ], [ -75.223520112580388, 40.064297540217218 ], [ -75.223449204251267, 40.064461909192197 ], [ -75.22328242911199, 40.064590983781855 ], [ -75.223008379083069, 40.064701107216052 ], [ -75.2225177766977, 40.064827209652357 ], [ -75.22191572875083, 40.065046264531688 ], [ -75.221507262585718, 40.065286170721741 ], [ -75.221041448635901, 40.065616073408904 ], [ -75.220753204096127, 40.065817140154934 ], [ -75.220472652233084, 40.066101340120561 ], [ -75.220402044972772, 40.066257416762831 ], [ -75.220350541429099, 40.06648028755945 ], [ -75.220405385641243, 40.066746980426913 ], [ -75.220482425938044, 40.066997570027198 ], [ -75.22050923080036, 40.067147495564704 ], [ -75.220542372963337, 40.067214746499431 ], [ -75.220579501091294, 40.067290082397207 ], [ -75.220723443872984, 40.067484068977265 ], [ -75.22091793475235, 40.067770426985767 ], [ -75.221302777142895, 40.068164681699969 ], [ -75.221742653269487, 40.068531106786168 ], [ -75.222067246806986, 40.068803733216512 ], [ -75.222276243760874, 40.068990851485566 ], [ -75.222443935407981, 40.069127283580613 ], [ -75.222524696182987, 40.069278394369661 ], [ -75.22264923022982, 40.069413877804486 ], [ -75.222837268916678, 40.069583941311379 ], [ -75.223037642453974, 40.069712793039933 ], [ -75.223235546242734, 40.069907963657073 ], [ -75.223540734152181, 40.070122082640928 ], [ -75.223918984149677, 40.070404182185179 ], [ -75.224362283131356, 40.070679411017402 ], [ -75.224667786630874, 40.070885239229916 ], [ -75.224941536964025, 40.071073775280794 ], [ -75.225172438540454, 40.071253073783481 ], [ -75.225340450153652, 40.071381212063194 ], [ -75.225477638546337, 40.071467189408445 ], [ -75.225601565534262, 40.071619246971714 ], [ -75.225627303723044, 40.071798184779816 ], [ -75.22560689750236, 40.071866373320873 ], [ -75.22555330614523, 40.07204545248316 ], [ -75.225418578250711, 40.072183530769124 ], [ -75.225358455210369, 40.072348139662672 ], [ -75.225092699920495, 40.072524820762709 ], [ -75.224750485688759, 40.072724712956713 ], [ -75.224441876092897, 40.072892156381826 ], [ -75.2239359479737, 40.073138225476242 ], [ -75.223404731107351, 40.073483293600951 ], [ -75.223214808808365, 40.073653343193051 ], [ -75.223064651074949, 40.073915526763358 ], [ -75.223012532802372, 40.074154976882802 ], [ -75.223014056544571, 40.074403903759965 ], [ -75.223122252583849, 40.074688361557961 ], [ -75.223364090034494, 40.075154129066966 ], [ -75.223482461800145, 40.075455402876301 ], [ -75.223612241715557, 40.075740334612917 ], [ -75.223802755683082, 40.076134453775992 ], [ -75.224067571519711, 40.076563392851952 ], [ -75.224303724838364, 40.076892143324727 ], [ -75.224484071297951, 40.077269445026722 ], [ -75.224673359980414, 40.077696720978004 ], [ -75.224789580219593, 40.078056022139997 ], [ -75.225184361166782, 40.07876574232143 ], [ -75.225337896000312, 40.078993118274461 ], [ -75.225482473155097, 40.079246018795097 ], [ -75.225520416131801, 40.079312390476254 ], [ -75.225737160867325, 40.079582635953656 ], [ -75.22590025895488, 40.07984340828304 ], [ -75.225947427269105, 40.080026963753816 ], [ -75.226049174551278, 40.080195127788869 ], [ -75.22624434014628, 40.08046489740407 ], [ -75.226492849033946, 40.080752432363518 ], [ -75.226806111718957, 40.081041388314063 ], [ -75.227035203025082, 40.081270419520784 ], [ -75.227351859967769, 40.081468187734721 ], [ -75.227656187866785, 40.081707166161721 ], [ -75.228070284532677, 40.081898775206142 ], [ -75.228590761075694, 40.082134196339716 ], [ -75.229272966150717, 40.082377311153131 ], [ -75.229525807014696, 40.082548784516689 ], [ -75.229771555259163, 40.082620544874487 ], [ -75.229942070447891, 40.082682357964245 ], [ -75.230179494242705, 40.082687563353147 ], [ -75.230352779572286, 40.082674768666344 ], [ -75.230556594777966, 40.082712423633289 ], [ -75.230782609873089, 40.082733969452647 ], [ -75.230975016680375, 40.082787965376085 ], [ -75.231155401536597, 40.082874882829444 ], [ -75.23196115806698, 40.08313193953051 ], [ -75.232667870228227, 40.083422992449897 ], [ -75.233019367889725, 40.083631418404288 ], [ -75.231789083028588, 40.08484644728194 ], [ -75.230559199825294, 40.086061021275313 ], [ -75.227733436951297, 40.088818351360402 ], [ -75.223593823895058, 40.09292898904922 ], [ -75.220182150517275, 40.090987381580732 ], [ -75.219633796613437, 40.090671844713285 ], [ -75.21679214667418, 40.08903660075098 ] ] ] ] } },
{ "type": "Feature", "properties": { "MS_ID": "6310", "MS_Name": "McCloskey, John F", "MS_Grade": "K-8" }, "geometry": { "type": "Polygon", "coordinates": [ [ [ -75.175871624564138, 40.084324208581009 ], [ -75.175653774011025, 40.084195365222421 ], [ -75.175343685892273, 40.08401196620428 ], [ -75.175132405326082, 40.083887005460298 ], [ -75.174785691125336, 40.083681942238982 ], [ -75.174512822576688, 40.083520552075967 ], [ -75.174158103444128, 40.083310748398468 ], [ -75.173924832758956, 40.083172778406251 ], [ -75.173573749322429, 40.082965121240136 ], [ -75.173304796217195, 40.082806040432715 ], [ -75.172937526149738, 40.08258880643946 ], [ -75.172069120771241, 40.082075146607679 ], [ -75.17171259382134, 40.081864259219309 ], [ -75.169932336167975, 40.08081118545541 ], [ -75.168266912657714, 40.079825985671924 ], [ -75.167660835388304, 40.079467440255094 ], [ -75.168803783238118, 40.078292999490593 ], [ -75.16931873256533, 40.077784394409143 ], [ -75.169786705148525, 40.077287518746132 ], [ -75.170289358454099, 40.076768758495902 ], [ -75.17073321801486, 40.077014924114557 ], [ -75.172621443186358, 40.078104902334765 ], [ -75.172879900103041, 40.0778507012704 ], [ -75.173148496231406, 40.077577846361848 ], [ -75.173374956014257, 40.077353905315874 ], [ -75.173655693446733, 40.07707058148381 ], [ -75.175063538670301, 40.077879978853979 ], [ -75.175289156943819, 40.077667277908994 ], [ -75.17557507191728, 40.077354562927241 ], [ -75.175876601811524, 40.077032900430822 ], [ -75.176226911455572, 40.07666422121828 ], [ -75.176501683341428, 40.076371483982001 ], [ -75.176841892035853, 40.075981391446142 ], [ -75.17844985463563, 40.076930025345661 ], [ -75.180238979859595, 40.077946920259826 ], [ -75.180283933259091, 40.078049915751549 ], [ -75.180498744570443, 40.077819479266729 ], [ -75.180779772537662, 40.077528941616251 ], [ -75.181030059985943, 40.077273432084276 ], [ -75.181275777822151, 40.077019298461742 ], [ -75.181507751295968, 40.076766524941057 ], [ -75.181819609441987, 40.076472005835555 ], [ -75.181941612248721, 40.076411771585136 ], [ -75.183803546976819, 40.077374019752945 ], [ -75.183380316806719, 40.077798585906621 ], [ -75.183094334651614, 40.078075879666358 ], [ -75.182871490143398, 40.078292464114114 ], [ -75.182580860413978, 40.078574927359085 ], [ -75.182320520183566, 40.078840436644612 ], [ -75.182037557773668, 40.079109085391529 ], [ -75.181802861356857, 40.07933715401272 ], [ -75.181454252348203, 40.079679407220439 ], [ -75.181117608407135, 40.080016024386794 ], [ -75.180828353902655, 40.080295325576316 ], [ -75.180513554579662, 40.080606648005812 ], [ -75.180262779049485, 40.080853395191589 ], [ -75.180006292671408, 40.081098972605211 ], [ -75.1797465281049, 40.081356162231216 ], [ -75.179471742271517, 40.081610306030313 ], [ -75.179199577850497, 40.081879375362362 ], [ -75.178944254157642, 40.082141941628578 ], [ -75.178684824250766, 40.082390678752709 ], [ -75.178442625972565, 40.082641113636093 ], [ -75.178199461509067, 40.082877913110657 ], [ -75.177943736031466, 40.083129189512157 ], [ -75.177697648784232, 40.083386235797128 ], [ -75.176438251700802, 40.084652739931471 ], [ -75.176170860315779, 40.084498029554091 ], [ -75.175871624564138, 40.084324208581009 ] ] ] } },
{ "type": "Feature", "properties": { "MS_ID": "6320", "MS_Name": "Mifflin, Thomas", "MS_Grade": "K-8" }, "geometry": { "type": "Polygon", "coordinates": [ [ [ -75.185464794468785, 40.028876897870823 ], [ -75.184755994282611, 40.028286707868247 ], [ -75.18423409720954, 40.027857441911422 ], [ -75.18416957969896, 40.027787271590142 ], [ -75.183544627422108, 40.027266562156832 ], [ -75.182933095591196, 40.026746233782745 ], [ -75.182124852050094, 40.026047416066952 ], [ -75.181668037087121, 40.025658270513318 ], [ -75.179844428015642, 40.02408711100157 ], [ -75.179034396853524, 40.023330179781254 ], [ -75.178133567131837, 40.02258896779982 ], [ -75.178163457792223, 40.022321911148865 ], [ -75.178196548073714, 40.022059883507687 ], [ -75.178229099708389, 40.021797837489309 ], [ -75.178260980489682, 40.021535767430024 ], [ -75.178292074537637, 40.021273669834123 ], [ -75.178322253162435, 40.021011539116827 ], [ -75.178351320035688, 40.020749360970939 ], [ -75.178364838969387, 40.020485729985218 ], [ -75.178351287652646, 40.020222542431235 ], [ -75.178299055775753, 40.019963248629509 ], [ -75.178218116834373, 40.019689159690365 ], [ -75.178122459204459, 40.019436176044188 ], [ -75.178029501866334, 40.019182368891002 ], [ -75.177933980805577, 40.018929343960032 ], [ -75.177830626154886, 40.018678708632244 ], [ -75.177712962258752, 40.018431977481747 ], [ -75.177567040067899, 40.01819271861627 ], [ -75.177386260621574, 40.017968890466783 ], [ -75.177192517020302, 40.017751985016517 ], [ -75.176998662480173, 40.017535132586453 ], [ -75.176804700719245, 40.017318327853332 ], [ -75.176610637558284, 40.017101571847931 ], [ -75.176416473168487, 40.016884860068586 ], [ -75.176222209789543, 40.016668195268032 ], [ -75.176027851105459, 40.016451573023261 ], [ -75.175845423353266, 40.016248381661939 ], [ -75.175754762119126, 40.016147457792606 ], [ -75.175659083814026, 40.01604096033482 ], [ -75.175526713911253, 40.015893697405112 ], [ -75.175444238761543, 40.015801951603464 ], [ -75.175249532122947, 40.015585487708748 ], [ -75.175054746709748, 40.015369063134102 ], [ -75.174859885137408, 40.015152670729698 ], [ -75.174664948440082, 40.014936314122473 ], [ -75.174469940267912, 40.014719989789626 ], [ -75.174274865372382, 40.014503696035582 ], [ -75.174079727334814, 40.014287431138271 ], [ -75.173884526155433, 40.014071195097266 ], [ -75.173689266517755, 40.013854988017393 ], [ -75.173493951002996, 40.013638803649272 ], [ -75.173304148450597, 40.013428802843222 ], [ -75.173103165050989, 40.013206507837019 ], [ -75.172907704151456, 40.012990392101422 ], [ -75.172712195605669, 40.012774298360135 ], [ -75.172516648985109, 40.012558221421784 ], [ -75.172321063084866, 40.012342162159968 ], [ -75.172125444998329, 40.012126118931889 ], [ -75.171929793623306, 40.011910089910508 ], [ -75.171734114813603, 40.011694075227176 ], [ -75.171538409945242, 40.011478069506495 ], [ -75.171342684735677, 40.011262076480755 ], [ -75.171146938116564, 40.011046093422934 ], [ -75.170951176112879, 40.010830115963145 ], [ -75.17075539862202, 40.010614146802084 ], [ -75.170559615180878, 40.010398181648803 ], [ -75.170363821209506, 40.010182217697299 ], [ -75.170168024765871, 40.00996625873271 ], [ -75.170121838866052, 40.009915319234196 ], [ -75.170278169301511, 40.009837310105105 ], [ -75.170565491590239, 40.009694217330285 ], [ -75.170853022743074, 40.009551392551636 ], [ -75.171140818938071, 40.009408899199265 ], [ -75.171428931534777, 40.009266804198631 ], [ -75.17171807731377, 40.009125979605464 ], [ -75.172014785720933, 40.008994584727631 ], [ -75.172314979329144, 40.008867989561679 ], [ -75.172615987788603, 40.008742338168659 ], [ -75.172899767335466, 40.008628853982707 ], [ -75.173228816783109, 40.008508366147595 ], [ -75.173545182307862, 40.008407551969064 ], [ -75.173862557508158, 40.008308666135989 ], [ -75.174180201881896, 40.008210381053964 ], [ -75.174501353753058, 40.008119498119719 ], [ -75.17482574100751, 40.008035409322609 ], [ -75.175151737905082, 40.007954950762169 ], [ -75.175478788274091, 40.007877155780925 ], [ -75.175808480002686, 40.007806375815498 ], [ -75.176140272599923, 40.007741262524654 ], [ -75.176473880472386, 40.007682150068803 ], [ -75.1768099377027, 40.007632744984505 ], [ -75.177147716099824, 40.007589819726149 ], [ -75.177486254965217, 40.007550251471159 ], [ -75.177824975522896, 40.007512339652052 ], [ -75.178179909740848, 40.007475470308371 ], [ -75.178503538030085, 40.007442419954835 ], [ -75.178842549432815, 40.007405984825319 ], [ -75.179180801384149, 40.007365274424075 ], [ -75.179495836868213, 40.007330268309822 ], [ -75.17985986450924, 40.00729937919408 ], [ -75.18020121485219, 40.007279393529238 ], [ -75.180542763636993, 40.007262176494471 ], [ -75.180884368107726, 40.007245494893631 ], [ -75.181226012662393, 40.00722923484981 ], [ -75.181567690130166, 40.007213276367708 ], [ -75.181909386245451, 40.007197501095682 ], [ -75.182251087809291, 40.007181793409075 ], [ -75.18259278643869, 40.007166034187101 ], [ -75.183099108766925, 40.007142337153788 ], [ -75.187516789049369, 40.006936196424164 ], [ -75.188755778562808, 40.006878352542408 ], [ -75.189794954448118, 40.006829825081972 ], [ -75.190133918307012, 40.006793039509155 ], [ -75.190472797834857, 40.006755838402789 ], [ -75.190810819265693, 40.006714566250309 ], [ -75.191147931097916, 40.006668971432752 ], [ -75.191484640869149, 40.0066214718588 ], [ -75.191599621913625, 40.006605365335304 ], [ -75.191821408232045, 40.006574296052584 ], [ -75.19215822867767, 40.006527377238562 ], [ -75.192486504381577, 40.006486319158348 ], [ -75.192829092276753, 40.006720041632228 ], [ -75.193174513318922, 40.006946139642316 ], [ -75.194065793307743, 40.007370640630775 ], [ -75.195237887049061, 40.007764652233448 ], [ -75.196621974626311, 40.008149214427327 ], [ -75.197410075339448, 40.008387390676319 ], [ -75.197986629984783, 40.008561630003129 ], [ -75.199567166253104, 40.009106183523961 ], [ -75.200969162345231, 40.009505240232102 ], [ -75.202784535591306, 40.0101681675687 ], [ -75.204117973285378, 40.010678871273541 ], [ -75.204932690183085, 40.01103655408356 ], [ -75.205560898465393, 40.011446373536231 ], [ -75.205830875532726, 40.011622494238487 ], [ -75.205981185049637, 40.011722063535672 ], [ -75.206055582401618, 40.011771348838472 ], [ -75.206139021632254, 40.011826622459168 ], [ -75.206405506389714, 40.012003148204144 ], [ -75.207606494093085, 40.012724045449211 ], [ -75.207393516683581, 40.01320203826188 ], [ -75.207272999539683, 40.013481985697588 ], [ -75.207157832246111, 40.013781971752003 ], [ -75.207066197151221, 40.014048229103963 ], [ -75.206920714972512, 40.014364668006372 ], [ -75.206780726689672, 40.014732602656757 ], [ -75.206705930722649, 40.014902630938408 ], [ -75.206626541252504, 40.015083096447839 ], [ -75.206466647699884, 40.015387799942992 ], [ -75.206450875859673, 40.015452456046447 ], [ -75.206387706367963, 40.01571141920293 ], [ -75.206174816964065, 40.016043488480634 ], [ -75.205793666093626, 40.016309040260452 ], [ -75.205550308874876, 40.016463477484947 ], [ -75.205308019571191, 40.016589396839613 ], [ -75.205004530144038, 40.016565546182314 ], [ -75.204798754419627, 40.0165096117872 ], [ -75.204519227419183, 40.016440624581854 ], [ -75.204246692914367, 40.016383207414648 ], [ -75.203959321749721, 40.016325463314843 ], [ -75.203646490003251, 40.016352775248386 ], [ -75.203384297938641, 40.016415459270441 ], [ -75.20316404403745, 40.016547571648488 ], [ -75.203032803636077, 40.016681658099564 ], [ -75.202866541666523, 40.016957674676902 ], [ -75.202676098710612, 40.017284526184547 ], [ -75.202466109844281, 40.017736527357975 ], [ -75.202351556329731, 40.018019396523933 ], [ -75.20222066465567, 40.018341863467533 ], [ -75.201990554096852, 40.01873633438742 ], [ -75.201793112524271, 40.019051612703493 ], [ -75.20099183814493, 40.020420930254552 ], [ -75.200933484596987, 40.0205908831961 ], [ -75.200820418047115, 40.020833827264411 ], [ -75.20068994333397, 40.021144883547905 ], [ -75.200621600038673, 40.021383111556446 ], [ -75.200548407762852, 40.021552734901711 ], [ -75.200402746332188, 40.021675081866768 ], [ -75.200272346384182, 40.021786350907092 ], [ -75.200072183762941, 40.021975985219058 ], [ -75.19963776060888, 40.02227458377773 ], [ -75.199341707791191, 40.022409689343846 ], [ -75.199184507888774, 40.022481429571748 ], [ -75.198785324579106, 40.02263239358367 ], [ -75.198289269339313, 40.022792617642274 ], [ -75.197738067281648, 40.023037239083067 ], [ -75.19712472321666, 40.023354684134688 ], [ -75.196616736076464, 40.023634510949535 ], [ -75.196236480229103, 40.023850443296574 ], [ -75.195862090607108, 40.024080528145909 ], [ -75.195614512343226, 40.024223005997257 ], [ -75.195398632124622, 40.024435116240859 ], [ -75.195318005355333, 40.02460456940895 ], [ -75.195257270261365, 40.024837256973086 ], [ -75.195239978030955, 40.025099452101259 ], [ -75.195255579066909, 40.025276754701267 ], [ -75.195221609996494, 40.025390162619459 ], [ -75.195166028625678, 40.025485967928461 ], [ -75.195101955421094, 40.025610122716813 ], [ -75.195046160224834, 40.025711630181917 ], [ -75.194968105151148, 40.025812641471887 ], [ -75.19484511015996, 40.0259240712574 ], [ -75.194676742135073, 40.026057322791793 ], [ -75.194493964949842, 40.026178837719307 ], [ -75.194280007913406, 40.026339613549247 ], [ -75.193937351962319, 40.026566027085757 ], [ -75.193744572495234, 40.026755815367366 ], [ -75.193634909332076, 40.026907498464205 ], [ -75.193482447648378, 40.027012560378402 ], [ -75.193304507260635, 40.027202680110101 ], [ -75.193161511102204, 40.027450658973855 ], [ -75.192612468106176, 40.027316145781057 ], [ -75.192482354153853, 40.027397106623482 ], [ -75.19235656838265, 40.0274363543584 ], [ -75.192111109714091, 40.027484402743646 ], [ -75.191765428914991, 40.027553154109192 ], [ -75.191229295334239, 40.027529741948975 ], [ -75.191049288223979, 40.027556311269855 ], [ -75.19089851603286, 40.027598823645768 ], [ -75.190644201879024, 40.027749880939162 ], [ -75.190544764277149, 40.027881454346733 ], [ -75.190499545773562, 40.028025704067531 ], [ -75.19047396785092, 40.028373990040024 ], [ -75.190284030828238, 40.028861861960216 ], [ -75.190154781402086, 40.028992772415172 ], [ -75.189945751524391, 40.029129545784151 ], [ -75.189708494831692, 40.029223644969321 ], [ -75.18940780350799, 40.029285747404643 ], [ -75.188902679081892, 40.029344163395109 ], [ -75.188362471714498, 40.029228899600419 ], [ -75.187379262178609, 40.029092282852474 ], [ -75.187064429619483, 40.029057636972738 ], [ -75.18677892810156, 40.029112425599997 ], [ -75.186443807533593, 40.029296073536592 ], [ -75.186194333244728, 40.02946997979754 ], [ -75.185464794468785, 40.028876897870823 ] ] ] } },
{ "type": "Feature", "properties": { "MS_ID": "6350", "MS_Name": "Pennypacker, Samuel", "MS_Grade": "K-8" }, "geometry": { "type": "Polygon", "coordinates": [ [ [ -75.150724765382293, 40.069825345072381 ], [ -75.150969585538078, 40.06956843639194 ], [ -75.151061910882873, 40.069468578168788 ], [ -75.151109415732222, 40.069388238565345 ], [ -75.151139692475709, 40.069307688617478 ], [ -75.151259053501505, 40.068766755608131 ], [ -75.151544535947309, 40.067492518421346 ], [ -75.151884887824025, 40.065992972603638 ], [ -75.152255069226086, 40.064298918734018 ], [ -75.152943522028266, 40.064294321843889 ], [ -75.153399705283562, 40.064346319747848 ], [ -75.153514225681533, 40.064286960105122 ], [ -75.153584562849161, 40.064199176873323 ], [ -75.154110766920795, 40.063648702720322 ], [ -75.154699738044656, 40.063025583334429 ], [ -75.155205627607472, 40.062504787346299 ], [ -75.155254830725312, 40.062432736065858 ], [ -75.155228952659797, 40.062373943401766 ], [ -75.154460210325354, 40.061154792902464 ], [ -75.153763484098491, 40.060099362876663 ], [ -75.154514658863818, 40.059787965388949 ], [ -75.155272935314571, 40.059470820971526 ], [ -75.155620861387817, 40.05932667201359 ], [ -75.156898511278825, 40.05877686767505 ], [ -75.157200041545892, 40.0586471806239 ], [ -75.157373032045157, 40.058585980622965 ], [ -75.157760459794872, 40.058800649227884 ], [ -75.158164175122735, 40.059036116190057 ], [ -75.158413238004911, 40.059182161006305 ], [ -75.157201933769812, 40.060429816621323 ], [ -75.159199738183617, 40.061567179296624 ], [ -75.15961343513672, 40.061810751388485 ], [ -75.159894163675673, 40.061971945302716 ], [ -75.160351823820065, 40.062229621687059 ], [ -75.160603683582082, 40.062369944395634 ], [ -75.160993261252585, 40.062595900743247 ], [ -75.161234268560349, 40.062732319361182 ], [ -75.161664164970404, 40.062984054182564 ], [ -75.161959775443421, 40.063158903137371 ], [ -75.162019778077138, 40.063096216918403 ], [ -75.162548716519709, 40.063285958426555 ], [ -75.162924112406088, 40.063410709422975 ], [ -75.163441904480891, 40.063596555650861 ], [ -75.163787849265859, 40.063712558698455 ], [ -75.16438368564819, 40.063926607255361 ], [ -75.164800356027399, 40.064072420152492 ], [ -75.165348083832185, 40.06426613015288 ], [ -75.165715400711719, 40.06439171631164 ], [ -75.166221362221947, 40.06457189914466 ], [ -75.166541860594577, 40.064680558490032 ], [ -75.166959797621146, 40.064827434292788 ], [ -75.167316975799508, 40.064947375805282 ], [ -75.167768993996802, 40.065108487428617 ], [ -75.168099853994661, 40.065220822433247 ], [ -75.166073919305376, 40.067195462117326 ], [ -75.165706626955156, 40.067439172956448 ], [ -75.165318570789765, 40.067707514220047 ], [ -75.165146355041102, 40.067820877379482 ], [ -75.164876775479584, 40.068008388184566 ], [ -75.164637851582341, 40.068194280617561 ], [ -75.164361558068848, 40.068424816613124 ], [ -75.164106879059688, 40.068663986234739 ], [ -75.163421081615212, 40.069333932553093 ], [ -75.162745835910982, 40.069997115366426 ], [ -75.162323800092096, 40.070408124113825 ], [ -75.162036677113619, 40.070686408849902 ], [ -75.161801133465218, 40.070912805711053 ], [ -75.161615190423589, 40.071093864034161 ], [ -75.161388025401322, 40.071313389393225 ], [ -75.161313377383806, 40.07138793441851 ], [ -75.16110506465796, 40.071953548466063 ], [ -75.16102579413149, 40.072272806064859 ], [ -75.160918772306204, 40.07271045947612 ], [ -75.160824253010816, 40.073095104095117 ], [ -75.160770294691261, 40.073314161676031 ], [ -75.160716755856285, 40.073538412214603 ], [ -75.16069589137031, 40.073662829689788 ], [ -75.160640549962196, 40.074042203895914 ], [ -75.16057136671003, 40.074423771911661 ], [ -75.160557535401566, 40.07453012215327 ], [ -75.160505944363791, 40.074832885704787 ], [ -75.160428881288155, 40.075312663990957 ], [ -75.159121489986831, 40.074599267614403 ], [ -75.158383667621735, 40.074181857778335 ], [ -75.156627647649444, 40.073184684935896 ], [ -75.155834054609102, 40.072734017011911 ], [ -75.154694963586067, 40.07208558563245 ], [ -75.154076092418961, 40.071733279851415 ], [ -75.153333057393809, 40.071310283447488 ], [ -75.152756329151984, 40.070981954246093 ], [ -75.152185573630703, 40.070657020518695 ], [ -75.151874352291358, 40.070479838518075 ], [ -75.151589544575899, 40.07031768987099 ], [ -75.150724765382293, 40.069825345072381 ] ] ] } },
{ "type": "Feature", "properties": { "MS_ID": "6360", "MS_Name": "Roosevelt, Theodore", "MS_Grade": "K-8" }, "geometry": { "type": "Polygon", "coordinates": [ [ [ -75.158415481092902, 40.037503277859464 ], [ -75.158374135706794, 40.036686065714882 ], [ -75.15702140499161, 40.036713103498556 ], [ -75.15664349184533, 40.036687582592847 ], [ -75.156383041680598, 40.036645296964245 ], [ -75.156124540606768, 40.036552087888381 ], [ -75.155858150519876, 40.036417443412397 ], [ -75.155591077506145, 40.036215298564059 ], [ -75.149860411356656, 40.035828739298644 ], [ -75.149250064731476, 40.035736328255503 ], [ -75.148723218452972, 40.035670527238892 ], [ -75.148179655873037, 40.035599243543395 ], [ -75.147198976469483, 40.035473220328129 ], [ -75.146438277358669, 40.035379044730817 ], [ -75.145554237692906, 40.035263103492376 ], [ -75.145898589623201, 40.033729038092005 ], [ -75.146228026226595, 40.032186808403978 ], [ -75.146519856929544, 40.030866694390703 ], [ -75.146576239929047, 40.030638530732404 ], [ -75.146683109568301, 40.030227966701801 ], [ -75.146706270766515, 40.030128119096446 ], [ -75.146827853354537, 40.029603964525023 ], [ -75.146851006456373, 40.029482804010065 ], [ -75.146913523436353, 40.029145166694498 ], [ -75.147219627354445, 40.027645143117745 ], [ -75.147556415131817, 40.026139617973627 ], [ -75.14789505568146, 40.024554834487759 ], [ -75.148246304438899, 40.022960672484388 ], [ -75.149110840809442, 40.023087628437516 ], [ -75.149877157420903, 40.023184246653983 ], [ -75.150440001289169, 40.023254439230172 ], [ -75.15068252228879, 40.023288120091173 ], [ -75.150903692451593, 40.023310695993715 ], [ -75.151472416938546, 40.023381528339208 ], [ -75.152266717341504, 40.023487871172989 ], [ -75.15303674304208, 40.02358501513315 ], [ -75.15358036624832, 40.023657977735724 ], [ -75.154053653127292, 40.023727854764118 ], [ -75.154610754895131, 40.023802012742991 ], [ -75.15539798309338, 40.023889105645758 ], [ -75.156182699339553, 40.023989842631536 ], [ -75.156969651374766, 40.024090245360583 ], [ -75.157153605482748, 40.024131828964329 ], [ -75.157242198244219, 40.024089257773461 ], [ -75.157829065538621, 40.023754085457469 ], [ -75.157905890943709, 40.023704912206284 ], [ -75.159036054239934, 40.022801900589855 ], [ -75.15950224294869, 40.022343234136123 ], [ -75.160205667616381, 40.021312918917658 ], [ -75.160587094012868, 40.020474126591992 ], [ -75.160641042002524, 40.0203267242469 ], [ -75.160657230634371, 40.020267866462163 ], [ -75.160691953076707, 40.020154843997467 ], [ -75.161657406994507, 40.01986652313041 ], [ -75.162601045212341, 40.019587285956469 ], [ -75.163759450744578, 40.019235816594353 ], [ -75.163829477604637, 40.019182435500952 ], [ -75.164210057916776, 40.018949590414088 ], [ -75.164516723757998, 40.018820709355133 ], [ -75.165496012895417, 40.018389849712619 ], [ -75.165809435844139, 40.018250581845521 ], [ -75.165950698996625, 40.018170148644714 ], [ -75.16612297805905, 40.018048606183569 ], [ -75.166374082366332, 40.017853963773852 ], [ -75.166867666432083, 40.017471360816145 ], [ -75.167269525795049, 40.017151172861411 ], [ -75.167739144567733, 40.016776767150702 ], [ -75.168101124702147, 40.016492261646093 ], [ -75.168306012237949, 40.01634706248916 ], [ -75.168433733272721, 40.016281090405336 ], [ -75.168755508539462, 40.016063754154715 ], [ -75.169033858802621, 40.015867673444518 ], [ -75.169226398017386, 40.015723223219112 ], [ -75.169323885989371, 40.015613085076843 ], [ -75.169908567325066, 40.015251275367234 ], [ -75.171851109394396, 40.014218652546909 ], [ -75.173304148450569, 40.013428802843201 ], [ -75.173493951003024, 40.013638803649251 ], [ -75.173689266517741, 40.013854988017428 ], [ -75.173884526155391, 40.014071195097237 ], [ -75.174079727334799, 40.014287431138314 ], [ -75.174274865372425, 40.014503696035618 ], [ -75.17446994026794, 40.014719989789597 ], [ -75.174664948440068, 40.014936314122494 ], [ -75.174859885137451, 40.015152670729748 ], [ -75.175054746709705, 40.015369063134116 ], [ -75.175249532122933, 40.015585487708705 ], [ -75.175444238761528, 40.015801951603422 ], [ -75.175526713911225, 40.015893697405119 ], [ -75.175659083814068, 40.01604096033477 ], [ -75.175754762119112, 40.016147457792641 ], [ -75.175845423353309, 40.016248381661981 ], [ -75.176027851105488, 40.016451573023289 ], [ -75.176222209789515, 40.016668195268061 ], [ -75.176416473168516, 40.016884860068615 ], [ -75.176610637558326, 40.017101571847938 ], [ -75.176804700719302, 40.01731832785331 ], [ -75.176998662480145, 40.017535132586424 ], [ -75.177192517020259, 40.017751985016488 ], [ -75.177386260621603, 40.017968890466797 ], [ -75.177567040067885, 40.018192718616277 ], [ -75.177712962258738, 40.018431977481718 ], [ -75.177830626154844, 40.018678708632279 ], [ -75.17793398080552, 40.018929343960053 ], [ -75.178029501866305, 40.01918236889103 ], [ -75.178122459204431, 40.019436176044152 ], [ -75.178218116834415, 40.019689159690415 ], [ -75.178299055775724, 40.019963248629558 ], [ -75.178351287652603, 40.020222542431263 ], [ -75.178364838969358, 40.020485729985197 ], [ -75.178351320035731, 40.020749360970953 ], [ -75.178322253162477, 40.021011539116813 ], [ -75.178292074537609, 40.021273669834144 ], [ -75.178260980489654, 40.021535767430059 ], [ -75.178229099708361, 40.021797837489359 ], [ -75.178196548073657, 40.022059883507666 ], [ -75.178163457792209, 40.022321911148836 ], [ -75.178133567131823, 40.022588967799784 ], [ -75.179034396853567, 40.02333017978129 ], [ -75.179844428015599, 40.024087111001592 ], [ -75.181668037087164, 40.025658270513361 ], [ -75.182124852050066, 40.026047416066938 ], [ -75.182933095591196, 40.026746233782774 ], [ -75.183544627422137, 40.027266562156875 ], [ -75.182702183150923, 40.028056239616099 ], [ -75.181481374138997, 40.029265323446786 ], [ -75.180883656958841, 40.029841509241344 ], [ -75.180291578938096, 40.030412246474555 ], [ -75.178914663131465, 40.031738068685215 ], [ -75.178808129425491, 40.031851310243056 ], [ -75.178468074598086, 40.032177471222596 ], [ -75.177739943790954, 40.032891613455362 ], [ -75.177575455996561, 40.033047573898479 ], [ -75.17649623766053, 40.03409785740434 ], [ -75.17472531934024, 40.035821981063471 ], [ -75.17520805709141, 40.036233779542926 ], [ -75.17562257070449, 40.036768910506296 ], [ -75.17614415827093, 40.03745309575131 ], [ -75.176428532488941, 40.037795390475225 ], [ -75.176955911953044, 40.038423728895673 ], [ -75.177629163370696, 40.039230348172097 ], [ -75.177758443456028, 40.039402056474877 ], [ -75.178631388322671, 40.040455021519421 ], [ -75.178712642139359, 40.040558431018603 ], [ -75.179129774409617, 40.04106626641245 ], [ -75.179632029573455, 40.041682527624445 ], [ -75.17998167048043, 40.042094733574132 ], [ -75.180884110649785, 40.043248021872152 ], [ -75.180979220105598, 40.043338381143442 ], [ -75.181174663762775, 40.043610351444265 ], [ -75.181257032922488, 40.043733829527703 ], [ -75.18143093247383, 40.044162639875132 ], [ -75.18170260015728, 40.044832379522028 ], [ -75.182204444010253, 40.045895729708477 ], [ -75.182798365574385, 40.047075771142524 ], [ -75.183398611368204, 40.048255322268382 ], [ -75.183760101274046, 40.048916757148746 ], [ -75.183918389266552, 40.049209436066704 ], [ -75.183967654825906, 40.049314893851012 ], [ -75.184203446846965, 40.049775693340202 ], [ -75.184367843807848, 40.050069635138428 ], [ -75.184573408865944, 40.050404922376245 ], [ -75.184693767416249, 40.050642411518218 ], [ -75.18501659720485, 40.051217435147322 ], [ -75.185221003453023, 40.051586374810576 ], [ -75.185288712038911, 40.051744551606753 ], [ -75.185680908565729, 40.052422965101968 ], [ -75.186115954071994, 40.053247312429562 ], [ -75.18651717607365, 40.053967139677198 ], [ -75.186778567800474, 40.054505329397784 ], [ -75.186961886206404, 40.054823553994915 ], [ -75.187306780945505, 40.055485816669474 ], [ -75.186535538746696, 40.056210477742425 ], [ -75.184956377519711, 40.057734942120163 ], [ -75.184861346392907, 40.057793731212492 ], [ -75.18476966794006, 40.057858491270537 ], [ -75.184045192363186, 40.058573455297164 ], [ -75.183366244182366, 40.059221535836031 ], [ -75.181778858750789, 40.060768882071791 ], [ -75.181555715661361, 40.061006075885089 ], [ -75.181313924827251, 40.06122210131273 ], [ -75.181152904441248, 40.061375417270789 ], [ -75.181031758369883, 40.061331233541893 ], [ -75.180722199572784, 40.061218479570968 ], [ -75.180412377680142, 40.061106165758403 ], [ -75.180102100083857, 40.060994609454134 ], [ -75.179789952365653, 40.060886076584694 ], [ -75.179476102279736, 40.060780316804511 ], [ -75.179164011330272, 40.060671852836926 ], [ -75.178855173645445, 40.060557399718071 ], [ -75.178547090024395, 40.060439691961825 ], [ -75.178250115685358, 40.06030907909556 ], [ -75.177973060829629, 40.060155962660168 ], [ -75.177868197679089, 40.06008571522392 ], [ -75.177713753131471, 40.05998225115281 ], [ -75.177472724659935, 40.059794448369857 ], [ -75.177244996180761, 40.059598348141613 ], [ -75.177024819019266, 40.059396410410557 ], [ -75.176811002129597, 40.059190142062448 ], [ -75.176602353354497, 40.058981048146244 ], [ -75.176398039537773, 40.058769793894136 ], [ -75.176199471725681, 40.058554821559127 ], [ -75.176008816601552, 40.05833576524762 ], [ -75.175828223620584, 40.058112341586416 ], [ -75.175660163705189, 40.057882932814415 ], [ -75.175506456008264, 40.057646904895371 ], [ -75.175368107498088, 40.057406053640328 ], [ -75.175249558211263, 40.057158933378091 ], [ -75.175161133519296, 40.056903685234055 ], [ -75.175147982734188, 40.056839725193974 ], [ -75.175107856093206, 40.05664457640372 ], [ -75.175079333190197, 40.05638220025056 ], [ -75.175060316025139, 40.05611862254063 ], [ -75.175040893842038, 40.055855494356898 ], [ -75.175031113008004, 40.055591480315343 ], [ -75.175011886653706, 40.055328760154538 ], [ -75.174958471072785, 40.055070187800808 ], [ -75.174864406549233, 40.054816556359754 ], [ -75.174760854726031, 40.05456490612147 ], [ -75.174659339622806, 40.054312964447199 ], [ -75.174545062767109, 40.054064883026911 ], [ -75.174406882626215, 40.053823769205643 ], [ -75.17424056057898, 40.053592781409264 ], [ -75.174038406870764, 40.053381793351839 ], [ -75.173812411800839, 40.0531835061295 ], [ -75.173580050100796, 40.052988992343586 ], [ -75.173350444011888, 40.052793671285237 ], [ -75.173119028124347, 40.052599606597077 ], [ -75.172886685469848, 40.052406176557149 ], [ -75.172563552913161, 40.052136755145781 ], [ -75.172357958870975, 40.051926210204329 ], [ -75.172161820995385, 40.051725161961755 ], [ -75.172152757000759, 40.051715590770911 ], [ -75.171945640258059, 40.051505659589715 ], [ -75.171730244680006, 40.051300673460609 ], [ -75.171527266330102, 40.051089120617497 ], [ -75.171368008247256, 40.0508554765551 ], [ -75.171258819868271, 40.050606284767639 ], [ -75.171152069465677, 40.050356452903557 ], [ -75.171128209410895, 40.050300315011413 ], [ -75.171046608599937, 40.050106182243695 ], [ -75.170942167480916, 40.049855568549127 ], [ -75.170838622081121, 40.049604666703274 ], [ -75.170735764829701, 40.049353539623922 ], [ -75.170633392705881, 40.049102253934535 ], [ -75.170604154612477, 40.049030262603651 ], [ -75.169270294239354, 40.048207577481385 ], [ -75.168849229373549, 40.047955063249432 ], [ -75.16770275926207, 40.047246253974926 ], [ -75.166847014656184, 40.046724798302129 ], [ -75.166038285298214, 40.046219158406643 ], [ -75.165568408611264, 40.045923622088964 ], [ -75.164831882293555, 40.045469253398977 ], [ -75.166085921358359, 40.044244464345745 ], [ -75.167207981338009, 40.04315036478414 ], [ -75.167092653790533, 40.043096439137926 ], [ -75.166112718824195, 40.042492771444394 ], [ -75.165819440242188, 40.042310652116392 ], [ -75.165078230004326, 40.041859595344583 ], [ -75.163690022241397, 40.041001945650009 ], [ -75.160870977909539, 40.039344789566584 ], [ -75.158452410392428, 40.038540299261044 ], [ -75.158415481092902, 40.037503277859464 ] ] ] } },
{ "type": "Feature", "properties": { "MS_ID": "6380", "MS_Name": "Shawmont", "MS_Grade": "K-8" }, "geometry": { "type": "Polygon", "coordinates": [ [ [ -75.230556594777966, 40.082712423633289 ], [ -75.230352779572286, 40.082674768666344 ], [ -75.230179494242705, 40.082687563353147 ], [ -75.229942070447891, 40.082682357964245 ], [ -75.229771555259163, 40.082620544874487 ], [ -75.229525807014696, 40.082548784516689 ], [ -75.229272966150717, 40.082377311153131 ], [ -75.228590761075694, 40.082134196339716 ], [ -75.228070284532677, 40.081898775206142 ], [ -75.227656187866785, 40.081707166161721 ], [ -75.227351859967769, 40.081468187734721 ], [ -75.227035203025082, 40.081270419520784 ], [ -75.226806111718957, 40.081041388314063 ], [ -75.226492849033946, 40.080752432363518 ], [ -75.22624434014628, 40.08046489740407 ], [ -75.226049174551278, 40.080195127788869 ], [ -75.225947427269105, 40.080026963753816 ], [ -75.22590025895488, 40.07984340828304 ], [ -75.225737160867325, 40.079582635953656 ], [ -75.225520416131801, 40.079312390476254 ], [ -75.225482473155097, 40.079246018795097 ], [ -75.225337896000312, 40.078993118274461 ], [ -75.225184361166782, 40.07876574232143 ], [ -75.224789580219593, 40.078056022139997 ], [ -75.224673359980414, 40.077696720978004 ], [ -75.224484071297951, 40.077269445026722 ], [ -75.224303724838364, 40.076892143324727 ], [ -75.224067571519711, 40.076563392851952 ], [ -75.223802755683082, 40.076134453775992 ], [ -75.223612241715557, 40.075740334612917 ], [ -75.223482461800145, 40.075455402876301 ], [ -75.223364090034494, 40.075154129066966 ], [ -75.223122252583849, 40.074688361557961 ], [ -75.223014056544571, 40.074403903759965 ], [ -75.223012532802372, 40.074154976882802 ], [ -75.223064651074949, 40.073915526763358 ], [ -75.223214808808365, 40.073653343193051 ], [ -75.223404731107351, 40.073483293600951 ], [ -75.2239359479737, 40.073138225476242 ], [ -75.224441876092897, 40.072892156381826 ], [ -75.224750485688759, 40.072724712956713 ], [ -75.225092699920495, 40.072524820762709 ], [ -75.225358455210369, 40.072348139662672 ], [ -75.225418578250711, 40.072183530769124 ], [ -75.22555330614523, 40.07204545248316 ], [ -75.22560689750236, 40.071866373320873 ], [ -75.225627303723044, 40.071798184779816 ], [ -75.225601565534262, 40.071619246971714 ], [ -75.225477638546337, 40.071467189408445 ], [ -75.225340450153652, 40.071381212063194 ], [ -75.225172438540454, 40.071253073783481 ], [ -75.224941536964025, 40.071073775280794 ], [ -75.224667786630874, 40.070885239229916 ], [ -75.224362283131356, 40.070679411017402 ], [ -75.223918984149677, 40.070404182185179 ], [ -75.223540734152181, 40.070122082640928 ], [ -75.223235546242734, 40.069907963657073 ], [ -75.223037642453974, 40.069712793039933 ], [ -75.222837268916678, 40.069583941311379 ], [ -75.22264923022982, 40.069413877804486 ], [ -75.222524696182987, 40.069278394369661 ], [ -75.222443935407981, 40.069127283580613 ], [ -75.222276243760874, 40.068990851485566 ], [ -75.222067246806986, 40.068803733216512 ], [ -75.221742653269487, 40.068531106786168 ], [ -75.221302777142895, 40.068164681699969 ], [ -75.22091793475235, 40.067770426985767 ], [ -75.220723443872984, 40.067484068977265 ], [ -75.220579501091294, 40.067290082397207 ], [ -75.220542372963337, 40.067214746499431 ], [ -75.22050923080036, 40.067147495564704 ], [ -75.220482425938044, 40.066997570027198 ], [ -75.220405385641243, 40.066746980426913 ], [ -75.220350541429099, 40.06648028755945 ], [ -75.220402044972772, 40.066257416762831 ], [ -75.220472652233084, 40.066101340120561 ], [ -75.220753204096127, 40.065817140154934 ], [ -75.221041448635901, 40.065616073408904 ], [ -75.221507262585718, 40.065286170721741 ], [ -75.22191572875083, 40.065046264531688 ], [ -75.2225177766977, 40.064827209652357 ], [ -75.223008379083069, 40.064701107216052 ], [ -75.22328242911199, 40.064590983781855 ], [ -75.223449204251267, 40.064461909192197 ], [ -75.223520112580388, 40.064297540217218 ], [ -75.22357191279032, 40.064066378402096 ], [ -75.223525069664589, 40.063874529487769 ], [ -75.223401160302984, 40.063722469592662 ], [ -75.223151180598975, 40.063476376362566 ], [ -75.222891343950565, 40.063205176676256 ], [ -75.222632432427872, 40.062909106714166 ], [ -75.222395102698059, 40.062613511767651 ], [ -75.222231749366685, 40.062361025546558 ], [ -75.222153781145963, 40.062135306657659 ], [ -75.222086600737697, 40.061909825941818 ], [ -75.221872422741285, 40.061282879124711 ], [ -75.221710773734742, 40.060984800422176 ], [ -75.221508909429573, 40.060607018300935 ], [ -75.221344329441592, 40.060387689084521 ], [ -75.221178513312267, 40.060201517869032 ], [ -75.221010228210176, 40.06008166299101 ], [ -75.220798171617147, 40.059977438880047 ], [ -75.22064160075098, 40.059832953087543 ], [ -75.220476715146845, 40.059621913058933 ], [ -75.220356221749086, 40.059378663758977 ], [ -75.220269018437705, 40.059111256362883 ], [ -75.220004912974389, 40.058665729881277 ], [ -75.219824640861304, 40.058288420750699 ], [ -75.219651448391872, 40.058010823670351 ], [ -75.219388861337734, 40.05781422290228 ], [ -75.21920948591719, 40.057702417275088 ], [ -75.218941681605457, 40.057356364863651 ], [ -75.218701602562746, 40.057135367329046 ], [ -75.218536110879924, 40.056940904507741 ], [ -75.218413154589186, 40.056763968720674 ], [ -75.218298510555428, 40.056653589666091 ], [ -75.218157072596853, 40.056393282553863 ], [ -75.21796293545799, 40.056098627432789 ], [ -75.21786557809817, 40.055814404931837 ], [ -75.217845279811428, 40.055490394310446 ], [ -75.217832685987787, 40.055389555593813 ], [ -75.217795407486619, 40.055091067156702 ], [ -75.217763705877303, 40.054783399722368 ], [ -75.217669754896079, 40.054407988278427 ], [ -75.217549321175539, 40.053874360860924 ], [ -75.217405458513042, 40.053389994172349 ], [ -75.217213811154679, 40.053029024016652 ], [ -75.217010137442244, 40.052700972060094 ], [ -75.216790725387852, 40.052505315687824 ], [ -75.216326929504689, 40.052204711996183 ], [ -75.215777925175402, 40.051873189420142 ], [ -75.215420767764513, 40.051608118795841 ], [ -75.215222630017337, 40.051421226782722 ], [ -75.215014015200865, 40.051225805028722 ], [ -75.214773662023873, 40.051013089696674 ], [ -75.214570951425429, 40.050756997128254 ], [ -75.214502897940363, 40.050671021219088 ], [ -75.214050976973169, 40.049844772595428 ], [ -75.213914486675066, 40.049522100705161 ], [ -75.213782258125832, 40.049085357215006 ], [ -75.213666327701318, 40.048808805057881 ], [ -75.213503312054073, 40.048599709738419 ], [ -75.213331168333582, 40.04843607880872 ], [ -75.213127848126462, 40.048311716613661 ], [ -75.21297690463706, 40.04817709331067 ], [ -75.21260865508988, 40.047894967336909 ], [ -75.212382646475106, 40.047781519170812 ], [ -75.212150497747984, 40.047633687030618 ], [ -75.211949102248042, 40.047457990207711 ], [ -75.211768481151751, 40.047322710427473 ], [ -75.211646585314412, 40.04720585326379 ], [ -75.211583635960082, 40.047101714170338 ], [ -75.211582188544426, 40.046941852169788 ], [ -75.211660667585662, 40.046829422513667 ], [ -75.211845223037002, 40.046462466295836 ], [ -75.211943877049222, 40.046207777510205 ], [ -75.212042318208518, 40.045958790877563 ], [ -75.212109579540723, 40.045749073728594 ], [ -75.212179748154668, 40.044865850199621 ], [ -75.212190627241938, 40.044574972381433 ], [ -75.212171396839437, 40.04429484411871 ], [ -75.212144317128462, 40.044025961691482 ], [ -75.212049811050491, 40.043772711237679 ], [ -75.21192903529321, 40.043427550488076 ], [ -75.211789580031137, 40.043184724066734 ], [ -75.211673738644066, 40.043090419187109 ], [ -75.211558941928629, 40.042996964385978 ], [ -75.211345496279748, 40.042746794435466 ], [ -75.211057676167371, 40.042300901304088 ], [ -75.210904665370407, 40.042023523461431 ], [ -75.210859548920496, 40.041839863852772 ], [ -75.21083797713095, 40.041622474988294 ], [ -75.210728891242212, 40.041325473668053 ], [ -75.210561684847178, 40.040870226880486 ], [ -75.210480757972761, 40.040649890361927 ], [ -75.210161137870799, 40.040260373489794 ], [ -75.210017049658845, 40.039943234008625 ], [ -75.209811678519827, 40.039676114981091 ], [ -75.209557995020177, 40.039310887531443 ], [ -75.209317447910323, 40.038991616309858 ], [ -75.209124572995051, 40.038787560320088 ], [ -75.208868976643529, 40.038473663894557 ], [ -75.208652348917511, 40.038309040909205 ], [ -75.208376574493911, 40.038137399981487 ], [ -75.208078111526262, 40.037976672830567 ], [ -75.207729207745928, 40.037774871777039 ], [ -75.207215624761346, 40.037409591927315 ], [ -75.206974240477223, 40.037113130006581 ], [ -75.206766965013472, 40.036897336151156 ], [ -75.206598608572605, 40.036631961173249 ], [ -75.206995111412468, 40.036492955702272 ], [ -75.209141391374629, 40.035659851691165 ], [ -75.209122189282922, 40.035621840775825 ], [ -75.208948908626539, 40.035242453263059 ], [ -75.209702070864552, 40.034975212048209 ], [ -75.210695714876209, 40.034700168066493 ], [ -75.211639466521859, 40.034255281937021 ], [ -75.21449335806571, 40.032839224412527 ], [ -75.21517657247017, 40.033446327923869 ], [ -75.215361159467179, 40.033612978699153 ], [ -75.215882204733603, 40.03405846904807 ], [ -75.216002431187363, 40.034187448799749 ], [ -75.216416416297349, 40.034606030367122 ], [ -75.216639887742261, 40.034834138713514 ], [ -75.217382909496664, 40.035585013994464 ], [ -75.217926792395772, 40.036161273219768 ], [ -75.218081569836329, 40.036298049985746 ], [ -75.218183320168862, 40.036371866354791 ], [ -75.218480405609768, 40.036541792480214 ], [ -75.21876044719933, 40.036655864183075 ], [ -75.21939787277357, 40.036912464637666 ], [ -75.220670115335153, 40.037305415006763 ], [ -75.221294098973317, 40.037520065473728 ], [ -75.221783640764201, 40.037684230264752 ], [ -75.222052978007909, 40.037777012621753 ], [ -75.222809519368738, 40.038112997139116 ], [ -75.223271481835582, 40.038735082577176 ], [ -75.223395310561997, 40.03890199136066 ], [ -75.223807878784086, 40.039438223989158 ], [ -75.226160694215039, 40.03836248679967 ], [ -75.227040145754913, 40.037811684914729 ], [ -75.228179731729355, 40.037083021456674 ], [ -75.228464783027079, 40.036911096206182 ], [ -75.229146347460599, 40.036476921844844 ], [ -75.230040489900077, 40.035910826034552 ], [ -75.231105619654912, 40.035220373880335 ], [ -75.232948921415812, 40.03440870118235 ], [ -75.233347916060879, 40.034229904504762 ], [ -75.233471406266844, 40.034189157200103 ], [ -75.233562933391909, 40.034144531665973 ], [ -75.233659268230795, 40.034091376274894 ], [ -75.234006750694263, 40.033910516272208 ], [ -75.234922372385526, 40.03350781081307 ], [ -75.235482783800521, 40.033266081633251 ], [ -75.236599735185436, 40.032788969997199 ], [ -75.237944210734554, 40.03207409545746 ], [ -75.238320766665254, 40.032276133395676 ], [ -75.239810297168987, 40.033313395370243 ], [ -75.240489916820323, 40.033851820895642 ], [ -75.241269458297765, 40.034675439495523 ], [ -75.241886604441959, 40.035410599628975 ], [ -75.242423286415828, 40.035832686529957 ], [ -75.24297941239206, 40.03622689416779 ], [ -75.243522373108675, 40.036479305759755 ], [ -75.244373872030266, 40.036851649750183 ], [ -75.244950500646453, 40.037189693576067 ], [ -75.245596020363195, 40.037656590452954 ], [ -75.246170903195477, 40.038291751393665 ], [ -75.247001198725002, 40.039739060422022 ], [ -75.247920756616509, 40.04076378900924 ], [ -75.249040612792882, 40.041849473521971 ], [ -75.25098609010287, 40.043264425397723 ], [ -75.252883573885299, 40.044734899204961 ], [ -75.254318929771969, 40.045756633109747 ], [ -75.255893506644881, 40.046498358457882 ], [ -75.257656987414052, 40.047612077465587 ], [ -75.259622623004148, 40.049239568382937 ], [ -75.261098328622481, 40.050672454666731 ], [ -75.262677234963093, 40.052305663266011 ], [ -75.264401456024615, 40.054119244579148 ], [ -75.26386876848359, 40.054550884673567 ], [ -75.263644024503378, 40.054757800965611 ], [ -75.263519227826507, 40.054872699243738 ], [ -75.263222980868065, 40.055145446422522 ], [ -75.243458173749957, 40.073335608056979 ], [ -75.243287666037119, 40.07349322360966 ], [ -75.243138425795976, 40.07363184419745 ], [ -75.243063398690424, 40.073704115653868 ], [ -75.242109078813016, 40.074642824497964 ], [ -75.241285883596731, 40.07545310524678 ], [ -75.240958127875345, 40.075768772736431 ], [ -75.240674096351725, 40.076050515855357 ], [ -75.240390195643272, 40.07634149631464 ], [ -75.240129631430932, 40.076597921065563 ], [ -75.239996369033577, 40.076724451319841 ], [ -75.239655722200581, 40.077049235620791 ], [ -75.239368654762558, 40.077321574264353 ], [ -75.238216960948023, 40.078476435740107 ], [ -75.237708580744183, 40.078980513623861 ], [ -75.237171712315657, 40.079507514829913 ], [ -75.236681594858723, 40.079996755626816 ], [ -75.236224612990128, 40.08045186530228 ], [ -75.236091037345787, 40.080585459949212 ], [ -75.233019367889725, 40.083631418404288 ], [ -75.232667870228227, 40.083422992449897 ], [ -75.23196115806698, 40.08313193953051 ], [ -75.231155401536597, 40.082874882829444 ], [ -75.230975016680375, 40.082787965376085 ], [ -75.230782609873089, 40.082733969452647 ], [ -75.230556594777966, 40.082712423633289 ] ] ] } },
{ "type": "Feature", "properties": { "MS_ID": "6390", "MS_Name": "Steel, Edward", "MS_Grade": "K-8" }, "geometry": { "type": "Polygon", "coordinates": [ [ [ -75.156969651374737, 40.024090245360554 ], [ -75.156182699339581, 40.023989842631558 ], [ -75.155397983093394, 40.023889105645772 ], [ -75.154610754895174, 40.023802012742969 ], [ -75.154053653127335, 40.02372785476409 ], [ -75.153580366248278, 40.023657977735688 ], [ -75.153036743042108, 40.023585015133165 ], [ -75.152266717341462, 40.023487871172968 ], [ -75.15147241693856, 40.023381528339236 ], [ -75.150903692451635, 40.023310695993693 ], [ -75.150682522288747, 40.023288120091145 ], [ -75.150440001289141, 40.023254439230143 ], [ -75.149877157420917, 40.023184246653933 ], [ -75.149110840809456, 40.023087628437494 ], [ -75.148246304438857, 40.022960672484423 ], [ -75.148567566312622, 40.021477125083123 ], [ -75.14869223870221, 40.02095431395297 ], [ -75.148738765233617, 40.020712182059327 ], [ -75.148850546936217, 40.020202287719506 ], [ -75.148936720411712, 40.019827732811478 ], [ -75.148954407858724, 40.019744428818079 ], [ -75.148994011367606, 40.01957380075531 ], [ -75.14923089340347, 40.018503787755016 ], [ -75.149347506460145, 40.017958839322219 ], [ -75.149586867007812, 40.016933621987249 ], [ -75.149727189304414, 40.016216009188639 ], [ -75.149770413299919, 40.016022804095876 ], [ -75.149839795681018, 40.015673152814877 ], [ -75.149932223829325, 40.015326710203979 ], [ -75.150148443859564, 40.01534175888267 ], [ -75.150336551705095, 40.015306352452406 ], [ -75.15078016813311, 40.015140169847385 ], [ -75.150941384882856, 40.015235643814741 ], [ -75.151216044709344, 40.015392909128956 ], [ -75.151490488260492, 40.015550775247235 ], [ -75.151776594201209, 40.015694582898824 ], [ -75.152078916591663, 40.015818381098256 ], [ -75.152388078192729, 40.015931755249632 ], [ -75.152705030671612, 40.016031391259503 ], [ -75.15302746433035, 40.016120194868904 ], [ -75.153246939586126, 40.016175302031442 ], [ -75.153353204531015, 40.016201984024178 ], [ -75.153684543486122, 40.016267164236559 ], [ -75.154068028192427, 40.016323599506364 ], [ -75.154359197647921, 40.016357853989668 ], [ -75.154699966870439, 40.016386315320183 ], [ -75.155041729666664, 40.01639847886657 ], [ -75.15538440697766, 40.016397019760355 ], [ -75.155726485036539, 40.016383367047936 ], [ -75.156066203118584, 40.016353484052317 ], [ -75.156553852212284, 40.016294516515018 ], [ -75.156888225953523, 40.016236131078628 ], [ -75.157218111555963, 40.016167114058277 ], [ -75.157538123294316, 40.016074266545779 ], [ -75.157728653692715, 40.01601172539366 ], [ -75.157853445881059, 40.015970763203924 ], [ -75.158168289457137, 40.01586664362334 ], [ -75.158479008542585, 40.015755735562387 ], [ -75.158772748656986, 40.015621846032538 ], [ -75.159054939934322, 40.015472157158776 ], [ -75.159340049860077, 40.015326221328792 ], [ -75.159626573900525, 40.015182163802628 ], [ -75.159913106747155, 40.01503811930224 ], [ -75.160199650810696, 40.014894086079742 ], [ -75.160486200237145, 40.014750064003081 ], [ -75.160772762119663, 40.014606051430086 ], [ -75.161059328194739, 40.014462049976366 ], [ -75.161345903316644, 40.01431805524637 ], [ -75.16163248269973, 40.014174069835029 ], [ -75.161901388578329, 40.014038975730386 ], [ -75.162205661479703, 40.013886121725321 ], [ -75.162492257467434, 40.013742156246877 ], [ -75.16277885785378, 40.013598196486072 ], [ -75.163065461467724, 40.013454242416422 ], [ -75.163352069583254, 40.013310291363616 ], [ -75.163638678619392, 40.013166345048937 ], [ -75.163925290986455, 40.013022401724548 ], [ -75.164211903206237, 40.012878460411208 ], [ -75.164498518791262, 40.01273452118798 ], [ -75.164785132024562, 40.012590580322048 ], [ -75.165071746212945, 40.012446643293956 ], [ -75.165358359220562, 40.012302704649514 ], [ -75.165644969876723, 40.012158764362326 ], [ -75.165931578146939, 40.012014823332706 ], [ -75.166218187612373, 40.011870879839293 ], [ -75.166504788906366, 40.011726933671184 ], [ -75.166791389156813, 40.011582982285844 ], [ -75.167077985919121, 40.011439028331331 ], [ -75.167364576988703, 40.011295068153942 ], [ -75.167651163399412, 40.011151105381138 ], [ -75.167777700108729, 40.011087534911212 ], [ -75.167937741913065, 40.011007132731933 ], [ -75.168268500564622, 40.010840955359342 ], [ -75.168555789831416, 40.010697818931199 ], [ -75.168842926854651, 40.01055449368053 ], [ -75.169129966602654, 40.010411043915013 ], [ -75.169416959327862, 40.010267534736798 ], [ -75.169703955215297, 40.010124033047994 ], [ -75.169991009235446, 40.009980603154744 ], [ -75.170121838866052, 40.009915319234196 ], [ -75.170168024765871, 40.00996625873271 ], [ -75.170363821209506, 40.010182217697299 ], [ -75.170559615180878, 40.010398181648803 ], [ -75.17075539862202, 40.010614146802084 ], [ -75.170951176112879, 40.010830115963145 ], [ -75.171146938116564, 40.011046093422934 ], [ -75.171342684735677, 40.011262076480755 ], [ -75.171538409945242, 40.011478069506495 ], [ -75.171734114813603, 40.011694075227176 ], [ -75.171929793623306, 40.011910089910508 ], [ -75.172125444998329, 40.012126118931889 ], [ -75.172321063084866, 40.012342162159968 ], [ -75.172516648985109, 40.012558221421784 ], [ -75.172712195605669, 40.012774298360135 ], [ -75.172907704151456, 40.012990392101422 ], [ -75.173103165050989, 40.013206507837019 ], [ -75.173304148450597, 40.013428802843222 ], [ -75.171851109394453, 40.01421865254688 ], [ -75.169908567325109, 40.015251275367191 ], [ -75.169323885989428, 40.015613085076801 ], [ -75.169226398017443, 40.015723223219084 ], [ -75.169033858802649, 40.015867673444561 ], [ -75.168755508539491, 40.016063754154686 ], [ -75.168433733272764, 40.016281090405364 ], [ -75.168306012237892, 40.016347062489181 ], [ -75.168101124702204, 40.0164922616461 ], [ -75.167739144567747, 40.016776767150738 ], [ -75.167269525795078, 40.017151172861389 ], [ -75.166867666432097, 40.017471360816195 ], [ -75.166374082366389, 40.017853963773874 ], [ -75.166122978059093, 40.018048606183548 ], [ -75.165950698996639, 40.018170148644728 ], [ -75.165809435844167, 40.018250581845486 ], [ -75.16549601289536, 40.018389849712655 ], [ -75.164516723757941, 40.018820709355161 ], [ -75.164210057916804, 40.018949590414053 ], [ -75.163829477604651, 40.019182435500987 ], [ -75.163759450744607, 40.019235816594353 ], [ -75.162601045212355, 40.019587285956476 ], [ -75.161657406994564, 40.019866523130446 ], [ -75.16069195307675, 40.020154843997496 ], [ -75.160657230634413, 40.020267866462135 ], [ -75.160641042002567, 40.020326724246921 ], [ -75.160587094012897, 40.020474126592013 ], [ -75.160205667616395, 40.021312918917715 ], [ -75.159502242948719, 40.022343234136102 ], [ -75.159036054239877, 40.022801900589826 ], [ -75.157905890943766, 40.02370491220627 ], [ -75.15782906553865, 40.023754085457433 ], [ -75.157242198244177, 40.02408925777344 ], [ -75.157153605482776, 40.024131828964364 ], [ -75.156969651374737, 40.024090245360554 ] ] ] } },
{ "type": "Feature", "properties": { "MS_ID": "6410", "MS_Name": "Cook-Wissahickon", "MS_Grade": "K-8" }, "geometry": { "type": "Polygon", "coordinates": [ [ [ -75.206085122234938, 40.035672093009048 ], [ -75.206070987129522, 40.035454867515099 ], [ -75.206017185901246, 40.035305262058806 ], [ -75.205867140644457, 40.035147816901969 ], [ -75.205700974323008, 40.035024264179022 ], [ -75.205467815805449, 40.03490493310418 ], [ -75.205195419021351, 40.034841816003564 ], [ -75.204863022681607, 40.034794493135699 ], [ -75.204296186394672, 40.034662058054018 ], [ -75.204029714361539, 40.034639027990117 ], [ -75.203747544407506, 40.034638480680805 ], [ -75.20350839828582, 40.034678843315966 ], [ -75.203222163737337, 40.034786662719846 ], [ -75.203084753133552, 40.034886363292969 ], [ -75.202922515207462, 40.035054012718582 ], [ -75.202712117177811, 40.035317633574714 ], [ -75.20257149451794, 40.035502885472539 ], [ -75.202386563730613, 40.035681448386022 ], [ -75.202261206583572, 40.035855622837872 ], [ -75.202150046587221, 40.036047235646478 ], [ -75.202032110008261, 40.036221574481544 ], [ -75.201788243308386, 40.036387411570573 ], [ -75.201563073283737, 40.036450915390517 ], [ -75.201348320082971, 40.036434732804572 ], [ -75.201195071084101, 40.036362835254522 ], [ -75.201102466265951, 40.036258031697621 ], [ -75.200959635611241, 40.036106446988313 ], [ -75.200872028419326, 40.035967505228555 ], [ -75.200850986034638, 40.035835748611319 ], [ -75.200900646815924, 40.035699853324061 ], [ -75.200867404707452, 40.035596367010683 ], [ -75.200775872664266, 40.035463045899007 ], [ -75.200657018961678, 40.035266328297695 ], [ -75.200444277091918, 40.034999027734479 ], [ -75.200291112990328, 40.034727339684906 ], [ -75.200199021220584, 40.034411342607449 ], [ -75.200097582348576, 40.034146512203399 ], [ -75.199985376463104, 40.03377298530102 ], [ -75.200028688584155, 40.033608408344811 ], [ -75.200146492477955, 40.033239988939812 ], [ -75.200206681397304, 40.033021558846777 ], [ -75.200242787701427, 40.032851112196404 ], [ -75.200231806534234, 40.032748119832171 ], [ -75.20016845710775, 40.032655383255353 ], [ -75.199973271520435, 40.032514050436404 ], [ -75.199726579381618, 40.032360159665359 ], [ -75.199657208498422, 40.032329249260336 ], [ -75.199450634985411, 40.032194201209769 ], [ -75.199205445793993, 40.032000384046121 ], [ -75.198899826878844, 40.031833765136078 ], [ -75.198653138542227, 40.031679870228601 ], [ -75.198495269366774, 40.031533657670124 ], [ -75.198338476567059, 40.031358927702016 ], [ -75.198225123729344, 40.031213702871426 ], [ -75.198100688801546, 40.030968338300823 ], [ -75.198095888177335, 40.030894425014552 ], [ -75.198086580224015, 40.030751111777533 ], [ -75.19810172067298, 40.030545951777547 ], [ -75.198171153167351, 40.030279206269618 ], [ -75.198203063258518, 40.030023044539796 ], [ -75.198234113026359, 40.029789696022512 ], [ -75.198293766628282, 40.029585525030249 ], [ -75.198284162039627, 40.02924852546078 ], [ -75.198192513590129, 40.028921119553722 ], [ -75.198110775702077, 40.028725224431611 ], [ -75.198028392691484, 40.028546436679001 ], [ -75.197916764385326, 40.028355585050647 ], [ -75.197771053488495, 40.028098517036071 ], [ -75.197674680974714, 40.027882129141979 ], [ -75.19756219684929, 40.027714089537561 ], [ -75.197418535225225, 40.027585314565897 ], [ -75.19725767500924, 40.027518948984756 ], [ -75.196940801925322, 40.027454822827409 ], [ -75.196614793162496, 40.027436159162313 ], [ -75.196234706574515, 40.0274733724764 ], [ -75.195920960591792, 40.027523479293407 ], [ -75.195535598845339, 40.02750349075091 ], [ -75.195081751651244, 40.02752764565232 ], [ -75.194792408666885, 40.027521208244437 ], [ -75.194531240188539, 40.02755535481058 ], [ -75.194260717710335, 40.027640665222506 ], [ -75.19391664861682, 40.027707214493851 ], [ -75.193612038180348, 40.027711851852949 ], [ -75.193345381119585, 40.027694498259635 ], [ -75.193215922299927, 40.027583161247399 ], [ -75.193161511102204, 40.027450658973855 ], [ -75.193304507260635, 40.027202680110101 ], [ -75.193482447648378, 40.027012560378402 ], [ -75.193634909332076, 40.026907498464205 ], [ -75.193744572495234, 40.026755815367366 ], [ -75.193937351962319, 40.026566027085757 ], [ -75.194280007913406, 40.026339613549247 ], [ -75.194493964949842, 40.026178837719307 ], [ -75.194676742135073, 40.026057322791793 ], [ -75.19484511015996, 40.0259240712574 ], [ -75.194968105151148, 40.025812641471887 ], [ -75.195046160224834, 40.025711630181917 ], [ -75.195101955421094, 40.025610122716813 ], [ -75.195166028625678, 40.025485967928461 ], [ -75.195221609996494, 40.025390162619459 ], [ -75.195255579066909, 40.025276754701267 ], [ -75.195239978030955, 40.025099452101259 ], [ -75.195257270261365, 40.024837256973086 ], [ -75.195318005355333, 40.02460456940895 ], [ -75.195398632124622, 40.024435116240859 ], [ -75.195614512343226, 40.024223005997257 ], [ -75.195862090607108, 40.024080528145909 ], [ -75.196236480229103, 40.023850443296574 ], [ -75.196616736076464, 40.023634510949535 ], [ -75.19712472321666, 40.023354684134688 ], [ -75.197738067281648, 40.023037239083067 ], [ -75.198289269339313, 40.022792617642274 ], [ -75.198785324579106, 40.02263239358367 ], [ -75.199184507888774, 40.022481429571748 ], [ -75.199341707791191, 40.022409689343846 ], [ -75.19963776060888, 40.02227458377773 ], [ -75.200072183762941, 40.021975985219058 ], [ -75.200272346384182, 40.021786350907092 ], [ -75.200402746332188, 40.021675081866768 ], [ -75.200548407762852, 40.021552734901711 ], [ -75.200621600038673, 40.021383111556446 ], [ -75.20068994333397, 40.021144883547905 ], [ -75.200820418047115, 40.020833827264411 ], [ -75.200933484596987, 40.0205908831961 ], [ -75.20099183814493, 40.020420930254552 ], [ -75.201793112524271, 40.019051612703493 ], [ -75.201990554096852, 40.01873633438742 ], [ -75.20222066465567, 40.018341863467533 ], [ -75.202351556329731, 40.018019396523933 ], [ -75.202466109844281, 40.017736527357975 ], [ -75.202676098710612, 40.017284526184547 ], [ -75.202866541666523, 40.016957674676902 ], [ -75.203032803636077, 40.016681658099564 ], [ -75.20316404403745, 40.016547571648488 ], [ -75.203384297938641, 40.016415459270441 ], [ -75.203646490003251, 40.016352775248386 ], [ -75.203959321749721, 40.016325463314843 ], [ -75.204246692914367, 40.016383207414648 ], [ -75.204519227419183, 40.016440624581854 ], [ -75.204798754419627, 40.0165096117872 ], [ -75.205004530144038, 40.016565546182314 ], [ -75.205308019571191, 40.016589396839613 ], [ -75.205550308874876, 40.016463477484947 ], [ -75.205793666093626, 40.016309040260452 ], [ -75.206174816964065, 40.016043488480634 ], [ -75.206387706367963, 40.01571141920293 ], [ -75.206450875859673, 40.015452456046447 ], [ -75.206466647699884, 40.015387799942992 ], [ -75.206626541252504, 40.015083096447839 ], [ -75.206705930722649, 40.014902630938408 ], [ -75.206780726689672, 40.014732602656757 ], [ -75.206920714972512, 40.014364668006372 ], [ -75.207066197151221, 40.014048229103963 ], [ -75.207157832246111, 40.013781971752003 ], [ -75.207272999539683, 40.013481985697588 ], [ -75.207393516683581, 40.01320203826188 ], [ -75.207606494093085, 40.012724045449211 ], [ -75.208652113605652, 40.013439677101253 ], [ -75.210007428171792, 40.014106453773053 ], [ -75.21166268341004, 40.01511946262292 ], [ -75.213083898072583, 40.016240485565568 ], [ -75.213849799003754, 40.016922492066662 ], [ -75.214644570013135, 40.017817392484289 ], [ -75.215424145426653, 40.018627044949092 ], [ -75.216256266629301, 40.019508609272393 ], [ -75.217344814109509, 40.020424121503339 ], [ -75.218563182460258, 40.021314184300351 ], [ -75.21939048433282, 40.021855996745927 ], [ -75.220565402372429, 40.022207349894067 ], [ -75.221260031770115, 40.022335853157074 ], [ -75.222224211194117, 40.022640097680764 ], [ -75.223048606304502, 40.023238421178284 ], [ -75.223947632067109, 40.023810080688797 ], [ -75.224875994505751, 40.024294462295103 ], [ -75.223463714687639, 40.025401390580811 ], [ -75.223124206563256, 40.025920410852386 ], [ -75.223033252528296, 40.026016641578607 ], [ -75.22141557478551, 40.026721577646171 ], [ -75.221027161210358, 40.026229814753947 ], [ -75.220604296612407, 40.025744288768827 ], [ -75.219700653602459, 40.026141537737679 ], [ -75.219389444218024, 40.026324506202343 ], [ -75.218841922636344, 40.026601066393255 ], [ -75.218225043334982, 40.02689789199421 ], [ -75.217575984439577, 40.027178356267036 ], [ -75.216633053751508, 40.02760356191073 ], [ -75.215835102098765, 40.027951164037546 ], [ -75.215037042667689, 40.0283259037097 ], [ -75.214189582334143, 40.028700016672822 ], [ -75.213329533620495, 40.029064703097703 ], [ -75.211309355605891, 40.029971813057784 ], [ -75.212071092065841, 40.030666714823617 ], [ -75.212310476978317, 40.030880891341461 ], [ -75.213101710873758, 40.031599610354085 ], [ -75.213690998416709, 40.032108324530412 ], [ -75.21449335806571, 40.032839224412527 ], [ -75.211639466521859, 40.034255281937021 ], [ -75.210695714876209, 40.034700168066493 ], [ -75.209702070864552, 40.034975212048209 ], [ -75.208948908626539, 40.035242453263059 ], [ -75.209122189282922, 40.035621840775825 ], [ -75.209141391374629, 40.035659851691165 ], [ -75.206995111412468, 40.036492955702272 ], [ -75.206598608572605, 40.036631961173249 ], [ -75.206535568144517, 40.036532593961859 ], [ -75.206477124484479, 40.036308679524822 ], [ -75.206373521694971, 40.036100889391015 ], [ -75.206260359897172, 40.03594996856576 ], [ -75.206139137685241, 40.035815995323688 ], [ -75.206085122234938, 40.035672093009048 ] ] ] } },
{ "type": "Feature", "properties": { "MS_ID": "6440", "MS_Name": "Lingelbach, Anna L", "MS_Grade": "K-8" }, "geometry": { "type": "Polygon", "coordinates": [ [ [ -75.180884110649814, 40.043248021872202 ], [ -75.179981670480387, 40.042094733574089 ], [ -75.179632029573469, 40.041682527624431 ], [ -75.179129774409574, 40.041066266412436 ], [ -75.178712642139388, 40.040558431018638 ], [ -75.178631388322685, 40.040455021519385 ], [ -75.177758443456085, 40.039402056474906 ], [ -75.177629163370668, 40.039230348172111 ], [ -75.176955911953002, 40.038423728895637 ], [ -75.176428532488984, 40.037795390475246 ], [ -75.176144158270887, 40.037453095751339 ], [ -75.175622570704533, 40.036768910506296 ], [ -75.175208057091439, 40.036233779542947 ], [ -75.174725319340197, 40.035821981063442 ], [ -75.176496237660558, 40.034097857404312 ], [ -75.177575455996546, 40.033047573898465 ], [ -75.177739943790911, 40.032891613455327 ], [ -75.178468074598101, 40.032177471222568 ], [ -75.178808129425505, 40.03185131024302 ], [ -75.178914663131522, 40.031738068685257 ], [ -75.18029157893811, 40.030412246474555 ], [ -75.180883656958798, 40.029841509241315 ], [ -75.181481374138954, 40.029265323446815 ], [ -75.18270218315088, 40.028056239616149 ], [ -75.183544627422108, 40.027266562156832 ], [ -75.18416957969896, 40.027787271590142 ], [ -75.18423409720954, 40.027857441911422 ], [ -75.184755994282611, 40.028286707868247 ], [ -75.185464794468785, 40.028876897870823 ], [ -75.186194333244728, 40.02946997979754 ], [ -75.186443807533593, 40.029296073536592 ], [ -75.18677892810156, 40.029112425599997 ], [ -75.187064429619483, 40.029057636972738 ], [ -75.187379262178609, 40.029092282852474 ], [ -75.188362471714498, 40.029228899600419 ], [ -75.188902679081892, 40.029344163395109 ], [ -75.18940780350799, 40.029285747404643 ], [ -75.189708494831692, 40.029223644969321 ], [ -75.189945751524391, 40.029129545784151 ], [ -75.190154781402086, 40.028992772415172 ], [ -75.190284030828238, 40.028861861960216 ], [ -75.19047396785092, 40.028373990040024 ], [ -75.190499545773562, 40.028025704067531 ], [ -75.190544764277149, 40.027881454346733 ], [ -75.190644201879024, 40.027749880939162 ], [ -75.19089851603286, 40.027598823645768 ], [ -75.191049288223979, 40.027556311269855 ], [ -75.191229295334239, 40.027529741948975 ], [ -75.191765428914991, 40.027553154109192 ], [ -75.192111109714091, 40.027484402743646 ], [ -75.19235656838265, 40.0274363543584 ], [ -75.192482354153853, 40.027397106623482 ], [ -75.192612468106176, 40.027316145781057 ], [ -75.193161511102204, 40.027450658973855 ], [ -75.193215922299927, 40.027583161247399 ], [ -75.193345381119585, 40.027694498259635 ], [ -75.193612038180348, 40.027711851852949 ], [ -75.19391664861682, 40.027707214493851 ], [ -75.194260717710335, 40.027640665222506 ], [ -75.194531240188539, 40.02755535481058 ], [ -75.194792408666885, 40.027521208244437 ], [ -75.195081751651244, 40.02752764565232 ], [ -75.195535598845339, 40.02750349075091 ], [ -75.195920960591792, 40.027523479293407 ], [ -75.196234706574515, 40.0274733724764 ], [ -75.196614793162496, 40.027436159162313 ], [ -75.196940801925322, 40.027454822827409 ], [ -75.19725767500924, 40.027518948984756 ], [ -75.197418535225225, 40.027585314565897 ], [ -75.19756219684929, 40.027714089537561 ], [ -75.197674680974714, 40.027882129141979 ], [ -75.197771053488495, 40.028098517036071 ], [ -75.197916764385326, 40.028355585050647 ], [ -75.198028392691484, 40.028546436679001 ], [ -75.198110775702077, 40.028725224431611 ], [ -75.198192513590129, 40.028921119553722 ], [ -75.198284162039627, 40.02924852546078 ], [ -75.198293766628282, 40.029585525030249 ], [ -75.198234113026359, 40.029789696022512 ], [ -75.198203063258518, 40.030023044539796 ], [ -75.198171153167351, 40.030279206269618 ], [ -75.19810172067298, 40.030545951777547 ], [ -75.198086580224015, 40.030751111777533 ], [ -75.198095888177335, 40.030894425014552 ], [ -75.198100688801546, 40.030968338300823 ], [ -75.198225123729344, 40.031213702871426 ], [ -75.198338476567059, 40.031358927702016 ], [ -75.198495269366774, 40.031533657670124 ], [ -75.198653138542227, 40.031679870228601 ], [ -75.198899826878844, 40.031833765136078 ], [ -75.199205445793993, 40.032000384046121 ], [ -75.199450634985411, 40.032194201209769 ], [ -75.199657208498422, 40.032329249260336 ], [ -75.199251737480651, 40.032733128641603 ], [ -75.199038244590824, 40.032960800774042 ], [ -75.198678543453269, 40.033103334376847 ], [ -75.197919072023254, 40.033244249276422 ], [ -75.197678973632648, 40.033405452739927 ], [ -75.197597752485549, 40.033531894838887 ], [ -75.197542303806799, 40.033712343674054 ], [ -75.197535724841984, 40.033893093786155 ], [ -75.197622678162503, 40.034162988274453 ], [ -75.197646444300446, 40.034270388072251 ], [ -75.197674087515111, 40.034405069914918 ], [ -75.197816109396527, 40.034749735075671 ], [ -75.197888016606157, 40.035055917156463 ], [ -75.197974857636126, 40.035507042060317 ], [ -75.198039694584466, 40.035669218093339 ], [ -75.198239278990272, 40.036608638084601 ], [ -75.195914264742726, 40.037733862904666 ], [ -75.1961285681936, 40.037925107052061 ], [ -75.193918250519488, 40.040037592637972 ], [ -75.192095176604283, 40.041809923078937 ], [ -75.191769196368355, 40.042147462876386 ], [ -75.191577728315892, 40.042398635256546 ], [ -75.191450427950301, 40.042626907678873 ], [ -75.191347531853935, 40.042837478219859 ], [ -75.191241429408834, 40.043133123148614 ], [ -75.191199815770361, 40.043387097755421 ], [ -75.190579146848194, 40.04299291082166 ], [ -75.190251728050939, 40.042789129188279 ], [ -75.189479806396562, 40.042308689090454 ], [ -75.189314856680951, 40.042487081914196 ], [ -75.186687978711788, 40.045035183475889 ], [ -75.185276642679014, 40.046411282219864 ], [ -75.183398611368162, 40.048255322268425 ], [ -75.182798365574399, 40.047075771142509 ], [ -75.182204444010267, 40.045895729708498 ], [ -75.181702600157308, 40.044832379522006 ], [ -75.181430932473859, 40.044162639875104 ], [ -75.181257032922446, 40.043733829527675 ], [ -75.181174663762732, 40.043610351444258 ], [ -75.180979220105627, 40.043338381143428 ], [ -75.180884110649814, 40.043248021872202 ] ] ] } },
{ "type": "Feature", "properties": { "MS_ID": "6450", "MS_Name": "Dobson, James", "MS_Grade": "K-8" }, "geometry": { "type": "Polygon", "coordinates": [ [ [ -75.223395310561997, 40.03890199136066 ], [ -75.223271481835582, 40.038735082577176 ], [ -75.222809519368738, 40.038112997139116 ], [ -75.222052978007909, 40.037777012621753 ], [ -75.221783640764201, 40.037684230264752 ], [ -75.221294098973317, 40.037520065473728 ], [ -75.220670115335153, 40.037305415006763 ], [ -75.21939787277357, 40.036912464637666 ], [ -75.21876044719933, 40.036655864183075 ], [ -75.218480405609768, 40.036541792480214 ], [ -75.218183320168862, 40.036371866354791 ], [ -75.218081569836329, 40.036298049985746 ], [ -75.217926792395772, 40.036161273219768 ], [ -75.217382909496664, 40.035585013994464 ], [ -75.216639887742261, 40.034834138713514 ], [ -75.216416416297349, 40.034606030367122 ], [ -75.216002431187363, 40.034187448799749 ], [ -75.215882204733603, 40.03405846904807 ], [ -75.215361159467179, 40.033612978699153 ], [ -75.21517657247017, 40.033446327923869 ], [ -75.21449335806571, 40.032839224412527 ], [ -75.213690998416709, 40.032108324530412 ], [ -75.213101710873758, 40.031599610354085 ], [ -75.212310476978317, 40.030880891341461 ], [ -75.212071092065841, 40.030666714823617 ], [ -75.211309355605891, 40.029971813057784 ], [ -75.213329533620495, 40.029064703097703 ], [ -75.214189582334143, 40.028700016672822 ], [ -75.215037042667689, 40.0283259037097 ], [ -75.215835102098765, 40.027951164037546 ], [ -75.216633053751508, 40.02760356191073 ], [ -75.217575984439577, 40.027178356267036 ], [ -75.218225043334982, 40.02689789199421 ], [ -75.218841922636344, 40.026601066393255 ], [ -75.219389444218024, 40.026324506202343 ], [ -75.219700653602459, 40.026141537737679 ], [ -75.220604296612407, 40.025744288768827 ], [ -75.221027161210358, 40.026229814753947 ], [ -75.22141557478551, 40.026721577646171 ], [ -75.223033252528296, 40.026016641578607 ], [ -75.223124206563256, 40.025920410852386 ], [ -75.223463714687639, 40.025401390580811 ], [ -75.224875994505751, 40.024294462295103 ], [ -75.225193481857332, 40.024460111049073 ], [ -75.226311136812313, 40.025093159203088 ], [ -75.227954817883656, 40.025935860232181 ], [ -75.228136033256064, 40.026026415515503 ], [ -75.229679088205231, 40.026794456469148 ], [ -75.230745844313034, 40.027313136299391 ], [ -75.231703315759944, 40.02780111019819 ], [ -75.232906758109564, 40.028605781097106 ], [ -75.233923157626862, 40.029491245332743 ], [ -75.235018390711602, 40.03023692086235 ], [ -75.235698989165087, 40.030747096664648 ], [ -75.237138503457558, 40.031641792870431 ], [ -75.237944210734554, 40.03207409545746 ], [ -75.236599735185436, 40.032788969997199 ], [ -75.235482783800521, 40.033266081633251 ], [ -75.234922372385526, 40.03350781081307 ], [ -75.234006750694263, 40.033910516272208 ], [ -75.233659268230795, 40.034091376274894 ], [ -75.233562933391909, 40.034144531665973 ], [ -75.233471406266844, 40.034189157200103 ], [ -75.233347916060879, 40.034229904504762 ], [ -75.232948921415812, 40.03440870118235 ], [ -75.231105619654912, 40.035220373880335 ], [ -75.230040489900077, 40.035910826034552 ], [ -75.229146347460599, 40.036476921844844 ], [ -75.228464783027079, 40.036911096206182 ], [ -75.228179731729355, 40.037083021456674 ], [ -75.227040145754913, 40.037811684914729 ], [ -75.226160694215039, 40.03836248679967 ], [ -75.223807878784086, 40.039438223989158 ], [ -75.223395310561997, 40.03890199136066 ] ] ] } },
{ "type": "Feature", "properties": { "MS_ID": "7100", "MS_Name": "Cooke, Jay", "MS_Grade": "K-8" }, "geometry": { "type": "Polygon", "coordinates": [ [ [ -75.146151742993538, 40.029044922613139 ], [ -75.144717161187629, 40.02885685079211 ], [ -75.14391379256007, 40.028750317831836 ], [ -75.143126642520798, 40.028644190597831 ], [ -75.14233586038641, 40.028544555594401 ], [ -75.141557867122657, 40.028450084596976 ], [ -75.141879934305777, 40.026950231539658 ], [ -75.141088577308622, 40.026852108835733 ], [ -75.140304888383085, 40.026746981853115 ], [ -75.139508620781669, 40.026649055528274 ], [ -75.13869888911529, 40.026537166099082 ], [ -75.138285801386147, 40.026489929375565 ], [ -75.137747150502506, 40.026417386977926 ], [ -75.137822900478042, 40.026088812543264 ], [ -75.138079435653808, 40.024928910005634 ], [ -75.138419947050849, 40.023329816232724 ], [ -75.138646048641604, 40.022274510416011 ], [ -75.13868563146066, 40.022089355858064 ], [ -75.138789898323068, 40.021671948947933 ], [ -75.139624105778751, 40.021255544498317 ], [ -75.139893266007491, 40.021143092921058 ], [ -75.14126176526878, 40.020457827767785 ], [ -75.14208211948889, 40.020076769123925 ], [ -75.142467791037191, 40.019921315677706 ], [ -75.142884843629403, 40.019772657161006 ], [ -75.143260974666035, 40.019659556833993 ], [ -75.143633356499876, 40.019568893010096 ], [ -75.144095787057267, 40.019486694076008 ], [ -75.144687108625391, 40.01941183457221 ], [ -75.145362861130906, 40.019380817093761 ], [ -75.146137882291441, 40.019384132048053 ], [ -75.146382570682718, 40.019413847550055 ], [ -75.14705879583687, 40.019094849725221 ], [ -75.147144476432189, 40.019011450080647 ], [ -75.148468068164604, 40.018407671976711 ], [ -75.14908973201149, 40.018110652918089 ], [ -75.149347506460145, 40.017958839322219 ], [ -75.14923089340347, 40.018503787755016 ], [ -75.148994011367606, 40.01957380075531 ], [ -75.148954407858724, 40.019744428818079 ], [ -75.148936720411712, 40.019827732811478 ], [ -75.148850546936217, 40.020202287719506 ], [ -75.148738765233617, 40.020712182059327 ], [ -75.14869223870221, 40.02095431395297 ], [ -75.148567566312622, 40.021477125083123 ], [ -75.148246304438857, 40.022960672484423 ], [ -75.147895055681516, 40.024554834487724 ], [ -75.147556415131831, 40.02613961797357 ], [ -75.147219627354474, 40.027645143117766 ], [ -75.146913523436368, 40.029145166694519 ], [ -75.146151742993538, 40.029044922613139 ] ] ] } },
{ "type": "Feature", "properties": { "MS_ID": "7110", "MS_Name": "Harding, Warren G", "MS_Grade": "6-8" }, "geometry": { "type": "Polygon", "coordinates": [ [ [ -75.090391810872632, 40.028500617970714 ], [ -75.09377160583486, 40.026629748156815 ], [ -75.094068149995692, 40.026470461389053 ], [ -75.094391919963286, 40.026337994769065 ], [ -75.094952686702172, 40.026197010186486 ], [ -75.095268623973325, 40.026148333813651 ], [ -75.09558346714914, 40.026127620134424 ], [ -75.096051957416975, 40.026134948467771 ], [ -75.096477744200982, 40.026186774181006 ], [ -75.096829948344393, 40.026272129645527 ], [ -75.097254003917925, 40.026411134362988 ], [ -75.097590357080705, 40.026571076514017 ], [ -75.097605356404429, 40.02637476865651 ], [ -75.097044942243556, 40.025879303453699 ], [ -75.095882833983353, 40.024757098940036 ], [ -75.095536451707801, 40.024129727696078 ], [ -75.094958576303213, 40.023261012180697 ], [ -75.093770489228845, 40.022509222848385 ], [ -75.092924624075209, 40.021961139389184 ], [ -75.091493844470079, 40.021028167748348 ], [ -75.089719630951507, 40.019876666126699 ], [ -75.089169703476699, 40.020553783344823 ], [ -75.088620305077328, 40.02124363667432 ], [ -75.087283057480235, 40.020486206694393 ], [ -75.085059231933414, 40.019217608551081 ], [ -75.084324936907834, 40.018805701291839 ], [ -75.084059227095523, 40.018659715651651 ], [ -75.08350869706797, 40.018366788670058 ], [ -75.082642230604279, 40.017898857528451 ], [ -75.08199474467898, 40.018581360372487 ], [ -75.081500446572264, 40.019137017951316 ], [ -75.080924598568885, 40.019756841340936 ], [ -75.080426035798766, 40.020304007764103 ], [ -75.079919555589001, 40.020834277411836 ], [ -75.079414189420362, 40.021388572807773 ], [ -75.079124651722751, 40.021706484266858 ], [ -75.07888115254184, 40.021882928661363 ], [ -75.078164133615275, 40.022362829704541 ], [ -75.077502642005726, 40.022809375604801 ], [ -75.076841951499645, 40.023258983857566 ], [ -75.07562310739705, 40.024075871624383 ], [ -75.073964328965388, 40.025074257481137 ], [ -75.073364419260528, 40.025370136184534 ], [ -75.073333127148956, 40.025290965734847 ], [ -75.070197645776659, 40.022725613704544 ], [ -75.069765021996048, 40.022388777962803 ], [ -75.069088417552607, 40.021905584562667 ], [ -75.06747816671303, 40.022740872198568 ], [ -75.066281267656706, 40.023352113485096 ], [ -75.064913957823748, 40.024061639429881 ], [ -75.064298500563694, 40.024373661059805 ], [ -75.063792503951248, 40.024638789845689 ], [ -75.06325416663708, 40.024913758823601 ], [ -75.062803006491464, 40.024403372897631 ], [ -75.062712394254092, 40.024292542301225 ], [ -75.06075658276157, 40.025302397254698 ], [ -75.058804679419637, 40.026314935658625 ], [ -75.058251830591828, 40.025692863000216 ], [ -75.057897070502861, 40.025876805875107 ], [ -75.057595221392319, 40.026032809647049 ], [ -75.057279811067943, 40.026196384235803 ], [ -75.056954991822252, 40.026362599068875 ], [ -75.056295343914556, 40.02670488753111 ], [ -75.055398336132981, 40.025674082982874 ], [ -75.054966356172145, 40.025172380397606 ], [ -75.05449649038863, 40.024649235648603 ], [ -75.054055738848064, 40.02413057563696 ], [ -75.053830519396826, 40.02388229248627 ], [ -75.053605362541447, 40.023616927357196 ], [ -75.053374106894921, 40.023363014108561 ], [ -75.053152942821924, 40.02310603050811 ], [ -75.052932658764675, 40.022864812923409 ], [ -75.052703517437038, 40.022593359397462 ], [ -75.0524829025575, 40.022347217879478 ], [ -75.052254986587968, 40.022081026344203 ], [ -75.051774927022976, 40.021536349848368 ], [ -75.051320446823183, 40.021015592359106 ], [ -75.050905750061148, 40.020536323345311 ], [ -75.050450673907093, 40.020027287836157 ], [ -75.050003178628813, 40.019512392481005 ], [ -75.049498648263651, 40.018930315978153 ], [ -75.04895805847751, 40.018334598408181 ], [ -75.048790260134524, 40.018142720093898 ], [ -75.048690600255455, 40.018028758041325 ], [ -75.048587089501908, 40.017938773230519 ], [ -75.048432410426514, 40.017806931776065 ], [ -75.048278832859879, 40.017690359074145 ], [ -75.048135949501088, 40.017585297316053 ], [ -75.048086501566985, 40.017501754377186 ], [ -75.047799211095366, 40.017327097465973 ], [ -75.04740062933412, 40.016994991121152 ], [ -75.046957088817749, 40.016666490547998 ], [ -75.046549465925239, 40.016354768020484 ], [ -75.046481146782511, 40.016302523093252 ], [ -75.046289386117351, 40.016152036725202 ], [ -75.046013356980978, 40.015932664335963 ], [ -75.04578450295817, 40.015720482607342 ], [ -75.045497027178001, 40.015391359845111 ], [ -75.043183456205455, 40.012301808027331 ], [ -75.044878059894458, 40.011428844768666 ], [ -75.046804573037321, 40.010407685324921 ], [ -75.04802351584236, 40.00971958809501 ], [ -75.049171374664596, 40.008935643873635 ], [ -75.050455207723743, 40.00798263614589 ], [ -75.05092040548395, 40.007624187828021 ], [ -75.054017187038383, 40.010002054559678 ], [ -75.0572995702057, 40.01336760087581 ], [ -75.05840701069458, 40.012781407430211 ], [ -75.058641331230206, 40.012648850116022 ], [ -75.058706389581417, 40.012612046411007 ], [ -75.06004877302648, 40.011871081883399 ], [ -75.060606794564734, 40.011561803397456 ], [ -75.060979074807733, 40.011348487442561 ], [ -75.061116675306735, 40.011269641952019 ], [ -75.06231500458891, 40.010616674024874 ], [ -75.063159247760979, 40.010222688814501 ], [ -75.064269571952153, 40.009818299872855 ], [ -75.064980198640427, 40.009578016343383 ], [ -75.065789648499205, 40.009374126464579 ], [ -75.066448838072603, 40.009241346975536 ], [ -75.067611422825991, 40.00904348069372 ], [ -75.068556458256865, 40.008850478470983 ], [ -75.068896423944096, 40.008788843199376 ], [ -75.069351852900155, 40.008683346935442 ], [ -75.06970553402347, 40.008567828184091 ], [ -75.069965094309993, 40.008473132928479 ], [ -75.070412255922818, 40.008309992647327 ], [ -75.071327997239351, 40.007945264567212 ], [ -75.072264241186247, 40.007494223696931 ], [ -75.073014142283256, 40.007088776220613 ], [ -75.073689242737117, 40.006662615189889 ], [ -75.073769398520668, 40.006612016063762 ], [ -75.073912511755026, 40.006506945043512 ], [ -75.074351815402039, 40.006184414265562 ], [ -75.074851077830814, 40.005801807302255 ], [ -75.075399235715182, 40.005313952350704 ], [ -75.075617777208919, 40.005134890524552 ], [ -75.075718368245148, 40.005052470126927 ], [ -75.076192386462807, 40.004622100101322 ], [ -75.076724320179508, 40.004070463200414 ], [ -75.077063427897102, 40.003699191223163 ], [ -75.077232639933271, 40.003715523877602 ], [ -75.077345493703348, 40.003727344615513 ], [ -75.077423004431552, 40.003761728068227 ], [ -75.077447270494432, 40.003929723551678 ], [ -75.077477684745631, 40.004140303894665 ], [ -75.07759312910845, 40.004699337363313 ], [ -75.077749439929576, 40.005384176464162 ], [ -75.07789180735152, 40.006063027679502 ], [ -75.078047578696001, 40.006734012750464 ], [ -75.078195548143796, 40.007412057617032 ], [ -75.078332953230316, 40.008067460095511 ], [ -75.078448171583702, 40.008587325110931 ], [ -75.078478262464557, 40.008723089507001 ], [ -75.078613642952092, 40.009355247991095 ], [ -75.078749686354385, 40.009879558104572 ], [ -75.078882831181602, 40.01002894249757 ], [ -75.079280331889393, 40.01041011679964 ], [ -75.078504918687756, 40.010732491497528 ], [ -75.078313647021474, 40.010820389272432 ], [ -75.077058945815764, 40.011333523617317 ], [ -75.077426278031695, 40.012908300122582 ], [ -75.07753693593925, 40.013356872141124 ], [ -75.078305349317986, 40.013819680942973 ], [ -75.079467270588623, 40.014458227320901 ], [ -75.080199877013015, 40.014864913005006 ], [ -75.08097132025803, 40.015302296677895 ], [ -75.082364942357998, 40.016069230642252 ], [ -75.083563956907213, 40.016751846274744 ], [ -75.08366059658313, 40.016797892638358 ], [ -75.08385322409076, 40.016574394689606 ], [ -75.084383201792534, 40.015997533849266 ], [ -75.08465720895083, 40.015713636013373 ], [ -75.085519723368861, 40.014788866387512 ], [ -75.085819815024522, 40.014449200555077 ], [ -75.086349863176267, 40.013869059525298 ], [ -75.087577771026446, 40.01251711448527 ], [ -75.087655718864966, 40.012431048283318 ], [ -75.087973347343407, 40.012104293034525 ], [ -75.088731498312043, 40.010924747733092 ], [ -75.089197635312246, 40.010179622728145 ], [ -75.08927245543336, 40.010064262405102 ], [ -75.089526759283714, 40.009672154860709 ], [ -75.089659722185729, 40.009467140482201 ], [ -75.089865827462106, 40.009132753141465 ], [ -75.090093625475063, 40.008763165365352 ], [ -75.090327102714397, 40.008361545339646 ], [ -75.090931125147293, 40.007443593445679 ], [ -75.090991144775472, 40.007320555787921 ], [ -75.091167077541286, 40.007053893191078 ], [ -75.091816171205949, 40.006008681452336 ], [ -75.092884803536876, 40.005974655093603 ], [ -75.092851369931367, 40.006132560073937 ], [ -75.092756983043969, 40.006367261495896 ], [ -75.092537781127575, 40.006609151833324 ], [ -75.092321339638417, 40.006780546425531 ], [ -75.092155904677327, 40.006988401576272 ], [ -75.092113897378383, 40.007224312459847 ], [ -75.092214078778255, 40.007511398900682 ], [ -75.092376843500048, 40.007706692020328 ], [ -75.092588913648285, 40.007938335956254 ], [ -75.092958003320291, 40.008264474944419 ], [ -75.093707806001419, 40.008700153993416 ], [ -75.094277022375167, 40.00906109068562 ], [ -75.094615769074821, 40.009264628212215 ], [ -75.0947873690085, 40.009443958313113 ], [ -75.094906714715449, 40.009631160351738 ], [ -75.095003322534126, 40.009917311657965 ], [ -75.095032054847081, 40.010007115533647 ], [ -75.095104187540102, 40.010232572844735 ], [ -75.094973807074581, 40.010506979466626 ], [ -75.09438434335253, 40.011344224245029 ], [ -75.094293794761597, 40.011480731635807 ], [ -75.094057544602066, 40.011823035016675 ], [ -75.093921275694271, 40.012039127203131 ], [ -75.093687855339653, 40.012392834002796 ], [ -75.093575488945532, 40.012584279554638 ], [ -75.093507462627826, 40.012731388269529 ], [ -75.093482791404867, 40.012859341202841 ], [ -75.093460900939718, 40.012999956755593 ], [ -75.093465601209843, 40.013131108561112 ], [ -75.093499473828984, 40.013270495021516 ], [ -75.093567448350939, 40.013459812060972 ], [ -75.093695513462066, 40.013704700356627 ], [ -75.093815730622239, 40.013899005695109 ], [ -75.094204422823722, 40.014519110948186 ], [ -75.094300712239146, 40.014654899528523 ], [ -75.094403389873662, 40.014773999920799 ], [ -75.094489203848113, 40.014863385092092 ], [ -75.094596597538768, 40.014966670368089 ], [ -75.094749439737129, 40.015081087349152 ], [ -75.094924908734384, 40.015203587024281 ], [ -75.095081420560902, 40.015308009412642 ], [ -75.095260855849219, 40.015412960689652 ], [ -75.095584345035832, 40.015605662699535 ], [ -75.095805563385326, 40.015731738780701 ], [ -75.096043153823544, 40.015858193742666 ], [ -75.096172363045582, 40.015906540110052 ], [ -75.096360910109013, 40.015946179635428 ], [ -75.096484850827977, 40.015961644957009 ], [ -75.096710401032752, 40.015976936196942 ], [ -75.096877403176933, 40.015980795181719 ], [ -75.097045577313821, 40.015984681002372 ], [ -75.097270741614977, 40.015979804274735 ], [ -75.097505773061329, 40.016004134122198 ], [ -75.097796026737058, 40.016041078575206 ], [ -75.097977140402065, 40.016103222750246 ], [ -75.09818971848452, 40.016198854919843 ], [ -75.098451714687315, 40.016288067319003 ], [ -75.09863332010714, 40.016337622625009 ], [ -75.098954129084234, 40.016347549345952 ], [ -75.099451391054814, 40.016287207860131 ], [ -75.099613124924161, 40.01625818054174 ], [ -75.099894018126278, 40.016199143506711 ], [ -75.100393489427546, 40.016082146931367 ], [ -75.100595005943035, 40.016041437115639 ], [ -75.101015425850093, 40.016018374741954 ], [ -75.101323677273342, 40.016014147267491 ], [ -75.101546150406207, 40.01602431942203 ], [ -75.101772193111543, 40.016027011100967 ], [ -75.102048140236889, 40.01601069620861 ], [ -75.102285579524903, 40.01597333117423 ], [ -75.102544856933548, 40.015964188563771 ], [ -75.102878077530946, 40.015992031852491 ], [ -75.103317344354281, 40.016073979351674 ], [ -75.103653445571112, 40.016111967523898 ], [ -75.103865998175451, 40.016124425812059 ], [ -75.10408202186413, 40.016131924217433 ], [ -75.104366614468447, 40.016146041630506 ], [ -75.104688210595043, 40.01613581167782 ], [ -75.104985605676845, 40.016157783065019 ], [ -75.105206365518967, 40.016212007856112 ], [ -75.105414465679857, 40.016254602047248 ], [ -75.105662844026568, 40.016272923405715 ], [ -75.105862691949653, 40.016275004643447 ], [ -75.106194442157047, 40.016340605372719 ], [ -75.106431622854601, 40.016393947125437 ], [ -75.106665627205317, 40.016444695070732 ], [ -75.106857789191238, 40.016560000566606 ], [ -75.107069042884632, 40.016693842391753 ], [ -75.107213378386959, 40.016771049144644 ], [ -75.107334774563427, 40.016851965307474 ], [ -75.107435347318386, 40.016962640715342 ], [ -75.107496919129758, 40.017064859722872 ], [ -75.107539863993026, 40.017224610673182 ], [ -75.107548492683335, 40.017423893037204 ], [ -75.107501945326405, 40.017609304691526 ], [ -75.10744928792306, 40.017783236235005 ], [ -75.107402502620232, 40.017890521155515 ], [ -75.107250673931659, 40.018086110628062 ], [ -75.107131747970939, 40.018194255256638 ], [ -75.107026703002234, 40.018282558695589 ], [ -75.106886322858571, 40.018352409187514 ], [ -75.10672341291874, 40.018411660138071 ], [ -75.106540071449146, 40.018490600181295 ], [ -75.106294114737921, 40.018578179065599 ], [ -75.106027579942932, 40.018689224924337 ], [ -75.105860118594364, 40.018781129601074 ], [ -75.105756250378235, 40.018839218600199 ], [ -75.105671017524912, 40.018965778090383 ], [ -75.105581626650022, 40.019114922541618 ], [ -75.105488981714515, 40.019204609477598 ], [ -75.105335901461032, 40.01928062696205 ], [ -75.10514063362055, 40.019329050636372 ], [ -75.104908857477042, 40.019347022384011 ], [ -75.104176319653078, 40.019346524610661 ], [ -75.10399315033149, 40.019378845261642 ], [ -75.103835441661005, 40.019430651520175 ], [ -75.10373741520452, 40.019527934036262 ], [ -75.103697058601739, 40.019659306188878 ], [ -75.103657002603427, 40.0198765689724 ], [ -75.103593162700008, 40.020233888827775 ], [ -75.103546635823292, 40.020393889604307 ], [ -75.103497860875123, 40.020561617167552 ], [ -75.103449065069015, 40.020729422623525 ], [ -75.103367184932452, 40.020849923590617 ], [ -75.103246962240192, 40.020920467799172 ], [ -75.103170070370453, 40.020972418623657 ], [ -75.103145788642479, 40.021083141857062 ], [ -75.103156114546991, 40.021202337799672 ], [ -75.103195013766197, 40.021356728030135 ], [ -75.103268073745269, 40.021531092209187 ], [ -75.10335965788984, 40.021742339057887 ], [ -75.103586516746205, 40.022196534868087 ], [ -75.103651248989678, 40.022328497067754 ], [ -75.103769937486987, 40.022484725805171 ], [ -75.103900694115765, 40.022587509344653 ], [ -75.104096931947794, 40.02280308621846 ], [ -75.10420684398062, 40.022928412266936 ], [ -75.104193133781706, 40.023024031078599 ], [ -75.10419937155946, 40.023120107698766 ], [ -75.104226155141035, 40.023201307714018 ], [ -75.104292081565248, 40.023302599745229 ], [ -75.104383245730816, 40.023396795487024 ], [ -75.104489818337242, 40.023479833640465 ], [ -75.104627058030545, 40.023544393382338 ], [ -75.104808554588757, 40.023604262577663 ], [ -75.102423016657227, 40.029493185571539 ], [ -75.101958874347901, 40.02934196297111 ], [ -75.101561674284966, 40.029183800823176 ], [ -75.101287055130541, 40.028972084175493 ], [ -75.099064692201409, 40.027498078073762 ], [ -75.098809279704255, 40.027740451845922 ], [ -75.098697805275862, 40.027854182841601 ], [ -75.098325411462866, 40.028206540815788 ], [ -75.097908360469745, 40.028619863829483 ], [ -75.096805382897941, 40.027948460822124 ], [ -75.096651846402168, 40.027851066303562 ], [ -75.096551850349925, 40.027787634227458 ], [ -75.096236836180438, 40.027597191156175 ], [ -75.09531218868014, 40.028548134190828 ], [ -75.093205252253654, 40.030705586800785 ], [ -75.093543159891141, 40.031196606861094 ], [ -75.093790692356933, 40.031513191046272 ], [ -75.094350866588016, 40.032207780209404 ], [ -75.094118441943237, 40.032456725393757 ], [ -75.09392169359711, 40.032648524438116 ], [ -75.093734354308324, 40.032843763787561 ], [ -75.093498542615407, 40.033073567178597 ], [ -75.093275021705765, 40.033305916932086 ], [ -75.093087598569682, 40.033486706168205 ], [ -75.09768657589602, 40.035719345833073 ], [ -75.090353381972179, 40.042984572476577 ], [ -75.088976634246634, 40.044333503559756 ], [ -75.088313886150075, 40.045515125513965 ], [ -75.087948332820133, 40.046344835459472 ], [ -75.087636127291461, 40.047043837598345 ], [ -75.086975538194892, 40.048568373342974 ], [ -75.085695103932522, 40.047851860021325 ], [ -75.084066759263195, 40.04696423344302 ], [ -75.083651747320474, 40.04672454202732 ], [ -75.08341587267951, 40.046600359614139 ], [ -75.083000957838195, 40.046371493960734 ], [ -75.082344511758492, 40.045992518470655 ], [ -75.080352519152839, 40.044906169565223 ], [ -75.078566312867395, 40.043905245219008 ], [ -75.076560883096903, 40.042763955361202 ], [ -75.075553469659212, 40.042205313043816 ], [ -75.075454685130651, 40.042155137983407 ], [ -75.075033703574931, 40.041941143862211 ], [ -75.075452567822964, 40.041478082176731 ], [ -75.07583571343072, 40.041096107380596 ], [ -75.076238285014739, 40.040686594592501 ], [ -75.076652440871342, 40.0402588130233 ], [ -75.076820970081641, 40.040075356887741 ], [ -75.077002428656868, 40.03988600766494 ], [ -75.077395805089282, 40.039465410600364 ], [ -75.077829927095763, 40.039002239119803 ], [ -75.078011354116057, 40.038827537694551 ], [ -75.078210997444401, 40.038618856252143 ], [ -75.078389640127398, 40.038434402429132 ], [ -75.078621402962739, 40.038206697716753 ], [ -75.078822057677542, 40.037989202322265 ], [ -75.078999976004624, 40.037797066535191 ], [ -75.079159109308549, 40.037622473914539 ], [ -75.079313653131521, 40.037471395119049 ], [ -75.079547096904705, 40.03722276508649 ], [ -75.07983718668028, 40.036922721824126 ], [ -75.08024922552184, 40.036510601286288 ], [ -75.080601122668327, 40.036131819358708 ], [ -75.080981626073552, 40.035714139294015 ], [ -75.081378853753975, 40.035313913235143 ], [ -75.081575378302858, 40.035111455791203 ], [ -75.08175869585493, 40.034925213558189 ], [ -75.081958415779511, 40.034718971495593 ], [ -75.082180247013056, 40.034487045930859 ], [ -75.082923493006419, 40.033723308673906 ], [ -75.083371848259247, 40.033244448649285 ], [ -75.084018387902105, 40.032539852581642 ], [ -75.084172266081936, 40.032313982349372 ], [ -75.084273648594333, 40.032173074144403 ], [ -75.084135215598053, 40.031968444667768 ], [ -75.084097405648933, 40.031881558424779 ], [ -75.084089930923298, 40.031821850631786 ], [ -75.084327098814754, 40.031763071134577 ], [ -75.084516866346618, 40.031697514513688 ], [ -75.084720663493968, 40.031625433487399 ], [ -75.084926304446952, 40.031542445484796 ], [ -75.085123333207903, 40.031450025257733 ], [ -75.085269758555626, 40.031380283758175 ], [ -75.085472582466366, 40.031273684432925 ], [ -75.085604889638958, 40.031196457125844 ], [ -75.086044517249974, 40.030930782167076 ], [ -75.086735227615208, 40.030512721666625 ], [ -75.087044033182323, 40.030332471248606 ], [ -75.087804474395128, 40.029916303484953 ], [ -75.088532971217589, 40.029512238479512 ], [ -75.089561570986291, 40.028950495936478 ], [ -75.090391810872632, 40.028500617970714 ] ] ] } },
{ "type": "Feature", "properties": { "MS_ID": "7130", "MS_Name": "Wagner, General Louis", "MS_Grade": "6-8" }, "geometry": { "type": "Polygon", "coordinates": [ [ [ -75.140773612874867, 40.064152447520897 ], [ -75.139415582246173, 40.063386502663683 ], [ -75.136800779639913, 40.061950670877579 ], [ -75.135182018864342, 40.060951713367608 ], [ -75.134117373590925, 40.060294678642606 ], [ -75.133369529093756, 40.059833140719647 ], [ -75.133069806346441, 40.059648161740789 ], [ -75.130110064666383, 40.057869915497285 ], [ -75.128974160527122, 40.0571874062204 ], [ -75.129044551556291, 40.057033226934742 ], [ -75.130000115982909, 40.055553277910001 ], [ -75.129187272454288, 40.055654612316005 ], [ -75.129221790444277, 40.054408191713897 ], [ -75.129241044357585, 40.053622265606791 ], [ -75.128769307431554, 40.053564214988924 ], [ -75.127910158448728, 40.053461088976903 ], [ -75.12824747591462, 40.051887744051839 ], [ -75.12858891879506, 40.050361251120499 ], [ -75.129452272189852, 40.050489274927656 ], [ -75.131113087605797, 40.050690271010197 ], [ -75.131404237604727, 40.04940024691922 ], [ -75.131661282356788, 40.048156268360827 ], [ -75.133256711941542, 40.048777459670738 ], [ -75.133758941855277, 40.048881742688529 ], [ -75.134091804763443, 40.048902587735874 ], [ -75.134406743227203, 40.048911165353019 ], [ -75.134705880834517, 40.048932190410312 ], [ -75.134715923608269, 40.048681807031414 ], [ -75.134719069890494, 40.048418596475869 ], [ -75.134720462455974, 40.048155380230895 ], [ -75.134721652294417, 40.04789216116928 ], [ -75.134722660458181, 40.047628940671387 ], [ -75.134723506897046, 40.047365718290152 ], [ -75.134724210389365, 40.047102493552252 ], [ -75.134724791986599, 40.046839267837889 ], [ -75.134725272808552, 40.046576040726684 ], [ -75.134725672769733, 40.046312812672234 ], [ -75.134725901345462, 40.0461357598573 ], [ -75.134726011749137, 40.046049585028101 ], [ -75.134726308627137, 40.04578635461985 ], [ -75.134726586692182, 40.045523125581767 ], [ -75.134726861275738, 40.045259895560136 ], [ -75.1347271558393, 40.044996664187742 ], [ -75.134727488984225, 40.044733435492496 ], [ -75.134727883138808, 40.044470205479669 ], [ -75.134728354596575, 40.044206977223496 ], [ -75.134728928057768, 40.043943748583096 ], [ -75.134729620986462, 40.043680522659422 ], [ -75.134729697264149, 40.043417266474343 ], [ -75.134726977419447, 40.043153892563247 ], [ -75.134723521692052, 40.042890480269115 ], [ -75.134721825588841, 40.042627129658385 ], [ -75.134724388160976, 40.042363939076893 ], [ -75.134733704872758, 40.042101007690441 ], [ -75.134751754665189, 40.04183839136757 ], [ -75.134777411942963, 40.041576001407762 ], [ -75.134808909498631, 40.041313820098431 ], [ -75.134844521006812, 40.041051834262262 ], [ -75.134882525712996, 40.04079003895837 ], [ -75.134921198620106, 40.040528418339001 ], [ -75.134962339254599, 40.040267152130198 ], [ -75.135008804381059, 40.040006362132438 ], [ -75.135057780907175, 40.039745795083093 ], [ -75.135106400805611, 40.039485194670732 ], [ -75.135150838049356, 40.039224099870623 ], [ -75.135192142120374, 40.038962564312058 ], [ -75.13524186910243, 40.038702288199168 ], [ -75.135309758232609, 40.038444142866524 ], [ -75.135399854617773, 40.038189863831519 ], [ -75.135519641322674, 40.037943928267019 ], [ -75.135660515059897, 40.037703539013457 ], [ -75.135793311659612, 40.037460704204037 ], [ -75.135917208012316, 40.037214914074553 ], [ -75.135962395683123, 40.037140690953592 ], [ -75.136437425600633, 40.037197149621413 ], [ -75.136824693201106, 40.036889828684288 ], [ -75.137208391981119, 40.036563099319935 ], [ -75.138164301481396, 40.035807454745694 ], [ -75.138374875698588, 40.035884780676241 ], [ -75.139096959751754, 40.035982543392656 ], [ -75.139883025356184, 40.036084777555395 ], [ -75.140672767853545, 40.036185703147346 ], [ -75.141465889264637, 40.036288405628021 ], [ -75.144637619890247, 40.037400500192987 ], [ -75.145094401091598, 40.037414306982342 ], [ -75.145149809305551, 40.037147186913366 ], [ -75.145554237692906, 40.035263103492376 ], [ -75.146438277358669, 40.035379044730817 ], [ -75.147198976469483, 40.035473220328129 ], [ -75.148179655873037, 40.035599243543395 ], [ -75.148723218452972, 40.035670527238892 ], [ -75.149250064731476, 40.035736328255503 ], [ -75.149860411356656, 40.035828739298644 ], [ -75.155591077506145, 40.036215298564059 ], [ -75.155858150519876, 40.036417443412397 ], [ -75.156124540606768, 40.036552087888381 ], [ -75.156383041680598, 40.036645296964245 ], [ -75.15664349184533, 40.036687582592847 ], [ -75.15702140499161, 40.036713103498556 ], [ -75.158374135706794, 40.036686065714882 ], [ -75.158415481092902, 40.037503277859464 ], [ -75.158452410392428, 40.038540299261044 ], [ -75.158404566191763, 40.04073747858282 ], [ -75.158359155295543, 40.041488147437818 ], [ -75.158342073286775, 40.042022817189142 ], [ -75.158318479433731, 40.042409562733795 ], [ -75.158307958078396, 40.042862286312008 ], [ -75.158286507508009, 40.043342777651013 ], [ -75.158262737244272, 40.043783260233909 ], [ -75.157494342169329, 40.043763940339865 ], [ -75.157100543909635, 40.043750249553476 ], [ -75.156711702621379, 40.043744065758283 ], [ -75.155866891622807, 40.04372131585982 ], [ -75.155794244510062, 40.045130568462241 ], [ -75.15577069181613, 40.04532887629442 ], [ -75.155749947302454, 40.045818589145405 ], [ -75.155647293337523, 40.047371978785918 ], [ -75.155549039148937, 40.048936075339888 ], [ -75.155504189781681, 40.049572731858603 ], [ -75.155448041241797, 40.050509287563571 ], [ -75.155355913376155, 40.051849947890204 ], [ -75.15527279683873, 40.053114155064776 ], [ -75.155215928465893, 40.053923630467544 ], [ -75.155555869753897, 40.054075078255558 ], [ -75.156487685898938, 40.05452108824808 ], [ -75.156951307491411, 40.054733491417103 ], [ -75.157176177920121, 40.054836323074916 ], [ -75.157558040034715, 40.055035373448533 ], [ -75.157726129478448, 40.055142665785773 ], [ -75.157749171467856, 40.055154087063599 ], [ -75.157870792172616, 40.055199948295254 ], [ -75.15830689145308, 40.055438266005417 ], [ -75.158890483631481, 40.055769491834283 ], [ -75.158315992615513, 40.056035306848457 ], [ -75.157460518160008, 40.056419470375609 ], [ -75.157478964189082, 40.056504930678948 ], [ -75.157373032045115, 40.058585980622944 ], [ -75.157200041545849, 40.0586471806239 ], [ -75.156898511278811, 40.058776867675085 ], [ -75.155620861387803, 40.059326672013569 ], [ -75.155272935314514, 40.059470820971548 ], [ -75.15451465886386, 40.059787965388935 ], [ -75.153763484098448, 40.060099362876691 ], [ -75.154460210325325, 40.061154792902499 ], [ -75.155228952659783, 40.062373943401816 ], [ -75.155254830725283, 40.062432736065837 ], [ -75.15520562760743, 40.062504787346327 ], [ -75.154699738044698, 40.063025583334401 ], [ -75.15411076692078, 40.06364870272035 ], [ -75.15358456284919, 40.064199176873338 ], [ -75.153514225681576, 40.064286960105143 ], [ -75.153399705283519, 40.064346319747877 ], [ -75.152943522028238, 40.064294321843867 ], [ -75.152255069226129, 40.064298918734046 ], [ -75.151884887824011, 40.065992972603617 ], [ -75.151544535947352, 40.067492518421339 ], [ -75.151259053501533, 40.068766755608159 ], [ -75.151139692475695, 40.06930768861745 ], [ -75.151109415732193, 40.06938823856531 ], [ -75.151061910882831, 40.069468578168788 ], [ -75.150969585538121, 40.069568436391918 ], [ -75.150724765382293, 40.06982534507241 ], [ -75.150040707209996, 40.069435883451952 ], [ -75.149605413852939, 40.069188046652414 ], [ -75.148355334643966, 40.068476291403698 ], [ -75.1476786971091, 40.068091021446214 ], [ -75.14666575147038, 40.067521504880382 ], [ -75.145500836462347, 40.06685233381058 ], [ -75.145219069646046, 40.066690472745911 ], [ -75.144554576114388, 40.066312080418598 ], [ -75.144051550155424, 40.066015952708803 ], [ -75.143098065660269, 40.065475903167311 ], [ -75.141887029927844, 40.06478995437994 ], [ -75.140773612874867, 40.064152447520897 ] ] ] } },
{ "type": "Feature", "properties": { "MS_ID": "7150", "MS_Name": "Juniata Park Academy", "MS_Grade": "K-8" }, "geometry": { "type": "Polygon", "coordinates": [ [ [ -75.09704557731385, 40.015984681002386 ], [ -75.096877403176975, 40.015980795181719 ], [ -75.09671040103278, 40.01597693619695 ], [ -75.096484850827949, 40.015961644957052 ], [ -75.096360910109027, 40.015946179635449 ], [ -75.096172363045596, 40.015906540110031 ], [ -75.096043153823601, 40.015858193742631 ], [ -75.095805563385284, 40.015731738780708 ], [ -75.095584345035832, 40.015605662699514 ], [ -75.095260855849247, 40.015412960689623 ], [ -75.095081420560916, 40.015308009412649 ], [ -75.094924908734413, 40.01520358702426 ], [ -75.094749439737086, 40.015081087349174 ], [ -75.094596597538782, 40.014966670368061 ], [ -75.094489203848127, 40.014863385092106 ], [ -75.094403389873705, 40.014773999920777 ], [ -75.094300712239175, 40.014654899528502 ], [ -75.094204422823751, 40.014519110948143 ], [ -75.093815730622268, 40.01389900569513 ], [ -75.093695513462094, 40.013704700356598 ], [ -75.093567448350896, 40.013459812060937 ], [ -75.093499473828999, 40.013270495021473 ], [ -75.093465601209871, 40.013131108561133 ], [ -75.093460900939675, 40.012999956755614 ], [ -75.093482791404824, 40.012859341202805 ], [ -75.093507462627855, 40.012731388269501 ], [ -75.093575488945561, 40.012584279554666 ], [ -75.093687855339681, 40.012392834002831 ], [ -75.093921275694285, 40.012039127203096 ], [ -75.094057544602094, 40.011823035016718 ], [ -75.094293794761654, 40.011480731635778 ], [ -75.094384343352573, 40.011344224245001 ], [ -75.094973807074624, 40.010506979466605 ], [ -75.09510418754013, 40.010232572844764 ], [ -75.095032054847053, 40.010007115533647 ], [ -75.096149996692844, 40.009988874601902 ], [ -75.096818801407579, 40.010078406190615 ], [ -75.09737554928968, 40.0101520023793 ], [ -75.098097042989352, 40.010248878922368 ], [ -75.09879853964992, 40.010337515894783 ], [ -75.099359670468345, 40.010413958937853 ], [ -75.100039326564385, 40.010504176221175 ], [ -75.100767243898744, 40.010591169988324 ], [ -75.101477567562199, 40.010690360502927 ], [ -75.10221797518588, 40.010790141259442 ], [ -75.103185254413717, 40.010915535258192 ], [ -75.103500849611081, 40.010953468918046 ], [ -75.103704883347405, 40.010982498833641 ], [ -75.104166521480252, 40.011041754260965 ], [ -75.104490937813736, 40.009451151297029 ], [ -75.104807738567828, 40.007968794353225 ], [ -75.105140969946234, 40.006462773044973 ], [ -75.105336981814361, 40.005519375367868 ], [ -75.106026311092819, 40.005499294636422 ], [ -75.106661567880806, 40.005481147216891 ], [ -75.107352908474397, 40.005472699329147 ], [ -75.108037811100687, 40.005432377405214 ], [ -75.10862843880291, 40.0054058180326 ], [ -75.109372296468422, 40.005393346629937 ], [ -75.113483548005576, 40.005928514015629 ], [ -75.119300632446311, 40.006680620977598 ], [ -75.122718753426724, 40.00713588490779 ], [ -75.123426893223453, 40.007213386785736 ], [ -75.123393200575379, 40.007418611434275 ], [ -75.123324578432786, 40.007556926778925 ], [ -75.121469402606962, 40.010154387517026 ], [ -75.119440475318399, 40.013027055599721 ], [ -75.11757219048917, 40.015583244507887 ], [ -75.117476904858378, 40.015784203074695 ], [ -75.113197720249801, 40.015533633052534 ], [ -75.111360511150593, 40.015868055527235 ], [ -75.109025143283318, 40.016287984471482 ], [ -75.107956696043104, 40.016492437604754 ], [ -75.107745667435708, 40.016581861972575 ], [ -75.107069042884575, 40.016693842391774 ], [ -75.106857789191267, 40.016560000566621 ], [ -75.106665627205345, 40.01644469507076 ], [ -75.106431622854558, 40.016393947125465 ], [ -75.10619444215709, 40.016340605372754 ], [ -75.105862691949682, 40.016275004643468 ], [ -75.105662844026597, 40.01627292340568 ], [ -75.1054144656799, 40.016254602047276 ], [ -75.105206365518981, 40.016212007856069 ], [ -75.104985605676816, 40.016157783065047 ], [ -75.104688210595015, 40.016135811677856 ], [ -75.104366614468404, 40.016146041630542 ], [ -75.104082021864173, 40.016131924217476 ], [ -75.103865998175479, 40.016124425812087 ], [ -75.103653445571055, 40.016111967523926 ], [ -75.103317344354309, 40.016073979351717 ], [ -75.102878077530988, 40.01599203185247 ], [ -75.102544856933591, 40.015964188563743 ], [ -75.102285579524931, 40.015973331174251 ], [ -75.102048140236846, 40.016010696208625 ], [ -75.101772193111543, 40.016027011100995 ], [ -75.101546150406222, 40.01602431942203 ], [ -75.101323677273399, 40.016014147267462 ], [ -75.101015425850051, 40.01601837474194 ], [ -75.100595005943063, 40.016041437115675 ], [ -75.100393489427574, 40.016082146931389 ], [ -75.099894018126221, 40.016199143506739 ], [ -75.09961312492419, 40.016258180541719 ], [ -75.099451391054842, 40.016287207860103 ], [ -75.098954129084206, 40.016347549345973 ], [ -75.098633320107098, 40.016337622625024 ], [ -75.098451714687315, 40.016288067319032 ], [ -75.098189718484477, 40.016198854919878 ], [ -75.097977140402023, 40.016103222750267 ], [ -75.097796026737029, 40.016041078575178 ], [ -75.097505773061371, 40.016004134122163 ], [ -75.09727074161502, 40.015979804274785 ], [ -75.09704557731385, 40.015984681002386 ] ] ] } },
{ "type": "Feature", "properties": { "MS_ID": "7270", "MS_Name": "Finletter, Thomas K", "MS_Grade": "K-8" }, "geometry": { "type": "Polygon", "coordinates": [ [ [ -75.128461641844552, 40.056879450176595 ], [ -75.126956363105464, 40.055974949479797 ], [ -75.125353971897994, 40.055012046031493 ], [ -75.124842716232763, 40.054719189572303 ], [ -75.124551190240638, 40.054552195941604 ], [ -75.123325970658797, 40.053850340516021 ], [ -75.122122448623756, 40.05316088650055 ], [ -75.120806710714206, 40.052414325621413 ], [ -75.119990358398184, 40.051950901443305 ], [ -75.119542672238566, 40.051696754653115 ], [ -75.118565232354371, 40.051141861463542 ], [ -75.117060387915899, 40.050287523014347 ], [ -75.115073113258191, 40.049135406060444 ], [ -75.114507493681174, 40.048807477710014 ], [ -75.112926738361566, 40.047890875760814 ], [ -75.11236444179346, 40.047564816507226 ], [ -75.112056554025258, 40.04738627911108 ], [ -75.111063574556383, 40.046814616741393 ], [ -75.111158484104934, 40.046733071595796 ], [ -75.111219563046205, 40.04663395316706 ], [ -75.111239801984695, 40.046533897476571 ], [ -75.111260531383437, 40.046421289100543 ], [ -75.111271871374726, 40.046339875812549 ], [ -75.11128418892369, 40.046233355278694 ], [ -75.111320520052814, 40.04613995210309 ], [ -75.111292732665817, 40.046013662602462 ], [ -75.111272381872567, 40.045906391644799 ], [ -75.111269583397743, 40.045768112203611 ], [ -75.111245102926091, 40.045346619697867 ], [ -75.111185270951765, 40.044993422209203 ], [ -75.111150781461788, 40.044829283232453 ], [ -75.111115315616132, 40.044690253316261 ], [ -75.111113495204421, 40.044526864817193 ], [ -75.111133493056684, 40.044433086483572 ], [ -75.111187131290649, 40.044314950345914 ], [ -75.111313419607797, 40.044220472691762 ], [ -75.111510242162751, 40.044077979181061 ], [ -75.111565753547922, 40.044037791588082 ], [ -75.111733242770654, 40.043934836877099 ], [ -75.111851240276792, 40.043843307427188 ], [ -75.11198581625824, 40.043745876624655 ], [ -75.11210576754651, 40.043604133305365 ], [ -75.11219231569136, 40.043480470533105 ], [ -75.112286786882152, 40.043363271613295 ], [ -75.112332014433434, 40.043251224738754 ], [ -75.112368586533748, 40.043151543946649 ], [ -75.112468669845825, 40.042889974864863 ], [ -75.112532913976395, 40.042709255662878 ], [ -75.112570217385837, 40.04259074478913 ], [ -75.1126421378885, 40.042422767540536 ], [ -75.112712840541406, 40.042286175760076 ], [ -75.11277410666618, 40.042140061461133 ], [ -75.112869477018648, 40.04204161064726 ], [ -75.113055611080298, 40.041879396269159 ], [ -75.113318657396292, 40.041630991416476 ], [ -75.113490282935857, 40.041421325852646 ], [ -75.11359413553204, 40.041272927837007 ], [ -75.113647526581147, 40.041161068787503 ], [ -75.113725904110339, 40.041037216547558 ], [ -75.113780998303028, 40.040881417330844 ], [ -75.113851697128567, 40.040744823038835 ], [ -75.113921906750278, 40.040620784126268 ], [ -75.114008206311496, 40.040503396396737 ], [ -75.114119004206927, 40.04038657080244 ], [ -75.114215419421797, 40.040219155700207 ], [ -75.114378385291502, 40.0400218541632 ], [ -75.114462486897878, 40.039960957022359 ], [ -75.114533060271114, 40.039827502266689 ], [ -75.114538789161216, 40.039679994812566 ], [ -75.114550612785308, 40.039586028447232 ], [ -75.114530276013852, 40.039486312649828 ], [ -75.114459482545215, 40.039234337542226 ], [ -75.114347454164374, 40.03907566195408 ], [ -75.114279900826844, 40.03898964670384 ], [ -75.114693508777819, 40.039065701477384 ], [ -75.116727161884512, 40.039429566662854 ], [ -75.117227532254361, 40.039490945751716 ], [ -75.118010540928282, 40.039593790905677 ], [ -75.118767507153009, 40.039686521050371 ], [ -75.119556725230794, 40.039780252368587 ], [ -75.120434984453084, 40.039887931870119 ], [ -75.12033160946369, 40.040400912784598 ], [ -75.122551957810984, 40.040689183048585 ], [ -75.12411080078644, 40.040874510470644 ], [ -75.124039867507051, 40.041368609598003 ], [ -75.123977742973253, 40.041894727986509 ], [ -75.123908260849021, 40.042431761652722 ], [ -75.12384856625485, 40.042912975277062 ], [ -75.123765841126215, 40.04343900192864 ], [ -75.12370323161629, 40.043952497466336 ], [ -75.12364352816455, 40.044445286281842 ], [ -75.123566605326829, 40.044994142319055 ], [ -75.123502326674426, 40.045547138406199 ], [ -75.123432525670012, 40.046041214489748 ], [ -75.123339402775741, 40.046565452503245 ], [ -75.123259495118589, 40.046969364267795 ], [ -75.123208775327086, 40.047240702491507 ], [ -75.123157078592868, 40.047581325230858 ], [ -75.123118114048367, 40.047814647662754 ], [ -75.123035891996679, 40.048187147999741 ], [ -75.122777021339871, 40.04961430254356 ], [ -75.122516586368221, 40.051126920972948 ], [ -75.123421634656253, 40.051255826598315 ], [ -75.124336366642183, 40.051381593628122 ], [ -75.125298305432111, 40.051493925346634 ], [ -75.125758661184747, 40.051561213017258 ], [ -75.12618668434979, 40.051616262405275 ], [ -75.126669345868507, 40.051687694167221 ], [ -75.127144462430863, 40.05174999454173 ], [ -75.12824747591462, 40.051887744051875 ], [ -75.127910158448742, 40.053461088976931 ], [ -75.128769307431583, 40.05356421498891 ], [ -75.129241044357613, 40.053622265606812 ], [ -75.129221790444291, 40.054408191713932 ], [ -75.129187272454331, 40.055654612316033 ], [ -75.130000115982853, 40.055553277910015 ], [ -75.129044551556234, 40.057033226934756 ], [ -75.128974160527093, 40.057187406220358 ], [ -75.128461641844552, 40.056879450176595 ] ] ] } },
{ "type": "Feature", "properties": { "MS_ID": "7280", "MS_Name": "Franklin, Benjamin ES", "MS_Grade": "K-8" }, "geometry": { "type": "Polygon", "coordinates": [ [ [ -75.103024626721037, 40.051089122973224 ], [ -75.102811666252748, 40.050868586489699 ], [ -75.101891446580893, 40.050066295331391 ], [ -75.101336414211261, 40.049540434137114 ], [ -75.100395630103492, 40.048692987304335 ], [ -75.099560657944579, 40.047974988532388 ], [ -75.098800875350918, 40.047531583775623 ], [ -75.098018589619016, 40.047097940441681 ], [ -75.096971751513152, 40.046565997182213 ], [ -75.096000490075028, 40.046003791733042 ], [ -75.095142867201702, 40.04555226333374 ], [ -75.094792685703922, 40.045364958331433 ], [ -75.094534677587589, 40.045223273253363 ], [ -75.094176025479058, 40.045027104325456 ], [ -75.09035338197215, 40.042984572476563 ], [ -75.097686575896049, 40.035719345833094 ], [ -75.098423486227247, 40.036092591628424 ], [ -75.099386790467904, 40.036762705604687 ], [ -75.101573754672501, 40.038294468382006 ], [ -75.103163265147828, 40.039197520942515 ], [ -75.104633224041251, 40.040074833498373 ], [ -75.105622522988028, 40.040667949189327 ], [ -75.106730690267185, 40.041321112298547 ], [ -75.108271801970758, 40.042214728152942 ], [ -75.109932823242204, 40.043199255850482 ], [ -75.110502311491388, 40.043516275898178 ], [ -75.111510242162751, 40.044077979181061 ], [ -75.111313419607797, 40.044220472691762 ], [ -75.111187131290649, 40.044314950345914 ], [ -75.111133493056684, 40.044433086483572 ], [ -75.111113495204421, 40.044526864817193 ], [ -75.111115315616132, 40.044690253316261 ], [ -75.111150781461788, 40.044829283232453 ], [ -75.111185270951765, 40.044993422209203 ], [ -75.111245102926091, 40.045346619697867 ], [ -75.111269583397743, 40.045768112203611 ], [ -75.111272381872567, 40.045906391644799 ], [ -75.111292732665817, 40.046013662602462 ], [ -75.111320520052814, 40.04613995210309 ], [ -75.11128418892369, 40.046233355278694 ], [ -75.111271871374726, 40.046339875812549 ], [ -75.111260531383437, 40.046421289100543 ], [ -75.111239801984695, 40.046533897476571 ], [ -75.111219563046205, 40.04663395316706 ], [ -75.111158484104934, 40.046733071595796 ], [ -75.111063574556383, 40.046814616741393 ], [ -75.109432080233901, 40.045875319211412 ], [ -75.109264830474046, 40.045779026152594 ], [ -75.108905884201207, 40.046128333177329 ], [ -75.109045484625923, 40.046210809920119 ], [ -75.108103721652128, 40.047167832652264 ], [ -75.108212328683365, 40.047231308473698 ], [ -75.10742774513939, 40.048022729092416 ], [ -75.107645316897731, 40.048140540133311 ], [ -75.107491185977409, 40.04832907182174 ], [ -75.106311543180837, 40.049291728396156 ], [ -75.103104872062445, 40.051193388515877 ], [ -75.103024626721037, 40.051089122973224 ] ] ] } },
{ "type": "Feature", "properties": { "MS_ID": "7290", "MS_Name": "Stearne, Allen M", "MS_Grade": "K-8" }, "geometry": { "type": "Polygon", "coordinates": [ [ [ -75.082364942358026, 40.016069230642273 ], [ -75.080971320258058, 40.015302296677916 ], [ -75.080199877012987, 40.014864913004985 ], [ -75.07946727058858, 40.014458227320929 ], [ -75.078305349318001, 40.013819680943001 ], [ -75.077536935939293, 40.013356872141166 ], [ -75.077426278031709, 40.012908300122604 ], [ -75.077058945815793, 40.011333523617353 ], [ -75.078313647021446, 40.010820389272467 ], [ -75.078504918687784, 40.010732491497507 ], [ -75.07928033188935, 40.010410116799619 ], [ -75.078882831181645, 40.010028942497527 ], [ -75.078749686354399, 40.009879558104565 ], [ -75.078613642952121, 40.00935524799106 ], [ -75.078478262464529, 40.008723089506965 ], [ -75.078448171583659, 40.008587325110952 ], [ -75.078332953230273, 40.008067460095532 ], [ -75.078195548143768, 40.007412057616996 ], [ -75.078047578696001, 40.006734012750428 ], [ -75.077891807351548, 40.006063027679502 ], [ -75.077749439929619, 40.005384176464133 ], [ -75.077593129108422, 40.004699337363348 ], [ -75.077477684745674, 40.004140303894644 ], [ -75.077707316166254, 40.003984574835151 ], [ -75.078705704371515, 40.003162450778731 ], [ -75.079258329989443, 40.002728367360852 ], [ -75.079782875084163, 40.002338997471043 ], [ -75.081681515807205, 40.001349915090138 ], [ -75.083639189809929, 40.000326186258476 ], [ -75.084824917428165, 39.999706006917982 ], [ -75.0851326028329, 39.999545071226471 ], [ -75.086372190538569, 39.998896689035128 ], [ -75.086669327343486, 39.999154901077432 ], [ -75.087071085570159, 39.999605232222962 ], [ -75.087251484288473, 39.999851342989011 ], [ -75.087418589897666, 40.000102183717978 ], [ -75.087477384556834, 40.000441236697561 ], [ -75.087497878101388, 40.00075419925777 ], [ -75.087514820939205, 40.001157803179929 ], [ -75.087569006235398, 40.001781514139161 ], [ -75.087585520633795, 40.002028863577138 ], [ -75.087680610362042, 40.00227803531488 ], [ -75.08790668836194, 40.002696568072253 ], [ -75.08798430624455, 40.002889892577862 ], [ -75.088101607556396, 40.003074055475324 ], [ -75.088253424916132, 40.00321366029339 ], [ -75.088429854364676, 40.003394154256519 ], [ -75.088646562346554, 40.003550382374392 ], [ -75.088883800838218, 40.003684404149354 ], [ -75.089413426060077, 40.003883164039088 ], [ -75.090151391257024, 40.004153884085476 ], [ -75.090337351219546, 40.004222103067036 ], [ -75.090977514373435, 40.00444357619044 ], [ -75.091405736949355, 40.00455429648612 ], [ -75.091837946324219, 40.004730628147918 ], [ -75.092101093072486, 40.004872803513578 ], [ -75.092219196282528, 40.005036820627147 ], [ -75.092338483868076, 40.005170626238197 ], [ -75.092553965455508, 40.005366036752974 ], [ -75.092390743838124, 40.005511140248174 ], [ -75.091816171205963, 40.006008681452357 ], [ -75.0911670775413, 40.007053893191113 ], [ -75.090991144775529, 40.007320555787949 ], [ -75.090931125147335, 40.0074435934457 ], [ -75.090327102714369, 40.008361545339653 ], [ -75.090093625475021, 40.008763165365401 ], [ -75.08986582746212, 40.009132753141486 ], [ -75.089659722185758, 40.009467140482215 ], [ -75.089526759283743, 40.009672154860752 ], [ -75.089272455433388, 40.01006426240513 ], [ -75.089197635312274, 40.010179622728167 ], [ -75.088731498312015, 40.010924747733078 ], [ -75.087973347343436, 40.012104293034561 ], [ -75.087655718864923, 40.012431048283339 ], [ -75.08757777102646, 40.012517114485291 ], [ -75.086349863176252, 40.01386905952527 ], [ -75.085819815024479, 40.014449200555042 ], [ -75.085519723368876, 40.01478886638747 ], [ -75.084657208950873, 40.01571363601343 ], [ -75.084383201792576, 40.015997533849223 ], [ -75.083853224090717, 40.016574394689641 ], [ -75.08366059658313, 40.01679789263833 ], [ -75.08356395690727, 40.016751846274722 ], [ -75.082364942358026, 40.016069230642273 ] ] ] } },
{ "type": "Feature", "properties": { "MS_ID": "7300", "MS_Name": "Hopkinson, Francis", "MS_Grade": "K-8" }, "geometry": { "type": "Polygon", "coordinates": [ [ [ -75.103500849611081, 40.010953468918046 ], [ -75.103185254413717, 40.010915535258192 ], [ -75.10221797518588, 40.010790141259442 ], [ -75.101477567562199, 40.010690360502927 ], [ -75.100767243898744, 40.010591169988324 ], [ -75.100039326564385, 40.010504176221175 ], [ -75.099359670468345, 40.010413958937853 ], [ -75.09879853964992, 40.010337515894783 ], [ -75.098097042989352, 40.010248878922368 ], [ -75.09737554928968, 40.0101520023793 ], [ -75.096818801407579, 40.010078406190615 ], [ -75.096149996692844, 40.009988874601902 ], [ -75.095032054847053, 40.010007115533647 ], [ -75.095003322534168, 40.009917311657986 ], [ -75.094906714715506, 40.009631160351717 ], [ -75.094787369008543, 40.009443958313092 ], [ -75.094615769074778, 40.009264628212229 ], [ -75.094277022375209, 40.009061090685577 ], [ -75.093707806001433, 40.008700153993388 ], [ -75.092958003320248, 40.00826447494444 ], [ -75.092588913648328, 40.007938335956275 ], [ -75.092376843500062, 40.007706692020356 ], [ -75.092214078778284, 40.007511398900718 ], [ -75.092113897378425, 40.007224312459826 ], [ -75.092155904677369, 40.006988401576287 ], [ -75.092321339638445, 40.00678054642556 ], [ -75.092537781127547, 40.006609151833359 ], [ -75.092756983043984, 40.006367261495924 ], [ -75.09285136993141, 40.006132560073894 ], [ -75.092884803536833, 40.005974655093624 ], [ -75.0932739834644, 40.005962262346799 ], [ -75.096348016197737, 40.005852913915064 ], [ -75.096867594173844, 40.005562356864544 ], [ -75.09798025936756, 40.004951203315294 ], [ -75.099363421387267, 40.004204338993333 ], [ -75.100498273427817, 40.003580351632763 ], [ -75.101811336787506, 40.002864441501167 ], [ -75.103797272937783, 40.003135874650006 ], [ -75.10368780044945, 40.003638311741142 ], [ -75.103602524153686, 40.00407447780816 ], [ -75.103529563290138, 40.004431650336393 ], [ -75.10327103349691, 40.005603012611246 ], [ -75.105336981814361, 40.005519375367868 ], [ -75.105140969946234, 40.006462773044973 ], [ -75.104807738567828, 40.007968794353225 ], [ -75.104490937813736, 40.009451151297029 ], [ -75.104166521480252, 40.011041754260965 ], [ -75.103704883347405, 40.010982498833641 ], [ -75.103500849611081, 40.010953468918046 ] ] ] } },
{ "type": "Feature", "properties": { "MS_ID": "7370", "MS_Name": "Washington Jr, Grover", "MS_Grade": "5-8" }, "geometry": { "type": "Polygon", "coordinates": [ [ [ -75.127144462430863, 40.05174999454173 ], [ -75.126669345868507, 40.051687694167221 ], [ -75.12618668434979, 40.051616262405275 ], [ -75.125758661184747, 40.051561213017258 ], [ -75.125298305432111, 40.051493925346634 ], [ -75.124336366642183, 40.051381593628122 ], [ -75.123421634656253, 40.051255826598315 ], [ -75.122516586368221, 40.051126920972948 ], [ -75.122777021339871, 40.04961430254356 ], [ -75.123035891996679, 40.048187147999741 ], [ -75.123118114048367, 40.047814647662754 ], [ -75.123157078592868, 40.047581325230858 ], [ -75.123208775327086, 40.047240702491507 ], [ -75.123259495118589, 40.046969364267795 ], [ -75.123339402775741, 40.046565452503245 ], [ -75.123432525670012, 40.046041214489748 ], [ -75.123502326674426, 40.045547138406199 ], [ -75.123566605326829, 40.044994142319055 ], [ -75.12364352816455, 40.044445286281842 ], [ -75.12370323161629, 40.043952497466336 ], [ -75.123765841126215, 40.04343900192864 ], [ -75.12384856625485, 40.042912975277062 ], [ -75.123908260849021, 40.042431761652722 ], [ -75.123977742973253, 40.041894727986509 ], [ -75.124039867507051, 40.041368609598003 ], [ -75.12411080078644, 40.040874510470644 ], [ -75.122551957810984, 40.040689183048585 ], [ -75.12033160946369, 40.040400912784598 ], [ -75.120434984453084, 40.039887931870119 ], [ -75.119556725230794, 40.039780252368587 ], [ -75.118767507153009, 40.039686521050371 ], [ -75.118010540928282, 40.039593790905677 ], [ -75.117227532254361, 40.039490945751716 ], [ -75.116727161884512, 40.039429566662854 ], [ -75.114693508777819, 40.039065701477384 ], [ -75.114279900826844, 40.03898964670384 ], [ -75.114250148700791, 40.038842528823508 ], [ -75.114248735653732, 40.038750401375225 ], [ -75.114202728361292, 40.038649574724715 ], [ -75.114116035218785, 40.038503685594755 ], [ -75.114098579311786, 40.038374734357731 ], [ -75.11410319589001, 40.038255883811509 ], [ -75.114088604706652, 40.038117404159941 ], [ -75.114047882834328, 40.038009024664682 ], [ -75.114022126529562, 40.037900988609621 ], [ -75.113921999319004, 40.037522632849544 ], [ -75.11386266859212, 40.037379290652844 ], [ -75.11381241943819, 40.037259179943192 ], [ -75.113741920440006, 40.037146279386064 ], [ -75.113614100999683, 40.036966828597222 ], [ -75.113495364525207, 40.036810610135987 ], [ -75.113380123527691, 40.036692843895231 ], [ -75.113264960842059, 40.03657316283838 ], [ -75.11316100665681, 40.036504056939158 ], [ -75.11403140194237, 40.035472603119146 ], [ -75.11461328019611, 40.03479657194471 ], [ -75.114897954010829, 40.034448029946702 ], [ -75.115135127249886, 40.034479682170762 ], [ -75.115473942494873, 40.034519205865863 ], [ -75.115833717655221, 40.034570116220159 ], [ -75.116153365080223, 40.034616436231708 ], [ -75.116505449422021, 40.034657105409373 ], [ -75.11685146188826, 40.034694823987152 ], [ -75.117163434999014, 40.034735888824748 ], [ -75.117552138860802, 40.034794970555275 ], [ -75.120074751675531, 40.035112436464999 ], [ -75.121422735428354, 40.035282053709629 ], [ -75.123860863263246, 40.035563736148781 ], [ -75.123952513070336, 40.034848520621409 ], [ -75.124033107220683, 40.034040979151683 ], [ -75.124188102101982, 40.032552737839907 ], [ -75.125347488541337, 40.032908326018976 ], [ -75.125983145611201, 40.033122585588295 ], [ -75.127060042131163, 40.033477949059915 ], [ -75.128138121948453, 40.033827662643297 ], [ -75.129098935971413, 40.034148648534739 ], [ -75.129967714136612, 40.034430870331313 ], [ -75.130880813875791, 40.03474587521162 ], [ -75.131844543992287, 40.035052721926462 ], [ -75.132765326287128, 40.035337728416096 ], [ -75.13356651121525, 40.035626316406741 ], [ -75.134355138590522, 40.035883748147967 ], [ -75.134917192364824, 40.036048836526746 ], [ -75.136019241867842, 40.036295917861864 ], [ -75.135962395683066, 40.03714069095362 ], [ -75.135917208012359, 40.037214914074518 ], [ -75.135793311659654, 40.037460704204015 ], [ -75.135660515059868, 40.037703539013471 ], [ -75.135519641322688, 40.037943928267055 ], [ -75.135399854617717, 40.038189863831526 ], [ -75.135309758232566, 40.038444142866489 ], [ -75.135241869102387, 40.03870228819914 ], [ -75.135192142120346, 40.038962564312101 ], [ -75.135150838049398, 40.039224099870651 ], [ -75.13510640080564, 40.039485194670689 ], [ -75.135057780907204, 40.039745795083128 ], [ -75.135008804381002, 40.040006362132409 ], [ -75.134962339254642, 40.040267152130241 ], [ -75.134921198620148, 40.040528418339022 ], [ -75.13488252571301, 40.040790038958356 ], [ -75.134844521006869, 40.041051834262227 ], [ -75.134808909498659, 40.041313820098459 ], [ -75.134777411942991, 40.041576001407783 ], [ -75.134751754665231, 40.041838391367541 ], [ -75.134733704872772, 40.042101007690412 ], [ -75.13472438816099, 40.042363939076907 ], [ -75.134721825588798, 40.042627129658364 ], [ -75.134723521692067, 40.042890480269129 ], [ -75.134726977419476, 40.043153892563211 ], [ -75.134729697264177, 40.043417266474314 ], [ -75.134729620986505, 40.043680522659407 ], [ -75.134728928057726, 40.043943748583104 ], [ -75.134728354596518, 40.04420697722346 ], [ -75.134727883138765, 40.044470205479698 ], [ -75.134727488984169, 40.044733435492475 ], [ -75.134727155839258, 40.044996664187771 ], [ -75.134726861275766, 40.0452598955601 ], [ -75.13472658669221, 40.045523125581795 ], [ -75.134726308627108, 40.045786354619835 ], [ -75.134726011749109, 40.046049585028079 ], [ -75.134725901345504, 40.046135759857322 ], [ -75.134725672769761, 40.046312812672262 ], [ -75.134725272808595, 40.046576040726706 ], [ -75.134724791986557, 40.046839267837861 ], [ -75.134724210389422, 40.047102493552273 ], [ -75.13472350689706, 40.047365718290173 ], [ -75.134722660458138, 40.047628940671359 ], [ -75.134721652294388, 40.047892161169251 ], [ -75.134720462455988, 40.048155380230874 ], [ -75.134719069890508, 40.048418596475898 ], [ -75.134715923608312, 40.0486818070314 ], [ -75.134705880834559, 40.048932190410291 ], [ -75.134406743227217, 40.048911165353047 ], [ -75.134091804763472, 40.048902587735896 ], [ -75.133758941855234, 40.048881742688536 ], [ -75.133256711941499, 40.048777459670767 ], [ -75.131661282356745, 40.048156268360856 ], [ -75.131404237604684, 40.049400246919213 ], [ -75.131113087605769, 40.050690271010204 ], [ -75.129452272189809, 40.050489274927635 ], [ -75.128588918795089, 40.050361251120528 ], [ -75.12824747591462, 40.051887744051875 ], [ -75.127144462430863, 40.05174999454173 ] ] ] } },
{ "type": "Feature", "properties": { "MS_ID": "7390", "MS_Name": "Morrison, Andrew J", "MS_Grade": "K-8" }, "geometry": { "type": "Polygon", "coordinates": [ [ [ -75.129967714136612, 40.034430870331313 ], [ -75.129098935971413, 40.034148648534739 ], [ -75.128138121948453, 40.033827662643297 ], [ -75.127060042131163, 40.033477949059915 ], [ -75.125983145611201, 40.033122585588295 ], [ -75.125347488541337, 40.032908326018976 ], [ -75.124188102101982, 40.032552737839907 ], [ -75.124261529752559, 40.031679831473326 ], [ -75.124365636801585, 40.030954764872931 ], [ -75.124530440027499, 40.030188000540548 ], [ -75.124701760999201, 40.02939914680811 ], [ -75.125094147424676, 40.027411312523604 ], [ -75.125102478615389, 40.027334876121998 ], [ -75.125199940835088, 40.026834865758829 ], [ -75.125274306208865, 40.026311989213958 ], [ -75.125387076066261, 40.025648973551711 ], [ -75.125412896846868, 40.025506399717173 ], [ -75.125463985218431, 40.025185509220755 ], [ -75.127730239338021, 40.024846579265102 ], [ -75.128288632053142, 40.024727005097851 ], [ -75.130435531931823, 40.024275835682289 ], [ -75.131167603235099, 40.024128287087642 ], [ -75.13255946830752, 40.023934988740429 ], [ -75.133285602100358, 40.023785546217844 ], [ -75.133261114680835, 40.023896779092425 ], [ -75.133207883148145, 40.0241455649345 ], [ -75.133168500187011, 40.024300188630612 ], [ -75.133010869098726, 40.024997809821862 ], [ -75.132839444916669, 40.025784333137878 ], [ -75.132510113664466, 40.027275350856897 ], [ -75.13235317984288, 40.028020998290913 ], [ -75.132175490695261, 40.028773220258579 ], [ -75.131830595926544, 40.030322345542046 ], [ -75.131609049570656, 40.031354287192876 ], [ -75.131508168454218, 40.031868264661455 ], [ -75.131394179086016, 40.032353260909289 ], [ -75.131290723504463, 40.032819538815794 ], [ -75.131163473067971, 40.033393041908745 ], [ -75.130880813875791, 40.03474587521162 ], [ -75.129967714136612, 40.034430870331313 ] ] ] } },
{ "type": "Feature", "properties": { "MS_ID": "7400", "MS_Name": "Olney Elementary", "MS_Grade": "K-8" }, "geometry": { "type": "Polygon", "coordinates": [ [ [ -75.111059616136231, 40.033989029395414 ], [ -75.110962316553156, 40.033780424566594 ], [ -75.110865924829938, 40.033563319462793 ], [ -75.110830245035316, 40.03348098611994 ], [ -75.110756065057416, 40.03330752991063 ], [ -75.110731805611124, 40.033161154273174 ], [ -75.110740520849262, 40.033065421907445 ], [ -75.110784447216886, 40.032962821914317 ], [ -75.110832465351038, 40.032883341749042 ], [ -75.110860831872415, 40.03279573592075 ], [ -75.110880944458799, 40.032535258063994 ], [ -75.110933957756956, 40.032327343632254 ], [ -75.110980714782215, 40.03215189999765 ], [ -75.110986976358873, 40.031990875782633 ], [ -75.111018772412891, 40.031815089260064 ], [ -75.111050121043363, 40.031650804907564 ], [ -75.111060177408703, 40.031520565969934 ], [ -75.111065544264761, 40.03138254520654 ], [ -75.111084231622343, 40.031287042861223 ], [ -75.111110294136125, 40.031130311105002 ], [ -75.111131046398867, 40.031043888122646 ], [ -75.111146032419541, 40.030981474836786 ], [ -75.111153554233312, 40.030916413112244 ], [ -75.11113733717977, 40.03069155703038 ], [ -75.111130425676194, 40.030484182095272 ], [ -75.111138177493288, 40.030284818155579 ], [ -75.111118159214826, 40.030157728355739 ], [ -75.111046413842956, 40.029948863648237 ], [ -75.110995875829616, 40.029836419758823 ], [ -75.110918246854879, 40.029650443769064 ], [ -75.110883120127312, 40.029526841505181 ], [ -75.110899655921756, 40.029358379305798 ], [ -75.110933462391472, 40.029130835194813 ], [ -75.110963465983829, 40.029001054634733 ], [ -75.111015058906773, 40.028829561428708 ], [ -75.111084068245773, 40.028723700269644 ], [ -75.111199449875016, 40.028580533348389 ], [ -75.111288556064395, 40.02847129816972 ], [ -75.111393368175044, 40.028343238160332 ], [ -75.111502719002431, 40.028226792996328 ], [ -75.11165256335029, 40.028095928991767 ], [ -75.111764962132042, 40.028029438227463 ], [ -75.111885401513007, 40.028013019374569 ], [ -75.112015512889457, 40.028004495737662 ], [ -75.112120838804216, 40.027991565155894 ], [ -75.112287203786551, 40.027949338382477 ], [ -75.112419253067827, 40.027890974205384 ], [ -75.112627674310431, 40.027794071584495 ], [ -75.11279310960424, 40.027711531414319 ], [ -75.112884778501723, 40.027600434735781 ], [ -75.112890262797663, 40.02745805116416 ], [ -75.11288284071972, 40.027320487263971 ], [ -75.112847422201909, 40.027038159909523 ], [ -75.113235260652161, 40.026966311628996 ], [ -75.117174084151131, 40.026387182797414 ], [ -75.122280422997846, 40.025651506869465 ], [ -75.123526771088905, 40.025464315192913 ], [ -75.124471400594317, 40.025323467472511 ], [ -75.125463985218431, 40.025185509220755 ], [ -75.125412896846868, 40.025506399717173 ], [ -75.125387076066261, 40.025648973551711 ], [ -75.125274306208865, 40.026311989213958 ], [ -75.125199940835088, 40.026834865758829 ], [ -75.125102478615389, 40.027334876121998 ], [ -75.125094147424676, 40.027411312523604 ], [ -75.124701760999201, 40.02939914680811 ], [ -75.124530440027499, 40.030188000540548 ], [ -75.124365636801585, 40.030954764872931 ], [ -75.124261529752559, 40.031679831473326 ], [ -75.124188102101982, 40.032552737839907 ], [ -75.124033107220683, 40.034040979151683 ], [ -75.123952513070336, 40.034848520621409 ], [ -75.123860863263246, 40.035563736148781 ], [ -75.121422735428354, 40.035282053709629 ], [ -75.120074751675531, 40.035112436464999 ], [ -75.117552138860802, 40.034794970555275 ], [ -75.117163434999014, 40.034735888824748 ], [ -75.11685146188826, 40.034694823987152 ], [ -75.116505449422021, 40.034657105409373 ], [ -75.116153365080223, 40.034616436231708 ], [ -75.115833717655221, 40.034570116220159 ], [ -75.115473942494873, 40.034519205865863 ], [ -75.115135127249886, 40.034479682170762 ], [ -75.114897954010829, 40.034448029946702 ], [ -75.11461328019611, 40.03479657194471 ], [ -75.11403140194237, 40.035472603119146 ], [ -75.11316100665681, 40.036504056939158 ], [ -75.113055699748827, 40.036434051292005 ], [ -75.112861851468324, 40.036283783485942 ], [ -75.112717731202665, 40.036138491966732 ], [ -75.112593116242323, 40.03600516240305 ], [ -75.112463811936124, 40.035864048237336 ], [ -75.112349170317984, 40.035730947413043 ], [ -75.112294981488688, 40.035583883081323 ], [ -75.112230071875018, 40.03545576172138 ], [ -75.11217677643171, 40.035285695640042 ], [ -75.112109039284618, 40.035101865293676 ], [ -75.112000881361766, 40.034930539948306 ], [ -75.111846342954735, 40.034796520381391 ], [ -75.111642674259585, 40.034642186377859 ], [ -75.111477715511697, 40.034519439362448 ], [ -75.111318787451097, 40.034369970957016 ], [ -75.111184352010042, 40.034232574807028 ], [ -75.111109767250369, 40.034096553660532 ], [ -75.111059616136231, 40.033989029395414 ] ] ] } },
{ "type": "Feature", "properties": { "MS_ID": "7460", "MS_Name": "Ziegler, William H", "MS_Grade": "K-8" }, "geometry": { "type": "Polygon", "coordinates": [ [ [ -75.075251302713369, 40.033661436635491 ], [ -75.075148738065096, 40.033446645630903 ], [ -75.075060786158389, 40.03334997800691 ], [ -75.074935644753708, 40.03325772149568 ], [ -75.074832871792566, 40.033203267332091 ], [ -75.073825681906186, 40.032645425720347 ], [ -75.073605612344494, 40.032518229829719 ], [ -75.073560213535188, 40.032445770645701 ], [ -75.073554618506876, 40.032363421145071 ], [ -75.073692538485616, 40.032108402181862 ], [ -75.0738696208536, 40.031764630320879 ], [ -75.073513935309464, 40.031555013913035 ], [ -75.07304390892628, 40.031295743718744 ], [ -75.066184938102026, 40.026915548478001 ], [ -75.067090327717338, 40.026777307795463 ], [ -75.067957487192047, 40.026584067667095 ], [ -75.067837215793745, 40.02649206348795 ], [ -75.066682952593638, 40.025841383557157 ], [ -75.066519792234573, 40.025805819092625 ], [ -75.066293414327973, 40.025612034155614 ], [ -75.065996094121772, 40.02529122842688 ], [ -75.065437185599464, 40.024642112422697 ], [ -75.064970947876432, 40.024110469627807 ], [ -75.064913957823705, 40.024061639429867 ], [ -75.06628126765672, 40.023352113485075 ], [ -75.067478166713059, 40.022740872198547 ], [ -75.069088417552621, 40.021905584562703 ], [ -75.069765021996105, 40.022388777962831 ], [ -75.070197645776602, 40.022725613704502 ], [ -75.07333312714897, 40.025290965734875 ], [ -75.073364419260571, 40.025370136184499 ], [ -75.074945105768123, 40.026692462151473 ], [ -75.075142296520269, 40.02684967008404 ], [ -75.0753671940857, 40.027039098136456 ], [ -75.075488992918679, 40.027072748600645 ], [ -75.075637222110473, 40.027081823145174 ], [ -75.076774206409965, 40.027382718225319 ], [ -75.077214710497628, 40.02749290128267 ], [ -75.077862216484959, 40.027870880573353 ], [ -75.078473935026878, 40.028209177896244 ], [ -75.079081017222308, 40.028553721721337 ], [ -75.079693264757793, 40.02889532236388 ], [ -75.079985184051026, 40.02906142517508 ], [ -75.080284926341676, 40.029232171015842 ], [ -75.080787357370852, 40.029517599892237 ], [ -75.080866934070926, 40.029557047064038 ], [ -75.082635727916596, 40.030564330129465 ], [ -75.083360805679845, 40.030970773680785 ], [ -75.083683177400104, 40.031155179126891 ], [ -75.084105914514225, 40.03139699477768 ], [ -75.084198741701314, 40.031439689910712 ], [ -75.084111671423784, 40.031619191935683 ], [ -75.08408993092327, 40.031821850631793 ], [ -75.083949746533392, 40.031864818843495 ], [ -75.083805626580855, 40.031900430453376 ], [ -75.082109046128551, 40.032227536248215 ], [ -75.082004405842468, 40.032258495217498 ], [ -75.081905214369328, 40.032282428233174 ], [ -75.081775930096313, 40.03230883999629 ], [ -75.080743847896557, 40.032539823443713 ], [ -75.077443883615786, 40.033296176686719 ], [ -75.076977959378382, 40.033397972680206 ], [ -75.075299511765451, 40.033783704283984 ], [ -75.075251302713369, 40.033661436635491 ] ] ] } },
{ "type": "Feature", "properties": { "MS_ID": "7470", "MS_Name": "Bridesburg", "MS_Grade": "K-8" }, "geometry": { "type": "Polygon", "coordinates": [ [ [ -75.054017187038426, 40.010002054559656 ], [ -75.05208174231386, 40.008573090436336 ], [ -75.050920405483922, 40.007624187828043 ], [ -75.051711024873356, 40.006990529375479 ], [ -75.052731158916075, 40.005873391735435 ], [ -75.052869538506172, 40.005632629868728 ], [ -75.054355782673355, 40.003506885229307 ], [ -75.055831643464131, 40.001253036294159 ], [ -75.056686296646831, 39.999826352086515 ], [ -75.057804130056596, 39.997843100276874 ], [ -75.058819106415456, 39.995719273547238 ], [ -75.059702594906923, 39.993465181815331 ], [ -75.060729719785883, 39.991289395470638 ], [ -75.061889941083251, 39.98931317828346 ], [ -75.062613986113774, 39.988156275924574 ], [ -75.063183903150588, 39.987342386672054 ], [ -75.063946678218286, 39.986358016546717 ], [ -75.065880030373407, 39.98470263060473 ], [ -75.066732334590853, 39.984077215185039 ], [ -75.068015440562462, 39.983135647058376 ], [ -75.069392349495644, 39.981999197175654 ], [ -75.07119989534803, 39.980736923594222 ], [ -75.073231499678258, 39.979559390007481 ], [ -75.075822713893317, 39.978347140351048 ], [ -75.077695114026355, 39.977660519207518 ], [ -75.080202003149225, 39.976930913778155 ], [ -75.082521891756798, 39.976405694465313 ], [ -75.08388364024222, 39.976145315425818 ], [ -75.085585809690357, 39.975819819322545 ], [ -75.086391094142485, 39.975665819272436 ], [ -75.087953549053324, 39.975394673214254 ], [ -75.088756168649482, 39.975255378330068 ], [ -75.089305439092641, 39.975160049316493 ], [ -75.089956411644138, 39.97504706505385 ], [ -75.090967165998379, 39.974871628217137 ], [ -75.09181366156848, 39.974724695193622 ], [ -75.092899569211156, 39.974536193734352 ], [ -75.093839592445804, 39.974373007927248 ], [ -75.097670829045612, 39.978685294057023 ], [ -75.097817957056037, 39.978853892130346 ], [ -75.099643533389553, 39.980945760365856 ], [ -75.097737784445556, 39.981948605799325 ], [ -75.097619316358887, 39.982038241118147 ], [ -75.097560055152158, 39.982116470760026 ], [ -75.097527698867495, 39.982196418778429 ], [ -75.097523913155584, 39.982289571349035 ], [ -75.097552178882907, 39.9823835800374 ], [ -75.097603096877876, 39.982453546418235 ], [ -75.098017638821219, 39.982925536069182 ], [ -75.098217280781341, 39.983169049746955 ], [ -75.098378056251747, 39.983365152705773 ], [ -75.099000692778958, 39.984124600101104 ], [ -75.09902737391451, 39.984229177837697 ], [ -75.099054435503987, 39.984301895643185 ], [ -75.099292558094788, 39.984572391872305 ], [ -75.099501873438641, 39.984818019578746 ], [ -75.099714295880148, 39.985056403115173 ], [ -75.09977805216613, 39.98513090516478 ], [ -75.100067511756819, 39.985454054005835 ], [ -75.100286735051299, 39.9857043347954 ], [ -75.100552785795941, 39.986002315671968 ], [ -75.100912134941098, 39.986417209646824 ], [ -75.101281940176335, 39.98682304051875 ], [ -75.101601778359523, 39.987188080602692 ], [ -75.101922366381388, 39.987549388710448 ], [ -75.10227797698829, 39.987951380849218 ], [ -75.10262234476744, 39.988349751600978 ], [ -75.103050606358138, 39.988822630687089 ], [ -75.103483110151032, 39.989312388500096 ], [ -75.103903724681885, 39.989797541868775 ], [ -75.101603555186557, 39.990995467662245 ], [ -75.099301744211019, 39.992186834651193 ], [ -75.097007260184441, 39.993400930935422 ], [ -75.095559081451682, 39.994095686712249 ], [ -75.094523680212191, 39.994604333014742 ], [ -75.092072266279786, 39.995895762984311 ], [ -75.089466708167933, 39.997270276066914 ], [ -75.087089894221947, 39.998519753374424 ], [ -75.086503175602772, 39.998828175076667 ], [ -75.086372190538569, 39.998896689035128 ], [ -75.0851326028329, 39.999545071226471 ], [ -75.084824917428165, 39.999706006917982 ], [ -75.083639189809929, 40.000326186258476 ], [ -75.081681515807205, 40.001349915090138 ], [ -75.079782875084163, 40.002338997471043 ], [ -75.079258329989443, 40.002728367360852 ], [ -75.078705704371515, 40.003162450778731 ], [ -75.077707316166254, 40.003984574835151 ], [ -75.077477684745674, 40.004140303894644 ], [ -75.077447270494389, 40.003929723551721 ], [ -75.07742300443158, 40.003761728068248 ], [ -75.077345493703362, 40.003727344615477 ], [ -75.077232639933314, 40.003715523877574 ], [ -75.077063427897073, 40.003699191223198 ], [ -75.076724320179466, 40.004070463200392 ], [ -75.07619238646285, 40.004622100101301 ], [ -75.075718368245106, 40.005052470126955 ], [ -75.075617777208947, 40.005134890524509 ], [ -75.07539923571521, 40.005313952350733 ], [ -75.074851077830857, 40.005801807302291 ], [ -75.074351815401997, 40.006184414265597 ], [ -75.073912511755054, 40.006506945043519 ], [ -75.073769398520682, 40.006612016063798 ], [ -75.073689242737146, 40.006662615189924 ], [ -75.073014142283213, 40.007088776220648 ], [ -75.072264241186289, 40.007494223696902 ], [ -75.071327997239365, 40.007945264567176 ], [ -75.070412255922804, 40.00830999264732 ], [ -75.069965094310035, 40.008473132928458 ], [ -75.069705534023512, 40.008567828184077 ], [ -75.069351852900198, 40.008683346935413 ], [ -75.068896423944139, 40.008788843199333 ], [ -75.068556458256879, 40.008850478470954 ], [ -75.067611422826019, 40.009043480693691 ], [ -75.06644883807266, 40.009241346975543 ], [ -75.065789648499248, 40.009374126464593 ], [ -75.064980198640455, 40.009578016343411 ], [ -75.064269571952167, 40.009818299872826 ], [ -75.063159247760993, 40.010222688814515 ], [ -75.062315004588967, 40.010616674024917 ], [ -75.061116675306678, 40.011269641952047 ], [ -75.060979074807761, 40.011348487442611 ], [ -75.060606794564777, 40.011561803397491 ], [ -75.06004877302648, 40.01187108188342 ], [ -75.058706389581388, 40.012612046410972 ], [ -75.058641331230163, 40.012648850116051 ], [ -75.058407010694594, 40.012781407430168 ], [ -75.057299570205728, 40.013367600875796 ], [ -75.054017187038426, 40.010002054559656 ] ] ] } },
{ "type": "Feature", "properties": { "MS_ID": "7500", "MS_Name": "Feltonville School of Arts and Sciences", "MS_Grade": "6-8" }, "geometry": { "type": "Polygon", "coordinates": [ [ [ -75.112812680955855, 40.026880239703942 ], [ -75.11278223350449, 40.026642585978188 ], [ -75.112761248319472, 40.026411864007194 ], [ -75.112737211671373, 40.026259737228912 ], [ -75.112696946012207, 40.026139855005418 ], [ -75.112641273073493, 40.02603113137706 ], [ -75.112539974057313, 40.025940546364041 ], [ -75.112397435592513, 40.025883550536086 ], [ -75.11219565173873, 40.025809842841682 ], [ -75.112013069617646, 40.025755764204746 ], [ -75.111844853275628, 40.025717364337943 ], [ -75.111623899698458, 40.025687344964808 ], [ -75.111457175383578, 40.025610604838477 ], [ -75.111367712544947, 40.025472323462431 ], [ -75.111381005545184, 40.025322974135001 ], [ -75.111395303361874, 40.025212020956431 ], [ -75.111456498692874, 40.024921788873833 ], [ -75.111517244225269, 40.02477160882794 ], [ -75.111551188587313, 40.024668781106776 ], [ -75.111551118538159, 40.024542146953408 ], [ -75.11152217264069, 40.024387989644396 ], [ -75.111465392181017, 40.024179468869605 ], [ -75.111401468579913, 40.023897875284248 ], [ -75.111362846175425, 40.023735819700057 ], [ -75.11137275171788, 40.02360941475041 ], [ -75.11133144784344, 40.023516370494448 ], [ -75.111253081098397, 40.023349564114291 ], [ -75.111186475964601, 40.023254281404995 ], [ -75.111101775265084, 40.02313311519714 ], [ -75.111030997305576, 40.023027881026678 ], [ -75.111001307920645, 40.022892892983698 ], [ -75.110990073634667, 40.022796700324371 ], [ -75.110941183110967, 40.022642083552029 ], [ -75.110851799720947, 40.022501886075688 ], [ -75.110700489855148, 40.022413986441798 ], [ -75.110434188414416, 40.022331119294741 ], [ -75.110181655572973, 40.022279266142753 ], [ -75.109973701418753, 40.02223611139452 ], [ -75.109815022571198, 40.02220944005991 ], [ -75.109687156750667, 40.022160452054194 ], [ -75.109368603068773, 40.02213777806881 ], [ -75.109082570189628, 40.022177247355486 ], [ -75.108795790978547, 40.022235887123998 ], [ -75.10861343267544, 40.022304601330063 ], [ -75.108469477465505, 40.022412571771163 ], [ -75.108167203920331, 40.022612835344361 ], [ -75.108078622736159, 40.022708648478144 ], [ -75.108089405250396, 40.02281634179537 ], [ -75.108035656691143, 40.022914876376127 ], [ -75.107922813856902, 40.022992864751998 ], [ -75.107781542487587, 40.023031824893501 ], [ -75.107684554480898, 40.023087153803623 ], [ -75.107514256393316, 40.023102421663594 ], [ -75.107372984596637, 40.023141380402173 ], [ -75.107209677047294, 40.023233555828021 ], [ -75.107044245842189, 40.023316088873777 ], [ -75.10686065894825, 40.023352155690013 ], [ -75.106736736171541, 40.023330115808207 ], [ -75.106599344344914, 40.023269394415557 ], [ -75.106462551277573, 40.023193335762883 ], [ -75.10631124672453, 40.023105430376845 ], [ -75.106135455652677, 40.023005449437029 ], [ -75.106052473749372, 40.022957491642856 ], [ -75.105848463967448, 40.022941281788718 ], [ -75.105668639957855, 40.022944815986456 ], [ -75.105436783701748, 40.023002793046089 ], [ -75.105182106479731, 40.023390255080635 ], [ -75.105087636623608, 40.023508955367888 ], [ -75.10491434873498, 40.023600896846823 ], [ -75.104808554588786, 40.023604262577685 ], [ -75.104627058030573, 40.023544393382316 ], [ -75.104489818337285, 40.02347983364043 ], [ -75.104383245730844, 40.023396795487038 ], [ -75.104292081565276, 40.023302599745207 ], [ -75.104226155140992, 40.023201307714054 ], [ -75.104199371559488, 40.023120107698801 ], [ -75.10419313378172, 40.023024031078577 ], [ -75.104206843980663, 40.022928412266907 ], [ -75.104096931947851, 40.022803086218481 ], [ -75.103900694115808, 40.022587509344632 ], [ -75.103769937486931, 40.022484725805207 ], [ -75.103651248989721, 40.022328497067747 ], [ -75.103586516746162, 40.022196534868101 ], [ -75.103359657889882, 40.021742339057909 ], [ -75.103268073745227, 40.021531092209166 ], [ -75.103195013766168, 40.021356728030163 ], [ -75.103156114547005, 40.021202337799629 ], [ -75.103145788642422, 40.021083141857098 ], [ -75.10317007037041, 40.0209724186237 ], [ -75.103246962240206, 40.020920467799151 ], [ -75.103367184932495, 40.020849923590596 ], [ -75.103449065068986, 40.020729422623496 ], [ -75.103497860875152, 40.02056161716753 ], [ -75.103546635823335, 40.020393889604328 ], [ -75.103593162700051, 40.020233888827754 ], [ -75.103657002603384, 40.019876568972371 ], [ -75.103697058601782, 40.019659306188863 ], [ -75.103737415204478, 40.019527934036219 ], [ -75.103835441660948, 40.019430651520203 ], [ -75.103993150331505, 40.019378845261613 ], [ -75.104176319653106, 40.019346524610661 ], [ -75.104908857477085, 40.019347022384032 ], [ -75.105140633620522, 40.019329050636387 ], [ -75.105335901461075, 40.019280626962093 ], [ -75.105488981714572, 40.019204609477626 ], [ -75.105581626650036, 40.019114922541654 ], [ -75.105671017524855, 40.01896577809034 ], [ -75.105756250378278, 40.018839218600171 ], [ -75.105860118594393, 40.018781129601088 ], [ -75.10602757994296, 40.018689224924316 ], [ -75.106294114737949, 40.018578179065585 ], [ -75.106540071449103, 40.018490600181316 ], [ -75.106723412918768, 40.018411660138035 ], [ -75.106886322858585, 40.018352409187493 ], [ -75.107026703002248, 40.01828255869556 ], [ -75.107131747970953, 40.018194255256653 ], [ -75.107250673931617, 40.01808611062809 ], [ -75.107402502620289, 40.017890521155465 ], [ -75.107449287923089, 40.017783236234976 ], [ -75.107501945326362, 40.017609304691476 ], [ -75.10754849268335, 40.017423893037183 ], [ -75.107539863993068, 40.017224610673203 ], [ -75.107496919129801, 40.017064859722844 ], [ -75.107435347318429, 40.016962640715306 ], [ -75.107334774563455, 40.016851965307502 ], [ -75.107213378386902, 40.016771049144666 ], [ -75.107069042884575, 40.016693842391774 ], [ -75.107745667435708, 40.016581861972575 ], [ -75.107956696043104, 40.016492437604754 ], [ -75.109025143283318, 40.016287984471482 ], [ -75.111360511150593, 40.015868055527235 ], [ -75.113197720249801, 40.015533633052534 ], [ -75.117476904858378, 40.015784203074695 ], [ -75.11757219048917, 40.015583244507887 ], [ -75.119440475318399, 40.013027055599721 ], [ -75.121469402606962, 40.010154387517026 ], [ -75.123324578432786, 40.007556926778925 ], [ -75.123393200575379, 40.007418611434275 ], [ -75.123426893223453, 40.007213386785736 ], [ -75.123949327292735, 40.004815026363843 ], [ -75.124138158817757, 40.004830317442909 ], [ -75.12447874922583, 40.004856124147899 ], [ -75.124819602455659, 40.00488038157593 ], [ -75.125160673401922, 40.00490328601856 ], [ -75.125501917994654, 40.004925037395722 ], [ -75.125843291102115, 40.004945832900546 ], [ -75.126184750933675, 40.004965874307935 ], [ -75.126526252504348, 40.004985355210948 ], [ -75.126867753927371, 40.00500448008637 ], [ -75.127209206713559, 40.005023442448056 ], [ -75.127550586787279, 40.005042349869591 ], [ -75.127872930704953, 40.005059142872291 ], [ -75.128233723477777, 40.005076554438759 ], [ -75.128575489722436, 40.005091692323219 ], [ -75.128917354013581, 40.005105659191635 ], [ -75.129259288924246, 40.005118558035321 ], [ -75.129601271643409, 40.005130493753214 ], [ -75.129943272337968, 40.005141571084437 ], [ -75.130285263657029, 40.005151891220621 ], [ -75.130627343888875, 40.005160424731379 ], [ -75.130969678922227, 40.005164784081437 ], [ -75.131312090564705, 40.005165243621789 ], [ -75.131654384617903, 40.005162189067647 ], [ -75.131950178948784, 40.00515715945356 ], [ -75.131593298694526, 40.006777230208002 ], [ -75.131575563508108, 40.006918297371719 ], [ -75.131288958445694, 40.00826544246295 ], [ -75.131222295035954, 40.008389981531387 ], [ -75.13076933610806, 40.010429891484755 ], [ -75.130586589799847, 40.011326214443358 ], [ -75.130394570438327, 40.012204636700837 ], [ -75.130320980381711, 40.012520430993625 ], [ -75.129955680699382, 40.014216907374681 ], [ -75.129912123763646, 40.014381656936806 ], [ -75.129857441549547, 40.014589542357086 ], [ -75.129696268273193, 40.015025138211129 ], [ -75.129544497828007, 40.015628823804676 ], [ -75.129506082077597, 40.01580432267145 ], [ -75.129502797994959, 40.015889394562599 ], [ -75.129584205856602, 40.015962045069486 ], [ -75.128167827472595, 40.017276010496865 ], [ -75.127735970415486, 40.017807440673671 ], [ -75.127280082572412, 40.018551187726658 ], [ -75.127170148348256, 40.0187202445289 ], [ -75.128412308512054, 40.018888184203817 ], [ -75.128289424245111, 40.019312246396112 ], [ -75.128172721879665, 40.019745126505043 ], [ -75.128057433256416, 40.020167763512291 ], [ -75.127937520067221, 40.020582175692766 ], [ -75.12782553628675, 40.021009743605987 ], [ -75.127722548707993, 40.021435414780619 ], [ -75.127667221911409, 40.021678075942042 ], [ -75.127588347365162, 40.021936524098187 ], [ -75.127995616959623, 40.021990003261664 ], [ -75.1283299798028, 40.022037509590497 ], [ -75.128838800759254, 40.022095526989958 ], [ -75.130677470596112, 40.022326421242497 ], [ -75.131655343495027, 40.022466545626138 ], [ -75.132666572676271, 40.02260530897162 ], [ -75.133518068730538, 40.02269961384841 ], [ -75.1351736401746, 40.022889379073895 ], [ -75.135683339232145, 40.022953883142343 ], [ -75.136067270379613, 40.022993869695426 ], [ -75.135939823919756, 40.023051045166994 ], [ -75.135490185366478, 40.023223266760084 ], [ -75.135001727478723, 40.023376356045276 ], [ -75.134330305699066, 40.023555685469518 ], [ -75.133285602100358, 40.023785546217844 ], [ -75.13255946830752, 40.023934988740429 ], [ -75.131167603235099, 40.024128287087642 ], [ -75.130435531931823, 40.024275835682289 ], [ -75.128288632053142, 40.024727005097851 ], [ -75.127730239338021, 40.024846579265102 ], [ -75.125463985218431, 40.025185509220755 ], [ -75.124471400594317, 40.025323467472511 ], [ -75.123526771088905, 40.025464315192913 ], [ -75.122280422997846, 40.025651506869465 ], [ -75.117174084151131, 40.026387182797414 ], [ -75.113235260652161, 40.026966311628996 ], [ -75.112847422201909, 40.027038159909523 ], [ -75.112812680955855, 40.026880239703942 ] ] ] } },
{ "type": "Feature", "properties": { "MS_ID": "7510", "MS_Name": "Bethune, Mary Mc Leod", "MS_Grade": "K-8" }, "geometry": { "type": "Polygon", "coordinates": [ [ [ -75.147836506414052, 40.014507553803185 ], [ -75.147955010837322, 40.01397861462052 ], [ -75.147914386853913, 40.013927404492208 ], [ -75.147228844978827, 40.01408140210885 ], [ -75.147221891377825, 40.013432961843364 ], [ -75.146476802946083, 40.013343114491526 ], [ -75.143320315304493, 40.01292742387583 ], [ -75.14279528639932, 40.012858788197839 ], [ -75.142329266931995, 40.012791138914281 ], [ -75.141786607552064, 40.012709919956613 ], [ -75.142112640922605, 40.011238071682769 ], [ -75.142438809551635, 40.009744029134602 ], [ -75.142763471000151, 40.008269788549647 ], [ -75.142772957863386, 40.008154990454948 ], [ -75.142774275616944, 40.008045591373197 ], [ -75.143063434353181, 40.006722226308028 ], [ -75.143098017363911, 40.006563806583266 ], [ -75.14343826047002, 40.005072838644516 ], [ -75.143301592136794, 40.004722377551545 ], [ -75.143139932475648, 40.004284930941026 ], [ -75.143293649867744, 40.003524692503227 ], [ -75.14350127331717, 40.003551563694714 ], [ -75.143743653948391, 40.003582933988383 ], [ -75.144038413583687, 40.002234264746122 ], [ -75.144123663227504, 40.002159226596412 ], [ -75.144064517565027, 40.001912907235671 ], [ -75.143798092935654, 40.001455853895138 ], [ -75.143958051761899, 40.001399192556988 ], [ -75.144267225907299, 40.001286307440502 ], [ -75.144575919982287, 40.001172654662405 ], [ -75.144884097388228, 40.001058180235844 ], [ -75.145191808166757, 40.000942953778321 ], [ -75.145499103839057, 40.00082706746575 ], [ -75.145806043157293, 40.000710608231245 ], [ -75.146112680158595, 40.000593663801538 ], [ -75.146419070017487, 40.000476322829464 ], [ -75.146725266600583, 40.000358677541747 ], [ -75.14703132763313, 40.000240811241618 ], [ -75.147337308120342, 40.000122817081319 ], [ -75.147643261107376, 40.000004778256972 ], [ -75.147718576379333, 39.999975736496999 ], [ -75.147949245079303, 39.999886788899417 ], [ -75.148255314185221, 39.999768934030541 ], [ -75.148561523573377, 39.999651303199251 ], [ -75.148867927291903, 39.999533984126963 ], [ -75.149174582867033, 39.999417065514272 ], [ -75.14948154428005, 39.999300636881799 ], [ -75.14978886678783, 39.999184785075535 ], [ -75.150021422887789, 39.999097741296694 ], [ -75.150096607885871, 39.999069599694444 ], [ -75.150404788373649, 39.998955119048802 ], [ -75.150713199883086, 39.998841002336754 ], [ -75.151021778076512, 39.998727155294766 ], [ -75.151330514350747, 39.998613557904321 ], [ -75.151639395316465, 39.99850019274151 ], [ -75.151948411095958, 39.998387042462312 ], [ -75.152257549608038, 39.998274086068648 ], [ -75.152566798461038, 39.998161310664905 ], [ -75.152876149188074, 39.99804869263221 ], [ -75.153185587090618, 39.997936218121744 ], [ -75.153495102358377, 39.99782386798956 ], [ -75.153786769151651, 39.997718116984636 ], [ -75.153609445003895, 39.998516597237568 ], [ -75.153566178221169, 39.998724918821267 ], [ -75.153516764290259, 39.998943682008132 ], [ -75.153430435011018, 39.99932290234041 ], [ -75.153375642978403, 39.99953571694784 ], [ -75.153271781536162, 40.000005964225323 ], [ -75.152926522504174, 40.001593941772107 ], [ -75.152550748902101, 40.003182838259605 ], [ -75.152236168982213, 40.004690958269734 ], [ -75.151921560965405, 40.006168522577639 ], [ -75.151603506394991, 40.0076665613758 ], [ -75.151453885777585, 40.008304667680875 ], [ -75.151369652148887, 40.008728562635739 ], [ -75.151246917918513, 40.009280230798247 ], [ -75.15109155559459, 40.009935608153931 ], [ -75.150883845434493, 40.010838385023092 ], [ -75.150573800089546, 40.012371541809067 ], [ -75.150395136546464, 40.01316714443147 ], [ -75.150245659191413, 40.013763076116248 ], [ -75.15021373801136, 40.013916741078198 ], [ -75.150096500592696, 40.014569226117459 ], [ -75.150070967630228, 40.014681673540309 ], [ -75.150039625728951, 40.014819702692151 ], [ -75.149831653099753, 40.014765963383326 ], [ -75.147836506414052, 40.014507553803185 ] ] ] } },
{ "type": "Feature", "properties": { "MS_ID": "7730", "MS_Name": "Clemente, Roberto", "MS_Grade": "6-8" }, "geometry": { "type": "Polygon", "coordinates": [ [ [ -75.128289424245082, 40.019312246396133 ], [ -75.128412308512011, 40.018888184203803 ], [ -75.127170148348299, 40.018720244528865 ], [ -75.127280082572369, 40.018551187726679 ], [ -75.127735970415529, 40.01780744067365 ], [ -75.128167827472637, 40.017276010496857 ], [ -75.129584205856546, 40.015962045069465 ], [ -75.129502797995002, 40.01588939456262 ], [ -75.12950608207764, 40.015804322671485 ], [ -75.12954449782805, 40.015628823804633 ], [ -75.129696268273179, 40.015025138211108 ], [ -75.129857441549532, 40.014589542357044 ], [ -75.129912123763617, 40.01438165693677 ], [ -75.129955680699339, 40.014216907374639 ], [ -75.130320980381683, 40.012520430993604 ], [ -75.130394570438312, 40.012204636700858 ], [ -75.130586589799805, 40.011326214443343 ], [ -75.130769336108088, 40.010429891484776 ], [ -75.131222295035911, 40.008389981531337 ], [ -75.131288958445666, 40.008265442462978 ], [ -75.13157556350815, 40.00691829737174 ], [ -75.131593298694483, 40.006777230207987 ], [ -75.131950178948728, 40.005157159453539 ], [ -75.132339300056202, 40.005147432728883 ], [ -75.132681201654563, 40.005131878874352 ], [ -75.133021251329012, 40.005105942538513 ], [ -75.133358881978538, 40.005062658514603 ], [ -75.13369357562587, 40.005004972185652 ], [ -75.134024860171849, 40.004938897069607 ], [ -75.134352502401157, 40.004861512171985 ], [ -75.134673976845079, 40.004771398547945 ], [ -75.134989554234679, 40.004669614814944 ], [ -75.135300906269606, 40.004559631998035 ], [ -75.135609093696559, 40.004444966656315 ], [ -75.135915751884625, 40.004328088817154 ], [ -75.136221494617246, 40.004209732385334 ], [ -75.136526674783326, 40.004090469442339 ], [ -75.136831652510168, 40.003970866824616 ], [ -75.137136777086269, 40.003851499227103 ], [ -75.137442407311269, 40.003732937953075 ], [ -75.13766927943378, 40.003646197303027 ], [ -75.137748899615787, 40.003615755148928 ], [ -75.138056609338534, 40.003500521130363 ], [ -75.138365691996782, 40.003387488107258 ], [ -75.138675325410247, 40.003275338992708 ], [ -75.138985334091387, 40.003163793176867 ], [ -75.139295671893024, 40.003052771218364 ], [ -75.139606289945121, 40.002942203525322 ], [ -75.139886621555249, 40.002842828195952 ], [ -75.140228182203032, 40.002722113173959 ], [ -75.140539361454216, 40.002612439684967 ], [ -75.140850634593804, 40.002502917979641 ], [ -75.141161952059761, 40.002393465838928 ], [ -75.141473265079753, 40.00228401097359 ], [ -75.141784532042053, 40.002174477653284 ], [ -75.14209570189972, 40.002064791736089 ], [ -75.142413355132732, 40.001952523071523 ], [ -75.142717563084943, 40.001844650614046 ], [ -75.143028159371937, 40.001734046387064 ], [ -75.143338471055742, 40.001622985270672 ], [ -75.143648450631204, 40.001511392304884 ], [ -75.143798092935683, 40.001455853895116 ], [ -75.144064517565084, 40.001912907235642 ], [ -75.144123663227475, 40.002159226596397 ], [ -75.144038413583672, 40.002234264746107 ], [ -75.143743653948434, 40.003582933988362 ], [ -75.143501273317213, 40.003551563694693 ], [ -75.143293649867772, 40.003524692503206 ], [ -75.143139932475606, 40.00428493094099 ], [ -75.143301592136837, 40.004722377551538 ], [ -75.143438260470006, 40.005072838644544 ], [ -75.143098017363968, 40.006563806583301 ], [ -75.143063434353152, 40.006722226308064 ], [ -75.142774275616929, 40.008045591373154 ], [ -75.142772957863414, 40.008154990454926 ], [ -75.14276347100018, 40.008269788549612 ], [ -75.142438809551678, 40.009744029134566 ], [ -75.142112640922591, 40.011238071682747 ], [ -75.141786607552106, 40.012709919956578 ], [ -75.142329266931952, 40.01279113891426 ], [ -75.142795286399377, 40.012858788197867 ], [ -75.143320315304479, 40.012927423875787 ], [ -75.146476802946054, 40.013343114491541 ], [ -75.147221891377868, 40.01343296184335 ], [ -75.147228844978784, 40.014081402108864 ], [ -75.147914386853856, 40.013927404492165 ], [ -75.147955010837364, 40.013978614620505 ], [ -75.14783650641408, 40.01450755380322 ], [ -75.149831653099739, 40.01476596338329 ], [ -75.150039625728937, 40.014819702692165 ], [ -75.14993222382931, 40.015326710203944 ], [ -75.14983979568099, 40.015673152814841 ], [ -75.149770413299933, 40.016022804095911 ], [ -75.149727189304372, 40.016216009188675 ], [ -75.149586867007798, 40.01693362198727 ], [ -75.149347506460117, 40.017958839322183 ], [ -75.149089732011475, 40.018110652918111 ], [ -75.148468068164576, 40.01840767197676 ], [ -75.14714447643216, 40.019011450080619 ], [ -75.147058795836813, 40.019094849725192 ], [ -75.14638257068269, 40.019413847550069 ], [ -75.146137882291484, 40.019384132048096 ], [ -75.145362861130891, 40.01938081709379 ], [ -75.144687108625433, 40.019411834572225 ], [ -75.144095787057239, 40.019486694075965 ], [ -75.143633356499834, 40.019568893010117 ], [ -75.143260974666063, 40.019659556833965 ], [ -75.142884843629375, 40.019772657161027 ], [ -75.14246779103722, 40.019921315677728 ], [ -75.142082119488862, 40.020076769123904 ], [ -75.141261765268752, 40.020457827767814 ], [ -75.139893266007434, 40.021143092921037 ], [ -75.139624105778793, 40.021255544498324 ], [ -75.138789898323111, 40.021671948947954 ], [ -75.136800741308932, 40.022664813908932 ], [ -75.136067270379613, 40.022993869695448 ], [ -75.135683339232102, 40.022953883142371 ], [ -75.135173640174628, 40.022889379073931 ], [ -75.133518068730496, 40.022699613848431 ], [ -75.132666572676243, 40.022605308971578 ], [ -75.131655343495055, 40.022466545626109 ], [ -75.130677470596083, 40.022326421242468 ], [ -75.128838800759283, 40.022095526989986 ], [ -75.128329979802785, 40.022037509590483 ], [ -75.127995616959595, 40.021990003261628 ], [ -75.127588347365133, 40.021936524098152 ], [ -75.127667221911381, 40.021678075942006 ], [ -75.127722548708022, 40.021435414780598 ], [ -75.127825536286721, 40.021009743605958 ], [ -75.127937520067178, 40.020582175692816 ], [ -75.128057433256402, 40.020167763512312 ], [ -75.128172721879636, 40.019745126505079 ], [ -75.128289424245082, 40.019312246396133 ] ] ] } },
{ "type": "Feature", "properties": { "MS_ID": "8120", "MS_Name": "Castor Gardens", "MS_Grade": "6-8" }, "geometry": { "type": "Polygon", "coordinates": [ [ [ -75.070311021141336, 40.062054774046096 ], [ -75.069880244438522, 40.061825341066935 ], [ -75.065026689786436, 40.067345239044961 ], [ -75.064058187194789, 40.066770256347809 ], [ -75.063040809424493, 40.066144789190311 ], [ -75.062557633131959, 40.065838615023061 ], [ -75.062181477954226, 40.065604700059239 ], [ -75.061336596763951, 40.065057789812315 ], [ -75.059624848798521, 40.063975381840336 ], [ -75.057698151070852, 40.062788811856947 ], [ -75.056146322964977, 40.061833398157397 ], [ -75.054184571878807, 40.060718981393215 ], [ -75.052408278022028, 40.059740597259342 ], [ -75.052023176453091, 40.059536693551379 ], [ -75.050582706284388, 40.058770569622041 ], [ -75.048560879519997, 40.05766348831061 ], [ -75.048146354801133, 40.057439439991207 ], [ -75.04780547251822, 40.057248691323309 ], [ -75.047397524398278, 40.057032106868029 ], [ -75.047004319124682, 40.056819119641609 ], [ -75.046856950568767, 40.056738937129225 ], [ -75.046679700887665, 40.056645143801425 ], [ -75.046537347733874, 40.056568621795869 ], [ -75.04737963383586, 40.055744983638888 ], [ -75.047498177413814, 40.055649275927387 ], [ -75.0477496250451, 40.055364308708732 ], [ -75.049050185136409, 40.054077085125407 ], [ -75.049647292328586, 40.053478353382836 ], [ -75.049937614094134, 40.053196626498298 ], [ -75.050159185939563, 40.052955041413405 ], [ -75.050343235220808, 40.052687893588875 ], [ -75.05042475255874, 40.052576284391819 ], [ -75.050465683031987, 40.052508291736785 ], [ -75.050518477963337, 40.052414280789044 ], [ -75.050714630510384, 40.05198313065069 ], [ -75.050834850528631, 40.051507875777624 ], [ -75.050890504132624, 40.05110369580774 ], [ -75.050905547691897, 40.050759683336381 ], [ -75.050909168889973, 40.050580507726053 ], [ -75.051052741986013, 40.049070751012387 ], [ -75.05112820905768, 40.048310427089909 ], [ -75.051147657335648, 40.048114481781646 ], [ -75.051348944950661, 40.047547858265965 ], [ -75.05168691105581, 40.046958576010475 ], [ -75.05221162133293, 40.046387949574502 ], [ -75.054288575660863, 40.044447804167795 ], [ -75.05460150362974, 40.044157921071431 ], [ -75.054927816017084, 40.043855671688355 ], [ -75.055610284910713, 40.043188369144119 ], [ -75.056123015506245, 40.042646268755398 ], [ -75.056709351467163, 40.042060374910939 ], [ -75.058555949068477, 40.040312717870648 ], [ -75.058795061939051, 40.040101647954643 ], [ -75.061010513453212, 40.038013874253046 ], [ -75.061064794223228, 40.037963180881093 ], [ -75.061403803017413, 40.038136296495516 ], [ -75.061544882459756, 40.038214275601163 ], [ -75.062146776058597, 40.038546631227142 ], [ -75.062683462864072, 40.038834328560533 ], [ -75.063443139769447, 40.03926932037664 ], [ -75.064496218210579, 40.039854460214578 ], [ -75.06558187540152, 40.040443203162511 ], [ -75.066085789697951, 40.040729756641305 ], [ -75.066426014901111, 40.040937719540302 ], [ -75.066757709355656, 40.041114602455266 ], [ -75.06706596059098, 40.041297768499909 ], [ -75.067395686256958, 40.041479255587305 ], [ -75.067663253078337, 40.041635557581607 ], [ -75.06798420272122, 40.041798470207915 ], [ -75.06823563552048, 40.041946308128196 ], [ -75.068557788295379, 40.042124738794719 ], [ -75.068865298422082, 40.042293042315471 ], [ -75.069208212574566, 40.042477206954594 ], [ -75.069460256041296, 40.042622030622141 ], [ -75.069768557509974, 40.042788664234017 ], [ -75.070027558860772, 40.042931021514107 ], [ -75.070341460859296, 40.04310166587647 ], [ -75.070634003519615, 40.043273369920016 ], [ -75.071014439411471, 40.04348418205182 ], [ -75.071305854659713, 40.043647199000866 ], [ -75.071611980481492, 40.043824300870675 ], [ -75.071866672850064, 40.043959203548511 ], [ -75.072248609713199, 40.044162562355098 ], [ -75.072645985247036, 40.044395009375883 ], [ -75.073251092401023, 40.043797311227024 ], [ -75.073836569487739, 40.043175065259945 ], [ -75.074438925651322, 40.042544875983047 ], [ -75.075033703574931, 40.041941143862211 ], [ -75.075454685130651, 40.042155137983407 ], [ -75.075553469659212, 40.042205313043816 ], [ -75.076560883096903, 40.042763955361202 ], [ -75.078566312867395, 40.043905245219008 ], [ -75.080352519152839, 40.044906169565223 ], [ -75.082344511758492, 40.045992518470655 ], [ -75.083000957838195, 40.046371493960734 ], [ -75.08341587267951, 40.046600359614139 ], [ -75.083651747320474, 40.04672454202732 ], [ -75.084066759263195, 40.04696423344302 ], [ -75.085695103932522, 40.047851860021325 ], [ -75.086975538194892, 40.048568373342974 ], [ -75.087636127291461, 40.047043837598345 ], [ -75.087948332820133, 40.046344835459472 ], [ -75.088313886150075, 40.045515125513965 ], [ -75.088976634246634, 40.044333503559756 ], [ -75.090353381972179, 40.042984572476577 ], [ -75.094176025479086, 40.045027104325484 ], [ -75.094534677587575, 40.04522327325332 ], [ -75.094792685703908, 40.045364958331476 ], [ -75.095142867201673, 40.045552263333768 ], [ -75.096000490075056, 40.046003791733057 ], [ -75.096971751513124, 40.046565997182249 ], [ -75.098018589618988, 40.047097940441709 ], [ -75.098800875350904, 40.047531583775601 ], [ -75.099560657944537, 40.04797498853236 ], [ -75.100395630103478, 40.048692987304314 ], [ -75.101336414211232, 40.049540434137107 ], [ -75.101891446580851, 40.050066295331433 ], [ -75.102811666252734, 40.050868586489663 ], [ -75.103024626721009, 40.051089122973181 ], [ -75.103104872062474, 40.051193388515863 ], [ -75.100750007414959, 40.052589800378428 ], [ -75.100164622424103, 40.05294796910227 ], [ -75.099830395494322, 40.053153836608836 ], [ -75.099375405994493, 40.053300031221831 ], [ -75.09911047209404, 40.053563491002635 ], [ -75.098802559461831, 40.053714988141422 ], [ -75.098463393838344, 40.053888850331958 ], [ -75.097665607956202, 40.054366496561251 ], [ -75.097487836143728, 40.054479970743884 ], [ -75.096505014159547, 40.055172076262544 ], [ -75.09575755844115, 40.055630634202885 ], [ -75.095119346195176, 40.055937822665356 ], [ -75.094680719352596, 40.056370745767509 ], [ -75.093615033904641, 40.057418176204038 ], [ -75.092740642840639, 40.058299374152909 ], [ -75.092075008963633, 40.058966833363371 ], [ -75.08976380729699, 40.061293890204965 ], [ -75.089002857686097, 40.062052263289985 ], [ -75.088239673733852, 40.062812837932917 ], [ -75.087464535545337, 40.063585307458631 ], [ -75.087897016813869, 40.063836956219944 ], [ -75.088765089015951, 40.064342056943886 ], [ -75.08944617660552, 40.064737512029609 ], [ -75.090370588753586, 40.065276197658697 ], [ -75.089028827484043, 40.066599282793035 ], [ -75.087232662573157, 40.068391169818135 ], [ -75.087076448862874, 40.068565824165326 ], [ -75.085310322240304, 40.068513075978174 ], [ -75.08462537770771, 40.068369307284783 ], [ -75.084322060634904, 40.068303388583907 ], [ -75.08372661331812, 40.068174970048716 ], [ -75.082040902131823, 40.068052428200794 ], [ -75.080965670991645, 40.067975524369693 ], [ -75.078901608809247, 40.066836356329084 ], [ -75.078051557979904, 40.066361770545818 ], [ -75.07788736990571, 40.066227749755065 ], [ -75.077718666534935, 40.066036330276923 ], [ -75.077673545958845, 40.065967024562532 ], [ -75.077507470849639, 40.065684579888121 ], [ -75.077360011069302, 40.065432064324057 ], [ -75.077155892358675, 40.065044763331727 ], [ -75.075991164431471, 40.064343461489187 ], [ -75.075375960105887, 40.06397178792426 ], [ -75.073543243958511, 40.062936481673376 ], [ -75.073304910951748, 40.062813113358558 ], [ -75.072948429407774, 40.062615247421547 ], [ -75.072751115842692, 40.062521544358724 ], [ -75.072437941497739, 40.062425141023951 ], [ -75.072141345445644, 40.06237571779026 ], [ -75.07128377583615, 40.062285371006297 ], [ -75.070860826081244, 40.062227987896463 ], [ -75.070531971672679, 40.06213715241195 ], [ -75.070311021141336, 40.062054774046096 ] ] ] } },
{ "type": "Feature", "properties": { "MS_ID": "8130", "MS_Name": "Northeast Community Propel Academy", "MS_Grade": "K-8" }, "geometry": { "type": "Polygon", "coordinates": [ [ [ -75.035170556416404, 40.046028330960759 ], [ -75.034777487502012, 40.045962015600843 ], [ -75.034406091082658, 40.045972244774312 ], [ -75.034091587920102, 40.046002825622928 ], [ -75.033806229543345, 40.046129136946092 ], [ -75.033619201092662, 40.046270443478882 ], [ -75.033462581493623, 40.046475830012291 ], [ -75.033326867817081, 40.046776752960241 ], [ -75.033248556249092, 40.047085368668114 ], [ -75.033204458161578, 40.047363113380051 ], [ -75.033186843072102, 40.047597131882988 ], [ -75.033118795732975, 40.047855300634154 ], [ -75.033011338210713, 40.048068186491491 ], [ -75.032828988149745, 40.048298307630105 ], [ -75.03275168774033, 40.048581603964038 ], [ -75.032757512699632, 40.04884785701072 ], [ -75.032759918777316, 40.048993643065444 ], [ -75.032735126464914, 40.049098553742922 ], [ -75.032604427164244, 40.04937646637223 ], [ -75.032503429017623, 40.049633856274269 ], [ -75.032399639802009, 40.049960878349481 ], [ -75.032154501290606, 40.050167550009775 ], [ -75.032024155694415, 40.050278302505433 ], [ -75.031822667981416, 40.050368575575718 ], [ -75.031558072976964, 40.050387659370884 ], [ -75.031386988122918, 40.050362728796465 ], [ -75.031160079215425, 40.050329665705654 ], [ -75.030779370713759, 40.050274189167908 ], [ -75.03009026470933, 40.050188177151668 ], [ -75.029646488885177, 40.050152325184932 ], [ -75.029218171044718, 40.050142181560446 ], [ -75.028961810923533, 40.050161453510505 ], [ -75.028656539667608, 40.050166895608321 ], [ -75.028402211915946, 40.05013552473681 ], [ -75.028247740925906, 40.050081177066204 ], [ -75.028112541238272, 40.049957588320311 ], [ -75.028021318235233, 40.049765344853597 ], [ -75.027905129778773, 40.049578844137002 ], [ -75.02772925615416, 40.049441617745309 ], [ -75.027502181189803, 40.049347532053773 ], [ -75.027016846561892, 40.049320187359967 ], [ -75.026324300497706, 40.049447076724405 ], [ -75.025965309736748, 40.048541809939124 ], [ -75.026110391417433, 40.048173338706412 ], [ -75.031551918621687, 40.045684560606411 ], [ -75.030168699674036, 40.043911448463177 ], [ -75.030168693239816, 40.043910760806455 ], [ -75.030164105243387, 40.043904924168558 ], [ -75.029861414199559, 40.043495255572843 ], [ -75.029800648719529, 40.043413012709095 ], [ -75.029799973715754, 40.04341209927366 ], [ -75.029761392301566, 40.043361688874811 ], [ -75.029466012611863, 40.042975752132541 ], [ -75.029417069302909, 40.042911802928366 ], [ -75.029161691115831, 40.042579322602982 ], [ -75.028943533062844, 40.042295299968586 ], [ -75.028942017937055, 40.042293235801708 ], [ -75.028942921195664, 40.042292900381796 ], [ -75.028657599070883, 40.041905963332674 ], [ -75.028422763643334, 40.041586206901485 ], [ -75.028328459482225, 40.041457799470926 ], [ -75.028258009790008, 40.041366782423033 ], [ -75.030843426588575, 40.040418956773763 ], [ -75.030056468178628, 40.039133912577931 ], [ -75.029320936562911, 40.037932070082746 ], [ -75.029678854245077, 40.037794658011045 ], [ -75.029155815093119, 40.036940178066487 ], [ -75.029134311808093, 40.03688391588971 ], [ -75.028890629421895, 40.036450088579357 ], [ -75.028575366213914, 40.035997005731183 ], [ -75.028010249592526, 40.035081215165164 ], [ -75.027468861949274, 40.034189583466194 ], [ -75.027418763594454, 40.034131283359358 ], [ -75.026281359889566, 40.032841085768204 ], [ -75.025354578413527, 40.03169628091824 ], [ -75.023993754704847, 40.030009609933124 ], [ -75.020087569869673, 40.025189001159042 ], [ -75.01439595160501, 40.020172845691398 ], [ -75.01569583843164, 40.019494058200493 ], [ -75.016608449532384, 40.019074859294776 ], [ -75.017856956327634, 40.018552377217404 ], [ -75.019739856580443, 40.017883868214113 ], [ -75.021453038885682, 40.017491993859899 ], [ -75.023771463958383, 40.017068709017643 ], [ -75.026581155127204, 40.016658130758394 ], [ -75.029370849623518, 40.016289458580424 ], [ -75.033183242201346, 40.021032183914954 ], [ -75.033809173793287, 40.02190684150731 ], [ -75.034431478824416, 40.022726690314492 ], [ -75.03447210556331, 40.022808554889153 ], [ -75.034485663901307, 40.022883532331178 ], [ -75.034983620963544, 40.023497927097686 ], [ -75.035068286806151, 40.023557653954981 ], [ -75.035346103727989, 40.023951755152105 ], [ -75.035813023788123, 40.024573668561082 ], [ -75.0359902870279, 40.024822124716245 ], [ -75.03612050834505, 40.024931492357489 ], [ -75.036452847691493, 40.025360856896818 ], [ -75.036688378667193, 40.025651600117975 ], [ -75.037141877688569, 40.026165608298903 ], [ -75.037589613687459, 40.026680811953199 ], [ -75.038038478905762, 40.027189747406275 ], [ -75.03845771205205, 40.027673369931009 ], [ -75.038907234817046, 40.028186678276427 ], [ -75.039388004411521, 40.028735407318102 ], [ -75.039842519412431, 40.029245654171831 ], [ -75.040288738043628, 40.029766993479548 ], [ -75.040742830112748, 40.030277779691147 ], [ -75.041189092883741, 40.030787487225957 ], [ -75.041636199948556, 40.031300465562687 ], [ -75.042088911023782, 40.031817696431482 ], [ -75.042538374768441, 40.032329879491336 ], [ -75.042986108982717, 40.032841951374898 ], [ -75.04343476160831, 40.033357996795573 ], [ -75.043752444757473, 40.033720142760515 ], [ -75.04401611500316, 40.03402071147687 ], [ -75.044672104287329, 40.03477220262878 ], [ -75.044927686044247, 40.034642549683589 ], [ -75.046933036783614, 40.035763554454171 ], [ -75.048559447064278, 40.036666567039795 ], [ -75.047406505008325, 40.03789343353877 ], [ -75.045806870068276, 40.039580410567332 ], [ -75.047424349543476, 40.040498315060979 ], [ -75.049028115028747, 40.041413972921383 ], [ -75.052228223877265, 40.043272458358807 ], [ -75.054288575660863, 40.044447804167795 ], [ -75.05221162133293, 40.046387949574502 ], [ -75.052201362599703, 40.046394707078072 ], [ -75.052160453890579, 40.046421658053085 ], [ -75.051667166129718, 40.046958112205779 ], [ -75.051329199855545, 40.047547394403203 ], [ -75.051127912077078, 40.048114017884338 ], [ -75.051108620759237, 40.048308373826288 ], [ -75.05112820905768, 40.048310427089909 ], [ -75.051052741986013, 40.049070751012387 ], [ -75.050909168889973, 40.050580507726053 ], [ -75.050909020678631, 40.050587828858696 ], [ -75.050905547691897, 40.050759683336381 ], [ -75.050890504132624, 40.05110369580774 ], [ -75.050834850528631, 40.051507875777624 ], [ -75.050714630510384, 40.05198313065069 ], [ -75.050518477963337, 40.052414280789044 ], [ -75.050465683031987, 40.052508291736785 ], [ -75.05042475255874, 40.052576284391819 ], [ -75.050343235220808, 40.052687893588875 ], [ -75.050159185939563, 40.052955041413405 ], [ -75.049937614094134, 40.053196626498298 ], [ -75.049647292328586, 40.053478353382836 ], [ -75.049050185136409, 40.054077085125407 ], [ -75.0477496250451, 40.055364308708732 ], [ -75.047498177413814, 40.055649275927387 ], [ -75.04737963383586, 40.055744983638888 ], [ -75.046537347733874, 40.056568621795869 ], [ -75.046452283890304, 40.056656424013958 ], [ -75.044792059132021, 40.058370038156454 ], [ -75.044521388067295, 40.058704586499694 ], [ -75.044385690653939, 40.058903973881797 ], [ -75.044321957231105, 40.058997619277811 ], [ -75.044236847417949, 40.05912267367912 ], [ -75.044138651128762, 40.059329857712115 ], [ -75.042735081358956, 40.06237393072626 ], [ -75.042246747861014, 40.063532092988318 ], [ -75.04117363314954, 40.065916494320966 ], [ -75.041044271393048, 40.065869328283981 ], [ -75.040950341983759, 40.065835080557719 ], [ -75.040495038477502, 40.065672279411991 ], [ -75.040194499672381, 40.065557479676336 ], [ -75.039994095878555, 40.065413359947968 ], [ -75.039760483181681, 40.065274793634103 ], [ -75.039439913903763, 40.065042300845001 ], [ -75.039184369826415, 40.06483351787989 ], [ -75.038921095641172, 40.064611880443564 ], [ -75.038694966490809, 40.064492496076376 ], [ -75.036820788665025, 40.062937510440314 ], [ -75.036593000097909, 40.062655999601397 ], [ -75.03638120175475, 40.06193196037858 ], [ -75.036227444412106, 40.061446788002421 ], [ -75.035944794015776, 40.061091628116834 ], [ -75.035861518978948, 40.060905914907948 ], [ -75.035869370319801, 40.060709682823969 ], [ -75.035930127453, 40.06059861454618 ], [ -75.035958336181594, 40.060547046029221 ], [ -75.036025626914338, 40.060307864636975 ], [ -75.036118503769231, 40.059635267217082 ], [ -75.036166396453353, 40.05926257016381 ], [ -75.036226966413693, 40.058985213663867 ], [ -75.036285256864204, 40.058764828154246 ], [ -75.036349877322451, 40.058386190855828 ], [ -75.036358233433845, 40.058177297382443 ], [ -75.036352648850595, 40.05793907699136 ], [ -75.036342988927657, 40.057857612712496 ], [ -75.036306376710741, 40.057618499059402 ], [ -75.036343876711015, 40.057299413234176 ], [ -75.036443860079714, 40.057067340048874 ], [ -75.036630019240562, 40.056742260948333 ], [ -75.037015766498769, 40.056168452501375 ], [ -75.037223848151868, 40.055913587465731 ], [ -75.037491869125191, 40.055603111547413 ], [ -75.037661288412096, 40.055283972821059 ], [ -75.037854915330243, 40.054978075943403 ], [ -75.038404365771129, 40.054227551719485 ], [ -75.038569982488198, 40.054003362234702 ], [ -75.03875308734878, 40.053754241391275 ], [ -75.038887017923827, 40.053497620939417 ], [ -75.039002448897236, 40.053291255130297 ], [ -75.039050720858157, 40.053114986299718 ], [ -75.039050577657378, 40.052912228409483 ], [ -75.039095920175825, 40.052602829522776 ], [ -75.039127813876334, 40.052541644778898 ], [ -75.039265577319838, 40.052277359058237 ], [ -75.039498079529039, 40.051823479264819 ], [ -75.039638578360567, 40.051402277498617 ], [ -75.039691142773989, 40.051118395390638 ], [ -75.039771452612911, 40.050759135362107 ], [ -75.039825534381393, 40.050437270963307 ], [ -75.039851870083623, 40.050190786255165 ], [ -75.039811152343717, 40.049765308997813 ], [ -75.039868502120214, 40.049155232224386 ], [ -75.039936525122926, 40.048897058594029 ], [ -75.039985545455536, 40.048701796742961 ], [ -75.039572553894558, 40.04851464333909 ], [ -75.039231164779494, 40.048392539095936 ], [ -75.038953898715988, 40.048316299591725 ], [ -75.038481230807292, 40.048178421497312 ], [ -75.038230955070503, 40.048045793345025 ], [ -75.037892352934989, 40.04785405355203 ], [ -75.037676543826663, 40.047684219797361 ], [ -75.037405864768189, 40.04744339356813 ], [ -75.037193347210135, 40.047191268710343 ], [ -75.036929641750191, 40.046982286042187 ], [ -75.03658433201295, 40.046752367459291 ], [ -75.036240036190478, 40.046497126936153 ], [ -75.035883962517971, 40.046330312937727 ], [ -75.035544870242688, 40.046151226673182 ], [ -75.035170556416404, 40.046028330960759 ] ] ] } },
{ "type": "Feature", "properties": { "MS_ID": "8160", "MS_Name": "Baldi, CCA", "MS_Grade": "6-8" }, "geometry": { "type": "Polygon", "coordinates": [ [ [ -74.998534690545725, 40.128197938185671 ], [ -74.997885058836246, 40.127817941167116 ], [ -74.99780190241205, 40.127903747786313 ], [ -74.997572202046342, 40.128119598778966 ], [ -74.997449655419103, 40.128251183308798 ], [ -74.994195288086971, 40.131510146698631 ], [ -74.993846887244089, 40.131854711365726 ], [ -74.993673177323771, 40.131734366669576 ], [ -74.993507852780411, 40.131615763477427 ], [ -74.993431060956539, 40.131551523655112 ], [ -74.993355334360601, 40.131461188453464 ], [ -74.993210784711025, 40.131319865993909 ], [ -74.993100939564684, 40.131185178047375 ], [ -74.992996762709893, 40.131050626760704 ], [ -74.992921566922931, 40.130947243987379 ], [ -74.992840880188766, 40.130816157055811 ], [ -74.992780263567909, 40.130726185458407 ], [ -74.99275110516902, 40.130606490495929 ], [ -74.992743903246534, 40.130504738510169 ], [ -74.992771757823931, 40.130424141372536 ], [ -74.992813599083519, 40.130301797271713 ], [ -74.992902337372513, 40.130211776637545 ], [ -74.993046967591894, 40.130188397440591 ], [ -74.993108168055315, 40.130054908032889 ], [ -74.993100548190995, 40.129893648091773 ], [ -74.993160038709334, 40.129778982289224 ], [ -74.993278137565355, 40.129733925283162 ], [ -74.993388976961612, 40.129704655559024 ], [ -74.993502707937793, 40.129650787587209 ], [ -74.993502585786445, 40.129514375736044 ], [ -74.993449404997804, 40.129427485009458 ], [ -74.993417112564984, 40.129175660999756 ], [ -74.993422242111308, 40.129003098293879 ], [ -74.993506278297204, 40.128772927941363 ], [ -74.99366020157909, 40.128753400254396 ], [ -74.993691714877798, 40.128675792929563 ], [ -74.993783075075768, 40.128614130538722 ], [ -74.993803489675003, 40.128484018193816 ], [ -74.993660126523793, 40.128383355216108 ], [ -74.993687033974993, 40.12820986192888 ], [ -74.993668262089372, 40.128113637357323 ], [ -74.993752062244823, 40.127912484375713 ], [ -74.993893818343309, 40.127750450369177 ], [ -74.994004593824386, 40.127676194932434 ], [ -74.994100024386441, 40.127607374521887 ], [ -74.994236707847136, 40.127500364399125 ], [ -74.994407378365551, 40.127278073076489 ], [ -74.994472763644922, 40.127111308015131 ], [ -74.994526461028613, 40.126952968939442 ], [ -74.994544094304359, 40.126682027025765 ], [ -74.994480700115489, 40.126520880689597 ], [ -74.994426398809935, 40.126415097107596 ], [ -74.994350258729199, 40.126218820180995 ], [ -74.994275891963568, 40.12614157799667 ], [ -74.994153250428553, 40.126089300729817 ], [ -74.993924320871685, 40.126047534380767 ], [ -74.99348109976556, 40.125999182574432 ], [ -74.993147118694893, 40.125937484553951 ], [ -74.992876168662576, 40.125906320763207 ], [ -74.992635910668369, 40.125910718236014 ], [ -74.992363723523482, 40.125933214227075 ], [ -74.992043969690556, 40.125986496201463 ], [ -74.991702141254365, 40.126071171579689 ], [ -74.991453796836723, 40.126134869770659 ], [ -74.991066287324557, 40.126203935963339 ], [ -74.990782000419259, 40.126268222088683 ], [ -74.990620173429747, 40.126296264040384 ], [ -74.990395324138944, 40.126250863542602 ], [ -74.990293926026538, 40.126230391137689 ], [ -74.990081226725891, 40.126231090678004 ], [ -74.989740814508664, 40.126234529282961 ], [ -74.989559334160731, 40.126234528237028 ], [ -74.98933784425806, 40.126195834500827 ], [ -74.989155834448638, 40.126162442944384 ], [ -74.989058751937606, 40.126109321214194 ], [ -74.989041875257769, 40.126013139397486 ], [ -74.989012192611554, 40.12590649425875 ], [ -74.98898410602321, 40.125760704715354 ], [ -74.989069508875886, 40.125601677456167 ], [ -74.989013507057507, 40.125479887940941 ], [ -74.988938497487197, 40.125418589031064 ], [ -74.988797450634209, 40.125307817571525 ], [ -74.988703768318402, 40.125124900645247 ], [ -74.98850020774384, 40.124692649526295 ], [ -74.988482684839894, 40.124565977222126 ], [ -74.988389806837915, 40.124270615823669 ], [ -74.98836165835327, 40.124172712470951 ], [ -74.98824027051451, 40.124043547665181 ], [ -74.988057503082061, 40.123959343992077 ], [ -74.987838967712122, 40.123941035295488 ], [ -74.987706541011548, 40.123897221980123 ], [ -74.987542658771488, 40.123790255182101 ], [ -74.987385214970075, 40.123664576340609 ], [ -74.987314694983453, 40.123585971982415 ], [ -74.987194840260713, 40.123511985204289 ], [ -74.987045001714549, 40.123477910475962 ], [ -74.986844183308307, 40.12332652032368 ], [ -74.986669451857836, 40.123161243211406 ], [ -74.986519029500883, 40.123048792740803 ], [ -74.986424547400844, 40.123047972979435 ], [ -74.986243306563566, 40.123135040242886 ], [ -74.98603639097098, 40.123249061807385 ], [ -74.985919595480183, 40.123331872819485 ], [ -74.98567431656501, 40.123482701023057 ], [ -74.985527595522541, 40.123603973281355 ], [ -74.985132764050661, 40.123829568065368 ], [ -74.984998438231528, 40.123901798125573 ], [ -74.984864881138819, 40.123931964120018 ], [ -74.984698400330004, 40.123935215536306 ], [ -74.984552458529279, 40.123898330729396 ], [ -74.984454616332201, 40.123840834531457 ], [ -74.984386167358892, 40.123757923261792 ], [ -74.984357905373628, 40.123662918380326 ], [ -74.9843059235846, 40.123593464900559 ], [ -74.984212740024873, 40.123560748956997 ], [ -74.984078537838741, 40.123560424517997 ], [ -74.983975023061276, 40.123595663268802 ], [ -74.983676759491587, 40.123608807072543 ], [ -74.983543499509409, 40.123631721506534 ], [ -74.983438099932613, 40.123620478076951 ], [ -74.983136967084107, 40.123449253987758 ], [ -74.98290564151624, 40.123327594961935 ], [ -74.982819072077831, 40.123271820173578 ], [ -74.982681347456733, 40.123149511470672 ], [ -74.982610959514133, 40.123021566745948 ], [ -74.982585007240758, 40.122916460134121 ], [ -74.982593139371431, 40.122763558587742 ], [ -74.982737545547053, 40.122537025037197 ], [ -74.982756266409012, 40.122448956707544 ], [ -74.982722404013842, 40.122352364966943 ], [ -74.982633486214169, 40.122215268242968 ], [ -74.982476162145744, 40.12192487866227 ], [ -74.982291836490333, 40.121902303209787 ], [ -74.982191819571341, 40.121805571607375 ], [ -74.982251438679384, 40.121688011868031 ], [ -74.982378281637452, 40.121521280553701 ], [ -74.982388150873902, 40.121418484884359 ], [ -74.982411947687325, 40.121298612223242 ], [ -74.982454504994678, 40.121228528876159 ], [ -74.982600037175317, 40.121182692492106 ], [ -74.98276958654985, 40.121150494809115 ], [ -74.982930699356885, 40.121093421818017 ], [ -74.983002233934272, 40.121008074975151 ], [ -74.983067514476701, 40.120890650178964 ], [ -74.983080804258833, 40.120796644666584 ], [ -74.983077694419208, 40.120641297429522 ], [ -74.983033281750068, 40.120455933084443 ], [ -74.982982839219162, 40.120348783839127 ], [ -74.982921294532346, 40.120282001848473 ], [ -74.982787640298241, 40.120222189804139 ], [ -74.982693673663292, 40.120139390472396 ], [ -74.98261806292399, 40.120046873290711 ], [ -74.982514562189095, 40.119989238177354 ], [ -74.982370932338583, 40.119942246488897 ], [ -74.982164099353767, 40.119915502212116 ], [ -74.981980985023981, 40.119909643010111 ], [ -74.981833159789872, 40.119919145567344 ], [ -74.981697247643339, 40.119960859472592 ], [ -74.981587005401337, 40.120022055916095 ], [ -74.981507154924287, 40.120079631797694 ], [ -74.981358078466926, 40.120142795423021 ], [ -74.981203758938435, 40.120172455350328 ], [ -74.981052214297463, 40.120180415748898 ], [ -74.98086939545756, 40.120167307427813 ], [ -74.980725055538556, 40.120137710564087 ], [ -74.980411887903742, 40.120076475793681 ], [ -74.980290984487212, 40.120005359449905 ], [ -74.980104255417785, 40.119850179262393 ], [ -74.979965299747249, 40.119734700758734 ], [ -74.98147515610664, 40.118676913375161 ], [ -74.983295310079725, 40.117253669518718 ], [ -74.983766907950709, 40.116945591479507 ], [ -74.984976551978932, 40.116048088569258 ], [ -74.98777727231311, 40.114128017574792 ], [ -74.989621869707477, 40.112847727281711 ], [ -74.990720877948633, 40.112101463231589 ], [ -74.995498761393065, 40.108799045592164 ], [ -74.996679387609305, 40.108000506534857 ], [ -74.996823687552691, 40.10790136357916 ], [ -74.99668944228587, 40.107775838781649 ], [ -74.996395825946507, 40.107521800909062 ], [ -74.994708280607512, 40.106121493535206 ], [ -74.994436100831663, 40.105852136851261 ], [ -74.992178213945664, 40.103963569454926 ], [ -74.990035181545295, 40.10211898869553 ], [ -74.988919486520075, 40.101196604672431 ], [ -74.98807317181064, 40.100450240829424 ], [ -74.986675294384298, 40.099279990042639 ], [ -74.986862862593753, 40.099147596123686 ], [ -74.987284001296359, 40.098851300721023 ], [ -74.987540511615492, 40.098658708968358 ], [ -74.987812550181062, 40.098403433270335 ], [ -74.988015558302223, 40.098198226784426 ], [ -74.988256508232382, 40.097965652476802 ], [ -74.988452616055753, 40.097800679638063 ], [ -74.991265787968857, 40.095779203568753 ], [ -74.994686986315031, 40.09851574893262 ], [ -74.995464056898697, 40.099167340377797 ], [ -74.996574246893587, 40.100140078323562 ], [ -74.997238716818089, 40.100751491956977 ], [ -74.998166804862052, 40.101607076755428 ], [ -74.998386253134058, 40.101850890760517 ], [ -74.998733405338683, 40.102310219918344 ], [ -74.999011055730762, 40.102577982615614 ], [ -74.999805953080994, 40.103237983938392 ], [ -75.001340227350866, 40.104473382678982 ], [ -75.00136789022703, 40.104562046076715 ], [ -75.001497904498393, 40.104679132135239 ], [ -75.002090206510857, 40.104269754465832 ], [ -75.003084463455068, 40.103582544083501 ], [ -75.004906995121203, 40.102322273592328 ], [ -75.006090695951528, 40.101514307471341 ], [ -75.008356711861907, 40.099960205106633 ], [ -75.009546119439889, 40.099127882136941 ], [ -75.010239657776253, 40.09862748871727 ], [ -75.011946030999823, 40.097499689240557 ], [ -75.013063760298863, 40.096647549345242 ], [ -75.013431023953743, 40.096351954570189 ], [ -75.013734888548839, 40.096088632039674 ], [ -75.015030172009205, 40.094813029183328 ], [ -75.015224957539075, 40.094627060241123 ], [ -75.016719605348243, 40.09305855737616 ], [ -75.018599149874419, 40.091109794818337 ], [ -75.020597291800627, 40.089045362908436 ], [ -75.02077321098632, 40.088869692247812 ], [ -75.024162899780649, 40.085352135669687 ], [ -75.024773512845471, 40.084719170290256 ], [ -75.024896902189866, 40.084602454866967 ], [ -75.026775012016287, 40.082660598992739 ], [ -75.026984417903776, 40.082416567036667 ], [ -75.028605919220695, 40.080771095268631 ], [ -75.029361003674794, 40.079965540863881 ], [ -75.030244990854911, 40.079059110481367 ], [ -75.032651561305315, 40.076563913553294 ], [ -75.033456329819828, 40.075733552485609 ], [ -75.033944686603178, 40.075225856400216 ], [ -75.034840304235431, 40.074308025730154 ], [ -75.036880579289175, 40.072209186628378 ], [ -75.037975901475519, 40.071078701239379 ], [ -75.038951066349725, 40.070056708807094 ], [ -75.039372740313638, 40.069555342010169 ], [ -75.039527498081284, 40.069358566524642 ], [ -75.039900550389333, 40.068716498251497 ], [ -75.040271651331409, 40.067920508793406 ], [ -75.041048568211778, 40.066194370668534 ], [ -75.04117363314954, 40.065916494320966 ], [ -75.041333508885842, 40.065974787552236 ], [ -75.041470182981158, 40.066018667392591 ], [ -75.041812788653417, 40.066127861294014 ], [ -75.042147043453795, 40.066224442691194 ], [ -75.04252300081987, 40.06630933607584 ], [ -75.042891475725781, 40.066375041588699 ], [ -75.04311837397681, 40.066475428752987 ], [ -75.043319295125045, 40.066606881726607 ], [ -75.043508441818773, 40.066826762563778 ], [ -75.043679089785869, 40.0670968958757 ], [ -75.043782566420475, 40.067397128713175 ], [ -75.043863029548618, 40.068067475794614 ], [ -75.043887398760987, 40.068283475149997 ], [ -75.04385971299034, 40.068770698710772 ], [ -75.043761915568766, 40.069154894984841 ], [ -75.04357575655807, 40.069479984511119 ], [ -75.043025134016503, 40.070464942591414 ], [ -75.04285241512595, 40.070866381813559 ], [ -75.042761683643278, 40.071073333616233 ], [ -75.042488418338195, 40.07130766563958 ], [ -75.042084737045144, 40.071709997099461 ], [ -75.041812730645262, 40.071912676397261 ], [ -75.041474301484882, 40.072126460984542 ], [ -75.041361370412233, 40.072269529473608 ], [ -75.041321081240937, 40.072452325411149 ], [ -75.041388158590053, 40.072631315890007 ], [ -75.041612044628863, 40.072807665089009 ], [ -75.041854179577626, 40.072940093341636 ], [ -75.042341358555859, 40.073132150758376 ], [ -75.042730041790193, 40.073312381403532 ], [ -75.042996646614313, 40.073451719798484 ], [ -75.04338088274055, 40.073536802586567 ], [ -75.043673472601427, 40.073645069605227 ], [ -75.04388862161349, 40.073833881629398 ], [ -75.04387877137242, 40.074080755014847 ], [ -75.043811748421234, 40.074313610618461 ], [ -75.043580587335171, 40.07473268233386 ], [ -75.043481865394668, 40.074933111274618 ], [ -75.043471308329359, 40.075012373869093 ], [ -75.043446536501875, 40.075198392205188 ], [ -75.043504371564936, 40.075402508246405 ], [ -75.043816668455023, 40.075843883366908 ], [ -75.043982385910923, 40.076031529182501 ], [ -75.044200986268336, 40.076340808020944 ], [ -75.044375447849959, 40.076515986745726 ], [ -75.044610196067808, 40.076714260021014 ], [ -75.044742627523959, 40.076822426205062 ], [ -75.044827713903615, 40.07696382122397 ], [ -75.044893542533828, 40.077174459839888 ], [ -75.044961897516984, 40.077321798879829 ], [ -75.045054974036688, 40.077469718840113 ], [ -75.045181767738825, 40.077599422869817 ], [ -75.04534926028883, 40.077742758709036 ], [ -75.0456148782241, 40.077907411002634 ], [ -75.04595415584771, 40.078086466332792 ], [ -75.046311430385543, 40.07822792881359 ], [ -75.046718651818466, 40.078357892683321 ], [ -75.047070465160644, 40.078429529168965 ], [ -75.047431527690478, 40.078476036507716 ], [ -75.047779388550055, 40.078439863979703 ], [ -75.048183670578211, 40.078436697653629 ], [ -75.048832264437266, 40.078512133726328 ], [ -75.049408333152073, 40.078544680460126 ], [ -75.049737194105617, 40.078571417136061 ], [ -75.049959179096916, 40.078589303133221 ], [ -75.050157200837987, 40.07858761908507 ], [ -75.050389948608171, 40.07854239912011 ], [ -75.050648423197075, 40.078472438335005 ], [ -75.050966344494725, 40.078359520016477 ], [ -75.051228093642763, 40.07820726754548 ], [ -75.051506572205724, 40.078049069364091 ], [ -75.051685916636117, 40.077894879164539 ], [ -75.051865510852934, 40.077734360215459 ], [ -75.051986163295581, 40.0776041353393 ], [ -75.052128262886725, 40.077556783823098 ], [ -75.052343014224959, 40.077549152659046 ], [ -75.0526314211684, 40.07755592218561 ], [ -75.052912850019126, 40.077530845562329 ], [ -75.053252966074368, 40.077481803492148 ], [ -75.053461741807865, 40.077417006472125 ], [ -75.053623089281572, 40.077300407111942 ], [ -75.053777578756808, 40.077148798717673 ], [ -75.053868285931316, 40.076941838323449 ], [ -75.05392961576257, 40.076436395941172 ], [ -75.053966166039842, 40.076139460659824 ], [ -75.053995416327624, 40.076026097060996 ], [ -75.054147258832003, 40.075940955721485 ], [ -75.054313822530631, 40.075900511648236 ], [ -75.054559767084669, 40.075937960301111 ], [ -75.054792806094824, 40.076089045594415 ], [ -75.054984668188879, 40.076245717162074 ], [ -75.055173124968277, 40.076484569424245 ], [ -75.05534535391088, 40.076716704694554 ], [ -75.055376205401899, 40.076784425265203 ], [ -75.055524973479777, 40.076671328095912 ], [ -75.057583620049783, 40.075106252638179 ], [ -75.057822339829485, 40.074917383728312 ], [ -75.058060018024889, 40.074727684419734 ], [ -75.05829722217851, 40.074537601414271 ], [ -75.058534507936017, 40.0743475856356 ], [ -75.058772439145997, 40.074158088195368 ], [ -75.059011575005329, 40.073969559190104 ], [ -75.059252477090695, 40.073782447866563 ], [ -75.059495709215497, 40.073597206222239 ], [ -75.059741874533955, 40.073414299785298 ], [ -75.059991495524315, 40.073234039913601 ], [ -75.060244251552774, 40.073056230761843 ], [ -75.060499704787262, 40.072880615176501 ], [ -75.060757414945556, 40.072706938653305 ], [ -75.061016946434222, 40.072534946801774 ], [ -75.061277863624468, 40.072364386135206 ], [ -75.061540751369094, 40.072195651467965 ], [ -75.061806185926599, 40.072029147319469 ], [ -75.062073922430358, 40.071864749006721 ], [ -75.06234372144462, 40.071702342788321 ], [ -75.062615335653902, 40.071541806631494 ], [ -75.062888510789506, 40.071382986806313 ], [ -75.063162771927651, 40.07122517118583 ], [ -75.063438171867645, 40.071068388929092 ], [ -75.063714961873501, 40.070913018032137 ], [ -75.063993387354898, 40.070759436351238 ], [ -75.064273697134269, 40.070608024523786 ], [ -75.064556140322864, 40.070459155982164 ], [ -75.064841300355184, 40.070313557969222 ], [ -75.065130634528202, 40.070172754836676 ], [ -75.065423273696567, 40.070035772043958 ], [ -75.065718040265665, 40.069901308884987 ], [ -75.066013758829797, 40.069768068320805 ], [ -75.066309270797348, 40.069634772639752 ], [ -75.066604925653564, 40.069501777806622 ], [ -75.066901356581511, 40.069369768979534 ], [ -75.067198522333484, 40.069238721762297 ], [ -75.06749638627781, 40.06910861366898 ], [ -75.067827445307685, 40.068964671976843 ], [ -75.067356528461701, 40.068728354749233 ], [ -75.065846780966524, 40.067832099023889 ], [ -75.065026689786436, 40.067345239044961 ], [ -75.069880244438522, 40.061825341066935 ], [ -75.070311021141336, 40.062054774046096 ], [ -75.070531971672679, 40.06213715241195 ], [ -75.070860826081244, 40.062227987896463 ], [ -75.07128377583615, 40.062285371006297 ], [ -75.072141345445644, 40.06237571779026 ], [ -75.072437941497739, 40.062425141023951 ], [ -75.072751115842692, 40.062521544358724 ], [ -75.072948429407774, 40.062615247421547 ], [ -75.073304910951748, 40.062813113358558 ], [ -75.073543243958511, 40.062936481673376 ], [ -75.075375960105887, 40.06397178792426 ], [ -75.075991164431471, 40.064343461489187 ], [ -75.077155892358675, 40.065044763331727 ], [ -75.077360011069302, 40.065432064324057 ], [ -75.077507470849639, 40.065684579888121 ], [ -75.077673545958845, 40.065967024562532 ], [ -75.077718666534935, 40.066036330276923 ], [ -75.07788736990571, 40.066227749755065 ], [ -75.078051557979904, 40.066361770545818 ], [ -75.078901608809247, 40.066836356329084 ], [ -75.080965670991645, 40.067975524369693 ], [ -75.082040902131823, 40.068052428200794 ], [ -75.08372661331812, 40.068174970048716 ], [ -75.084322060634904, 40.068303388583907 ], [ -75.08462537770771, 40.068369307284783 ], [ -75.085310322240304, 40.068513075978174 ], [ -75.087076448862874, 40.068565824165326 ], [ -75.087232662573157, 40.068391169818135 ], [ -75.089028827484043, 40.066599282793035 ], [ -75.090370588753586, 40.065276197658697 ], [ -75.091958606997252, 40.066200121654788 ], [ -75.09324449349954, 40.066948227979921 ], [ -75.096738274171827, 40.068980692227356 ], [ -75.094042602338959, 40.071633291332247 ], [ -75.093842520844049, 40.071830598241405 ], [ -75.089960672749953, 40.075661165003716 ], [ -75.089519950563883, 40.076096031543074 ], [ -75.08919075429408, 40.076408780974099 ], [ -75.087938309915998, 40.077598613149576 ], [ -75.086899049472891, 40.078646314823636 ], [ -75.085365493201067, 40.080108237248055 ], [ -75.083904687875389, 40.081490066481848 ], [ -75.082457877701998, 40.082885129499637 ], [ -75.081687604179066, 40.083621315787092 ], [ -75.07884500681493, 40.082049292987641 ], [ -75.077868838996594, 40.081502318532571 ], [ -75.07712295578537, 40.081081159091717 ], [ -75.076259451299549, 40.080606739792614 ], [ -75.075168471056301, 40.07999208020388 ], [ -75.074635708586356, 40.079691913047512 ], [ -75.07370523817022, 40.079183359368066 ], [ -75.073014524705897, 40.078782257824436 ], [ -75.071008649221028, 40.077683293968612 ], [ -75.070380589841164, 40.07829099731439 ], [ -75.069830911907587, 40.078823685599467 ], [ -75.069216552026091, 40.079442054566385 ], [ -75.06846470867049, 40.080165502536239 ], [ -75.0682761991972, 40.080346677864654 ], [ -75.067924985594317, 40.080601181520002 ], [ -75.067089994344485, 40.081174476560648 ], [ -75.066969430364125, 40.081258610729321 ], [ -75.065474899170255, 40.082301532678336 ], [ -75.062420218221618, 40.084393285425321 ], [ -75.060115011609923, 40.085969859936547 ], [ -75.060034422874836, 40.086025105425577 ], [ -75.059972630070973, 40.08606746524049 ], [ -75.059099164673611, 40.086670750169525 ], [ -75.058720456634944, 40.087084101468825 ], [ -75.058280401379349, 40.087783892001617 ], [ -75.057694664442593, 40.088691375176197 ], [ -75.057068054512115, 40.089698198673062 ], [ -75.056458908951839, 40.090236145911973 ], [ -75.055687390161651, 40.090754025833519 ], [ -75.054241174197543, 40.091652324790445 ], [ -75.053907481410207, 40.091874798287016 ], [ -75.053596844659822, 40.092145793219125 ], [ -75.053013777671424, 40.092669483993518 ], [ -75.052938911288464, 40.092736131135283 ], [ -75.052641232184854, 40.093001128472807 ], [ -75.052100837909322, 40.093511371602659 ], [ -75.051486768716956, 40.094092180010165 ], [ -75.050752888367896, 40.094781084461133 ], [ -75.048428834938449, 40.097076836705241 ], [ -75.047116871016954, 40.098378399329761 ], [ -75.046212446712573, 40.098794418081674 ], [ -75.045531885485104, 40.099114478436405 ], [ -75.043596877181301, 40.100024455235605 ], [ -75.043211024896792, 40.100230031048945 ], [ -75.042614497457237, 40.100505312383667 ], [ -75.039857738608035, 40.101836463979225 ], [ -75.038563833679277, 40.102461804478018 ], [ -75.036970233443924, 40.103184901497769 ], [ -75.034973971547018, 40.104164804723084 ], [ -75.034398617805593, 40.104429599941149 ], [ -75.032998014958864, 40.10511107854105 ], [ -75.033898077600014, 40.105690145747076 ], [ -75.03476073863051, 40.106217392215974 ], [ -75.035222081425871, 40.10649791026497 ], [ -75.035360823494898, 40.106558234338983 ], [ -75.035645959963546, 40.106673355382014 ], [ -75.036064929583944, 40.106785932150757 ], [ -75.036486866385431, 40.106824415656966 ], [ -75.037156026403096, 40.106833212755788 ], [ -75.037784191482999, 40.106874221810529 ], [ -75.03821596534199, 40.106952162637427 ], [ -75.038843423266187, 40.10711311473851 ], [ -75.039460059289837, 40.107363830115396 ], [ -75.039836486609374, 40.107567401341555 ], [ -75.04002147516519, 40.107667442165422 ], [ -75.041245779238437, 40.108391784993955 ], [ -75.044971486902853, 40.110579868480315 ], [ -75.04780526845326, 40.112243954141363 ], [ -75.048557278944486, 40.11272003648125 ], [ -75.039043582032221, 40.119357713320625 ], [ -75.038337686678901, 40.119871126480035 ], [ -75.037908704225458, 40.120168544799732 ], [ -75.031653682024114, 40.124504749887315 ], [ -75.025786979680703, 40.128570942267174 ], [ -75.025355380984806, 40.128890384928482 ], [ -75.024892884912461, 40.129217736855146 ], [ -75.020572280051724, 40.132275598853774 ], [ -75.017950794755421, 40.134849317498649 ], [ -75.014965688654911, 40.137926734596576 ], [ -75.014560670780455, 40.1376806589331 ], [ -75.013868426298487, 40.137259364421588 ], [ -75.012233942654092, 40.136258288870401 ], [ -75.011459333751958, 40.13578384504617 ], [ -75.010622199117705, 40.135271089504386 ], [ -75.010427757361683, 40.135151989303758 ], [ -75.009463202640319, 40.134571135533143 ], [ -75.009093817368793, 40.13435618570827 ], [ -75.008335967762875, 40.133915176160528 ], [ -75.006901785580993, 40.133080561825352 ], [ -75.005958612356167, 40.132531913309087 ], [ -75.003270014266604, 40.13096784691971 ], [ -75.000951722854623, 40.129611280464566 ], [ -74.999740117197931, 40.128907036694947 ], [ -74.998534690545725, 40.128197938185671 ] ] ] } },
{ "type": "Feature", "properties": { "MS_ID": "8200", "MS_Name": "Allen, Ethan", "MS_Grade": "K-8" }, "geometry": { "type": "Polygon", "coordinates": [ [ [ -75.062382034928959, 40.036795362759143 ], [ -75.061139977970029, 40.03606582397498 ], [ -75.059761867250785, 40.035311844006131 ], [ -75.058123690499912, 40.034405726331798 ], [ -75.056508499088594, 40.033503254434898 ], [ -75.05486963353033, 40.03259570069379 ], [ -75.054802709252357, 40.03255070960607 ], [ -75.053249948151191, 40.031701519137691 ], [ -75.053353311452128, 40.031661674462342 ], [ -75.053512067507029, 40.03156856374936 ], [ -75.053968792469902, 40.031238357971603 ], [ -75.054055751770647, 40.031181810533084 ], [ -75.054800485348082, 40.030643626362661 ], [ -75.05527018439092, 40.030221357444915 ], [ -75.055417142622829, 40.030087570765993 ], [ -75.055661681307853, 40.029844193898562 ], [ -75.05607891100891, 40.029456075016931 ], [ -75.056046326714593, 40.029340551541488 ], [ -75.055634835007211, 40.028862087864809 ], [ -75.055585578018665, 40.028816639439675 ], [ -75.055085309198049, 40.028237460265743 ], [ -75.054543764121661, 40.027608361391891 ], [ -75.055142384668514, 40.027302448536567 ], [ -75.055692446172955, 40.027016038203094 ], [ -75.056295343914599, 40.026704887531082 ], [ -75.056954991822266, 40.026362599068833 ], [ -75.057279811067914, 40.026196384235739 ], [ -75.057595221392347, 40.026032809647084 ], [ -75.057897070502889, 40.025876805875065 ], [ -75.058251830591871, 40.025692863000195 ], [ -75.058804679419652, 40.026314935658675 ], [ -75.060756582761599, 40.02530239725467 ], [ -75.06271239425412, 40.024292542301197 ], [ -75.062803006491478, 40.024403372897659 ], [ -75.063254166637094, 40.024913758823566 ], [ -75.063792503951305, 40.024638789845731 ], [ -75.064298500563709, 40.024373661059833 ], [ -75.064913957823705, 40.024061639429867 ], [ -75.064970947876432, 40.024110469627807 ], [ -75.065437185599464, 40.024642112422697 ], [ -75.065996094121772, 40.02529122842688 ], [ -75.066293414327973, 40.025612034155614 ], [ -75.066519792234573, 40.025805819092625 ], [ -75.066682952593638, 40.025841383557157 ], [ -75.067837215793745, 40.02649206348795 ], [ -75.067957487192047, 40.026584067667095 ], [ -75.067090327717338, 40.026777307795463 ], [ -75.066184938102026, 40.026915548478001 ], [ -75.07304390892628, 40.031295743718744 ], [ -75.073513935309464, 40.031555013913035 ], [ -75.0738696208536, 40.031764630320879 ], [ -75.073692538485616, 40.032108402181862 ], [ -75.073554618506876, 40.032363421145071 ], [ -75.073560213535188, 40.032445770645701 ], [ -75.073605612344494, 40.032518229829719 ], [ -75.073825681906186, 40.032645425720347 ], [ -75.074832871792566, 40.033203267332091 ], [ -75.074935644753708, 40.03325772149568 ], [ -75.075060786158389, 40.03334997800691 ], [ -75.075148738065096, 40.033446645630903 ], [ -75.075251302713369, 40.033661436635491 ], [ -75.075299511765451, 40.033783704283984 ], [ -75.074439930257427, 40.033981237152638 ], [ -75.071484662216747, 40.034665409639111 ], [ -75.071097555230608, 40.034743910978328 ], [ -75.069597384374035, 40.035094419063093 ], [ -75.068099971397331, 40.035431858536221 ], [ -75.067672413029001, 40.035527537438369 ], [ -75.066095277456853, 40.035908309092036 ], [ -75.065180402980403, 40.036125732030072 ], [ -75.064363639486558, 40.036307326025977 ], [ -75.063566527448273, 40.036485511186278 ], [ -75.063196457747225, 40.036586405472349 ], [ -75.062898549501625, 40.03670594903668 ], [ -75.062502852093004, 40.036894437597027 ], [ -75.062382034928959, 40.036795362759143 ] ] ] } },
{ "type": "Feature", "properties": { "MS_ID": "8210", "MS_Name": "Brown, Joseph H", "MS_Grade": "K-8" }, "geometry": { "type": "Polygon", "coordinates": [ [ [ -75.029307934479945, 40.046710939966566 ], [ -75.028388410521671, 40.04713150064881 ], [ -75.027147706117731, 40.047698938354728 ], [ -75.026395975195115, 40.048042732551565 ], [ -75.026110391417475, 40.048173338706398 ], [ -75.026044819314933, 40.048339874814701 ], [ -75.025965309736762, 40.048541809939145 ], [ -75.026115722402935, 40.04892110857427 ], [ -75.026208295863213, 40.049154550448179 ], [ -75.02632430049772, 40.049447076724384 ], [ -75.025895732626296, 40.049521706683322 ], [ -75.025488064176045, 40.049613417369187 ], [ -75.025020194607606, 40.049767059045848 ], [ -75.024608198510762, 40.049966375319208 ], [ -75.024005481305196, 40.050192847496376 ], [ -75.022872894112908, 40.050679189554096 ], [ -75.02258673304793, 40.050824460872029 ], [ -75.022231745704289, 40.051040965687605 ], [ -75.022026170301629, 40.051232502745407 ], [ -75.021821609522505, 40.051398720439906 ], [ -75.021606772890905, 40.05161538177915 ], [ -75.021484582150293, 40.051783553384062 ], [ -75.021346677707058, 40.051932344747343 ], [ -75.021069254476814, 40.052065150263509 ], [ -75.020823512955616, 40.052134000198571 ], [ -75.02042141397483, 40.052182816494053 ], [ -75.01998255499781, 40.05222941255753 ], [ -75.019521532385298, 40.052212119631591 ], [ -75.019184321337107, 40.052191431808566 ], [ -75.018897297253531, 40.052152929217442 ], [ -75.018637022860403, 40.052064372007763 ], [ -75.018386260737344, 40.051944359189918 ], [ -75.018169211774534, 40.051806140595531 ], [ -75.017863088841921, 40.051627784851746 ], [ -75.017670498524609, 40.05149648319447 ], [ -75.017544316144637, 40.051354086486597 ], [ -75.017550434785676, 40.051202164983387 ], [ -75.01758924577976, 40.05105735641996 ], [ -75.01768945949236, 40.050616214968919 ], [ -75.01773956595072, 40.050395641956278 ], [ -75.017756725182593, 40.050174286210705 ], [ -75.017789083700919, 40.049984972257469 ], [ -75.017880294183598, 40.049562621662851 ], [ -75.018030514210565, 40.049312750147678 ], [ -75.018161966684588, 40.04911945649441 ], [ -75.01833128834889, 40.049009432522219 ], [ -75.018533300835074, 40.048906522773834 ], [ -75.018747965243634, 40.048898955255851 ], [ -75.019030661397409, 40.048911403405981 ], [ -75.019353914397001, 40.049002065288036 ], [ -75.019583523126741, 40.049032867951297 ], [ -75.019882082597249, 40.048989274039819 ], [ -75.019991706588826, 40.048928519675698 ], [ -75.020111095475883, 40.048829978958722 ], [ -75.020124426223035, 40.048703572866614 ], [ -75.020079845638108, 40.048582126789306 ], [ -75.020054795124324, 40.048385113607843 ], [ -75.019993144460429, 40.048073178377585 ], [ -75.019983107262846, 40.048013966539941 ], [ -75.018563616346199, 40.047101543709665 ], [ -75.016377932364989, 40.045673449259162 ], [ -75.014703186208123, 40.044345867456073 ], [ -75.013422682803238, 40.043307139940602 ], [ -75.012708511876994, 40.043780822217151 ], [ -75.012467429314626, 40.043587646508712 ], [ -75.011393894336535, 40.042728765811262 ], [ -75.011342242594594, 40.042673956363274 ], [ -75.010101182322387, 40.04167243934792 ], [ -75.006973526215276, 40.040740993013259 ], [ -75.004838106053867, 40.040124211779833 ], [ -75.002506719903906, 40.038076330120681 ], [ -75.000319468032345, 40.036184342681352 ], [ -74.99899376226027, 40.035056771211345 ], [ -74.995923226153067, 40.032769378985748 ], [ -74.997264678929739, 40.031576587690708 ], [ -74.998409291805288, 40.030580559169564 ], [ -74.999759018143962, 40.029604793636182 ], [ -75.0015932214651, 40.028499635674116 ], [ -75.00316023945895, 40.027502189715776 ], [ -75.00633490899861, 40.025515400861615 ], [ -75.009692029477847, 40.023462890890407 ], [ -75.012101564453189, 40.021652540993706 ], [ -75.014395951604968, 40.020172845691413 ], [ -75.020087569869645, 40.025189001159049 ], [ -75.023993754704861, 40.030009609933153 ], [ -75.025354578413484, 40.031696280918219 ], [ -75.026281359889595, 40.032841085768226 ], [ -75.027418763594497, 40.034131283359379 ], [ -75.027468861949245, 40.034189583466159 ], [ -75.028010249592469, 40.035081215165192 ], [ -75.028575366213943, 40.035997005731218 ], [ -75.028890629421937, 40.036450088579379 ], [ -75.029134311808107, 40.036883915889746 ], [ -75.029155815093148, 40.036940178066445 ], [ -75.029678854245105, 40.037794658011059 ], [ -75.029320936562868, 40.037932070082725 ], [ -75.030056468178657, 40.03913391257796 ], [ -75.030843426588547, 40.040418956773735 ], [ -75.02825800975387, 40.041366783323319 ], [ -75.029677349423679, 40.043251881970015 ], [ -75.031551918621702, 40.045684560606389 ], [ -75.03103542148996, 40.045920809071262 ], [ -75.030743574796958, 40.046054298422128 ], [ -75.029307934479945, 40.046710939966566 ] ] ] } },
{ "type": "Feature", "properties": { "MS_ID": "8240", "MS_Name": "Disston, Hamilton", "MS_Grade": "K-8" }, "geometry": { "type": "Polygon", "coordinates": [ [ [ -75.044016115003174, 40.034020711476899 ], [ -75.043752444757502, 40.033720142760473 ], [ -75.043434761608353, 40.033357996795587 ], [ -75.042986108982674, 40.032841951374863 ], [ -75.042538374768483, 40.0323298794913 ], [ -75.04208891102374, 40.031817696431496 ], [ -75.041636199948599, 40.031300465562694 ], [ -75.041189092883712, 40.030787487225929 ], [ -75.040742830112777, 40.030277779691183 ], [ -75.040288738043657, 40.029766993479555 ], [ -75.03984251941246, 40.029245654171874 ], [ -75.039388004411478, 40.028735407318074 ], [ -75.03890723481706, 40.028186678276462 ], [ -75.038457712052093, 40.027673369931023 ], [ -75.038038478905776, 40.027189747406304 ], [ -75.037589613687501, 40.026680811953213 ], [ -75.037141877688526, 40.026165608298875 ], [ -75.036688378667151, 40.025651600117968 ], [ -75.036452847691464, 40.025360856896782 ], [ -75.036120508345022, 40.024931492357474 ], [ -75.035990287027914, 40.024822124716273 ], [ -75.035813023788123, 40.024573668561104 ], [ -75.035346103727946, 40.023951755152112 ], [ -75.035068286806109, 40.023557653954953 ], [ -75.034983620963587, 40.023497927097701 ], [ -75.034485663901336, 40.02288353233115 ], [ -75.034472105563324, 40.022808554889203 ], [ -75.034431478824374, 40.022726690314514 ], [ -75.033809173793244, 40.021906841507331 ], [ -75.033183242201346, 40.021032183914976 ], [ -75.029370849623561, 40.016289458580431 ], [ -75.029859464826444, 40.016224877994887 ], [ -75.032557135560779, 40.015812624946143 ], [ -75.034188081829853, 40.015526854588821 ], [ -75.035932369693711, 40.015122265975734 ], [ -75.038461314688973, 40.014341371204935 ], [ -75.04008877502163, 40.013724643583011 ], [ -75.043183456205469, 40.012301808027352 ], [ -75.045497027177959, 40.015391359845133 ], [ -75.046549465925267, 40.016354768020506 ], [ -75.046957088817706, 40.016666490547983 ], [ -75.047400629334149, 40.01699499112113 ], [ -75.047799211095338, 40.017327097465994 ], [ -75.048086501567028, 40.017501754377165 ], [ -75.048135949501102, 40.01758529731606 ], [ -75.048278832859936, 40.017690359074159 ], [ -75.048432410426514, 40.017806931776093 ], [ -75.048587089501851, 40.017938773230547 ], [ -75.048690600255469, 40.018028758041361 ], [ -75.048790260134481, 40.018142720093941 ], [ -75.048958058477552, 40.01833459840816 ], [ -75.049498648263665, 40.018930315978174 ], [ -75.050003178628785, 40.019512392481026 ], [ -75.050450673907122, 40.020027287836115 ], [ -75.050905750061176, 40.020536323345269 ], [ -75.051320446823127, 40.021015592359078 ], [ -75.05177492702299, 40.021536349848333 ], [ -75.052254986588025, 40.022081026344168 ], [ -75.052482902557514, 40.022347217879513 ], [ -75.052703517437067, 40.022593359397412 ], [ -75.052932658764703, 40.02286481292343 ], [ -75.053152942821939, 40.023106030508153 ], [ -75.053374106894879, 40.02336301410854 ], [ -75.053605362541404, 40.023616927357239 ], [ -75.053830519396868, 40.023882292486284 ], [ -75.054055738848021, 40.02413057563691 ], [ -75.054496490388587, 40.024649235648575 ], [ -75.054966356172187, 40.025172380397578 ], [ -75.055398336133024, 40.025674082982896 ], [ -75.056295343914599, 40.026704887531082 ], [ -75.055692446172955, 40.027016038203094 ], [ -75.055142384668514, 40.027302448536567 ], [ -75.054543764121661, 40.027608361391891 ], [ -75.055085309198049, 40.028237460265743 ], [ -75.055585578018665, 40.028816639439675 ], [ -75.055634835007211, 40.028862087864809 ], [ -75.056046326714593, 40.029340551541488 ], [ -75.05607891100891, 40.029456075016931 ], [ -75.055661681307853, 40.029844193898562 ], [ -75.055417142622829, 40.030087570765993 ], [ -75.05527018439092, 40.030221357444915 ], [ -75.054800485348082, 40.030643626362661 ], [ -75.054055751770647, 40.031181810533084 ], [ -75.053968792469902, 40.031238357971603 ], [ -75.053512067507029, 40.03156856374936 ], [ -75.053353311452128, 40.031661674462342 ], [ -75.053249948151191, 40.031701519137691 ], [ -75.052857962823396, 40.031797398787653 ], [ -75.052686282581831, 40.031847032287416 ], [ -75.050973542868917, 40.032325823564861 ], [ -75.049910328505632, 40.032611503648965 ], [ -75.048671987298235, 40.032954894986766 ], [ -75.047719479203849, 40.033302737366398 ], [ -75.046771394554582, 40.033684118641375 ], [ -75.046657932392918, 40.033727002369815 ], [ -75.045801641983516, 40.034176476257372 ], [ -75.044927686044289, 40.03464254968361 ], [ -75.044672104287372, 40.034772202628773 ], [ -75.044016115003174, 40.034020711476899 ] ] ] } },
{ "type": "Feature", "properties": { "MS_ID": "8270", "MS_Name": "Holme, Thomas", "MS_Grade": "K-8" }, "geometry": { "type": "Polygon", "coordinates": [ [ [ -75.007270050004919, 40.069162842833229 ], [ -75.002903651779874, 40.066683276351583 ], [ -75.000203200191578, 40.06515197637998 ], [ -74.999023732533018, 40.0644811441068 ], [ -74.998420808897862, 40.064138077648749 ], [ -74.995305486369688, 40.062365337040625 ], [ -74.994514685436158, 40.061915309701952 ], [ -74.994276980819635, 40.061782881164021 ], [ -74.993952240824186, 40.061629044655696 ], [ -74.993567752270152, 40.061493917999648 ], [ -74.993217747299141, 40.061397389171425 ], [ -74.992814030978423, 40.061332303326672 ], [ -74.992397117620342, 40.061269418680979 ], [ -74.991945724882456, 40.061167934864358 ], [ -74.991709390334222, 40.06109679086137 ], [ -74.991493516607406, 40.061005994283569 ], [ -74.99130342505201, 40.060925889352959 ], [ -74.991101057094852, 40.060825343279618 ], [ -74.990855413863841, 40.060660807330727 ], [ -74.990642305549898, 40.060502087368818 ], [ -74.990510533751262, 40.060438488973645 ], [ -74.990432572300648, 40.060397207455111 ], [ -74.989286928797995, 40.059376521477795 ], [ -74.987980160780893, 40.058216313966042 ], [ -74.985906824660901, 40.056378300947848 ], [ -74.985293167775637, 40.055829046832173 ], [ -74.985003026755635, 40.055576453819263 ], [ -74.984754337618725, 40.055358582041627 ], [ -74.984517958668704, 40.055149425596866 ], [ -74.984392331349795, 40.055017035967253 ], [ -74.98425738660454, 40.054903931808795 ], [ -74.984151556709392, 40.054828146947933 ], [ -74.984098781710316, 40.054783732310966 ], [ -74.984016881466857, 40.054708509021118 ], [ -74.983965725272512, 40.054627501257784 ], [ -74.983796320948272, 40.054203567734412 ], [ -74.982733522937139, 40.053015745623419 ], [ -74.982297430016359, 40.052520254093039 ], [ -74.981823710538677, 40.052047477411186 ], [ -74.981589206887051, 40.051824814724505 ], [ -74.981479897803581, 40.0517190269561 ], [ -74.980931322267793, 40.051214699760862 ], [ -74.980228456077825, 40.050582745452154 ], [ -74.976639957638596, 40.047407531906629 ], [ -74.978556593772055, 40.046776920971581 ], [ -74.979892035610419, 40.046340572217694 ], [ -74.98059132219197, 40.045943805601404 ], [ -74.981744965245809, 40.045064815786233 ], [ -74.982677722117529, 40.044069039558025 ], [ -74.983548333116929, 40.043032631597413 ], [ -74.984942772045628, 40.041769186054232 ], [ -74.986280444048035, 40.040942308702149 ], [ -74.987707265113173, 40.039958475211002 ], [ -74.98921273178432, 40.038655978629805 ], [ -74.99046771078892, 40.037570145223022 ], [ -74.991385171546469, 40.036776308391573 ], [ -74.994070515359795, 40.034416675946382 ], [ -74.995923226153067, 40.032769378985748 ], [ -74.99899376226027, 40.035056771211345 ], [ -75.000319468032345, 40.036184342681352 ], [ -75.002506719903906, 40.038076330120681 ], [ -75.004838106053867, 40.040124211779833 ], [ -75.006973526215276, 40.040740993013259 ], [ -75.010101182322387, 40.04167243934792 ], [ -75.011342242594594, 40.042673956363274 ], [ -75.011393894336535, 40.042728765811262 ], [ -75.012467429314626, 40.043587646508712 ], [ -75.012708511876994, 40.043780822217151 ], [ -75.013422682803238, 40.043307139940602 ], [ -75.014703186208123, 40.044345867456073 ], [ -75.016377932364989, 40.045673449259162 ], [ -75.018563616346199, 40.047101543709665 ], [ -75.019983107262846, 40.048013966539941 ], [ -75.019993144460429, 40.048073178377585 ], [ -75.020054795124324, 40.048385113607843 ], [ -75.020079845638108, 40.048582126789306 ], [ -75.020124426223035, 40.048703572866614 ], [ -75.020111095475883, 40.048829978958722 ], [ -75.019991706588826, 40.048928519675698 ], [ -75.019882082597249, 40.048989274039819 ], [ -75.019583523126741, 40.049032867951297 ], [ -75.019353914397001, 40.049002065288036 ], [ -75.019030661397409, 40.048911403405981 ], [ -75.018747965243634, 40.048898955255851 ], [ -75.018533300835074, 40.048906522773834 ], [ -75.01833128834889, 40.049009432522219 ], [ -75.018161966684588, 40.04911945649441 ], [ -75.018030514210565, 40.049312750147678 ], [ -75.017880294183598, 40.049562621662851 ], [ -75.017789083700919, 40.049984972257469 ], [ -75.017756725182593, 40.050174286210705 ], [ -75.01773956595072, 40.050395641956278 ], [ -75.01768945949236, 40.050616214968919 ], [ -75.01758924577976, 40.05105735641996 ], [ -75.017550434785676, 40.051202164983387 ], [ -75.017544316144637, 40.051354086486597 ], [ -75.017670498524609, 40.05149648319447 ], [ -75.017863088841921, 40.051627784851746 ], [ -75.018169211774534, 40.051806140595531 ], [ -75.018386260737344, 40.051944359189918 ], [ -75.018637022860403, 40.052064372007763 ], [ -75.018897297253531, 40.052152929217442 ], [ -75.019184321337107, 40.052191431808566 ], [ -75.019521532385298, 40.052212119631591 ], [ -75.01998255499781, 40.05222941255753 ], [ -75.02042141397483, 40.052182816494053 ], [ -75.020823512955616, 40.052134000198571 ], [ -75.02088993332903, 40.052341774151017 ], [ -75.020917239520315, 40.052481613585179 ], [ -75.020878406722758, 40.05262831661571 ], [ -75.020828776557437, 40.052770545282073 ], [ -75.020769025856794, 40.052891444263267 ], [ -75.020710801825373, 40.052974417963057 ], [ -75.020696105601246, 40.05306686235361 ], [ -75.020714648695531, 40.053151660731572 ], [ -75.02076937187438, 40.053292150645007 ], [ -75.020826130610814, 40.05338207472191 ], [ -75.020934781672608, 40.053409962897163 ], [ -75.02108747077061, 40.053434679209211 ], [ -75.021310598090466, 40.05348215761974 ], [ -75.021518291120216, 40.053503961948437 ], [ -75.021637402244295, 40.053544752313798 ], [ -75.021918305113942, 40.053656869309194 ], [ -75.022096717896446, 40.053724374456756 ], [ -75.022227813230515, 40.053740140788996 ], [ -75.022362020165119, 40.053815031571347 ], [ -75.022492099270877, 40.05385608053362 ], [ -75.02327873692073, 40.054085646941495 ], [ -75.023423911472193, 40.054160796750701 ], [ -75.023443422376872, 40.054289905363959 ], [ -75.023306143989146, 40.054427945416464 ], [ -75.023258835332115, 40.054580775186324 ], [ -75.02329770833741, 40.054706124632993 ], [ -75.023296977513084, 40.054792574416872 ], [ -75.023086835095285, 40.055036440289058 ], [ -75.023018321655584, 40.055117459789635 ], [ -75.022952702372123, 40.055187209063071 ], [ -75.022961262279281, 40.055292859231855 ], [ -75.022989590265908, 40.055407414316598 ], [ -75.02296392945901, 40.055499598660262 ], [ -75.022859126866592, 40.055648954179567 ], [ -75.022817352649085, 40.055732319410552 ], [ -75.022841838278069, 40.055874199751791 ], [ -75.022922854157542, 40.055975242631 ], [ -75.023066509102236, 40.05608831731233 ], [ -75.023193544241082, 40.056205215179922 ], [ -75.023298305323749, 40.056330019936638 ], [ -75.023357921160752, 40.05643883167243 ], [ -75.023399511344834, 40.056543315805179 ], [ -75.023451468910991, 40.056616252207789 ], [ -75.023519709401597, 40.056693793749254 ], [ -75.02361384315995, 40.056809910294824 ], [ -75.023732707352124, 40.056857018765797 ], [ -75.023907932674007, 40.056867502998784 ], [ -75.024104330873683, 40.056897470059667 ], [ -75.024218473744028, 40.056925486161866 ], [ -75.024286291000109, 40.057013561328858 ], [ -75.024269313123028, 40.057162892330595 ], [ -75.024247444011195, 40.057297345292973 ], [ -75.024259831724834, 40.057398868272962 ], [ -75.024280022387032, 40.057511121426145 ], [ -75.024315140651098, 40.05766168838808 ], [ -75.024321875459862, 40.057767295084346 ], [ -75.024256981430156, 40.05787963810014 ], [ -75.024204579794983, 40.057954316001769 ], [ -75.024130581500586, 40.058020046703426 ], [ -75.024006127162366, 40.058111995719791 ], [ -75.023937358322485, 40.058184176695022 ], [ -75.023804391264022, 40.058214764370582 ], [ -75.023643666332816, 40.058253129786841 ], [ -75.023465643028828, 40.05831217277386 ], [ -75.023358739577006, 40.058377122108318 ], [ -75.023256982196827, 40.058450628264531 ], [ -75.023183150651732, 40.058512144504434 ], [ -75.023093038079637, 40.058569055531891 ], [ -75.02297533559279, 40.058629530371981 ], [ -75.022880415277299, 40.058669455754654 ], [ -75.022779842741073, 40.058713465636302 ], [ -75.022684922192923, 40.058753390857426 ], [ -75.022566542519471, 40.058830720591054 ], [ -75.022429676712733, 40.058958225460238 ], [ -75.022270705480054, 40.059089423202522 ], [ -75.022145823064363, 40.05919190430042 ], [ -75.02208143359114, 40.059291604645722 ], [ -75.022013538833761, 40.059410202477004 ], [ -75.021967664200531, 40.059527213752936 ], [ -75.021896349824615, 40.059662600801801 ], [ -75.021847732271041, 40.05977954690718 ], [ -75.02175730775194, 40.059912371634475 ], [ -75.02164064950928, 40.060015048423956 ], [ -75.02156941869201, 40.060148328806683 ], [ -75.021502030683976, 40.060254283972142 ], [ -75.021367871957807, 40.060314366459849 ], [ -75.021242617590957, 40.06035778799783 ], [ -75.021166833974192, 40.060467761429607 ], [ -75.021123020486897, 40.06060169364698 ], [ -75.021051109966947, 40.060751828978333 ], [ -75.020997685422614, 40.06085178921662 ], [ -75.020944768159566, 40.060939107046778 ], [ -75.020817223623169, 40.061039416015817 ], [ -75.020702625289644, 40.061159012237709 ], [ -75.020579772822401, 40.061279115095957 ], [ -75.020493895021801, 40.061367056283068 ], [ -75.020330502976933, 40.061403243645614 ], [ -75.020193006013116, 40.061478007537524 ], [ -75.02008010163884, 40.061555464966105 ], [ -75.020022547629594, 40.061621583911354 ], [ -75.019986421083459, 40.06170086460083 ], [ -75.019922024885176, 40.061800563694653 ], [ -75.019828343652748, 40.061945963198532 ], [ -75.019737997076774, 40.062076679863061 ], [ -75.019644201376664, 40.062156699441573 ], [ -75.019547917214297, 40.062230333492408 ], [ -75.01947871542859, 40.062313045872784 ], [ -75.019404367383927, 40.062387201119108 ], [ -75.01931871281802, 40.062469523301907 ], [ -75.01922876021311, 40.062522217443721 ], [ -75.019105564488129, 40.062582557093272 ], [ -75.018999837683268, 40.062618005651956 ], [ -75.018848710670127, 40.062690334677043 ], [ -75.018741797073289, 40.062755279729018 ], [ -75.018662642295112, 40.062812447970458 ], [ -75.018552222088559, 40.062896290262231 ], [ -75.018421561842842, 40.062937470988381 ], [ -75.018282419992588, 40.06298477804318 ], [ -75.018164705595154, 40.063045247041408 ], [ -75.018046142401019, 40.063126785886318 ], [ -75.01800384966306, 40.063222791701655 ], [ -75.017949570137304, 40.06334381867574 ], [ -75.017889975888323, 40.06346050230507 ], [ -75.017796626255517, 40.063597473385499 ], [ -75.017666695812736, 40.063756771324122 ], [ -75.017496624008317, 40.063822321826102 ], [ -75.017306933183278, 40.063897950555919 ], [ -75.017145002776445, 40.063965802656504 ], [ -75.017043909346668, 40.064022448941401 ], [ -75.016891758378762, 40.064120059158213 ], [ -75.016779185459328, 40.064189084809534 ], [ -75.016666104049833, 40.064270752711721 ], [ -75.016570662716248, 40.06432331430387 ], [ -75.016402566974392, 40.064407891032324 ], [ -75.016239615455703, 40.064501025619833 ], [ -75.016208967221189, 40.064580436493365 ], [ -75.01616616152171, 40.064689082155539 ], [ -75.016006315546562, 40.064841340241976 ], [ -75.015885878283768, 40.06496922876012 ], [ -75.015765865190289, 40.065086583077196 ], [ -75.015749545973776, 40.065219057514668 ], [ -75.015742581705339, 40.065391825505543 ], [ -75.015655948390432, 40.065634401112227 ], [ -75.01558503848598, 40.065759250097472 ], [ -75.015492871375244, 40.065866721752677 ], [ -75.015451422744732, 40.065941656668841 ], [ -75.015379832610705, 40.06608336076097 ], [ -75.015314577218859, 40.066204126320315 ], [ -75.01521828261474, 40.06627775672721 ], [ -75.01508427752475, 40.066333617178856 ], [ -75.014983517492027, 40.066381833999444 ], [ -75.014852933308617, 40.06642090420663 ], [ -75.014690035829858, 40.066444443016557 ], [ -75.014553287163778, 40.066500237555623 ], [ -75.014421767795909, 40.066562483663752 ], [ -75.014284252695148, 40.066637240437181 ], [ -75.014186149501143, 40.066687628313986 ], [ -75.014141701142805, 40.066768818609667 ], [ -75.014159391157676, 40.066874687043146 ], [ -75.014234922751271, 40.066975605401382 ], [ -75.014292023008323, 40.067057104995975 ], [ -75.014389941557297, 40.067215497703501 ], [ -75.014398553804057, 40.06734223923187 ], [ -75.014345986490284, 40.067488613490006 ], [ -75.014303005982867, 40.067601473147484 ], [ -75.014250415890288, 40.067680361176457 ], [ -75.014137834340232, 40.06774938512693 ], [ -75.014014454624558, 40.067813933108098 ], [ -75.013909566938906, 40.067828307041736 ], [ -75.013767755229821, 40.067873435980978 ], [ -75.013685423591795, 40.067941070455888 ], [ -75.013654599647253, 40.068024694410688 ], [ -75.013662340069104, 40.068105017962885 ], [ -75.013658090154834, 40.068210364007015 ], [ -75.013630030693065, 40.068361539452575 ], [ -75.013612771470221, 40.068517190843131 ], [ -75.013569172444505, 40.06857731100871 ], [ -75.013414071813017, 40.068611578902299 ], [ -75.013288030761771, 40.068673954296635 ], [ -75.013205272630216, 40.068752122487098 ], [ -75.013143433824098, 40.068856096904099 ], [ -75.013094709562012, 40.068975146598198 ], [ -75.01304152189276, 40.069068781934163 ], [ -75.012999388408119, 40.069160572070956 ], [ -75.012924515684318, 40.069247363610032 ], [ -75.012855978822955, 40.069313217652315 ], [ -75.012780426671085, 40.069416865241919 ], [ -75.012643691181452, 40.069540144576386 ], [ -75.012483655800835, 40.06969661152543 ], [ -75.012402277783195, 40.069808555807953 ], [ -75.012347981788565, 40.069929580963269 ], [ -75.012277402651307, 40.070046000298312 ], [ -75.012162944145544, 40.070161374140504 ], [ -75.012072465488828, 40.07022670406738 ], [ -75.011936748898478, 40.070324699765763 ], [ -75.011820758307536, 40.070477997489135 ], [ -75.011736826448697, 40.070653148331978 ], [ -75.011664183030547, 40.070752646713053 ], [ -75.011530526075262, 40.070867562474575 ], [ -75.011455564501006, 40.070956460399302 ], [ -75.011401181981313, 40.071079592478213 ], [ -75.011330666242159, 40.071180051445175 ], [ -75.007270050004919, 40.069162842833229 ] ] ] } },
{ "type": "Feature", "properties": { "MS_ID": "8300", "MS_Name": "Mayfair", "MS_Grade": "K-8" }, "geometry": { "type": "Polygon", "coordinates": [ [ [ -75.048559243638906, 40.041146279229935 ], [ -75.045806870068233, 40.039580410567297 ], [ -75.04740650500834, 40.037893433538784 ], [ -75.048559447064292, 40.036666567039752 ], [ -75.046933036783642, 40.035763554454149 ], [ -75.045974196105959, 40.035227565080291 ], [ -75.044927686044289, 40.03464254968361 ], [ -75.045801641983516, 40.034176476257372 ], [ -75.046657932392918, 40.033727002369815 ], [ -75.046771394554582, 40.033684118641375 ], [ -75.047719479203849, 40.033302737366398 ], [ -75.048671987298235, 40.032954894986766 ], [ -75.049910328505632, 40.032611503648965 ], [ -75.050973542868917, 40.032325823564861 ], [ -75.052686282581831, 40.031847032287416 ], [ -75.052857962823396, 40.031797398787653 ], [ -75.053249948151191, 40.031701519137691 ], [ -75.054802709252357, 40.03255070960607 ], [ -75.05486963353033, 40.03259570069379 ], [ -75.056508499088594, 40.033503254434898 ], [ -75.058123690499912, 40.034405726331798 ], [ -75.059761867250785, 40.035311844006131 ], [ -75.061139977970029, 40.03606582397498 ], [ -75.062382034928959, 40.036795362759143 ], [ -75.062502852093004, 40.036894437597027 ], [ -75.06212144079015, 40.037106840410374 ], [ -75.061825535615043, 40.037305500240038 ], [ -75.061411101671339, 40.037639759200609 ], [ -75.061064794223242, 40.037963180881128 ], [ -75.061010513453169, 40.038013874253032 ], [ -75.058795061939009, 40.040101647954671 ], [ -75.058555949068506, 40.04031271787067 ], [ -75.05670935146712, 40.04206037491096 ], [ -75.056123015506259, 40.042646268755369 ], [ -75.055610284910728, 40.043188369144097 ], [ -75.054927816017127, 40.043855671688348 ], [ -75.054601503629684, 40.044157921071459 ], [ -75.054288575660905, 40.044447804167781 ], [ -75.048559243638906, 40.041146279229935 ] ] ] } },
{ "type": "Feature", "properties": { "MS_ID": "8350", "MS_Name": "Spruance, Gilbert", "MS_Grade": "K-8" }, "geometry": { "type": "Polygon", "coordinates": [ [ [ -75.071866672850092, 40.043959203548461 ], [ -75.071611980481464, 40.043824300870639 ], [ -75.071305854659769, 40.043647199000837 ], [ -75.071014439411499, 40.043484182051792 ], [ -75.070634003519629, 40.043273369919987 ], [ -75.070341460859339, 40.043101665876456 ], [ -75.070027558860801, 40.042931021514136 ], [ -75.069768557509931, 40.042788664233989 ], [ -75.069460256041339, 40.042622030622098 ], [ -75.06920821257458, 40.042477206954615 ], [ -75.068865298422111, 40.04229304231545 ], [ -75.068557788295351, 40.042124738794726 ], [ -75.068235635520509, 40.041946308128217 ], [ -75.067984202721249, 40.04179847020788 ], [ -75.067663253078365, 40.041635557581635 ], [ -75.067395686256901, 40.041479255587284 ], [ -75.067065960591009, 40.041297768499859 ], [ -75.066757709355613, 40.041114602455245 ], [ -75.066426014901111, 40.040937719540324 ], [ -75.066085789698008, 40.040729756641348 ], [ -75.065581875401548, 40.040443203162482 ], [ -75.064496218210621, 40.039854460214549 ], [ -75.063443139769475, 40.039269320376611 ], [ -75.062683462864115, 40.038834328560561 ], [ -75.06214677605864, 40.03854663122717 ], [ -75.061544882459728, 40.038214275601142 ], [ -75.061403803017456, 40.038136296495558 ], [ -75.061064794223242, 40.037963180881128 ], [ -75.061411101671339, 40.037639759200609 ], [ -75.061825535615043, 40.037305500240038 ], [ -75.06212144079015, 40.037106840410374 ], [ -75.062502852093004, 40.036894437597027 ], [ -75.062898549501625, 40.03670594903668 ], [ -75.063196457747225, 40.036586405472349 ], [ -75.063566527448273, 40.036485511186278 ], [ -75.064363639486558, 40.036307326025977 ], [ -75.065180402980403, 40.036125732030072 ], [ -75.066095277456853, 40.035908309092036 ], [ -75.067672413029001, 40.035527537438369 ], [ -75.068099971397331, 40.035431858536221 ], [ -75.069597384374035, 40.035094419063093 ], [ -75.071097555230608, 40.034743910978328 ], [ -75.071484662216747, 40.034665409639111 ], [ -75.074439930257427, 40.033981237152638 ], [ -75.075299511765451, 40.033783704283984 ], [ -75.076977959378382, 40.033397972680206 ], [ -75.077443883615786, 40.033296176686719 ], [ -75.080743847896557, 40.032539823443713 ], [ -75.081775930096313, 40.03230883999629 ], [ -75.081905214369328, 40.032282428233174 ], [ -75.082004405842468, 40.032258495217498 ], [ -75.082109046128551, 40.032227536248215 ], [ -75.083805626580855, 40.031900430453376 ], [ -75.083949746533392, 40.031864818843495 ], [ -75.08408993092327, 40.031821850631793 ], [ -75.084097405648947, 40.031881558424821 ], [ -75.084135215597996, 40.031968444667797 ], [ -75.084273648594376, 40.032173074144445 ], [ -75.084172266081893, 40.032313982349379 ], [ -75.084018387902105, 40.032539852581614 ], [ -75.083371848259276, 40.03324444864932 ], [ -75.082923493006447, 40.033723308673949 ], [ -75.082180247013014, 40.034487045930909 ], [ -75.081958415779525, 40.034718971495558 ], [ -75.081758695854958, 40.034925213558161 ], [ -75.08157537830283, 40.035111455791181 ], [ -75.081378853753947, 40.035313913235107 ], [ -75.08098162607358, 40.035714139293979 ], [ -75.080601122668341, 40.036131819358722 ], [ -75.080249225521868, 40.036510601286267 ], [ -75.079837186680308, 40.036922721824084 ], [ -75.079547096904747, 40.037222765086533 ], [ -75.079313653131479, 40.037471395119098 ], [ -75.079159109308492, 40.037622473914574 ], [ -75.078999976004667, 40.03779706653517 ], [ -75.078822057677556, 40.037989202322244 ], [ -75.078621402962767, 40.038206697716767 ], [ -75.078389640127355, 40.038434402429111 ], [ -75.078210997444359, 40.038618856252121 ], [ -75.078011354116072, 40.038827537694594 ], [ -75.077829927095806, 40.039002239119824 ], [ -75.077395805089239, 40.039465410600329 ], [ -75.077002428656826, 40.039886007664961 ], [ -75.076820970081585, 40.040075356887755 ], [ -75.0766524408713, 40.040258813023279 ], [ -75.076238285014767, 40.040686594592543 ], [ -75.075835713430735, 40.041096107380632 ], [ -75.075452567822992, 40.041478082176752 ], [ -75.075033703574988, 40.041941143862246 ], [ -75.074438925651279, 40.042544875982998 ], [ -75.073836569487767, 40.043175065259916 ], [ -75.073251092401051, 40.04379731122706 ], [ -75.07264598524705, 40.044395009375847 ], [ -75.072248609713242, 40.044162562355126 ], [ -75.071866672850092, 40.043959203548461 ] ] ] } },
{ "type": "Feature", "properties": { "MS_ID": "8380", "MS_Name": "Farrell, Louis H", "MS_Grade": "K-8" }, "geometry": { "type": "Polygon", "coordinates": [ [ [ -75.044610196067865, 40.076714260021042 ], [ -75.044375447849916, 40.076515986745726 ], [ -75.044200986268294, 40.076340808020987 ], [ -75.043982385910951, 40.076031529182465 ], [ -75.043816668455008, 40.075843883366886 ], [ -75.043504371564893, 40.075402508246363 ], [ -75.043446536501889, 40.07519839220523 ], [ -75.043471308329387, 40.075012373869058 ], [ -75.043481865394696, 40.074933111274653 ], [ -75.0435805873352, 40.074732682333874 ], [ -75.043811748421234, 40.074313610618489 ], [ -75.043878771372462, 40.07408075501489 ], [ -75.043888621613547, 40.073833881629355 ], [ -75.043673472601441, 40.073645069605242 ], [ -75.043380882740607, 40.073536802586595 ], [ -75.042996646614355, 40.073451719798442 ], [ -75.04273004179025, 40.07331238140349 ], [ -75.042341358555888, 40.073132150758411 ], [ -75.041854179577655, 40.072940093341671 ], [ -75.041612044628806, 40.07280766508903 ], [ -75.041388158590024, 40.072631315890035 ], [ -75.041321081240909, 40.072452325411106 ], [ -75.041361370412261, 40.072269529473608 ], [ -75.041474301484897, 40.072126460984521 ], [ -75.041812730645304, 40.071912676397304 ], [ -75.042084737045087, 40.071709997099468 ], [ -75.042488418338223, 40.071307665639537 ], [ -75.042761683643306, 40.071073333616205 ], [ -75.042852415125921, 40.070866381813538 ], [ -75.043025134016531, 40.070464942591443 ], [ -75.043575756558084, 40.069479984511155 ], [ -75.043761915568737, 40.069154894984855 ], [ -75.043859712990354, 40.068770698710729 ], [ -75.043887398761015, 40.068283475150018 ], [ -75.043863029548589, 40.068067475794585 ], [ -75.043782566420504, 40.067397128713196 ], [ -75.043679089785826, 40.06709689587565 ], [ -75.043508441818815, 40.066826762563821 ], [ -75.043319295125073, 40.066606881726571 ], [ -75.043118373976782, 40.066475428752945 ], [ -75.042891475725725, 40.066375041588714 ], [ -75.042523000819884, 40.066309336075804 ], [ -75.042147043453838, 40.066224442691158 ], [ -75.041812788653374, 40.066127861293992 ], [ -75.041470182981172, 40.066018667392562 ], [ -75.041333508885799, 40.065974787552207 ], [ -75.041173633149583, 40.065916494320938 ], [ -75.042246747860958, 40.063532092988289 ], [ -75.042735081358998, 40.062373930726231 ], [ -75.04413865112879, 40.059329857712143 ], [ -75.044236847417977, 40.059122673679092 ], [ -75.044521388067238, 40.058704586499651 ], [ -75.044792059132078, 40.058370038156426 ], [ -75.046537347733832, 40.056568621795911 ], [ -75.04667970088768, 40.056645143801461 ], [ -75.046856950568795, 40.056738937129261 ], [ -75.047004319124696, 40.056819119641574 ], [ -75.047397524398235, 40.057032106868007 ], [ -75.047805472518249, 40.057248691323338 ], [ -75.048146354801119, 40.057439439991171 ], [ -75.048560879519968, 40.057663488310638 ], [ -75.050582706284445, 40.05877056962207 ], [ -75.052023176453133, 40.059536693551351 ], [ -75.052408278021986, 40.059740597259314 ], [ -75.054184571878849, 40.060718981393208 ], [ -75.056146322964935, 40.061833398157425 ], [ -75.057698151070866, 40.062788811856926 ], [ -75.059624848798478, 40.063975381840358 ], [ -75.061336596763923, 40.065057789812343 ], [ -75.062181477954169, 40.065604700059232 ], [ -75.062557633131973, 40.06583861502309 ], [ -75.063040809424493, 40.066144789190332 ], [ -75.064058187194817, 40.066770256347851 ], [ -75.065026689786379, 40.067345239044975 ], [ -75.065846780966496, 40.067832099023924 ], [ -75.067356528461758, 40.06872835474919 ], [ -75.067827445307643, 40.068964671976815 ], [ -75.067496386277824, 40.069108613669009 ], [ -75.067198522333499, 40.069238721762332 ], [ -75.066901356581567, 40.069369768979506 ], [ -75.066604925653593, 40.069501777806593 ], [ -75.066309270797362, 40.069634772639787 ], [ -75.066013758829754, 40.069768068320833 ], [ -75.065718040265693, 40.069901308884951 ], [ -75.065423273696581, 40.070035772043973 ], [ -75.065130634528202, 40.070172754836705 ], [ -75.064841300355141, 40.0703135579692 ], [ -75.064556140322821, 40.070459155982192 ], [ -75.064273697134325, 40.07060802452375 ], [ -75.063993387354842, 40.07075943635126 ], [ -75.063714961873458, 40.070913018032108 ], [ -75.063438171867602, 40.071068388929099 ], [ -75.063162771927665, 40.071225171185866 ], [ -75.062888510789534, 40.071382986806277 ], [ -75.062615335653916, 40.071541806631529 ], [ -75.062343721444634, 40.071702342788349 ], [ -75.062073922430329, 40.07186474900675 ], [ -75.061806185926613, 40.072029147319491 ], [ -75.061540751369108, 40.072195651467986 ], [ -75.061277863624483, 40.072364386135177 ], [ -75.06101694643425, 40.072534946801781 ], [ -75.060757414945598, 40.072706938653319 ], [ -75.060499704787262, 40.072880615176473 ], [ -75.060244251552831, 40.073056230761807 ], [ -75.059991495524272, 40.073234039913565 ], [ -75.059741874533941, 40.073414299785284 ], [ -75.059495709215469, 40.073597206222267 ], [ -75.059252477090709, 40.073782447866598 ], [ -75.059011575005357, 40.073969559190139 ], [ -75.05877243914594, 40.074158088195375 ], [ -75.058534507936031, 40.074347585635628 ], [ -75.058297222178467, 40.074537601414242 ], [ -75.058060018024847, 40.074727684419699 ], [ -75.057822339829514, 40.074917383728334 ], [ -75.057583620049826, 40.075106252638172 ], [ -75.05552497347982, 40.076671328095891 ], [ -75.055376205401942, 40.076784425265195 ], [ -75.055345353910923, 40.076716704694576 ], [ -75.055173124968334, 40.076484569424281 ], [ -75.054984668188922, 40.076245717162038 ], [ -75.054792806094795, 40.076089045594394 ], [ -75.054559767084626, 40.075937960301133 ], [ -75.054313822530574, 40.075900511648214 ], [ -75.054147258832032, 40.075940955721492 ], [ -75.053995416327638, 40.076026097060982 ], [ -75.0539661660398, 40.076139460659881 ], [ -75.053929615762598, 40.07643639594118 ], [ -75.053868285931372, 40.076941838323414 ], [ -75.053777578756836, 40.077148798717651 ], [ -75.05362308928153, 40.07730040711197 ], [ -75.053461741807908, 40.077417006472103 ], [ -75.053252966074382, 40.077481803492169 ], [ -75.052912850019098, 40.077530845562372 ], [ -75.052631421168428, 40.077555922185645 ], [ -75.052343014224974, 40.077549152659067 ], [ -75.052128262886683, 40.077556783823084 ], [ -75.051986163295538, 40.077604135339335 ], [ -75.05186551085292, 40.077734360215416 ], [ -75.051685916636075, 40.077894879164575 ], [ -75.051506572205682, 40.078049069364056 ], [ -75.051228093642791, 40.078207267545515 ], [ -75.050966344494739, 40.078359520016491 ], [ -75.050648423197089, 40.078472438334956 ], [ -75.050389948608199, 40.078542399120131 ], [ -75.050157200838015, 40.078587619085091 ], [ -75.04995917909693, 40.078589303133249 ], [ -75.049737194105646, 40.078571417136089 ], [ -75.04940833315213, 40.078544680460091 ], [ -75.04883226443728, 40.078512133726342 ], [ -75.048183670578183, 40.07843669765365 ], [ -75.047779388550111, 40.078439863979717 ], [ -75.047431527690492, 40.078476036507709 ], [ -75.047070465160658, 40.078429529168993 ], [ -75.046718651818409, 40.078357892683286 ], [ -75.046311430385572, 40.078227928813611 ], [ -75.045954155847667, 40.078086466332749 ], [ -75.045614878224114, 40.077907411002677 ], [ -75.045349260288859, 40.077742758709057 ], [ -75.045181767738839, 40.077599422869838 ], [ -75.045054974036717, 40.077469718840085 ], [ -75.044961897516941, 40.077321798879794 ], [ -75.044893542533842, 40.077174459839917 ], [ -75.044827713903658, 40.076963821223998 ], [ -75.044742627523974, 40.076822426205034 ], [ -75.044610196067865, 40.076714260021042 ] ] ] } },
{ "type": "Feature", "properties": { "MS_ID": "8390", "MS_Name": "Fitzpatrick, Aloysius L", "MS_Grade": "K-8" }, "geometry": { "type": "Polygon", "coordinates": [ [ [ -75.001367890227058, 40.104562046076687 ], [ -75.001340227350894, 40.104473382678961 ], [ -74.999805953081022, 40.103237983938342 ], [ -74.999011055730804, 40.102577982615585 ], [ -74.998733405338697, 40.102310219918323 ], [ -74.998386253134086, 40.101850890760538 ], [ -74.998166804862066, 40.101607076755457 ], [ -74.99723871681806, 40.10075149195697 ], [ -74.996574246893644, 40.100140078323584 ], [ -74.995464056898669, 40.099167340377832 ], [ -74.994686986314989, 40.098515748932641 ], [ -74.991265787968885, 40.095779203568775 ], [ -74.988452616055767, 40.097800679638041 ], [ -74.988256508232382, 40.09796565247678 ], [ -74.988015558302251, 40.09819822678444 ], [ -74.987812550181005, 40.098403433270292 ], [ -74.987540511615506, 40.098658708968394 ], [ -74.987284001296388, 40.098851300721051 ], [ -74.986862862593767, 40.09914759612365 ], [ -74.98667529438427, 40.099279990042668 ], [ -74.985813711603569, 40.098558675671704 ], [ -74.984313757178953, 40.097299648119161 ], [ -74.984106439255868, 40.097106542765879 ], [ -74.980018382770723, 40.093711262519818 ], [ -74.978035836277996, 40.092055943816256 ], [ -74.977193260388873, 40.09133676742325 ], [ -74.975220751884038, 40.089854176405048 ], [ -74.973353566373433, 40.088504638917414 ], [ -74.97226035954651, 40.087723739672725 ], [ -74.971628548382824, 40.087251099885151 ], [ -74.971386077963516, 40.087055664891679 ], [ -74.971175132284813, 40.086913675331317 ], [ -74.970569506320984, 40.086385994240395 ], [ -74.970188095433542, 40.086023191707369 ], [ -74.969889624850396, 40.085709477705642 ], [ -74.968665693004922, 40.084332634218896 ], [ -74.967553075994189, 40.083076295540373 ], [ -74.966820901377261, 40.082216473817326 ], [ -74.966663195361519, 40.082014357408653 ], [ -74.966467569283779, 40.081739675368304 ], [ -74.966340402949299, 40.081542340328042 ], [ -74.966181879015451, 40.081249377036421 ], [ -74.96607904775324, 40.081032301104337 ], [ -74.965953487665686, 40.080724324797345 ], [ -74.965826889770568, 40.080373339296926 ], [ -74.965678391840726, 40.079904498837685 ], [ -74.965625502877643, 40.079626914250539 ], [ -74.964878233821565, 40.07739275793584 ], [ -74.964810546137045, 40.077165438262 ], [ -74.964931880856568, 40.077180313544297 ], [ -74.965040915493844, 40.077195997139896 ], [ -74.965148051295998, 40.077206220968471 ], [ -74.965254217414568, 40.077216350915549 ], [ -74.965440385150174, 40.077234217650847 ], [ -74.965735110331323, 40.077254714219976 ], [ -74.966030246495734, 40.077265202756344 ], [ -74.966182430568111, 40.077263881154863 ], [ -74.966297245187192, 40.077219916470639 ], [ -74.966488344324574, 40.07711769602998 ], [ -74.966595980220816, 40.07703682764955 ], [ -74.966669151546853, 40.076948447512486 ], [ -74.966749306829527, 40.076689944528134 ], [ -74.966773792526354, 40.076516909823034 ], [ -74.96682050111221, 40.076437905031248 ], [ -74.966940203014047, 40.076380700606101 ], [ -74.967267646852605, 40.07634522260966 ], [ -74.967551122216378, 40.076322034824813 ], [ -74.967807174141697, 40.076331573473752 ], [ -74.968281703934935, 40.076313010943473 ], [ -74.968744028706226, 40.076274114837119 ], [ -74.968892141453708, 40.076266012423339 ], [ -74.969082856489123, 40.076278976089959 ], [ -74.969295247480758, 40.076399310349103 ], [ -74.969479910747992, 40.076453865465815 ], [ -74.969626862584661, 40.076474115071427 ], [ -74.969786104655881, 40.076459602916756 ], [ -74.969899907688372, 40.076387229189649 ], [ -74.97001078599952, 40.076333147546478 ], [ -74.970109049792001, 40.076268745244967 ], [ -74.97025018729272, 40.076218733812254 ], [ -74.970367426136065, 40.076221569602303 ], [ -74.970510171689995, 40.07623837967644 ], [ -74.970692135697576, 40.076252796895183 ], [ -74.970837202921771, 40.076212897905762 ], [ -74.970940352842831, 40.076135256497409 ], [ -74.971053144634283, 40.076034474365521 ], [ -74.971170279902438, 40.075933797158918 ], [ -74.971260265634285, 40.07585917563037 ], [ -74.971347278697706, 40.075751092958583 ], [ -74.971380953634082, 40.075671769504481 ], [ -74.971414422190307, 40.075597452811046 ], [ -74.97139653928609, 40.075503527058629 ], [ -74.971348397100826, 40.075405532987624 ], [ -74.971288729579356, 40.075270528034018 ], [ -74.971231631538487, 40.07517899519268 ], [ -74.971235731747171, 40.075078923124465 ], [ -74.971248514684149, 40.074979062810087 ], [ -74.971279624589968, 40.074856271851658 ], [ -74.97131832623657, 40.074760374915371 ], [ -74.971365844773388, 40.074661354488931 ], [ -74.971451079574749, 40.074596635187028 ], [ -74.971591939233974, 40.074553295134237 ], [ -74.971618569111996, 40.07443373515477 ], [ -74.971574837176547, 40.074334175401582 ], [ -74.971486388729105, 40.074265257574659 ], [ -74.971270135263637, 40.074133145184852 ], [ -74.971078979716665, 40.074025014891959 ], [ -74.971027043307785, 40.07391357140299 ], [ -74.971035758425472, 40.073806933088406 ], [ -74.971104718192052, 40.073715109117103 ], [ -74.971198632390909, 40.073650599006392 ], [ -74.971537920480429, 40.073431750052372 ], [ -74.971732044203307, 40.073361315768324 ], [ -74.971872488892245, 40.073327981711429 ], [ -74.972012936921644, 40.073294648468028 ], [ -74.972128287528491, 40.073237335482318 ], [ -74.972218817438971, 40.073149370780001 ], [ -74.972271088229519, 40.073040446793357 ], [ -74.972296485655676, 40.07295090672303 ], [ -74.972331115480088, 40.072848235034947 ], [ -74.972412500497271, 40.072452860454248 ], [ -74.972433558655538, 40.072363214573826 ], [ -74.972500151031056, 40.072222918060405 ], [ -74.972573719393409, 40.072124524136385 ], [ -74.972654333030405, 40.072066371984853 ], [ -74.9727964159935, 40.071993008538414 ], [ -74.972916517077749, 40.071925791527981 ], [ -74.973061983440189, 40.071875883316153 ], [ -74.973211794385804, 40.071826078107676 ], [ -74.973380202400548, 40.071746673157321 ], [ -74.973501051181245, 40.071661108899875 ], [ -74.97358391660245, 40.071547915456087 ], [ -74.973604971686669, 40.071458271128392 ], [ -74.973623854367972, 40.071368574310284 ], [ -74.973668243773602, 40.071292848523456 ], [ -74.97380646071089, 40.071207704497269 ], [ -74.973975411426508, 40.071114956166014 ], [ -74.974117625162393, 40.071038254956122 ], [ -74.974258203878691, 40.0710015828951 ], [ -74.974415875227479, 40.070972001361618 ], [ -74.974610330243024, 40.070893221130845 ], [ -74.974800170544313, 40.070821010570072 ], [ -74.974898284211037, 40.070759938396058 ], [ -74.974979848447163, 40.070678433884844 ], [ -74.975039839837564, 40.070593068092023 ], [ -74.97506998790081, 40.070493625930062 ], [ -74.975099994701168, 40.070397519717602 ], [ -74.975120991635961, 40.07025611807331 ], [ -74.975096343454851, 40.07006186028319 ], [ -74.975104643431294, 40.069965228978134 ], [ -74.9751642245471, 40.069889872230995 ], [ -74.975249312117171, 40.069828485237622 ], [ -74.975347287507077, 40.069770747848267 ], [ -74.975457878897615, 40.069723333101805 ], [ -74.975580540573532, 40.069699582549042 ], [ -74.975722206050065, 40.069636223691958 ], [ -74.975966871309765, 40.069498553039736 ], [ -74.9761833006568, 40.069413625645758 ], [ -74.976400547990465, 40.069308681406177 ], [ -74.976607748561165, 40.069236885238148 ], [ -74.976731906918403, 40.069176440194866 ], [ -74.976826972215449, 40.069083573430888 ], [ -74.976871093585999, 40.068961095243665 ], [ -74.976910327094799, 40.06885185474146 ], [ -74.977005616898495, 40.068647137142783 ], [ -74.977077562453232, 40.068481921309662 ], [ -74.977151801886677, 40.068366847665537 ], [ -74.977203244003064, 40.06827793697839 ], [ -74.97726934416491, 40.068149310299475 ], [ -74.977328513444263, 40.068083957973009 ], [ -74.97745871910837, 40.067981920573025 ], [ -74.9776269727749, 40.067905844472797 ], [ -74.977856965534656, 40.067807884785381 ], [ -74.978008127223134, 40.067724716165181 ], [ -74.978159424762268, 40.067638213971065 ], [ -74.978370549179573, 40.067576527532317 ], [ -74.978616271534094, 40.067519012746146 ], [ -74.978880994967867, 40.067421886933445 ], [ -74.979091846694146, 40.067366870449696 ], [ -74.97918140471873, 40.067302250041273 ], [ -74.979411664554632, 40.067197615057957 ], [ -74.97958033525174, 40.067058104670515 ], [ -74.979712023024206, 40.066972796486681 ], [ -74.979791747684217, 40.066882896035359 ], [ -74.979840408671777, 40.066755518159546 ], [ -74.979908403236294, 40.066633614503772 ], [ -74.980047623380216, 40.066523444140259 ], [ -74.98016418169037, 40.066436100168453 ], [ -74.980267171058244, 40.066361785553518 ], [ -74.980377618406038, 40.066317702170849 ], [ -74.980513568361118, 40.066287589017335 ], [ -74.980675704268137, 40.066254767466361 ], [ -74.980752235529778, 40.066189832838035 ], [ -74.980856858046224, 40.066075489249869 ], [ -74.980921452339189, 40.06598355374981 ], [ -74.980966927263452, 40.065827715907844 ], [ -74.980946256509583, 40.065695327413735 ], [ -74.980920632191669, 40.065577845758625 ], [ -74.98096805301698, 40.06550935577075 ], [ -74.980930277526028, 40.065434396469676 ], [ -74.98076818185271, 40.065203528690873 ], [ -74.980692045146156, 40.06508455202809 ], [ -74.980670340612903, 40.065009761003807 ], [ -74.981060550525143, 40.064925888303549 ], [ -74.982355488229544, 40.064673770476055 ], [ -74.982420247265424, 40.065349491691137 ], [ -74.982413949779783, 40.065737371587836 ], [ -74.98236541229727, 40.066109590798533 ], [ -74.982302337581061, 40.066421684760151 ], [ -74.981951358067846, 40.067563963004687 ], [ -74.981829180441238, 40.067971284274641 ], [ -74.981727349389487, 40.068412491021107 ], [ -74.981648978812487, 40.068811325196862 ], [ -74.981564911451656, 40.069523433513673 ], [ -74.981414376528903, 40.07098998904096 ], [ -74.981347472142701, 40.071494431518431 ], [ -74.981258424418101, 40.071784848496925 ], [ -74.981174806837828, 40.07198613281551 ], [ -74.982877663178712, 40.07326270833547 ], [ -74.983175583389411, 40.073469486317613 ], [ -74.983658967236252, 40.073787978727594 ], [ -74.984632330101689, 40.07433652288281 ], [ -74.985414342881612, 40.074757414542709 ], [ -74.985749637747077, 40.074921327002578 ], [ -74.985994825689474, 40.075020733631916 ], [ -74.986286879786192, 40.07510790761917 ], [ -74.986570069267572, 40.075199321651517 ], [ -74.986886279992888, 40.075333828602034 ], [ -74.987163404471985, 40.075503017717075 ], [ -74.987383258210997, 40.07565524633398 ], [ -74.98756894135694, 40.075826604525403 ], [ -74.988272356952038, 40.076467121692318 ], [ -74.988851680564466, 40.076995194939627 ], [ -74.98921996786531, 40.077297778639334 ], [ -74.990003702321943, 40.077976871013981 ], [ -74.991182375082474, 40.078980359392709 ], [ -74.991378419639602, 40.078843412560289 ], [ -74.991495756763427, 40.078738917622445 ], [ -74.991614860816625, 40.078591030056991 ], [ -74.991750232436459, 40.078358784972686 ], [ -74.991885459309614, 40.078152947381156 ], [ -74.992021588310067, 40.077913484641968 ], [ -74.99214452925311, 40.077671151664454 ], [ -74.99226415503523, 40.077385191469126 ], [ -74.992374066639329, 40.077056074056486 ], [ -74.992489727494416, 40.076630909470865 ], [ -74.994642110088961, 40.076966309251148 ], [ -74.994920795632268, 40.077031746343337 ], [ -74.995282137968601, 40.07715036703388 ], [ -74.995443747372804, 40.076887646667402 ], [ -74.99556469868979, 40.076694124641151 ], [ -74.995719721392675, 40.076388100433981 ], [ -74.995872173022605, 40.076005529452374 ], [ -74.995893151175636, 40.075870986209061 ], [ -74.995918624235387, 40.075728059062044 ], [ -74.995926592788152, 40.075531830794041 ], [ -74.995921943756741, 40.075303406093418 ], [ -74.997403067794181, 40.073875826223421 ], [ -74.997668116291436, 40.073622153962631 ], [ -74.998028980757738, 40.073223408703733 ], [ -74.998105306628204, 40.073152295469725 ], [ -74.998363999491431, 40.072845461794927 ], [ -74.998542519664241, 40.072661980060502 ], [ -74.998647695788222, 40.07256233489813 ], [ -74.998948294439359, 40.072518452197485 ], [ -74.99953545380906, 40.071871737427301 ], [ -75.002254691483927, 40.073357521682581 ], [ -75.002339859297777, 40.073081104824716 ], [ -75.002466520409811, 40.072753156218347 ], [ -75.002621033319372, 40.072483935989439 ], [ -75.002829812834875, 40.072181176068305 ], [ -75.003041188787705, 40.071907509173911 ], [ -75.003301645400214, 40.071635015988562 ], [ -75.003607404503271, 40.071363604993429 ], [ -75.003942189011497, 40.071121919058655 ], [ -75.004229789239105, 40.070925558967012 ], [ -75.004833544271875, 40.070574164856524 ], [ -75.007270050004919, 40.069162842833229 ], [ -75.011330666242159, 40.071180051445175 ], [ -75.01312768506719, 40.072072680343283 ], [ -75.014088715379003, 40.072643652374083 ], [ -75.015065056965909, 40.073179433645478 ], [ -75.016836474827883, 40.074171198321956 ], [ -75.017051160449455, 40.074291391641189 ], [ -75.017144772524205, 40.074343800429524 ], [ -75.021749375449815, 40.076956449037411 ], [ -75.023714602785475, 40.077995738904519 ], [ -75.025378455331975, 40.07894441699348 ], [ -75.028449738536182, 40.080679391125841 ], [ -75.028605919220723, 40.080771095268602 ], [ -75.02698441790379, 40.082416567036695 ], [ -75.02677501201633, 40.082660598992781 ], [ -75.024896902189894, 40.084602454866946 ], [ -75.024773512845442, 40.084719170290285 ], [ -75.024162899780592, 40.085352135669666 ], [ -75.020773210986292, 40.088869692247826 ], [ -75.020597291800655, 40.089045362908401 ], [ -75.018599149874433, 40.091109794818372 ], [ -75.016719605348271, 40.093058557376125 ], [ -75.01522495753909, 40.094627060241152 ], [ -75.015030172009233, 40.094813029183335 ], [ -75.013734888548839, 40.096088632039717 ], [ -75.013431023953743, 40.096351954570224 ], [ -75.013063760298891, 40.096647549345278 ], [ -75.011946030999837, 40.097499689240529 ], [ -75.010239657776296, 40.098627488717298 ], [ -75.009546119439904, 40.099127882136962 ], [ -75.00835671186185, 40.099960205106655 ], [ -75.006090695951571, 40.101514307471369 ], [ -75.004906995121161, 40.10232227359235 ], [ -75.003084463455124, 40.103582544083537 ], [ -75.0020902065109, 40.104269754465854 ], [ -75.001497904498422, 40.104679132135203 ], [ -75.001367890227058, 40.104562046076687 ] ] ] } },
{ "type": "Feature", "properties": { "MS_ID": "8410", "MS_Name": "Pollock, Robert B", "MS_Grade": "K-8" }, "geometry": { "type": "Polygon", "coordinates": [ [ [ -75.028449738536182, 40.080679391125841 ], [ -75.025378455331975, 40.07894441699348 ], [ -75.023714602785475, 40.077995738904519 ], [ -75.021749375449815, 40.076956449037411 ], [ -75.017144772524205, 40.074343800429524 ], [ -75.017051160449455, 40.074291391641189 ], [ -75.016836474827883, 40.074171198321956 ], [ -75.015065056965909, 40.073179433645478 ], [ -75.014088715379003, 40.072643652374083 ], [ -75.01312768506719, 40.072072680343283 ], [ -75.011330666242159, 40.071180051445175 ], [ -75.011401181981313, 40.071079592478213 ], [ -75.011455564501006, 40.070956460399302 ], [ -75.011530526075262, 40.070867562474575 ], [ -75.011664183030547, 40.070752646713053 ], [ -75.011736826448697, 40.070653148331978 ], [ -75.011820758307536, 40.070477997489135 ], [ -75.011936748898478, 40.070324699765763 ], [ -75.012072465488828, 40.07022670406738 ], [ -75.012162944145544, 40.070161374140504 ], [ -75.012277402651307, 40.070046000298312 ], [ -75.012347981788565, 40.069929580963269 ], [ -75.012402277783195, 40.069808555807953 ], [ -75.012483655800835, 40.06969661152543 ], [ -75.012643691181452, 40.069540144576386 ], [ -75.012780426671085, 40.069416865241919 ], [ -75.012855978822955, 40.069313217652315 ], [ -75.012924515684318, 40.069247363610032 ], [ -75.012999388408119, 40.069160572070956 ], [ -75.01304152189276, 40.069068781934163 ], [ -75.013094709562012, 40.068975146598198 ], [ -75.013143433824098, 40.068856096904099 ], [ -75.013205272630216, 40.068752122487098 ], [ -75.013288030761771, 40.068673954296635 ], [ -75.013414071813017, 40.068611578902299 ], [ -75.013569172444505, 40.06857731100871 ], [ -75.013612771470221, 40.068517190843131 ], [ -75.013630030693065, 40.068361539452575 ], [ -75.013658090154834, 40.068210364007015 ], [ -75.013662340069104, 40.068105017962885 ], [ -75.013654599647253, 40.068024694410688 ], [ -75.013685423591795, 40.067941070455888 ], [ -75.013767755229821, 40.067873435980978 ], [ -75.013909566938906, 40.067828307041736 ], [ -75.014014454624558, 40.067813933108098 ], [ -75.014137834340232, 40.06774938512693 ], [ -75.014250415890288, 40.067680361176457 ], [ -75.014303005982867, 40.067601473147484 ], [ -75.014345986490284, 40.067488613490006 ], [ -75.014398553804057, 40.06734223923187 ], [ -75.014389941557297, 40.067215497703501 ], [ -75.014292023008323, 40.067057104995975 ], [ -75.014234922751271, 40.066975605401382 ], [ -75.014159391157676, 40.066874687043146 ], [ -75.014141701142805, 40.066768818609667 ], [ -75.014186149501143, 40.066687628313986 ], [ -75.014284252695148, 40.066637240437181 ], [ -75.014421767795909, 40.066562483663752 ], [ -75.014553287163778, 40.066500237555623 ], [ -75.014690035829858, 40.066444443016557 ], [ -75.014852933308617, 40.06642090420663 ], [ -75.014983517492027, 40.066381833999444 ], [ -75.01508427752475, 40.066333617178856 ], [ -75.01521828261474, 40.06627775672721 ], [ -75.015314577218859, 40.066204126320315 ], [ -75.015379832610705, 40.06608336076097 ], [ -75.015451422744732, 40.065941656668841 ], [ -75.015492871375244, 40.065866721752677 ], [ -75.01558503848598, 40.065759250097472 ], [ -75.015655948390432, 40.065634401112227 ], [ -75.015742581705339, 40.065391825505543 ], [ -75.015749545973776, 40.065219057514668 ], [ -75.015765865190289, 40.065086583077196 ], [ -75.015885878283768, 40.06496922876012 ], [ -75.016006315546562, 40.064841340241976 ], [ -75.01616616152171, 40.064689082155539 ], [ -75.016208967221189, 40.064580436493365 ], [ -75.016239615455703, 40.064501025619833 ], [ -75.016402566974392, 40.064407891032324 ], [ -75.016570662716248, 40.06432331430387 ], [ -75.016666104049833, 40.064270752711721 ], [ -75.016779185459328, 40.064189084809534 ], [ -75.016891758378762, 40.064120059158213 ], [ -75.017043909346668, 40.064022448941401 ], [ -75.017145002776445, 40.063965802656504 ], [ -75.017306933183278, 40.063897950555919 ], [ -75.017496624008317, 40.063822321826102 ], [ -75.017666695812736, 40.063756771324122 ], [ -75.017796626255517, 40.063597473385499 ], [ -75.017889975888323, 40.06346050230507 ], [ -75.017949570137304, 40.06334381867574 ], [ -75.01800384966306, 40.063222791701655 ], [ -75.018046142401019, 40.063126785886318 ], [ -75.018164705595154, 40.063045247041408 ], [ -75.018282419992588, 40.06298477804318 ], [ -75.018421561842842, 40.062937470988381 ], [ -75.018552222088559, 40.062896290262231 ], [ -75.018662642295112, 40.062812447970458 ], [ -75.018741797073289, 40.062755279729018 ], [ -75.018848710670127, 40.062690334677043 ], [ -75.018999837683268, 40.062618005651956 ], [ -75.019105564488129, 40.062582557093272 ], [ -75.01922876021311, 40.062522217443721 ], [ -75.01931871281802, 40.062469523301907 ], [ -75.019404367383927, 40.062387201119108 ], [ -75.01947871542859, 40.062313045872784 ], [ -75.019547917214297, 40.062230333492408 ], [ -75.019644201376664, 40.062156699441573 ], [ -75.019737997076774, 40.062076679863061 ], [ -75.019828343652748, 40.061945963198532 ], [ -75.019922024885176, 40.061800563694653 ], [ -75.019986421083459, 40.06170086460083 ], [ -75.020022547629594, 40.061621583911354 ], [ -75.02008010163884, 40.061555464966105 ], [ -75.020193006013116, 40.061478007537524 ], [ -75.020330502976933, 40.061403243645614 ], [ -75.020493895021801, 40.061367056283068 ], [ -75.020579772822401, 40.061279115095957 ], [ -75.020702625289644, 40.061159012237709 ], [ -75.020817223623169, 40.061039416015817 ], [ -75.020944768159566, 40.060939107046778 ], [ -75.020997685422614, 40.06085178921662 ], [ -75.021051109966947, 40.060751828978333 ], [ -75.021123020486897, 40.06060169364698 ], [ -75.021166833974192, 40.060467761429607 ], [ -75.021242617590957, 40.06035778799783 ], [ -75.021367871957807, 40.060314366459849 ], [ -75.021502030683976, 40.060254283972142 ], [ -75.02156941869201, 40.060148328806683 ], [ -75.02164064950928, 40.060015048423956 ], [ -75.02175730775194, 40.059912371634475 ], [ -75.021847732271041, 40.05977954690718 ], [ -75.021896349824615, 40.059662600801801 ], [ -75.021967664200531, 40.059527213752936 ], [ -75.022013538833761, 40.059410202477004 ], [ -75.02208143359114, 40.059291604645722 ], [ -75.022145823064363, 40.05919190430042 ], [ -75.022270705480054, 40.059089423202522 ], [ -75.022429676712733, 40.058958225460238 ], [ -75.022566542519471, 40.058830720591054 ], [ -75.022684922192923, 40.058753390857426 ], [ -75.022779842741073, 40.058713465636302 ], [ -75.022880415277299, 40.058669455754654 ], [ -75.02297533559279, 40.058629530371981 ], [ -75.023093038079637, 40.058569055531891 ], [ -75.023183150651732, 40.058512144504434 ], [ -75.023256982196827, 40.058450628264531 ], [ -75.023358739577006, 40.058377122108318 ], [ -75.023465643028828, 40.05831217277386 ], [ -75.023643666332816, 40.058253129786841 ], [ -75.023804391264022, 40.058214764370582 ], [ -75.023937358322485, 40.058184176695022 ], [ -75.024006127162366, 40.058111995719791 ], [ -75.024130581500586, 40.058020046703426 ], [ -75.024204579794983, 40.057954316001769 ], [ -75.024256981430156, 40.05787963810014 ], [ -75.024321875459862, 40.057767295084346 ], [ -75.024315140651098, 40.05766168838808 ], [ -75.024280022387032, 40.057511121426145 ], [ -75.024259831724834, 40.057398868272962 ], [ -75.024247444011195, 40.057297345292973 ], [ -75.024269313123028, 40.057162892330595 ], [ -75.024286291000109, 40.057013561328858 ], [ -75.024218473744028, 40.056925486161866 ], [ -75.024104330873683, 40.056897470059667 ], [ -75.023907932674007, 40.056867502998784 ], [ -75.023732707352124, 40.056857018765797 ], [ -75.02361384315995, 40.056809910294824 ], [ -75.023519709401597, 40.056693793749254 ], [ -75.023451468910991, 40.056616252207789 ], [ -75.023399511344834, 40.056543315805179 ], [ -75.023357921160752, 40.05643883167243 ], [ -75.023298305323749, 40.056330019936638 ], [ -75.023193544241082, 40.056205215179922 ], [ -75.023066509102236, 40.05608831731233 ], [ -75.022922854157542, 40.055975242631 ], [ -75.022841838278069, 40.055874199751791 ], [ -75.022817352649085, 40.055732319410552 ], [ -75.022859126866592, 40.055648954179567 ], [ -75.02296392945901, 40.055499598660262 ], [ -75.022989590265908, 40.055407414316598 ], [ -75.022961262279281, 40.055292859231855 ], [ -75.022952702372123, 40.055187209063071 ], [ -75.023018321655584, 40.055117459789635 ], [ -75.023086835095285, 40.055036440289058 ], [ -75.023296977513084, 40.054792574416872 ], [ -75.02329770833741, 40.054706124632993 ], [ -75.023258835332115, 40.054580775186324 ], [ -75.023306143989146, 40.054427945416464 ], [ -75.023443422376872, 40.054289905363959 ], [ -75.023423911472193, 40.054160796750701 ], [ -75.02327873692073, 40.054085646941495 ], [ -75.022492099270877, 40.05385608053362 ], [ -75.022362020165119, 40.053815031571347 ], [ -75.022227813230515, 40.053740140788996 ], [ -75.022096717896446, 40.053724374456756 ], [ -75.021918305113942, 40.053656869309194 ], [ -75.021637402244295, 40.053544752313798 ], [ -75.021518291120216, 40.053503961948437 ], [ -75.021310598090466, 40.05348215761974 ], [ -75.02108747077061, 40.053434679209211 ], [ -75.020934781672608, 40.053409962897163 ], [ -75.020826130610814, 40.05338207472191 ], [ -75.02076937187438, 40.053292150645007 ], [ -75.020714648695531, 40.053151660731572 ], [ -75.020696105601246, 40.05306686235361 ], [ -75.020710801825373, 40.052974417963057 ], [ -75.020769025856794, 40.052891444263267 ], [ -75.020828776557437, 40.052770545282073 ], [ -75.020878406722758, 40.05262831661571 ], [ -75.020917239520315, 40.052481613585179 ], [ -75.02088993332903, 40.052341774151017 ], [ -75.020823512955616, 40.052134000198571 ], [ -75.021069254476814, 40.052065150263509 ], [ -75.021346677707058, 40.051932344747343 ], [ -75.021484582150293, 40.051783553384062 ], [ -75.021606772890905, 40.05161538177915 ], [ -75.021821609522505, 40.051398720439906 ], [ -75.022026170301629, 40.051232502745407 ], [ -75.022231745704289, 40.051040965687605 ], [ -75.02258673304793, 40.050824460872029 ], [ -75.022872894112908, 40.050679189554096 ], [ -75.024005481305196, 40.050192847496376 ], [ -75.024608198510762, 40.049966375319208 ], [ -75.025020194607606, 40.049767059045848 ], [ -75.025488064176045, 40.049613417369187 ], [ -75.025895732626296, 40.049521706683322 ], [ -75.02632430049772, 40.049447076724384 ], [ -75.02701684656185, 40.049320187359996 ], [ -75.027502181189817, 40.049347532053744 ], [ -75.027729256154188, 40.049441617745273 ], [ -75.027905129778802, 40.049578844136988 ], [ -75.02802131823519, 40.049765344853618 ], [ -75.028112541238286, 40.049957588320282 ], [ -75.02824774092592, 40.050081177066225 ], [ -75.028402211915903, 40.050135524736795 ], [ -75.028656539667551, 40.050166895608292 ], [ -75.028961810923576, 40.050161453510526 ], [ -75.02921817104469, 40.050142181560425 ], [ -75.029646488885206, 40.050152325184904 ], [ -75.030090264709344, 40.050188177151689 ], [ -75.030779370713788, 40.050274189167887 ], [ -75.031160079215468, 40.050329665705618 ], [ -75.031386988122946, 40.050362728796493 ], [ -75.031558072977006, 40.05038765937087 ], [ -75.031822667981444, 40.050368575575696 ], [ -75.03202415569443, 40.050278302505454 ], [ -75.03215450129062, 40.050167550009796 ], [ -75.032399639802037, 40.049960878349516 ], [ -75.032503429017581, 40.049633856274298 ], [ -75.032604427164216, 40.049376466372252 ], [ -75.032735126464956, 40.04909855374293 ], [ -75.03275991877733, 40.048993643065486 ], [ -75.03275751269959, 40.048847857010756 ], [ -75.032751687740287, 40.048581603964003 ], [ -75.032828988149703, 40.048298307630084 ], [ -75.033011338210684, 40.048068186491513 ], [ -75.033118795732989, 40.04785530063414 ], [ -75.033186843072045, 40.047597131882974 ], [ -75.033204458161535, 40.04736311338003 ], [ -75.033248556249106, 40.047085368668142 ], [ -75.033326867817109, 40.046776752960248 ], [ -75.033462581493666, 40.046475830012263 ], [ -75.033619201092691, 40.046270443478825 ], [ -75.033806229543373, 40.046129136946078 ], [ -75.034091587920102, 40.046002825622899 ], [ -75.034406091082673, 40.045972244774333 ], [ -75.03477748750197, 40.0459620156008 ], [ -75.035170556416361, 40.046028330960731 ], [ -75.035544870242632, 40.046151226673217 ], [ -75.035883962518, 40.046330312937698 ], [ -75.036240036190449, 40.046497126936117 ], [ -75.036584332012978, 40.046752367459256 ], [ -75.036929641750163, 40.04698228604223 ], [ -75.037193347210149, 40.047191268710307 ], [ -75.037405864768132, 40.047443393568088 ], [ -75.037676543826691, 40.047684219797404 ], [ -75.037892352935017, 40.047854053551994 ], [ -75.038230955070517, 40.048045793344983 ], [ -75.03848123080725, 40.04817842149729 ], [ -75.038953898716031, 40.048316299591683 ], [ -75.039231164779508, 40.048392539095907 ], [ -75.039572553894573, 40.048514643339111 ], [ -75.039985545455593, 40.048701796742932 ], [ -75.03993652512294, 40.048897058593987 ], [ -75.039868502120257, 40.049155232224358 ], [ -75.039811152343674, 40.049765308997792 ], [ -75.039851870083638, 40.050190786255207 ], [ -75.039825534381436, 40.05043727096335 ], [ -75.039771452612882, 40.050759135362128 ], [ -75.039691142774032, 40.051118395390667 ], [ -75.039638578360595, 40.051402277498596 ], [ -75.039498079529068, 40.051823479264854 ], [ -75.039265577319867, 40.052277359058188 ], [ -75.039127813876277, 40.052541644778941 ], [ -75.039095920175782, 40.052602829522741 ], [ -75.039050577657335, 40.052912228409447 ], [ -75.039050720858185, 40.053114986299697 ], [ -75.039002448897264, 40.053291255130254 ], [ -75.038887017923827, 40.053497620939432 ], [ -75.038753087348795, 40.053754241391303 ], [ -75.038569982488198, 40.054003362234724 ], [ -75.038404365771143, 40.054227551719457 ], [ -75.0378549153302, 40.054978075943424 ], [ -75.037661288412139, 40.055283972821037 ], [ -75.037491869125162, 40.055603111547441 ], [ -75.037223848151811, 40.055913587465703 ], [ -75.037015766498811, 40.056168452501396 ], [ -75.03663001924059, 40.056742260948312 ], [ -75.036443860079729, 40.057067340048853 ], [ -75.036343876710973, 40.057299413234212 ], [ -75.036306376710684, 40.057618499059437 ], [ -75.036342988927672, 40.057857612712468 ], [ -75.03635264885061, 40.057939076991381 ], [ -75.036358233433887, 40.058177297382422 ], [ -75.036349877322479, 40.058386190855849 ], [ -75.036285256864161, 40.058764828154217 ], [ -75.036226966413707, 40.058985213663895 ], [ -75.036166396453368, 40.059262570163789 ], [ -75.036118503769202, 40.059635267217047 ], [ -75.03602562691438, 40.06030786463694 ], [ -75.03595833618165, 40.060547046029185 ], [ -75.035869370319858, 40.06070968282399 ], [ -75.03586151897899, 40.060905914907913 ], [ -75.035944794015734, 40.061091628116813 ], [ -75.036077754429115, 40.061272177770654 ], [ -75.036227444412134, 40.061446788002399 ], [ -75.036341141491974, 40.061696579560532 ], [ -75.036381201754793, 40.061931960378601 ], [ -75.036449910437909, 40.062275731260812 ], [ -75.036545489100277, 40.062566278103361 ], [ -75.036644992017415, 40.062758710126666 ], [ -75.036906479312705, 40.06302466339698 ], [ -75.037128043512368, 40.06325799335081 ], [ -75.03735112456279, 40.063453342403257 ], [ -75.037503100755941, 40.06357098082033 ], [ -75.037653810854536, 40.063720266483919 ], [ -75.037885389078454, 40.063909479718227 ], [ -75.038149669415944, 40.064105799570719 ], [ -75.038382010669409, 40.064276021179325 ], [ -75.038694966490766, 40.064492496076355 ], [ -75.038921095641214, 40.064611880443593 ], [ -75.039184369826387, 40.064833517879919 ], [ -75.039439913903777, 40.065042300844965 ], [ -75.039760483181695, 40.065274793634075 ], [ -75.039994095878527, 40.065413359947996 ], [ -75.040194499672353, 40.06555747967635 ], [ -75.040495038477445, 40.065672279412006 ], [ -75.040950341983773, 40.06583508055774 ], [ -75.041044271393062, 40.065869328283952 ], [ -75.041173633149583, 40.065916494320938 ], [ -75.041048568211821, 40.066194370668548 ], [ -75.040271651331437, 40.067920508793385 ], [ -75.039900550389291, 40.06871649825154 ], [ -75.039527498081299, 40.069358566524627 ], [ -75.039372740313667, 40.069555342010197 ], [ -75.038951066349753, 40.070056708807122 ], [ -75.037975901475491, 40.071078701239415 ], [ -75.036880579289203, 40.07220918662842 ], [ -75.034840304235459, 40.074308025730133 ], [ -75.033944686603135, 40.075225856400252 ], [ -75.033456329819799, 40.075733552485644 ], [ -75.032651561305272, 40.076563913553265 ], [ -75.030244990854925, 40.079059110481381 ], [ -75.029361003674751, 40.07996554086386 ], [ -75.028605919220723, 40.080771095268602 ], [ -75.028449738536182, 40.080679391125841 ] ] ] } },
{ "type": "Feature", "properties": { "MS_ID": "8420", "MS_Name": "Decatur, Stephen", "MS_Grade": "K-8" }, "geometry": { "type": "Polygon", "coordinates": [ [ [ -74.974611859609638, 40.119910518223364 ], [ -74.974535927594602, 40.119849188974136 ], [ -74.974426530847467, 40.119797207882335 ], [ -74.974287147750303, 40.119785137431748 ], [ -74.974075354183611, 40.119787280378276 ], [ -74.973607680303118, 40.119806464009066 ], [ -74.9733661476414, 40.119796278271011 ], [ -74.973110687093708, 40.119779951911788 ], [ -74.972991067266975, 40.119793026575309 ], [ -74.972819191051045, 40.119812818960348 ], [ -74.972671814559476, 40.119788218775675 ], [ -74.972558716436879, 40.119688259196131 ], [ -74.972505701255841, 40.119552021189186 ], [ -74.972428411781607, 40.119500815448411 ], [ -74.972238888369347, 40.119420776623791 ], [ -74.972055750952507, 40.119300259860928 ], [ -74.971932974440449, 40.11920587049832 ], [ -74.971858403136721, 40.119134414527117 ], [ -74.971784785265712, 40.119039760097657 ], [ -74.97170976553538, 40.118887027603343 ], [ -74.971602744982079, 40.118800274836339 ], [ -74.97149424481313, 40.118726545401081 ], [ -74.971296189150991, 40.118578095975401 ], [ -74.971206764483057, 40.118454037548759 ], [ -74.971141235320729, 40.118346519837559 ], [ -74.971019744864961, 40.118105592621454 ], [ -74.970913877496798, 40.117921639877459 ], [ -74.970842408300015, 40.117751577575426 ], [ -74.970750384451691, 40.117644869982563 ], [ -74.970613575123537, 40.117524018823751 ], [ -74.970451106257698, 40.117383682460968 ], [ -74.970346601590478, 40.117189604306674 ], [ -74.970267736233311, 40.117084665089457 ], [ -74.970178419408612, 40.117004142626783 ], [ -74.970033981806566, 40.116954214194557 ], [ -74.969890702295842, 40.116968163353597 ], [ -74.969775382228988, 40.11701471504027 ], [ -74.969618721907182, 40.116986256790753 ], [ -74.969478949965406, 40.116914672426127 ], [ -74.969324839640791, 40.116847096021353 ], [ -74.969202288225404, 40.116816559667434 ], [ -74.969085971269749, 40.116841319420409 ], [ -74.968916428519989, 40.11687349700145 ], [ -74.968685209426695, 40.116934659427898 ], [ -74.968439520751957, 40.117025942863712 ], [ -74.968319592345722, 40.117092698065498 ], [ -74.968216300913525, 40.117168561763108 ], [ -74.968124581712445, 40.117215683673145 ], [ -74.968034507500988, 40.117291866071746 ], [ -74.967890191551376, 40.117400115305749 ], [ -74.967732003013509, 40.117523988464775 ], [ -74.967539704988695, 40.11764994111325 ], [ -74.967483475063702, 40.117799501619196 ], [ -74.967461437442495, 40.117875879195552 ], [ -74.967353430568039, 40.117928410187055 ], [ -74.967122222424919, 40.117943130495256 ], [ -74.966949653590532, 40.118002806583036 ], [ -74.966721033439498, 40.118046612204928 ], [ -74.966532600891483, 40.118078329152425 ], [ -74.96638376413874, 40.118112456834957 ], [ -74.966079167576225, 40.118234237018633 ], [ -74.965919518330793, 40.118301478900214 ], [ -74.965772688849341, 40.118332751159819 ], [ -74.96559196896952, 40.118406737845646 ], [ -74.965430193968061, 40.118479733194441 ], [ -74.965332500881132, 40.118557181615529 ], [ -74.965260189439263, 40.118614927281683 ], [ -74.965147638964382, 40.118662993163881 ], [ -74.96499291483174, 40.118656343623584 ], [ -74.964835367227963, 40.118626406692627 ], [ -74.964732939848204, 40.118589096699822 ], [ -74.964627270838477, 40.118538649771949 ], [ -74.964533765031831, 40.118468180026433 ], [ -74.964487648421581, 40.118394504175683 ], [ -74.964507360474144, 40.118236805857862 ], [ -74.964487519632797, 40.118121682868896 ], [ -74.964416761219454, 40.11798065781138 ], [ -74.964332558986442, 40.117821891119632 ], [ -74.964280355390201, 40.117620366099253 ], [ -74.964205501853485, 40.117395074416244 ], [ -74.964135284866316, 40.117313151811139 ], [ -74.963997088522575, 40.117223141291241 ], [ -74.963829187684652, 40.117123295625582 ], [ -74.963734554687491, 40.117080369727312 ], [ -74.963574654110431, 40.117038766347576 ], [ -74.963409598494039, 40.116984700344844 ], [ -74.963293538059531, 40.116888288920237 ], [ -74.963219473900367, 40.116758790512492 ], [ -74.96317383581362, 40.116674623670946 ], [ -74.96314983322992, 40.116498795234932 ], [ -74.963140507774426, 40.116357806517897 ], [ -74.963154738175689, 40.116195620613361 ], [ -74.963132355618029, 40.1160963999885 ], [ -74.963113748570194, 40.115997269060003 ], [ -74.963110438780944, 40.115870936989005 ], [ -74.963145876768905, 40.115790530930191 ], [ -74.963248376637097, 40.115642095516847 ], [ -74.963322462303282, 40.115495145696116 ], [ -74.963394212501399, 40.115290094004685 ], [ -74.963412655015944, 40.11520927600025 ], [ -74.963348016946981, 40.11512644458324 ], [ -74.963247640715593, 40.114993407010594 ], [ -74.963144470575799, 40.114767427261263 ], [ -74.96309992523156, 40.114609621509736 ], [ -74.963247800564801, 40.114460833362131 ], [ -74.963456025810473, 40.114200315862284 ], [ -74.96366871303303, 40.113992149374717 ], [ -74.963999924514425, 40.113682370630912 ], [ -74.964090256013833, 40.113553953486999 ], [ -74.964137498690803, 40.113462223776082 ], [ -74.964155352312375, 40.113372685254781 ], [ -74.964136448919277, 40.113280803639391 ], [ -74.964020963918983, 40.113009539385693 ], [ -74.963918445438537, 40.112629753242658 ], [ -74.96387745809929, 40.112431401967797 ], [ -74.963882509409871, 40.11219353242344 ], [ -74.963878986475763, 40.112003346168798 ], [ -74.963848695355964, 40.111912638363009 ], [ -74.963783092804277, 40.111738361001343 ], [ -74.963775577675321, 40.111645304530022 ], [ -74.963794854220211, 40.111544189323716 ], [ -74.963850700578973, 40.111472985592634 ], [ -74.963934173830097, 40.111373425947001 ], [ -74.964044812602296, 40.11121067363387 ], [ -74.964103877068823, 40.111061185169397 ], [ -74.964119733020155, 40.110951279985031 ], [ -74.964119772377344, 40.110858406582032 ], [ -74.964039114003882, 40.110705531736087 ], [ -74.963901459623926, 40.110559980986224 ], [ -74.963837656076464, 40.110456854381766 ], [ -74.963839343859163, 40.110369824714638 ], [ -74.963811435836163, 40.110221129374416 ], [ -74.963745172203943, 40.110086017215067 ], [ -74.963708877856391, 40.109957434177311 ], [ -74.963708796212075, 40.109867461075581 ], [ -74.963770205199651, 40.109752856021593 ], [ -74.96388980842579, 40.109601930539014 ], [ -74.963976815949962, 40.10950826215479 ], [ -74.964073601482141, 40.109452560313592 ], [ -74.96423339141063, 40.109427409374987 ], [ -74.964408129026864, 40.109498396172349 ], [ -74.964507621566199, 40.109468880724222 ], [ -74.964601108134318, 40.1094014900223 ], [ -74.964678435122991, 40.109313391318388 ], [ -74.964736781758276, 40.109181298401218 ], [ -74.964763489353743, 40.109083265434393 ], [ -74.96480860228472, 40.108997287725906 ], [ -74.964905107099014, 40.108902398024846 ], [ -74.965087111555462, 40.108796518214888 ], [ -74.965204521394284, 40.108652793766012 ], [ -74.965385523336025, 40.108387260824578 ], [ -74.965514915216843, 40.108227863806576 ], [ -74.965579784520884, 40.108144981906413 ], [ -74.965583950617557, 40.10806555604411 ], [ -74.965502383240363, 40.107980864075955 ], [ -74.96543067252847, 40.107886253888971 ], [ -74.965367230046368, 40.107774428899447 ], [ -74.96529412593388, 40.107621736041096 ], [ -74.965210765883711, 40.107442675354456 ], [ -74.965121964962634, 40.107304114824942 ], [ -74.965016509309436, 40.107202880458296 ], [ -74.964724820993112, 40.107172596574898 ], [ -74.964420035317445, 40.107139092266827 ], [ -74.964194070386299, 40.107119105530188 ], [ -74.9639567751355, 40.107098842885186 ], [ -74.963708990701448, 40.107058011779415 ], [ -74.963515617169293, 40.106980765565879 ], [ -74.963334882058547, 40.106871901259495 ], [ -74.963248310989584, 40.106771124710853 ], [ -74.963212007188034, 40.106651001358685 ], [ -74.963268341415898, 40.106559740213171 ], [ -74.963387759075118, 40.10650745210237 ], [ -74.963464372377047, 40.106480323305711 ], [ -74.96359454454344, 40.106439942900288 ], [ -74.963657580255116, 40.106377619732271 ], [ -74.963669185432238, 40.106279221878353 ], [ -74.963616039298714, 40.106100891211604 ], [ -74.963691376622975, 40.105969209691828 ], [ -74.963784859177537, 40.105901819636934 ], [ -74.963906084182298, 40.10580317682134 ], [ -74.963962046106005, 40.105729071770526 ], [ -74.963944157982695, 40.105612545068865 ], [ -74.96379597945824, 40.105539297683684 ], [ -74.963591043855416, 40.105467577795444 ], [ -74.963397914465489, 40.105384534274279 ], [ -74.963182845041885, 40.105283544474474 ], [ -74.962963164745887, 40.105202758058979 ], [ -74.962691915466763, 40.105135233652511 ], [ -74.962554472196317, 40.105076756646426 ], [ -74.962497751985467, 40.104985410241142 ], [ -74.962427599839785, 40.104853103358295 ], [ -74.962431653499962, 40.104754523384727 ], [ -74.962466273317276, 40.104647976563157 ], [ -74.962538014246505, 40.104511853687846 ], [ -74.962376724715881, 40.104343962205078 ], [ -74.962090432670678, 40.1041367593823 ], [ -74.961991367508872, 40.10401826282574 ], [ -74.961765612240171, 40.103809624813032 ], [ -74.961563308925591, 40.103674114035329 ], [ -74.961401109539111, 40.103574403016673 ], [ -74.961226985583082, 40.103488913378548 ], [ -74.96114017300134, 40.103435546349274 ], [ -74.961018443595307, 40.103321324333436 ], [ -74.960988279392097, 40.103227718057283 ], [ -74.960993527980804, 40.10310014169535 ], [ -74.961023176999305, 40.10302249913908 ], [ -74.961088065847235, 40.102777373877153 ], [ -74.961197525697941, 40.102597183444516 ], [ -74.961201028055257, 40.102420225558284 ], [ -74.961233419847446, 40.102275895291584 ], [ -74.961288944443623, 40.102120514932956 ], [ -74.961280451553748, 40.10198244833424 ], [ -74.961176491377344, 40.101868187994221 ], [ -74.961100064430667, 40.101796677407506 ], [ -74.961060002620457, 40.101668001835556 ], [ -74.961124075048275, 40.101396736449303 ], [ -74.961224888940563, 40.101288895204689 ], [ -74.961393087767291, 40.101150760717658 ], [ -74.961476192963815, 40.101059901147359 ], [ -74.961641687126374, 40.100895579508546 ], [ -74.961699793930961, 40.100769286983677 ], [ -74.961742559313478, 40.100648426155921 ], [ -74.961766685814652, 40.10052130854028 ], [ -74.961799075533023, 40.100376977195545 ], [ -74.96184541778797, 40.100169133300874 ], [ -74.96185253345196, 40.100088039902012 ], [ -74.961888480505422, 40.099903163628078 ], [ -74.961931006488342, 40.099788102552125 ], [ -74.961994060490667, 40.099679342223283 ], [ -74.96201864140032, 40.099587063861563 ], [ -74.96198434418082, 40.099502063750201 ], [ -74.961916422959618, 40.099407542884769 ], [ -74.961814283042671, 40.099317994055014 ], [ -74.96173750165363, 40.099255184101537 ], [ -74.961678423271579, 40.099175387539532 ], [ -74.961756696366834, 40.099064095024197 ], [ -74.962069375227529, 40.098766932827758 ], [ -74.962076628968632, 40.098636504510182 ], [ -74.961906669538564, 40.0984959727095 ], [ -74.961722541801052, 40.098378315842702 ], [ -74.961605183281421, 40.098291302709399 ], [ -74.961586347191258, 40.098197970397308 ], [ -74.961658600043663, 40.098095238106218 ], [ -74.96177331562501, 40.098016755456158 ], [ -74.961808766558221, 40.097889912503376 ], [ -74.961787107503838, 40.097773293802859 ], [ -74.961721772566804, 40.097707858160291 ], [ -74.961617846686451, 40.097661802015168 ], [ -74.961412938363424, 40.09759007823591 ], [ -74.961189272222313, 40.097514995760818 ], [ -74.961058560584448, 40.097476997244186 ], [ -74.960922763899362, 40.097470800235321 ], [ -74.960789546383438, 40.097493689224194 ], [ -74.960678031040459, 40.097540323516256 ], [ -74.960567468727021, 40.097563761964295 ], [ -74.960461635144611, 40.097564094388161 ], [ -74.960076578914126, 40.097461876208584 ], [ -74.959732577104518, 40.097372260851245 ], [ -74.959625235556615, 40.097317413775158 ], [ -74.959474498904186, 40.097215074539626 ], [ -74.959373992686338, 40.097177808202233 ], [ -74.958765486270352, 40.096899039666333 ], [ -74.958514300345442, 40.096808654698691 ], [ -74.958250661949435, 40.09669486590348 ], [ -74.95816657239854, 40.096626070295073 ], [ -74.958093892328932, 40.096509662320209 ], [ -74.957994903764416, 40.096389713851806 ], [ -74.957651358946009, 40.096105646749372 ], [ -74.957353173708, 40.095959090618905 ], [ -74.957207604457693, 40.095914921021141 ], [ -74.957057306758671, 40.095893856147903 ], [ -74.956898025020379, 40.095907399328425 ], [ -74.956638907585443, 40.095959150293702 ], [ -74.956460866774407, 40.095969335564519 ], [ -74.956284977625643, 40.09592733032099 ], [ -74.956185430972809, 40.095866863718918 ], [ -74.956090580575065, 40.095738306986263 ], [ -74.956112648397038, 40.095615494259619 ], [ -74.955836403618349, 40.095257597484839 ], [ -74.955758365338397, 40.095133800385902 ], [ -74.955759548942936, 40.095013383319845 ], [ -74.955879154930784, 40.094724605366636 ], [ -74.956007063777221, 40.094463600220273 ], [ -74.95623346209122, 40.094013436330933 ], [ -74.956390874603812, 40.093724126046261 ], [ -74.956401817764558, 40.093550252007148 ], [ -74.956400958395122, 40.093387699681202 ], [ -74.956380742494147, 40.09323628638063 ], [ -74.956372691062114, 40.093064852168325 ], [ -74.956453022120613, 40.092857837007095 ], [ -74.956689996952221, 40.09247177960124 ], [ -74.956822222586922, 40.092289244195165 ], [ -74.956940853824221, 40.092161520517585 ], [ -74.957063736306679, 40.092022292374139 ], [ -74.957115488041936, 40.091866822224674 ], [ -74.957196984714756, 40.091677248214268 ], [ -74.957285175036262, 40.09155459112619 ], [ -74.957441120749479, 40.091346508317578 ], [ -74.957471608121949, 40.091248570472317 ], [ -74.957642130775156, 40.091145326604433 ], [ -74.95781370059548, 40.090833138751819 ], [ -74.957959060822944, 40.090560947103619 ], [ -74.957978219408091, 40.090462733962696 ], [ -74.957963045026631, 40.090372392142058 ], [ -74.957907540801529, 40.090252047948141 ], [ -74.957822311222628, 40.090119373092641 ], [ -74.957792156129443, 40.090025765868141 ], [ -74.957789143108258, 40.089915403802998 ], [ -74.957858273301326, 40.089796635519612 ], [ -74.958028912276674, 40.089690491634769 ], [ -74.958111731428346, 40.089560448074124 ], [ -74.958115551788509, 40.08946766437731 ], [ -74.958114545726161, 40.089354449615968 ], [ -74.958153514482774, 40.089279933826695 ], [ -74.958241397975328, 40.08916452500722 ], [ -74.95822879134451, 40.089011845246453 ], [ -74.958180329965771, 40.088720435549519 ], [ -74.958009151133027, 40.088243196130968 ], [ -74.957868227213382, 40.087903101499641 ], [ -74.957712636757265, 40.087643914710917 ], [ -74.957607980979503, 40.087203119860128 ], [ -74.957622911351407, 40.087069974785358 ], [ -74.958016210994202, 40.086832830175979 ], [ -74.958026000418229, 40.08659507602561 ], [ -74.958032783136773, 40.086476244811642 ], [ -74.958024607739489, 40.086307710975483 ], [ -74.958064252255312, 40.086170813108502 ], [ -74.958202160283648, 40.086033397931644 ], [ -74.958223825265762, 40.085874296023924 ], [ -74.958214502018379, 40.085641882341704 ], [ -74.958250422065859, 40.085274158364193 ], [ -74.958297122947073, 40.0850576182061 ], [ -74.958339407054268, 40.084948355474218 ], [ -74.958626111313905, 40.084592527228253 ], [ -74.958678232303441, 40.084381921507386 ], [ -74.95858816083252, 40.08427524979799 ], [ -74.958420923243011, 40.084207337745013 ], [ -74.958364349003475, 40.084113087997878 ], [ -74.95837182172221, 40.084023296253861 ], [ -74.958401767344796, 40.083938405253093 ], [ -74.958591278383238, 40.083924143232501 ], [ -74.958720694069982, 40.083901165067282 ], [ -74.958901849924544, 40.083722715694236 ], [ -74.958964197997602, 40.083584919094513 ], [ -74.958982898427337, 40.083451866351318 ], [ -74.958942971978175, 40.083320290453095 ], [ -74.958906105525628, 40.083206203023082 ], [ -74.959017046964192, 40.083081195028882 ], [ -74.959133315190584, 40.082918584675788 ], [ -74.959153067770487, 40.082805873096767 ], [ -74.959130342959156, 40.082715348937086 ], [ -74.959037572275676, 40.082582491625324 ], [ -74.958999272838042, 40.08250319866729 ], [ -74.959075883006747, 40.082386063109766 ], [ -74.959268143923552, 40.082370061103965 ], [ -74.959665120823445, 40.082314399849274 ], [ -74.959742388063901, 40.082303567007834 ], [ -74.959858013899478, 40.082248326875387 ], [ -74.959953257013325, 40.0821374469473 ], [ -74.960009800149393, 40.0820488472772 ], [ -74.960049051159416, 40.081921669099025 ], [ -74.960072046351385, 40.081785326136774 ], [ -74.960076712270038, 40.081671913903818 ], [ -74.960077999409961, 40.081535044870563 ], [ -74.960059715373418, 40.081451125457129 ], [ -74.960040249520063, 40.081290379651961 ], [ -74.960105709879315, 40.081178442329019 ], [ -74.960179443136397, 40.081076721240144 ], [ -74.9606259039805, 40.080790386344027 ], [ -74.960814185582748, 40.080651377824289 ], [ -74.960882203496979, 40.080582908731337 ], [ -74.960985098297854, 40.080511946609477 ], [ -74.961097774959413, 40.080414510325006 ], [ -74.961272322651155, 40.080186685018617 ], [ -74.961404835359915, 40.080029628123633 ], [ -74.961522266193313, 40.079922288666737 ], [ -74.961634392466252, 40.079838195165365 ], [ -74.96174163623057, 40.079764660834165 ], [ -74.961892856231856, 40.079662050553353 ], [ -74.961985350249932, 40.079601291331031 ], [ -74.962105839799946, 40.079472323147094 ], [ -74.962130318113736, 40.079352711854533 ], [ -74.962155182036881, 40.079117913887934 ], [ -74.962198790282685, 40.079008783879907 ], [ -74.962268723658212, 40.078893614574234 ], [ -74.96233239783723, 40.078825040228494 ], [ -74.96238653289798, 40.078774076636194 ], [ -74.962486822781514, 40.078663504643323 ], [ -74.96253280493778, 40.078549423035042 ], [ -74.962498523289199, 40.07843172582281 ], [ -74.962429799674752, 40.078253090632458 ], [ -74.962422600951498, 40.078111007657164 ], [ -74.962443944691003, 40.078014694143654 ], [ -74.962512369607836, 40.077936217711688 ], [ -74.96262828690277, 40.077865571013078 ], [ -74.963182673655723, 40.07738484004166 ], [ -74.963285742819565, 40.077203694231088 ], [ -74.963393725361755, 40.077114488709938 ], [ -74.963504747044951, 40.077057079088817 ], [ -74.963635975705799, 40.077036887072467 ], [ -74.963778994287352, 40.077047032463035 ], [ -74.964322458294518, 40.077043513110617 ], [ -74.964810546137045, 40.077165438262 ], [ -74.964878233821565, 40.07739275793584 ], [ -74.965625502877643, 40.079626914250539 ], [ -74.965678391840726, 40.079904498837685 ], [ -74.965826889770568, 40.080373339296926 ], [ -74.965953487665686, 40.080724324797345 ], [ -74.96607904775324, 40.081032301104337 ], [ -74.966181879015451, 40.081249377036421 ], [ -74.966340402949299, 40.081542340328042 ], [ -74.966467569283779, 40.081739675368304 ], [ -74.966663195361519, 40.082014357408653 ], [ -74.966820901377261, 40.082216473817326 ], [ -74.967553075994189, 40.083076295540373 ], [ -74.968665693004922, 40.084332634218896 ], [ -74.969889624850396, 40.085709477705642 ], [ -74.970188095433542, 40.086023191707369 ], [ -74.970569506320984, 40.086385994240395 ], [ -74.971175132284813, 40.086913675331317 ], [ -74.971386077963516, 40.087055664891679 ], [ -74.971628548382824, 40.087251099885151 ], [ -74.97226035954651, 40.087723739672725 ], [ -74.973353566373433, 40.088504638917414 ], [ -74.975220751884038, 40.089854176405048 ], [ -74.977193260388873, 40.09133676742325 ], [ -74.978035836277996, 40.092055943816256 ], [ -74.980018382770723, 40.093711262519818 ], [ -74.984106439255868, 40.097106542765879 ], [ -74.984313757178953, 40.097299648119161 ], [ -74.985813711603569, 40.098558675671704 ], [ -74.98667529438427, 40.099279990042668 ], [ -74.988073171810683, 40.100450240829439 ], [ -74.988919486520118, 40.10119660467246 ], [ -74.990035181545309, 40.102118988695509 ], [ -74.992178213945706, 40.103963569454891 ], [ -74.994436100831706, 40.10585213685129 ], [ -74.99470828060754, 40.106121493535234 ], [ -74.996395825946564, 40.107521800909097 ], [ -74.996689442285827, 40.10777583878162 ], [ -74.996823687552649, 40.107901363579131 ], [ -74.996679387609348, 40.108000506534879 ], [ -74.995498761393037, 40.108799045592143 ], [ -74.990720877948675, 40.11210146323161 ], [ -74.98962186970752, 40.112847727281739 ], [ -74.987777272313124, 40.114128017574792 ], [ -74.98497655197896, 40.116048088569215 ], [ -74.983766907950724, 40.116945591479535 ], [ -74.983295310079683, 40.117253669518682 ], [ -74.981475156106612, 40.118676913375133 ], [ -74.979965299747207, 40.119734700758755 ], [ -74.979850400501235, 40.119639213251936 ], [ -74.979736644374128, 40.11953199064375 ], [ -74.979599403903691, 40.119421298900207 ], [ -74.979468817520896, 40.119378971700854 ], [ -74.979283114616535, 40.119344022453376 ], [ -74.979131926045667, 40.119343281859308 ], [ -74.979007878289664, 40.119372217527342 ], [ -74.978890674911554, 40.119418733810683 ], [ -74.97879907649174, 40.119486182472201 ], [ -74.978645311874843, 40.119536894035619 ], [ -74.978478107946643, 40.119500213239348 ], [ -74.978366526809509, 40.119455440495109 ], [ -74.97824259706185, 40.119481476760349 ], [ -74.977975253334776, 40.119594026460263 ], [ -74.977736537712616, 40.119653575667208 ], [ -74.9776460053276, 40.119694926318608 ], [ -74.9775672638511, 40.11979460879553 ], [ -74.97751936128202, 40.120018383577985 ], [ -74.977382444225029, 40.120061519844285 ], [ -74.97724636119095, 40.12006114191805 ], [ -74.977141975368681, 40.120025246691483 ], [ -74.97704072411419, 40.119958955574184 ], [ -74.976928905976777, 40.119919978588435 ], [ -74.976794473753472, 40.119925444603503 ], [ -74.976611352858257, 40.119966013175869 ], [ -74.976398480112493, 40.120040694616392 ], [ -74.976136325279256, 40.120141756869181 ], [ -74.976065674162996, 40.120205353864499 ], [ -74.976028655733316, 40.120278469144573 ], [ -74.976047983967931, 40.120406637338618 ], [ -74.975930597637273, 40.12045749843611 ], [ -74.975772689286188, 40.120413058117748 ], [ -74.975727839433176, 40.120284998611652 ], [ -74.97567123948339, 40.120190033841133 ], [ -74.975566142030075, 40.120171536732272 ], [ -74.975389632770032, 40.12018904420357 ], [ -74.975225985414681, 40.120215570576867 ], [ -74.975100469029172, 40.120211090228409 ], [ -74.974971949839215, 40.120164453819825 ], [ -74.974805498978327, 40.120074818390897 ], [ -74.974687670575449, 40.119997966449354 ], [ -74.974611859609638, 40.119910518223364 ] ] ] } },
{ "type": "Feature", "properties": { "MS_ID": "8430", "MS_Name": "Greenberg, Joseph", "MS_Grade": "K-8" }, "geometry": { "type": "Polygon", "coordinates": [ [ [ -75.047805268453288, 40.112243954141327 ], [ -75.04497148690281, 40.110579868480343 ], [ -75.041245779238466, 40.108391784993984 ], [ -75.040021475165233, 40.107667442165443 ], [ -75.039836486609403, 40.107567401341505 ], [ -75.03946005928988, 40.107363830115375 ], [ -75.038843423266144, 40.107113114738553 ], [ -75.038215965342019, 40.106952162637462 ], [ -75.037784191482956, 40.106874221810564 ], [ -75.037156026403139, 40.106833212755831 ], [ -75.036486866385403, 40.106824415657009 ], [ -75.036064929583901, 40.106785932150792 ], [ -75.035645959963603, 40.106673355381965 ], [ -75.035360823494869, 40.106558234338948 ], [ -75.035222081425914, 40.106497910264942 ], [ -75.034760738630482, 40.106217392215939 ], [ -75.033898077599986, 40.105690145747097 ], [ -75.032998014958892, 40.105111078541043 ], [ -75.034398617805635, 40.104429599941142 ], [ -75.034973971546975, 40.104164804723119 ], [ -75.036970233443895, 40.103184901497805 ], [ -75.038563833679305, 40.102461804477997 ], [ -75.039857738608006, 40.101836463979261 ], [ -75.042614497457251, 40.100505312383646 ], [ -75.043211024896834, 40.100230031048923 ], [ -75.043596877181329, 40.100024455235634 ], [ -75.045531885485062, 40.099114478436441 ], [ -75.046212446712588, 40.09879441808166 ], [ -75.047116871016925, 40.098378399329732 ], [ -75.048428834938406, 40.09707683670527 ], [ -75.050752888367867, 40.094781084461147 ], [ -75.05148676871697, 40.0940921800102 ], [ -75.052100837909293, 40.093511371602695 ], [ -75.052641232184897, 40.093001128472835 ], [ -75.052938911288507, 40.092736131135304 ], [ -75.053013777671438, 40.092669483993532 ], [ -75.05359684465985, 40.092145793219075 ], [ -75.053907481410235, 40.091874798287051 ], [ -75.054241174197585, 40.091652324790417 ], [ -75.055687390161694, 40.090754025833533 ], [ -75.056458908951811, 40.090236145911959 ], [ -75.057068054512143, 40.089698198673041 ], [ -75.057694664442565, 40.088691375176175 ], [ -75.058280401379378, 40.087783892001646 ], [ -75.058720456634973, 40.08708410146879 ], [ -75.059099164673626, 40.086670750169496 ], [ -75.059972630070931, 40.086067465240447 ], [ -75.060034422874864, 40.086025105425598 ], [ -75.060115011609881, 40.085969859936569 ], [ -75.062420218221646, 40.084393285425342 ], [ -75.065474899170297, 40.082301532678365 ], [ -75.066969430364139, 40.081258610729286 ], [ -75.067089994344528, 40.081174476560655 ], [ -75.067924985594345, 40.080601181519988 ], [ -75.068276199197214, 40.080346677864675 ], [ -75.068464708670447, 40.080165502536218 ], [ -75.069216552026134, 40.079442054566364 ], [ -75.069830911907616, 40.078823685599438 ], [ -75.070380589841207, 40.078290997314419 ], [ -75.071008649220985, 40.077683293968647 ], [ -75.073014524705854, 40.078782257824443 ], [ -75.073705238170177, 40.079183359368045 ], [ -75.074635708586399, 40.07969191304754 ], [ -75.075168471056259, 40.079992080203922 ], [ -75.076259451299578, 40.080606739792657 ], [ -75.077122955785384, 40.081081159091703 ], [ -75.077868838996551, 40.081502318532536 ], [ -75.078845006814944, 40.082049292987676 ], [ -75.081687604179081, 40.083621315787113 ], [ -75.081189150627054, 40.084117842516783 ], [ -75.077802379977442, 40.085770605909318 ], [ -75.076285036276644, 40.087341841660482 ], [ -75.076211014237273, 40.087418492929238 ], [ -75.071233623508476, 40.092572003737779 ], [ -75.070708814004888, 40.093115325291215 ], [ -75.069456108943498, 40.094412170981187 ], [ -75.067174593893228, 40.096773920430927 ], [ -75.065670044286634, 40.098331262499364 ], [ -75.064933619753759, 40.099093495198723 ], [ -75.064242989596522, 40.099807689376092 ], [ -75.063745028158152, 40.100322628544831 ], [ -75.063565108053083, 40.100515285556938 ], [ -75.062820353806885, 40.101283120986444 ], [ -75.061417017236977, 40.102729883086674 ], [ -75.060315635585894, 40.103868676200975 ], [ -75.059552964527057, 40.104657225718256 ], [ -75.059228015732572, 40.104993193756656 ], [ -75.058424170653396, 40.105823883950649 ], [ -75.058291279581937, 40.10591680588248 ], [ -75.055333612282766, 40.107986636639545 ], [ -75.054269743834951, 40.10873110159568 ], [ -75.052973309171605, 40.10963827387004 ], [ -75.048557278944529, 40.112720036481221 ], [ -75.047805268453288, 40.112243954141327 ] ] ] } },
{ "type": "Feature", "properties": { "MS_ID": "8770", "MS_Name": "Hancock-LaBrum", "MS_Grade": "K-8" }, "geometry": { "type": "Polygon", "coordinates": [ [ [ -74.990003702321943, 40.077976871013981 ], [ -74.98921996786531, 40.077297778639334 ], [ -74.988851680564466, 40.076995194939627 ], [ -74.988272356952038, 40.076467121692318 ], [ -74.98756894135694, 40.075826604525403 ], [ -74.987383258210997, 40.07565524633398 ], [ -74.987163404471985, 40.075503017717075 ], [ -74.986886279992888, 40.075333828602034 ], [ -74.986570069267572, 40.075199321651517 ], [ -74.986286879786192, 40.07510790761917 ], [ -74.985994825689474, 40.075020733631916 ], [ -74.985749637747077, 40.074921327002578 ], [ -74.985414342881612, 40.074757414542709 ], [ -74.984632330101689, 40.07433652288281 ], [ -74.983658967236252, 40.073787978727594 ], [ -74.983175583389411, 40.073469486317613 ], [ -74.982877663178712, 40.07326270833547 ], [ -74.981174806837828, 40.07198613281551 ], [ -74.981258424418101, 40.071784848496925 ], [ -74.981347472142701, 40.071494431518431 ], [ -74.981414376528903, 40.07098998904096 ], [ -74.981564911451656, 40.069523433513673 ], [ -74.981648978812487, 40.068811325196862 ], [ -74.981727349389487, 40.068412491021107 ], [ -74.981829180441238, 40.067971284274641 ], [ -74.981951358067846, 40.067563963004687 ], [ -74.982302337581061, 40.066421684760151 ], [ -74.98236541229727, 40.066109590798533 ], [ -74.982413949779783, 40.065737371587836 ], [ -74.982420247265424, 40.065349491691137 ], [ -74.982355488229544, 40.064673770476055 ], [ -74.981060550525143, 40.064925888303549 ], [ -74.980966422604311, 40.064669071563941 ], [ -74.980925476006149, 40.06450113291681 ], [ -74.980906523611637, 40.064220200441532 ], [ -74.980913196150922, 40.064056750560354 ], [ -74.98093682653473, 40.063903725645631 ], [ -74.980981072095261, 40.063777910637413 ], [ -74.981019701089707, 40.063576831836095 ], [ -74.981039125356432, 40.063420367080482 ], [ -74.981083099262449, 40.063301223316799 ], [ -74.981096139053079, 40.063194688808913 ], [ -74.981091269100816, 40.063101080141166 ], [ -74.981015727044266, 40.062928969314648 ], [ -74.980933394786831, 40.06281679788507 ], [ -74.980864493240475, 40.06269493289988 ], [ -74.980803391505162, 40.062594960806138 ], [ -74.980807204418312, 40.062501561383584 ], [ -74.980828789531969, 40.062398572212523 ], [ -74.980867879067077, 40.062292665554899 ], [ -74.980911581380724, 40.062180193136562 ], [ -74.980985262728524, 40.062078460394019 ], [ -74.981007255904274, 40.061965464748084 ], [ -74.981028980237426, 40.061859139541212 ], [ -74.981014881161627, 40.061778664081963 ], [ -74.981001194136965, 40.061688181365994 ], [ -74.980953047956802, 40.061590189439556 ], [ -74.980908236848592, 40.061410473411669 ], [ -74.980916936003368, 40.061303834300531 ], [ -74.980934316211233, 40.061197404410905 ], [ -74.980942879116029, 40.061094101376419 ], [ -74.980925666400807, 40.060983501101866 ], [ -74.980916864905851, 40.060879778663718 ], [ -74.980885675267118, 40.060792213447385 ], [ -74.980842278917493, 40.060684318743178 ], [ -74.980767267754672, 40.06060571357947 ], [ -74.980547518690429, 40.060453500200609 ], [ -74.980480849725666, 40.060383445227657 ], [ -74.980424159294088, 40.060281907707775 ], [ -74.980432313074147, 40.0601886129162 ], [ -74.980484560696553, 40.0600796851148 ], [ -74.980556336227892, 40.060024651504293 ], [ -74.980666499552896, 40.059987239059254 ], [ -74.980815189222454, 40.059964111646075 ], [ -74.980933624722255, 40.059936915515834 ], [ -74.98108760777977, 40.05989054160095 ], [ -74.981207950354218, 40.059816644592942 ], [ -74.981311199645617, 40.059735657726144 ], [ -74.981401155088292, 40.05966102824717 ], [ -74.981524490710243, 40.059513745204498 ], [ -74.981611194248046, 40.059412325024752 ], [ -74.98198967925191, 40.058975688220471 ], [ -74.982103651080493, 40.058844873114687 ], [ -74.982185737938494, 40.058750020037429 ], [ -74.982296987067159, 40.058685920073138 ], [ -74.982475120195033, 40.05858002307523 ], [ -74.982608755676225, 40.058499767974382 ], [ -74.982754324559039, 40.058446511433729 ], [ -74.982957958923322, 40.058354584481378 ], [ -74.983327587759618, 40.058134764353049 ], [ -74.983513991503145, 40.05803908396144 ], [ -74.983685198494285, 40.057996460812056 ], [ -74.983839310166331, 40.057946746193544 ], [ -74.983996812114484, 40.057920488508891 ], [ -74.984111038457783, 40.057889848521462 ], [ -74.98424737790927, 40.057849722684857 ], [ -74.9843716469029, 40.057785935123484 ], [ -74.98453852004954, 40.057636357750688 ], [ -74.984913498682076, 40.057391619924672 ], [ -74.985065308265391, 40.057291764249761 ], [ -74.985151663828674, 40.05719867980018 ], [ -74.985185854792178, 40.05710601142134 ], [ -74.985180980806817, 40.057012402923853 ], [ -74.985143752330799, 40.056913005854256 ], [ -74.984949714063816, 40.056716343633866 ], [ -74.984819631864369, 40.056603025686549 ], [ -74.984693073355146, 40.056509825842845 ], [ -74.984588764978113, 40.056403805800834 ], [ -74.984493411619283, 40.056291325204654 ], [ -74.98440999142403, 40.056205842147605 ], [ -74.984337635219319, 40.05606219289735 ], [ -74.984295053469467, 40.055934286589022 ], [ -74.984283759975796, 40.055875386707228 ], [ -74.984269969934573, 40.05580346034975 ], [ -74.984263202683948, 40.055649703139601 ], [ -74.984259416890168, 40.055529407689278 ], [ -74.984248835722326, 40.055410642653335 ], [ -74.98425225091168, 40.055278811175604 ], [ -74.984226965995319, 40.055152990006206 ], [ -74.9841782077836, 40.055070010877813 ], [ -74.984064066107152, 40.05499213539381 ], [ -74.983943901895643, 40.054919677080711 ], [ -74.983796847748934, 40.05483210812455 ], [ -74.9837355436281, 40.05473713984486 ], [ -74.983679669174393, 40.054615589193901 ], [ -74.983619588425839, 40.054490599664938 ], [ -74.983475402979948, 40.054403652597387 ], [ -74.982791239350533, 40.053919714941294 ], [ -74.982539011880874, 40.053818478172815 ], [ -74.982322516405532, 40.053799906126464 ], [ -74.982205361218533, 40.053769987572792 ], [ -74.981912222800943, 40.053710090556365 ], [ -74.981827139926907, 40.053694478450048 ], [ -74.981711077020748, 40.053660502056552 ], [ -74.981590984199784, 40.053625346246179 ], [ -74.981392397803518, 40.053593849249225 ], [ -74.981100674192206, 40.053593496251928 ], [ -74.981044562800662, 40.05359222852843 ], [ -74.981010138674009, 40.053591314107301 ], [ -74.980941021214591, 40.053599959083918 ], [ -74.980831077925615, 40.053613710265495 ], [ -74.980703125355575, 40.053624299680763 ], [ -74.980630155685631, 40.053630079020856 ], [ -74.980491138049018, 40.053638905687492 ], [ -74.980286849094369, 40.053640658429813 ], [ -74.980200348348731, 40.053637124904604 ], [ -74.980166715645282, 40.053635751745446 ], [ -74.980121062018767, 40.053633886903825 ], [ -74.980087311116918, 40.053632508168313 ], [ -74.980041275000744, 40.053626800922039 ], [ -74.980001683525416, 40.053621891511966 ], [ -74.979937367189365, 40.053613916984744 ], [ -74.979836568491791, 40.053601419693571 ], [ -74.97972581494669, 40.053549177556555 ], [ -74.979686138861609, 40.053530462506835 ], [ -74.979657526149225, 40.053516966514827 ], [ -74.979642159662617, 40.05350511091698 ], [ -74.979579381893871, 40.053456678306596 ], [ -74.979510095246781, 40.053403223814222 ], [ -74.979380435964103, 40.053279893223738 ], [ -74.979141325002033, 40.053070446581486 ], [ -74.978864375881741, 40.052830035989494 ], [ -74.978555135239503, 40.05263559138109 ], [ -74.978006203986112, 40.052206913215663 ], [ -74.97683828922645, 40.051159102011688 ], [ -74.976076659036551, 40.050475769910328 ], [ -74.974784143947844, 40.04931608880409 ], [ -74.975261961759415, 40.0487456202316 ], [ -74.975760897763593, 40.048149927074448 ], [ -74.976214018523024, 40.047699514588402 ], [ -74.976639957638596, 40.047407531906629 ], [ -74.981113087451192, 40.051381804226381 ], [ -74.982089316172178, 40.052312555296083 ], [ -74.982733522937139, 40.053015745623419 ], [ -74.983796320948272, 40.054203567734412 ], [ -74.983965725272512, 40.054627501257784 ], [ -74.984016881466857, 40.054708509021118 ], [ -74.984098781710316, 40.054783732310966 ], [ -74.984151556709392, 40.054828146947933 ], [ -74.98425738660454, 40.054903931808795 ], [ -74.984392331349795, 40.055017035967253 ], [ -74.984517958668704, 40.055149425596866 ], [ -74.984754337618725, 40.055358582041627 ], [ -74.985003026755635, 40.055576453819263 ], [ -74.985293167775637, 40.055829046832173 ], [ -74.985906824660901, 40.056378300947848 ], [ -74.987980160780893, 40.058216313966042 ], [ -74.989286928797995, 40.059376521477795 ], [ -74.990432572300648, 40.060397207455111 ], [ -74.990510533751262, 40.060438488973645 ], [ -74.990642305549898, 40.060502087368818 ], [ -74.990855413863841, 40.060660807330727 ], [ -74.991101057094852, 40.060825343279618 ], [ -74.99130342505201, 40.060925889352959 ], [ -74.991493516607406, 40.061005994283569 ], [ -74.991709390334222, 40.06109679086137 ], [ -74.991945724882456, 40.061167934864358 ], [ -74.992397117620342, 40.061269418680979 ], [ -74.992814030978423, 40.061332303326672 ], [ -74.993217747299141, 40.061397389171425 ], [ -74.993567752270152, 40.061493917999648 ], [ -74.993952240824186, 40.061629044655696 ], [ -74.994276980819635, 40.061782881164021 ], [ -74.994514685436158, 40.061915309701952 ], [ -74.995305486369688, 40.062365337040625 ], [ -74.998420808897862, 40.064138077648749 ], [ -74.999023732533018, 40.0644811441068 ], [ -75.000203200191578, 40.06515197637998 ], [ -75.002903651779874, 40.066683276351583 ], [ -75.007270050004919, 40.069162842833229 ], [ -75.004833544271875, 40.070574164856524 ], [ -75.004229789239105, 40.070925558967012 ], [ -75.003942189011497, 40.071121919058655 ], [ -75.003607404503271, 40.071363604993429 ], [ -75.003301645400214, 40.071635015988562 ], [ -75.003041188787705, 40.071907509173911 ], [ -75.002829812834875, 40.072181176068305 ], [ -75.002621033319372, 40.072483935989439 ], [ -75.002466520409811, 40.072753156218347 ], [ -75.002339859297777, 40.073081104824716 ], [ -75.002254691483927, 40.073357521682581 ], [ -74.99953545380906, 40.071871737427301 ], [ -74.998948294439359, 40.072518452197485 ], [ -74.998647695788222, 40.07256233489813 ], [ -74.998542519664241, 40.072661980060502 ], [ -74.998363999491431, 40.072845461794927 ], [ -74.998105306628204, 40.073152295469725 ], [ -74.998028980757738, 40.073223408703733 ], [ -74.997668116291436, 40.073622153962631 ], [ -74.997403067794181, 40.073875826223421 ], [ -74.995921943756741, 40.075303406093418 ], [ -74.995926592788152, 40.075531830794041 ], [ -74.995918624235387, 40.075728059062044 ], [ -74.995893151175636, 40.075870986209061 ], [ -74.995872173022605, 40.076005529452374 ], [ -74.995719721392675, 40.076388100433981 ], [ -74.99556469868979, 40.076694124641151 ], [ -74.995443747372804, 40.076887646667402 ], [ -74.995282137968601, 40.07715036703388 ], [ -74.994920795632268, 40.077031746343337 ], [ -74.994642110088961, 40.076966309251148 ], [ -74.992489727494416, 40.076630909470865 ], [ -74.992374066639329, 40.077056074056486 ], [ -74.99226415503523, 40.077385191469126 ], [ -74.99214452925311, 40.077671151664454 ], [ -74.992021588310067, 40.077913484641968 ], [ -74.991885459309614, 40.078152947381156 ], [ -74.991750232436459, 40.078358784972686 ], [ -74.991614860816625, 40.078591030056991 ], [ -74.991495756763427, 40.078738917622445 ], [ -74.991378419639602, 40.078843412560289 ], [ -74.991182375082474, 40.078980359392709 ], [ -74.990003702321943, 40.077976871013981 ] ] ] } }
]
}
