year,aun,schl,ulcs,src_id,nces,name,governance,category,level,admission,council_district,gps,school_key
2019,126515001,3847,1010,101,421899003847,John Bartram High School,District,SDP K12 Schools,High,Neighborhood,2,"39.92149737, -75.23405562",126515001-3847
2019,126515001,3860,1020,102,421899003860,West Philadelphia High School,District,SDP K12 Schools,High,Neighborhood,3,"39.958110, -75.219654",126515001-3860
2019,126515001,7903,1030,103,421899000993,High School of the Future,District,SDP K12 Schools,High,Citywide,4,"39.97465766, -75.2047566",126515001-7903
2019,126515001,7780,1050,105,421899000765,Paul Robeson High School for Human Services,District,SDP K12 Schools,High,Citywide,3,"39.95679553, -75.20476311",126515001-7780
2019,126515001,7245,1100,110,421899003825,William L. Sayre High School,District,SDP K12 Schools,High,Neighborhood,3,"39.95759354, -75.23859405",126515001-7245
2019,126515001,8297,1130,113,421899007496,William T. Tilden School,District,SDP K12 Schools,Middle,Neighborhood,2,"39.92093619, -75.23227632",126515001-8297
2019,126515001,7815,1190,119,421899000830,Motivation High School,District,SDP K12 Schools,High,Special Admit,3,"39.94453199, -75.24184422",126515001-7815
2019,126515001,8029,1200,120,421899006869,John Barry School,District,SDP K12 Schools,Elementary-Middle,Neighborhood,4,"39.96437494, -75.23860376",126515001-8029
2019,126515001,3601,1230,123,421899003601,William C. Bryant School,District,SDP K12 Schools,Elementary-Middle,Neighborhood,3,"39.952687, -75.243691",126515001-3601
2019,126515001,3602,1250,125,421899003602,Joseph W. Catharine School,District,SDP K12 Schools,Elementary,Neighborhood,2,"39.927435, -75.239911",126515001-3602
2019,126515001,3782,1260,126,421899003782,Benjamin B. Comegys School,District,SDP K12 Schools,Elementary-Middle,Neighborhood,3,"39.940520, -75.216289",126515001-3782
2019,126515001,7706,1280,128,421899000619,Sadie Alexander School,District,SDP K12 Schools,Elementary-Middle,Neighborhood,3,"39.953099, -75.208187",126515001-7706
2019,126515001,5185,1290,129,421899005185,Andrew Hamilton School,District,SDP K12 Schools,Elementary-Middle,Neighborhood,3,"39.955438, -75.235543",126515001-5185
2019,126515001,6528,1300,130,421899006528,Avery D. Harrington School,District,SDP K12 Schools,Elementary-Middle,Neighborhood,3,"39.94736517, -75.23059508",126515001-6528
2019,126515001,6530,1340,134,421899006530,Henry C. Lea School,District,SDP K12 Schools,Elementary-Middle,Neighborhood,3,"39.954515, -75.216347",126515001-6530
2019,126515001,6533,1350,135,421899006533,William C. Longstreth School,District,SDP K12 Schools,Elementary-Middle,Neighborhood,3,"39.94090823, -75.23237316",126515001-6533
2019,126515001,3611,1360,136,421899003611,Morton McMichael School,District,SDP K12 Schools,Elementary-Middle,Neighborhood,3,"39.96619727, -75.19411487",126515001-3611
2019,126515001,3798,1370,137,421899003798,S. Weir Mitchell School,District,SDP K12 Schools,Elementary-Middle,Neighborhood,3,"39.93681427, -75.223291",126515001-3798
2019,126515001,6535,1380,138,421899006535,Thomas G. Morton School,District,SDP K12 Schools,Elementary,Neighborhood,2,"39.92346826, -75.22690015",126515001-6535
2019,126515001,3783,1390,139,421899003783,Samuel Powel School,District,SDP K12 Schools,Elementary,Neighborhood,3,"39.9599324, -75.19370686",126515001-3783
2019,126515001,3613,1400,140,421899003613,John M. Patterson School,District,SDP K12 Schools,Elementary,Neighborhood,2,"39.916095, -75.236762",126515001-3613
2019,126515001,3614,1410,141,421899003614,James Rhoads School,District,SDP K12 Schools,Elementary-Middle,Neighborhood,3,"39.967339, -75.220063",126515001-3614
2019,126515001,3615,1420,142,421899003615,Martha Washington School,District,SDP K12 Schools,Elementary-Middle,Neighborhood,3,"39.966206, -75.211179",126515001-3615
2019,126515001,3616,1440,144,421899003616,Penrose School,District,SDP K12 Schools,Elementary-Middle,Neighborhood,2,"39.90692358, -75.24865833",126515001-3616
2019,126515001,3804,1460,146,421899003804,Add B. Anderson School,District,SDP K12 Schools,Elementary-Middle,Neighborhood,3,"39.946726, -75.245717",126515001-3804
2019,126515001,4732,1470,147,421899004732,Alain Locke School,District,SDP K12 Schools,Elementary-Middle,Neighborhood,3,"39.96262376, -75.21245097",126515001-4732
2019,126515001,3663,1490,149,421899003663,Rudolph Blankenburg School,District,SDP K12 Schools,Elementary-Middle,Neighborhood,4,"39.97296312, -75.21388868",126515001-3663
2019,126515001,7022,1580,158,421899007223,Middle Years Alternative School,District,SDP K12 Schools,Middle,Citywide,3,"39.96425379, -75.21546704",126515001-7022
2019,126515001,3859,2000,200,421899003859,South Philadelphia High School,District,SDP K12 Schools,High,Neighborhood,1,"39.9238987, -75.1691065",126515001-3859
2019,126515001,3851,2010,201,421899003851,Benjamin Franklin High School,District,SDP K12 Schools,High,Neighborhood,5,"39.963530, -75.161640",126515001-3851
2019,126515001,6996,2020,202,421899006996,High School for Creative and Performing Arts School,District,SDP K12 Schools,High,Special Admit,2,"39.93941992, -75.16548375",126515001-6996
2019,126515001,8387,2050,205,421899007592,Science Leadership Academy Middle School,District,SDP K12 Schools,Middle,Neighborhood,3,"39.96299243, -75.19362923",126515001-8387
2019,126515001,3808,2140,214,421899003808,Julia R. Masterman School,District,SDP K12 Schools,Middle-High,Special Admit,5,"39.96320031, -75.16620758",126515001-3808
2019,126515001,3818,2160,216,421899003818,Furness High School,District,SDP K12 Schools,High,Neighborhood,1,"39.923762, -75.150585",126515001-3818
2019,126515001,7226,2190,219,421899003639,D. Newlin Fell School,District,SDP K12 Schools,Elementary-Middle,Neighborhood,2,"39.91558638, -75.16300858",126515001-7226
2019,126515001,3618,2210,221,421899003618,Bache-Martin School,District,SDP K12 Schools,Elementary-Middle,Neighborhood,5,"39.96967782, -75.17384692",126515001-3618
2019,126515001,3620,2240,224,421899003620,F. Amedee Bregy School,District,SDP K12 Schools,Elementary-Middle,Neighborhood,2,"39.914699, -75.176674",126515001-3620
2019,126515001,3622,2260,226,421899003622,George W. Childs School,District,SDP K12 Schools,Elementary-Middle,Neighborhood,2,"39.934637, -75.170493",126515001-3622
2019,126515001,6822,2290,229,421899006822,Franklin Learning Center,District,SDP K12 Schools,High,Special Admit,5,"39.965049, -75.162753",126515001-6822
2019,126515001,9999,2310,231,,Camelot Academy,Contracted,Alternate Schools,Middle-High,Alternative,5,"39.978134, -75.177658",126515001-9999
2019,126515001,3776,2320,232,421899003776,Stephen Girard School,District,SDP K12 Schools,Elementary,Neighborhood,2,"39.925059, -75.176611",126515001-3776
2019,126515001,3648,2340,234,421899003648,General George A. McCall School,District,SDP K12 Schools,Elementary-Middle,Neighborhood,1,"39.944635, -75.153180",126515001-3648
2019,126515001,3629,2370,237,421899003629,Delaplaine McDaniel School,District,SDP K12 Schools,Elementary-Middle,Neighborhood,2,"39.929592, -75.181793",126515001-3629
2019,126515001,3649,2380,238,421899003649,William M. Meredith School,District,SDP K12 Schools,Elementary-Middle,Neighborhood,1,"39.93974936, -75.15113339",126515001-3649
2019,126515001,4868,2390,239,421899004868,Robert Morris School,District,SDP K12 Schools,Elementary-Middle,Neighborhood,5,"39.975439, -75.178660",126515001-4868
2019,126515001,7664,2410,241,421899000551,Girard Academic Music Program,District,SDP K12 Schools,Middle-High,Special Admit,2,"39.92210463, -75.18256439",126515001-7664
2019,126515001,3635,2450,245,421899003635,Edwin M. Stanton School,District,SDP K12 Schools,Elementary-Middle,Neighborhood,2,"39.940503, -75.171017",126515001-3635
2019,126515001,5186,2470,247,421899005186,Albert M. Greenfield School,District,SDP K12 Schools,Elementary-Middle,Neighborhood,2,"39.95227234, -75.17739206",126515001-5186
2019,126515001,3805,2480,248,421899003805,Chester A. Arthur School,District,SDP K12 Schools,Elementary-Middle,Neighborhood,2,"39.94190083, -75.17569882",126515001-3805
2019,126515001,7225,2490,249,421899003636,Laura W. Waring School,District,SDP K12 Schools,Elementary-Middle,Neighborhood,5,"39.96491939, -75.1677006",126515001-7225
2019,126515001,3642,2510,251,421899003642,Andrew Jackson School,District,SDP K12 Schools,Elementary-Middle,Neighborhood,1,"39.934623, -75.163481",126515001-3642
2019,126515001,7227,2520,252,421899003644,Abram S. Jenks School,District,SDP K12 Schools,Elementary,Neighborhood,1,"39.918773, -75.168367",126515001-7227
2019,126515001,9999,2530,253,,Phila. Juv. Justice Services Ctr. School,District,Alternate Schools,Middle-High,Alternative,3,"39.96136565, -75.21572624",126515001-9999
2019,126515001,7228,2540,254,421899003646,Francis S. Key School,District,SDP K12 Schools,Elementary,Neighborhood,1,"39.9213857, -75.1601961",126515001-7228
2019,126515001,3647,2580,258,421899003647,Eliza B. Kirkbride School,District,SDP K12 Schools,Elementary-Middle,Neighborhood,1,"39.930020, -75.156466",126515001-3647
2019,126515001,3650,2590,259,421899003650,George W. Nebinger School,District,SDP K12 Schools,Elementary-Middle,Neighborhood,1,"39.936694, -75.153830",126515001-3650
2019,126515001,7904,2620,262,421899000962,Academy at Palumbo,District,SDP K12 Schools,High,Special Admit,2,"39.94019787, -75.16194915",126515001-7904
2019,126515001,3653,2630,263,421899003653,George W. Sharswood School,District,SDP K12 Schools,Elementary-Middle,Neighborhood,1,"39.91935714, -75.15055053",126515001-3653
2019,126515001,3654,2640,264,421899003654,Southwark School,District,SDP K12 Schools,Elementary-Middle,Neighborhood,1,"39.92637775, -75.16053168",126515001-3654
2019,126515001,7906,2650,265,421899000923,Science Leadership Academy,District,SDP K12 Schools,High,Special Admit,5,"39.955754, -75.176181",126515001-7906
2019,126515001,7905,2670,267,421899001010,Constitution High School,District,SDP K12 Schools,High,Citywide,1,"39.950252, -75.152336",126515001-7905
2019,126515001,8330,2680,268,421899007524,The Science Leadership Academy at Beeber,District,SDP K12 Schools,Middle-High,Special Admit,4,"39.98610221, -75.24192008",126515001-8330
2019,126515001,3657,2690,269,421899003657,John H. Taggart School,District,SDP K12 Schools,Elementary-Middle,Neighborhood,1,"39.91721223, -75.15452237",126515001-3657
2019,126515001,8294,2720,272,421899007511,Vare-Washington School,District,SDP K12 Schools,Elementary-Middle,Neighborhood,1,"39.93427949, -75.15252649",126515001-8294
2019,126515001,9999,3190,319,,Crossroads at Hunting Park,District,Alternate Schools,Elementary,Alternative,7,"40.01425525, -75.12599679",126515001-9999
2019,126515001,9999,3210,321,,Ben Franklin High School EOP,District,Alternate Schools,High,Alternative,5,"39.963530, -75.161640",126515001-9999
2019,126515001,0,3240,324,,Liguori Academy-Fortis,Contracted,Alternate Schools,High,Alternative,7,"39.994204, -75.111842",126515001-0
2019,126515001,9999,3290,329,,Excel Academy South,Contracted,Alternate Schools,High,Alternative,7,"40.02608143, -75.10251944",126515001-9999
2019,126515001,9999,3510,351,,El Centro de Estudiantes (Big Picture),Contracted,Alternate Schools,High,Alternative,7,"39.98496968, -75.13410646",126515001-9999
2019,126515001,9999,3540,354,,Ombudsman Northwest,Contracted,Alternate Schools,High,Alternative,9,"40.05586457, -75.15648403",126515001-9999
2019,126515001,9999,3810,381,,One Bright Ray - Elmwood Campus,Contracted,Alternate Schools,High,Alternative,2,"39.92251591, -75.22908493",126515001-9999
2019,126515001,9999,3820,382,,Camelot Academy East,Contracted,Alternate Schools,Middle-High,Alternative,7,"40.01425525, -75.12599679",126515001-9999
2019,126515001,9999,3850,385,,Northeast High School EOP,District,Alternate Schools,High,Alternative,10,"40.055681, -75.071168",126515001-9999
2019,126515001,9999,3880,388,,South Philadelphia High School EOP,District,Alternate Schools,High,Alternative,2,"39.9238987, -75.1691065",126515001-9999
2019,126515001,3857,4020,402,421899003857,Overbrook High School,District,SDP K12 Schools,High,Neighborhood,4,"39.981028, -75.238556",126515001-3857
2019,126515001,7023,4030,403,421899007023,High School of Engineering and Science,District,SDP K12 Schools,Middle-High,Special Admit,5,"39.98341809, -75.16127789",126515001-7023
2019,126515001,3841,4060,406,421899003841,Murrell Dobbins Career and Technical High School,District,SDP K12 Schools,High,Citywide,5,"39.9954293, -75.16679334",126515001-3841
2019,126515001,7255,4140,414,421899003839,Strawberry Mansion High School,District,SDP K12 Schools,High,Neighborhood,5,"39.99074371, -75.18402464",126515001-7255
2019,126515001,3662,4220,422,421899003662,James G. Blaine School,District,SDP K12 Schools,Elementary-Middle,Neighborhood,5,"39.98521297, -75.18293887",126515001-3662
2019,126515001,3664,4240,424,421899003664,Lewis C. Cassidy Academics Plus School,District,SDP K12 Schools,Elementary-Middle,Neighborhood,4,"39.97551874, -75.25077443",126515001-3664
2019,126515001,3786,4270,427,421899003786,William Dick School,District,SDP K12 Schools,Elementary-Middle,Neighborhood,5,"39.986730, -75.173787",126515001-3786
2019,126515001,3668,4280,428,421899003668,Samuel Gompers School,District,SDP K12 Schools,Elementary-Middle,Neighborhood,4,"39.99205763, -75.23754028",126515001-3668
2019,126515001,5187,4300,430,421899005187,Edward Heston School,District,SDP K12 Schools,Elementary-Middle,Neighborhood,3,"39.977852, -75.229727",126515001-5187
2019,126515001,3670,4320,432,421899003670,Robert E. Lamberton School,District,SDP K12 Schools,Elementary-Middle,Neighborhood,4,"39.975465, -75.266329",126515001-3670
2019,126515001,8292,4350,435,421899007517,E. Washington Rhodes School,District,SDP K12 Schools,Elementary-Middle,Neighborhood,4,"40.00275594, -75.17812979",126515001-8292
2019,126515001,8389,4360,436,421899007593,Kenderton Elementary School,District,SDP K12 Schools,Elementary-Middle,Neighborhood,8,"40.004940, -75.154241",126515001-8389
2019,126515001,7472,4370,437,421899000237,Overbrook School,District,SDP K12 Schools,Elementary-Middle,Neighborhood,4,"39.98225806, -75.24584611",126515001-7472
2019,126515001,3675,4380,438,421899003675,Thomas M. Peirce School,District,SDP K12 Schools,Elementary,Neighborhood,8,"39.998839, -75.168424",126515001-3675
2019,126515001,5292,4440,444,421899005292,Dr. Ethel Allen School,District,SDP K12 Schools,Elementary-Middle,Neighborhood,5,"39.99757697, -75.18345963",126515001-5292
2019,126515001,5040,4460,446,421899005040,Tanner G. Duckrey School,District,SDP K12 Schools,Elementary-Middle,Neighborhood,5,"39.98520302, -75.15830107",126515001-5040
2019,126515001,5188,4470,447,421899005188,Richard R. Wright School,District,SDP K12 Schools,Elementary,Neighborhood,5,"39.99043963, -75.17699812",126515001-5188
2019,126515001,6960,4480,448,421899006960,Overbrook Educational Center,District,SDP K12 Schools,Elementary-Middle,Citywide,4,"39.97429952, -75.25401239",126515001-6960
2019,126515001,3625,4530,453,421899003625,Edward Gideon School,District,SDP K12 Schools,Elementary-Middle,Neighborhood,5,"39.98447594, -75.18016456",126515001-3625
2019,126515001,3626,4560,456,421899003626,William D. Kelley School,District,SDP K12 Schools,Elementary-Middle,Neighborhood,5,"39.98039173, -75.18032689",126515001-3626
2019,126515001,3630,4570,457,421899003630,General George G. Meade School,District,SDP K12 Schools,Elementary-Middle,Neighborhood,5,"39.978587, -75.164718",126515001-3630
2019,126515001,3849,5020,502,421899003849,Thomas A. Edison High School,District,SDP K12 Schools,High,Neighborhood,7,"40.01116485, -75.12863791",126515001-3849
2019,126515001,7850,5050,505,421899000899,Philadelphia Military Academy,District,SDP K12 Schools,High,Citywide,5,"39.98470959, -75.15443401",126515001-7850
2019,126515001,3842,5060,506,421899003842,Jules E. Mastbaum Area Vocational Technical High School,District,SDP K12 Schools,High,Citywide,1,"39.99214686, -75.11213573",126515001-3842
2019,126515001,6548,5070,507,421899006548,Parkway Northwest High School,District,SDP K12 Schools,High,Special Admit,9,"40.05664074, -75.16457453",126515001-6548
2019,126515001,7782,5080,508,421899000771,Parkway Center City Middle College High School,District,SDP K12 Schools,High,Special Admit,5,"39.96300501, -75.1592865",126515001-7782
2019,126515001,7808,5090,509,421899000821,Parkway West High School,District,SDP K12 Schools,High,Special Admit,3,"39.96425379, -75.21546704",126515001-7808
2019,126515001,7070,5150,515,421899007225,William W. Bodine High School,District,SDP K12 Schools,High,Special Admit,5,"39.96793026, -75.14343443",126515001-7070
2019,126515001,8293,5160,516,421899007502,Penn Treaty High School,District,SDP K12 Schools,Middle-High,Neighborhood,5,"39.97272711, -75.12787008",126515001-8293
2019,126515001,7175,5170,517,421899007229,Julia de Burgos School,District,SDP K12 Schools,Elementary-Middle,Neighborhood,7,"39.99275164, -75.13862743",126515001-7175
2019,126515001,8440,5180,518,421899007634,Vaux High School: A Big Picture,District,SDP K12 Schools,High,Neighborhood,5,"39.976325, -75.174186",126515001-8440
2019,126515001,7256,5200,520,421899006524,Alexander Adaire School,District,SDP K12 Schools,Elementary-Middle,Neighborhood,5,"39.97232661, -75.12930989",126515001-7256
2019,126515001,3684,5210,521,421899003684,Henry A. Brown School,District,SDP K12 Schools,Elementary-Middle,Neighborhood,1,"39.98661748, -75.12725674",126515001-3684
2019,126515001,6525,5230,523,421899006525,Russell H. Conwell School,District,SDP K12 Schools,Middle,Special Admit,7,"39.99471406, -75.11527383",126515001-6525
2019,126515001,3687,5250,525,421899003687,Paul L. Dunbar School,District,SDP K12 Schools,Elementary-Middle,Neighborhood,5,"39.97948773, -75.15416974",126515001-3687
2019,126515001,3688,5260,526,421899003688,Lewis Elkin School,District,SDP K12 Schools,Elementary,Neighborhood,7,"39.997018, -75.121274",126515001-3688
2019,126515001,5120,5300,530,421899005120,Horatio B. Hackett School,District,SDP K12 Schools,Elementary,Neighborhood,1,"39.98096374, -75.12685511",126515001-5120
2019,126515001,5125,5320,532,421899005125,John F. Hartranft School,District,SDP K12 Schools,Elementary-Middle,Neighborhood,5,"39.98942228, -75.14477741",126515001-5125
2019,126515001,3693,5330,533,421899003693,William H. Hunter School,District,SDP K12 Schools,Elementary-Middle,Neighborhood,7,"39.98725028, -75.13176356",126515001-3693
2019,126515001,3694,5340,534,421899003694,James R. Ludlow School,District,SDP K12 Schools,Elementary-Middle,Neighborhood,5,"39.972724, -75.145854",126515001-3694
2019,126515001,5293,5350,535,421899005293,William McKinley School,District,SDP K12 Schools,Elementary-Middle,Neighborhood,7,"39.9827686, -75.14165528",126515001-5293
2019,126515001,3697,5370,537,421899003697,John Moffet School,District,SDP K12 Schools,Elementary,Neighborhood,7,"39.97439362, -75.13498462",126515001-3697
2019,126515001,5121,5390,539,421899005121,Potter-Thomas School,District,SDP K12 Schools,Elementary-Middle,Neighborhood,7,"39.99690701, -75.14107646",126515001-5121
2019,126515001,3701,5400,540,421899003701,Richmond School,District,SDP K12 Schools,Elementary,Neighborhood,1,"39.983496, -75.110491",126515001-3701
2019,126515001,3702,5410,541,421899003702,Isaac A. Sheppard School,District,SDP K12 Schools,Elementary,Neighborhood,7,"39.993651, -75.131630",126515001-3702
2019,126515001,3703,5420,542,421899003703,John Welsh School,District,SDP K12 Schools,Elementary-Middle,Neighborhood,7,"39.98653438, -75.13941869",126515001-3703
2019,126515001,6823,5430,543,421899006823,Alternative Middle Years at James Martin,District,SDP K12 Schools,Middle,Citywide,6,"39.98529996, -75.09718185",126515001-6823
2019,126515001,6544,5440,544,421899006544,Frances E. Willard School,District,SDP K12 Schools,Elementary,Neighborhood,1,"39.993065, -75.115907",126515001-6544
2019,126515001,5123,5470,547,421899005123,William Cramp School,District,SDP K12 Schools,Elementary,Neighborhood,7,"40.00260657, -75.13036297",126515001-5123
2019,126515001,3645,5480,548,421899003645,General Philip Kearny School,District,SDP K12 Schools,Elementary-Middle,Neighborhood,5,"39.96385753, -75.14812935",126515001-3645
2019,126515001,7404,5490,549,421899000105,Cayuga School,District,SDP K12 Schools,Elementary,Neighborhood,7,"40.017954, -75.135294",126515001-7404
2019,126515001,7521,5500,550,421899000329,Thurgood Marshall School,District,SDP K12 Schools,Elementary-Middle,Neighborhood,8,"40.02938155, -75.13416332",126515001-7521
2019,126515001,7852,5520,552,421899000901,Kensington High School for Creative and Performing Arts,District,SDP K12 Schools,High,Neighborhood,7,"39.97794956, -75.1330532",126515001-7852
2019,126515001,3800,5530,553,421899003800,Philip H. Sheridan School,District,SDP K12 Schools,Elementary,Neighborhood,7,"39.99974725, -75.11478572",126515001-3800
2019,126515001,7855,5550,555,421899000907,Kensington Health Sciences Academy,District,SDP K12 Schools,High,Neighborhood,1,"39.985026, -75.128685",126515001-7855
2019,126515001,3655,5560,556,421899003655,Spring Garden School,District,SDP K12 Schools,Elementary-Middle,Neighborhood,5,"39.96516155, -75.15614042",126515001-3655
2019,126515001,5124,5590,559,421899005124,John H. Webster School,District,SDP K12 Schools,Elementary,Neighborhood,1,"39.996199, -75.104516",126515001-5124
2019,126515001,8332,5610,561,421899007534,Building 21,District,SDP K12 Schools,High,Citywide,9,"40.053631, -75.152481",126515001-8332
2019,126515001,8329,5620,562,421899007547,The U School,District,SDP K12 Schools,High,Citywide,5,"39.981983, -75.146256",126515001-8329
2019,126515001,8331,5660,566,421899007525,The LINC,District,SDP K12 Schools,High,Citywide,7,"40.006819, -75.129736",126515001-8331
2019,126515001,7522,5680,568,421899000331,Honorable Luis Munoz-Marin School,District,SDP K12 Schools,Elementary-Middle,Neighborhood,7,"40.00098011, -75.13538958",126515001-7522
2019,126515001,8388,5700,570,421899007598,Kensington High School,District,SDP K12 Schools,High,Neighborhood,1,"39.98483396, -75.12640188",126515001-8388
2019,126515001,3848,6010,601,421899003848,Central High School,District,SDP K12 Schools,High,Special Admit,8,"40.0372851, -75.15074825",126515001-3848
2019,126515001,3844,6030,603,421899003844,Roxborough High School,District,SDP K12 Schools,High,Neighborhood,4,"40.03802479, -75.22283357",126515001-3844
2019,126515001,3861,6040,604,421899003861,Walter B. Saul High School,District,SDP K12 Schools,High,Special Admit,4,"40.04902036, -75.21981676",126515001-3861
2019,126515001,3843,6050,605,421899003843,Philadelphia High School for Girls,District,SDP K12 Schools,High,Special Admit,8,"40.03898514, -75.14475989",126515001-3843
2019,126515001,6675,6060,606,421899006675,Martin Luther King High School,District,SDP K12 Schools,High,Neighborhood,8,"40.05756238, -75.16217184",126515001-6675
2019,126515001,7813,6090,609,421899000826,A. Philip Randolph Career and Technical High School,District,SDP K12 Schools,High,Citywide,4,"40.008504, -75.179609",126515001-7813
2019,126515001,3706,6200,620,421899003706,Anna B. Day School,District,SDP K12 Schools,Elementary-Middle,Neighborhood,8,"40.05840682, -75.16833464",126515001-3706
2019,126515001,3708,6210,621,421899003708,Franklin S. Edmonds School,District,SDP K12 Schools,Elementary-Middle,Neighborhood,9,"40.0717255, -75.1692495",126515001-3708
2019,126515001,3709,6220,622,421899003709,Eleanor C. Emlen School,District,SDP K12 Schools,Elementary,Neighborhood,8,"40.05436289, -75.17790573",126515001-3709
2019,126515001,6913,6230,623,421899006913,Fitler Academics Plus School,District,SDP K12 Schools,Elementary-Middle,Citywide,8,"40.02610052, -75.16633733",126515001-6913
2019,126515001,3712,6250,625,421899003712,Charles W. Henry School,District,SDP K12 Schools,Elementary-Middle,Neighborhood,8,"40.04625771, -75.19658776",126515001-3712
2019,126515001,3713,6260,626,421899003713,Henry H. Houston School,District,SDP K12 Schools,Elementary-Middle,Neighborhood,8,"40.059003, -75.195084",126515001-3713
2019,126515001,3714,6270,627,421899003714,Jenks Academy for Arts and Sciences,District,SDP K12 Schools,Elementary-Middle,Neighborhood,8,"40.07440887, -75.20356162",126515001-3714
2019,126515001,3718,6300,630,421899003718,James Logan School,District,SDP K12 Schools,Elementary,Neighborhood,8,"40.03085306, -75.15205995",126515001-3718
2019,126515001,3719,6310,631,421899003719,John F. McCloskey School,District,SDP K12 Schools,Elementary-Middle,Neighborhood,9,"40.08162668, -75.17533748",126515001-3719
2019,126515001,3720,6320,632,421899003720,Thomas Mifflin School,District,SDP K12 Schools,Elementary-Middle,Neighborhood,4,"40.01357043, -75.19128804",126515001-3720
2019,126515001,3722,6340,634,421899003722,Joseph Pennell School,District,SDP K12 Schools,Elementary,Neighborhood,8,"40.04351806, -75.15208663",126515001-3722
2019,126515001,6539,6350,635,421899006539,Samuel Pennypacker School,District,SDP K12 Schools,Elementary-Middle,Neighborhood,9,"40.06527032, -75.1597946",126515001-6539
2019,126515001,8296,6360,636,421899007477,Theodore Roosevelt School,District,SDP K12 Schools,Elementary-Middle,Neighborhood,8,"40.04856262, -75.17529079",126515001-8296
2019,126515001,3725,6380,638,421899003725,Shawmont School,District,SDP K12 Schools,Elementary-Middle,Neighborhood,4,"40.051478, -75.238543",126515001-3725
2019,126515001,3727,6390,639,421899003727,Edward T. Steel School,District,SDP K12 Schools,Elementary-Middle,Neighborhood,8,"40.01879502, -75.15689064",126515001-3727
2019,126515001,3728,6400,640,421899003728,Widener Memorial School,District,SDP Special Education,Elementary-Middle-High,Citywide,8,"40.036706, -75.146598",126515001-3728
2019,126515001,5122,6410,641,421899005122,Cook-Wissahickon School,District,SDP K12 Schools,Elementary-Middle,Neighborhood,4,"40.022472, -75.206802",126515001-5122
2019,126515001,3717,6440,644,421899003717,Anna L. Lingelbach School,District,SDP K12 Schools,Elementary-Middle,Neighborhood,8,"40.03708413, -75.18961364",126515001-3717
2019,126515001,3726,6450,645,421899003726,James Dobson School,District,SDP K12 Schools,Elementary-Middle,Neighborhood,4,"40.03147536, -75.23067163",126515001-3726
2019,126515001,7229,6460,646,421899003711,Hill-Freedman World Academy,District,SDP K12 Schools,Middle-High,Special Admit,8,"40.071311, -75.175303",126515001-7229
2019,126515001,5294,6470,647,421899005294,John B. Kelly School,District,SDP K12 Schools,Elementary,Neighborhood,8,"40.02479143, -75.1711868",126515001-5294
2019,126515001,7024,6480,648,421899007224,Academy for the Middle Years at Northwest,District,SDP K12 Schools,Middle,Special Admit,4,"40.03154543, -75.21317609",126515001-7024
2019,126515001,7811,6540,654,421899000824,Lankenau High School,District,SDP K12 Schools,High,Special Admit,4,"40.06153271, -75.25295594",126515001-7811
2019,126515001,3850,7010,701,421899003850,Frankford High School,District,SDP K12 Schools,High,Neighborhood,7,"40.021602, -75.084823",126515001-3850
2019,126515001,7239,7100,710,421899003815,Jay Cooke School,District,SDP K12 Schools,Elementary-Middle,Neighborhood,8,"40.025526, -75.146074",126515001-7239
2019,126515001,7242,7110,711,421899003820,Warren G. Harding School,District,SDP K12 Schools,Middle,Neighborhood,7,"40.01291694, -75.07456081",126515001-7242
2019,126515001,3816,7120,712,421899003816,Samuel Fels High School,District,SDP K12 Schools,High,Neighborhood,9,"40.03564646, -75.09109404",126515001-3816
2019,126515001,3835,7130,713,421899003835,General Louis Wagner School,District,SDP K12 Schools,Middle,Neighborhood,8,"40.05174748, -75.14767962",126515001-3835
2019,126515001,7963,7150,715,421899006123,Juniata Park Academy,District,SDP K12 Schools,Elementary-Middle,Neighborhood,7,"40.01284122, -75.11102921",126515001-7963
2019,126515001,3732,7200,720,421899003732,Clara Barton School,District,SDP K12 Schools,Elementary,Neighborhood,7,"40.0193401, -75.11950188",126515001-3732
2019,126515001,7230,7220,722,421899003734,Laura H. Carnell School,District,SDP K12 Schools,Elementary,Neighborhood,9,"40.038957, -75.084142",126515001-7230
2019,126515001,3738,7260,726,421899003738,Ellwood School,District,SDP K12 Schools,Elementary,Neighborhood,9,"40.05472609, -75.13894107",126515001-3738
2019,126515001,3739,7270,727,421899003739,Thomas K. Finletter School,District,SDP K12 Schools,Elementary-Middle,Neighborhood,9,"40.043608, -75.119176",126515001-3739
2019,126515001,7231,7280,728,421899010014,Benjamin Franklin School,District,SDP K12 Schools,Elementary-Middle,Neighborhood,9,"40.04215213, -75.10498859",126515001-7231
2019,126515001,4963,7290,729,421899004963,Allen M. Stearne School,District,SDP K12 Schools,Elementary-Middle,Neighborhood,7,"40.011752, -75.085112",126515001-4963
2019,126515001,3742,7300,730,421899003742,Francis Hopkinson School,District,SDP K12 Schools,Elementary-Middle,Neighborhood,7,"40.00771059, -75.10274511",126515001-3742
2019,126515001,3751,7310,731,421899003751,Feltonville Intermediate School,District,SDP K12 Schools,Elementary,Neighborhood,7,"40.02034002, -75.12102564",126515001-3751
2019,126515001,3743,7320,732,421899003743,Julia W. Howe School,District,SDP K12 Schools,Elementary,Neighborhood,9,"40.04113187, -75.14211131",126515001-3743
2019,126515001,3744,7330,733,421899003744,Henry W. Lawton School,District,SDP K12 Schools,Elementary,Neighborhood,6,"40.020648, -75.058976",126515001-3744
2019,126515001,7232,7350,735,421899003746,James R. Lowell School,District,SDP K12 Schools,Elementary,Neighborhood,9,"40.04086578, -75.12871963",126515001-7232
2019,126515001,3797,7360,736,421899003797,John Marshall School,District,SDP K12 Schools,Elementary,Neighborhood,7,"40.014546, -75.087158",126515001-3797
2019,126515001,7663,7370,737,421899000549,"Grover Washington, Jr. School",District,SDP K12 Schools,Middle,Neighborhood,9,"40.035479, -75.117969",126515001-7663
2019,126515001,6534,7380,738,421899006534,Alexander K. McClure School,District,SDP K12 Schools,Elementary,Neighborhood,7,"40.015178, -75.137574",126515001-6534
2019,126515001,3749,7390,739,421899003749,Andrew J. Morrison School,District,SDP K12 Schools,Elementary-Middle,Neighborhood,8,"40.02843729, -75.12941126",126515001-3749
2019,126515001,3750,7400,740,421899003750,Olney School,District,SDP K12 Schools,Elementary-Middle,Neighborhood,9,"40.03058672, -75.12134354",126515001-3750
2019,126515001,3753,7430,743,421899003753,James J. Sullivan School,District,SDP K12 Schools,Elementary,Neighborhood,6,"40.01529786, -75.06706036",126515001-3753
2019,126515001,3755,7440,744,421899003755,Bayard Taylor School,District,SDP K12 Schools,Elementary,Neighborhood,7,"40.00753033, -75.13793972",126515001-3755
2019,126515001,7233,7460,746,421899003754,William H. Ziegler School,District,SDP K12 Schools,Elementary-Middle,Neighborhood,7,"40.03003725, -75.07570448",126515001-7233
2019,126515001,3745,7470,747,421899003745,Bridesburg School,District,SDP K12 Schools,Elementary-Middle,Neighborhood,6,"40.00030082, -75.06660471",126515001-3745
2019,126515001,6765,7490,749,421899006765,Prince Hall School,District,SDP K12 Schools,Elementary,Neighborhood,8,"40.04770742, -75.14956052",126515001-6765
2019,126515001,7368,7500,750,421899000054,Feltonville School of Arts and Sciences,District,SDP K12 Schools,Middle,Neighborhood,7,"40.019437, -75.121675",126515001-7368
2019,126515001,5183,7510,751,421899005183,Mary M. Bethune School,District,SDP K12 Schools,Elementary-Middle,Neighborhood,5,"40.00269526, -75.14872828",126515001-5183
2019,126515001,3724,7530,753,421899003724,William Rowen School,District,SDP K12 Schools,Elementary,Neighborhood,9,"40.05930676, -75.1486472",126515001-3724
2019,126515001,6767,7730,773,421899006767,Roberto Clemente School,District,SDP K12 Schools,Middle,Neighborhood,7,"40.006819, -75.129736",126515001-6767
2019,126515001,3845,8010,801,421899003845,Abraham Lincoln High School,District,SDP K12 Schools,High,Neighborhood,6,"40.04310838, -75.04479221",126515001-3845
2019,126515001,3855,8020,802,421899003855,Northeast High School,District,SDP K12 Schools,High,Neighborhood,10,"40.05564409, -75.07118355",126515001-3855
2019,126515001,6527,8030,803,421899006527,George Washington High School,District,SDP K12 Schools,High,Neighborhood,10,"40.10598577, -75.02723013",126515001-6527
2019,126515001,8039,8040,804,421899006904,Arts Academy at Benjamin Rush,District,SDP K12 Schools,High,Special Admit,10,"40.08253275, -74.9752061",126515001-8039
2019,126515001,9999,8070,807,,OIC CADI,Contracted,Alternate Schools,High,Alternative,1,"39.958322, -75.144801",126515001-9999
2019,126515001,9999,8080,808,,Excel Academy North,Contracted,Alternate Schools,High,Alternative,5,"39.978134, -75.177658",126515001-9999
2019,126515001,7072,8090,809,421899000572,Swenson Arts and Technology High School,District,SDP K12 Schools,High,Citywide,10,"40.0921093, -75.01398863",126515001-7072
2019,126515001,9999,8100,810,,Gateway to College - Community College of Philadelphia,Contracted,Alternate Schools,High,Alternative,5,"39.9629017, -75.16627046",126515001-9999
2019,126515001,7253,8120,812,421899003836,Woodrow Wilson School,District,SDP K12 Schools,Middle,Neighborhood,9,"40.052367, -75.069086",126515001-7253
2019,126515001,6768,8140,814,421899006768,Austin Meehan School,District,SDP K12 Schools,Middle,Neighborhood,6,"40.045607, -75.044206",126515001-6768
2019,126515001,6824,8160,816,421899006824,Baldi School,District,SDP K12 Schools,Middle,Neighborhood,10,"40.09331609, -75.05217234",126515001-6824
2019,126515001,9999,8190,819,,One Bright Ray - Fairhill Campus,Contracted,Alternate Schools,High,Alternative,7,"39.99376434, -75.13801882",126515001-9999
2019,126515001,3758,8200,820,421899003758,Ethan Allen School,District,SDP K12 Schools,Elementary-Middle,Neighborhood,6,"40.0294252, -75.06268841",126515001-3758
2019,126515001,6529,8210,821,421899006529,Joseph H. Brown School,District,SDP K12 Schools,Elementary,Neighborhood,6,"40.04392183, -75.02460195",126515001-6529
2019,126515001,3762,8230,823,421899003762,Kennedy C. Crossan School,District,SDP K12 Schools,Elementary,Neighborhood,10,"40.06144841, -75.08155085",126515001-3762
2019,126515001,3763,8240,824,421899003763,Hamilton Disston School,District,SDP K12 Schools,Elementary-Middle,Neighborhood,6,"40.02836911, -75.04658904",126515001-3763
2019,126515001,3764,8250,825,421899003764,Edwin Forrest School,District,SDP K12 Schools,Elementary,Neighborhood,6,"40.034440, -75.035891",126515001-3764
2019,126515001,3765,8260,826,421899003765,Fox Chase School,District,SDP K12 Schools,Elementary,Neighborhood,10,"40.076307, -75.082129",126515001-3765
2019,126515001,3766,8270,827,421899003766,Thomas Holme School,District,SDP K12 Schools,Elementary,Neighborhood,6,"40.054988, -75.008965",126515001-3766
2019,126515001,3769,8300,830,421899003769,Mayfair School,District,SDP K12 Schools,Elementary-Middle,Neighborhood,6,"40.03945436, -75.05339332",126515001-3769
2019,126515001,3770,8310,831,421899003770,J. Hampton Moore School,District,SDP K12 Schools,Elementary,Neighborhood,9,"40.049135, -75.076912",126515001-3770
2019,126515001,3773,8340,834,421899003773,Solomon Solis-Cohen School,District,SDP K12 Schools,Elementary,Neighborhood,6,"40.044644, -75.064725",126515001-3773
2019,126515001,7234,8350,835,421899003774,Gilbert Spruance School,District,SDP K12 Schools,Elementary-Middle,Neighborhood,7,"40.03756142, -75.07232936",126515001-7234
2019,126515001,3771,8360,836,421899003771,Rhawnhurst School,District,SDP K12 Schools,Elementary,Neighborhood,10,"40.05869601, -75.05898166",126515001-3771
2019,126515001,3760,8370,837,421899003760,Watson Comly School,District,SDP K12 Schools,Elementary,Neighborhood,10,"40.12096486, -75.0091088",126515001-3760
2019,126515001,7235,8380,838,421899003779,Louis H. Farrell School,District,SDP K12 Schools,Elementary-Middle,Neighborhood,10,"40.06657162, -75.05241476",126515001-7235
2019,126515001,3781,8390,839,421899003781,A.L. Fitzpatrick School,District,SDP K12 Schools,Elementary-Middle,Neighborhood,10,"40.080306, -74.976529",126515001-3781
2019,126515001,3803,8400,840,421899003803,Anne Frank School,District,SDP K12 Schools,Elementary,Neighborhood,10,"40.088288, -75.028222",126515001-3803
2019,126515001,3801,8410,841,421899003801,Robert B. Pollock School,District,SDP K12 Schools,Elementary,Neighborhood,6,"40.060116, -75.027130",126515001-3801
2019,126515001,4727,8420,842,421899004727,Stephen Decatur School,District,SDP K12 Schools,Elementary-Middle,Neighborhood,10,"40.095818, -74.970535",126515001-4727
2019,126515001,4726,8430,843,421899004726,Joseph Greenberg School,District,SDP K12 Schools,Elementary-Middle,Neighborhood,10,"40.09608652, -75.05771102",126515001-4726
2019,126515001,4961,8440,844,421899004961,William H. Loesche School,District,SDP K12 Schools,Elementary,Neighborhood,10,"40.11358364, -75.02386784",126515001-4961
2019,126515001,9999,8450,845,,YES Philly,Contracted,Alternate Schools,High,Alternative,5,"39.97290649, -75.15863287",126515001-9999
2019,126515001,8386,8460,846,421899007588,Philadelphia Learning Academy South,District,Alternate Schools,High,Alternative,3,"39.96971371, -75.21013521",126515001-8386
2019,126515001,8385,8470,847,421899007603,Philadelphia Learning Academy North,District,Alternate Schools,High,Alternative,7,"40.01425525, -75.12599679",126515001-8385
2019,126515001,9999,8540,854,,Pennypack House School,District,Alternate Schools,High,Alternative,6,"40.032021, -75.019689",126515001-9999
2019,126515001,8328,8560,856,421899007548,The Workshop School,District,SDP K12 Schools,High,Citywide,3,"39.95530589, -75.21855329",126515001-8328
2019,126515001,9999,8690,869,,Crossroads Accelerated Academy,District,Alternate Schools,Middle-High,Alternative,3,"39.96971371, -75.21013521",126515001-9999
2019,126515001,5041,8770,877,421899005041,John Hancock Demonstration School,District,SDP K12 Schools,Elementary-Middle,Neighborhood,10,"40.06774728, -74.98842793",126515001-5041
2019,126515001,8298,8780,878,421899007506,Philadelphia Virtual Academy,District,Virtual,Middle-High,Virtual,5,"39.96102159, -75.16264405",126515001-8298
2019,126515001,9999,8860,886,,One Bright Ray Mansion,Contracted,Alternate Schools,High,Alternative,5,"39.99074371, -75.18402464",126515001-9999
2019,126515001,9999,8870,887,,One Bright Ray Mansion Evening,Contracted,Alternate Schools,High,Alternative,5,"39.99074371, -75.18402464",126515001-9999
2019,126515001,9999,8890,889,,One Bright Ray - Simpson Campus,Contracted,Alternate Schools,High,Alternative,7,"40.00528, -75.10560096",126515001-9999
2019,126515001,9999,8900,890,,Re-Engagement Center,District,Alternate Schools,High,Alternative,5,"39.96102159, -75.16264405",126515001-9999
2019,126512840,7510,3301,W01,420001300318,Community Academy of Philadelphia Charter School,Charter,Charter Schools,Elementary-Middle-High,Citywide,7,"40.00538049, -75.10735613",126512840-7510
2019,126512850,7511,3302,W02,420001400319,Harambee Institute of Science and Technology Charter School,Charter,Charter Schools,Elementary-Middle,Citywide,4,"39.97309111, -75.25171974",126512850-7511
2019,126512870,7513,3304,W04,420001600324,YouthBuild Philadelphia Charter School,Charter,Charter Schools,High,Citywide With Criteria,5,"39.97290649, -75.15863287",126512870-7513
2019,126513160,7575,3306,W06,420005200489,Christopher Columbus Charter School,Charter,Charter Schools,Elementary-Middle,Citywide,1,"39.93894574, -75.15824752",126513160-7575
2019,126513100,7564,3307,W07,420004300405,Eugenio Maria De Hostos Charter School,Charter,Charter Schools,Elementary-Middle,Citywide,9,"40.04655012, -75.12324994",126513100-7564
2019,126513070,7557,3308,W08,420004200404,Inquiry Charter School,Charter,Charter Schools,Elementary,Citywide,3,"39.97475234, -75.21252924",126513070-7557
2019,126512980,7542,3309,W09,420003800393,Imhotep Institute Charter High School,Charter,Charter Schools,High,Citywide,8,"40.049427, -75.154717",126512980-7542
2019,126513110,7565,3310,W10,420004400406,Laboratory Charter School of Communication and Languages,Charter,Charter Schools,Elementary-Middle,Citywide,5,"39.96381337, -75.14384946",126513110-7565
2019,126513000,7546,3312,W12,420004000399,Multicultural Academy Charter School,Charter,Charter Schools,High,Citywide,5,"40.01112725, -75.15073123",126513000-7546
2019,126512960,7540,3313,W13,420003600391,"Preparatory Charter School of Mathematics, Science, Technology and Careers",Charter,Charter Schools,High,Citywide,2,"39.92845355, -75.18665686",126512960-7540
2019,126513020,7548,3314,W14,420004100403,West Oak Lane Charter School,Charter,Charter Schools,Elementary-Middle,Citywide,9,"40.05936358, -75.16363798",126513020-7548
2019,126512990,7543,3315,W15,420003900398,Alliance For Progress Charter School,Charter,Charter Schools,Elementary-Middle,Citywide,5,"39.979731, -75.165471",126512990-7543
2019,126513190,7578,3317,W17,420005300493,Architecture and Design Charter School,Charter,Charter Schools,High,Citywide,1,"39.948892, -75.152249",126513190-7578
2019,126513270,7586,3318,W18,420006000502,Freire Charter School,Charter,Charter Schools,Middle-High,Citywide,5,"39.95247289, -75.17442259",126513270-7586
2019,126513230,7582,3321,W21,420005600496,"Math, Civics and Sciences Charter School",Charter,Charter Schools,Elementary-Middle-High,Citywide,1,"40.034739, -75.104899",126513230-7582
2019,126513280,7587,3322,W22,420006100503,Philadelphia Academy Charter School,Charter,Charter Schools,Elementary-Middle-High,Citywide,10,"40.10358436, -75.01109307",126513280-7587
2019,126513290,7588,3323,W23,420006200504,Mastery Charter School at Hardy Williams,Charter,Charter Schools,Elementary-Middle-High,Citywide With Criteria,3,"39.941562, -75.226447",126513290-7588
2019,126513210,7580,3326,W26,420005500495,Universal Institute Charter School,Charter,Charter Schools,Elementary-Middle,Citywide,2,"39.940931, -75.167940",126513210-7580
2019,126513150,7574,3328,W28,420005100488,"Mathematics, Science, and Technology Community Charter School (MaST)",Charter,Charter Schools,Elementary-Middle-High,Citywide,10,"40.113832, -75.005658",126513150-7574
2019,126513250,7584,3329,W29,420005800500,Young Scholars Charter School,Charter,Charter Schools,Middle,Citywide,5,"39.96734659, -75.14799661",126513250-7584
2019,126513450,7666,3331,W31,420007700554,Franklin Towne Charter High School,Charter,Charter Schools,High,Citywide With Criteria,6,"40.007337, -75.066611",126513450-7666
2019,126513480,7672,3332,W32,420007900564,Mariana Bracetti Academy Charter School,Charter,Charter Schools,Elementary-Middle-High,Citywide,1,"40.005757, -75.094146",126513480-7672
2019,126513440,7665,3333,W33,420007600552,Esperanza Academy Charter School,Charter,Charter Schools,Elementary-Middle-High,Citywide,7,"40.01478539, -75.13232396",126513440-7665
2019,126513420,7649,3334,W34,420007500531,New Foundations Charter School,Charter,Charter Schools,Elementary-Middle-High,Citywide With Criteria,6,"40.035070, -75.024187",126513420-7649
2019,126510004,7685,3335,W35,420008500586,People for People Charter School,Charter,Charter Schools,Elementary-Middle-High,Citywide,5,"39.96810141, -75.16067477",126510004-7685
2019,126513400,7647,3336,W36,420007400529,Philadelphia Performing Arts: A String Theory Charter School,Charter,Charter Schools,Elementary-Middle-High,Citywide With Criteria,2,"39.91777662, -75.17166577",126513400-7647
2019,126513380,7639,3337,W37,420007300515,Global Leadership Academy Charter School,Charter,Charter Schools,Elementary-Middle,Citywide,4,"39.97335953, -75.2154352",126513380-7639
2019,126513510,7683,3341,W41,420008700584,Independence Charter School,Charter,Charter Schools,Elementary-Middle,Citywide,2,"39.94496682, -75.16855598",126513510-7683
2019,126510017,7826,3350,W50,420013100847,Khepera Charter School,Charter,Charter Schools,Elementary-Middle,Citywide,5,"40.00139998, -75.14518753",126510017-7826
2019,126514864,8358,3353,W53,420088607568,KIPP DuBois Charter School,Charter,Charter Schools,High,Citywide With Criteria,4,"39.98043019, -75.22085032",126514864-8358
2019,126510006,7722,3357,W57,420010500657,West Philadelphia Achievement Charter School,Charter,Charter Schools,Elementary,Citywide,4,"39.970667, -75.254111",126510006-7722
2019,126510009,7737,3358,W58,420010700678,Philadelphia Electrical and Technology Charter School,Charter,Charter Schools,High,Citywide,2,"39.95060789, -75.16511082",126510009-7737
2019,126510008,7684,3359,W59,420008600585,Richard Allen Preparatory Charter School,Charter,Charter Schools,Middle,Citywide,3,"39.92809187, -75.21926743",126510008-7684
2019,126510001,7677,3360,W60,420009200577,Russell Byers Charter School,Charter,Charter Schools,Elementary-Middle,Citywide,5,"39.95594922, -75.17155064",126510001-7677
2019,126510002,7678,3361,W61,420008400578,Mastery Charter School at Lenfest,Charter,Charter Schools,Middle-High,Citywide With Criteria,1,"39.94950579, -75.14734776",126510002-7678
2019,126510007,7724,3362,W62,420010600659,Wissahickon Charter School,Charter,Charter Schools,Elementary-Middle,Citywide With Criteria,4,"40.01537246, -75.17405347",126510007-7724
2019,100510000,7744,3364,W64,420009300687,First Philadelphia Preparatory Charter School,Charter,Charter Schools,Elementary-Middle-High,Citywide With Criteria,7,"40.00719991, -75.08240619",100510000-7744
2019,126510005,7748,3365,W65,420010400690,Green Woods Charter School,Charter,Charter Schools,Elementary-Middle,Citywide With Criteria,4,"40.04416378, -75.23385852",126510005-7748
2019,126510014,7777,3366,W66,420012300759,Maritime Academy Charter School (MACHS),Charter,Charter Schools,Elementary-Middle-High,Citywide,6,"40.007862, -75.068318",126510014-7777
2019,126510010,7750,3368,W68,420010800692,Belmont Charter School,Charter,Charter Schools,Elementary-Middle-High,Neighborhood,3,"39.96696484, -75.20487093",126510010-7750
2019,126510013,7776,3370,W70,420012200758,KIPP Philadelphia Charter School,Charter,Charter Schools,Elementary-Middle,Citywide,5,"39.992038, -75.158039",126510013-7776
2019,126510011,7775,3372,W72,420012100757,Discovery Charter School,Charter,Charter Schools,Elementary-Middle,Citywide,4,"39.97770823, -75.21350485",126510011-7775
2019,126510016,7828,3378,W78,420013000849,Philadelphia Montessori Charter School,Charter,Charter Schools,Elementary,Citywide,2,"39.91656437, -75.24515327",126510016-7828
2019,126510015,7825,3379,W79,420012900846,Ad Prima Charter School,Charter,Charter Schools,Elementary-Middle,Citywide,4,"39.984296, -75.247860",126510015-7825
2019,126510022,7909,3383,W83,420014500944,Mastery Charter School at Shoemaker,Charter,Charter Schools,Middle-High,Citywide With Criteria,3,"39.975799, -75.228437",126510022-7909
2019,126510021,7857,3384,W84,420014100897,Folk Arts-Cultural Treasures Charter School,Charter,Charter Schools,Elementary-Middle,Citywide,1,"39.95885103, -75.15551365",126510021-7857
2019,126510023,7910,3385,W85,420014400925,Mastery Charter School at Thomas Campus,Charter,Charter Schools,Elementary-Middle-High,Citywide With Criteria,2,"39.91454096, -75.16358831",126510023-7910
2019,126510019,7856,3386,W86,420013900894,Northwood Academy Charter School,Charter,Charter Schools,Elementary-Middle,Citywide With Criteria,7,"40.02015006, -75.09523811",126510019-7856
2019,185515523,7981,3388,W88,420076006107,Boys Latin of Philadelphia Charter School,Charter,Charter Schools,Middle-High,Citywide,3,"39.95172558, -75.23374851",185515523-7981
2019,182514568,7979,3389,W89,420076206103,Keystone Academy Charter School,Charter,Charter Schools,Elementary-Middle,Citywide,6,"40.021916, -75.045089",182514568-7979
2019,108515107,7960,3392,W92,420075806112,Southwest Leadership Academy Charter School,Charter,Charter Schools,Elementary-Middle,Citywide With Criteria,2,"39.918099, -75.242600",108515107-7960
2019,151514721,7961,3393,W93,420076106025,Mastery Charter School at Pickett,Charter,Charter Schools,Middle-High,Citywide With Criteria,8,"40.03187441, -75.18087124",151514721-7961
2019,173515368,7985,3394,W94,420081006871,Pan American Academy Charter School,Charter,Charter Schools,Elementary-Middle,Citywide With Criteria,7,"39.99428061, -75.13614883",173515368-7985
2019,104510394,8031,3395,W95,420081306909,Antonia Pantoja Charter School,Charter,Charter Schools,Elementary-Middle,Citywide,7,"40.01300525, -75.13136564",104510394-8031
2019,172510793,8124,3396,W96,420081507308,KIPP West Philadelphia Preparatory Charter School,Charter,Charter Schools,Middle,Citywide With Criteria,3,"39.94453199, -75.24184422",172510793-8124
2019,177518712,8127,3397,W97,420082206949,Eastern University Academy Charter School,Charter,Charter Schools,Middle-High,Citywide,4,"40.012165, -75.183476",177518712-8127
2019,114514135,8083,3399,W99,420081606948,Sankofa Freedom Academy Charter School,Charter,Charter Schools,Elementary-Middle-High,Citywide With Criteria,1,"39.987082, -75.128641",114514135-8083
2019,147513703,8123,3403,X03,420081706985,Franklin Towne Charter Elementary School,Charter,Charter Schools,Elementary-Middle,Citywide With Criteria,6,"39.99551599, -75.07472434",147513703-8123
2019,192518422,8126,3404,X04,420082106962,Tacony Academy Charter School,Charter,Charter Schools,Elementary-Middle-High,Citywide With Criteria,10,"40.06684222, -75.06598353",192518422-8126
2019,133513315,8149,3406,X06,420083907353,Aspira Charter School at Stetson,Charter,Charter Schools,Middle,Neighborhood,7,"39.99806894, -75.12546663",133513315-8149
2019,126516457,8153,3407,X07,420082807351,Mastery Charter School at Harrity,Charter,Charter Schools,Elementary-Middle,Neighborhood,3,"39.94852458, -75.23548525",126516457-8153
2019,126519433,8152,3408,X08,420083107367,Mastery Charter School at Mann,Charter,Charter Schools,Elementary,Neighborhood,4,"39.98590147, -75.2313266",126519433-8152
2019,126517286,8151,3409,X09,420082907358,Mastery Charter School at Smedley,Charter,Charter Schools,Elementary,Neighborhood,7,"40.019786, -75.073892",126517286-8151
2019,168513758,8145,3410,X10,420083407357,Universal Charter School at Bluford,Charter,Charter Schools,Elementary,Neighborhood,4,"39.973739, -75.236020",168513758-8145
2019,103519376,8146,3411,X11,420082707366,Universal Charter School at Daroff,Charter,Charter Schools,Elementary-Middle,Neighborhood,4,"39.96558158, -75.2325217",103519376-8146
2019,126518547,8150,3412,X12,420083007365,Mastery Charter School at Douglass,Charter,Charter Schools,Elementary-Middle,Neighborhood,5,"39.98461532, -75.16846267",126518547-8150
2019,126513452,8205,3414,X14,420084307386,Aspira Charter School at Olney,Charter,Charter Schools,High,Neighborhood,8,"40.028772, -75.123808",126513452-8205
2019,126511748,8208,3415,X15,420084007400,Mastery Charter School at Clymer,Charter,Charter Schools,Elementary,Neighborhood,5,"39.99565934, -75.15034419",126511748-8208
2019,126513734,8207,3416,X16,420085107414,Mastery Charter School at Gratz,Charter,Charter Schools,Middle-High,Neighborhood,8,"40.01453965, -75.15660685",126513734-8207
2019,126519434,8195,3417,X17,420085607402,Universal Charter School at Audenried,Charter,Charter Schools,High,Neighborhood,2,"39.933737, -75.198590",126519434-8195
2019,126513415,8196,3418,X18,420085507421,Universal Charter School at Vare,Charter,Charter Schools,Middle,Neighborhood,2,"39.925837, -75.185707",126513415-8196
2019,126519476,8206,3419,X19,420085007405,Lindley Academy Charter @ Birney,Charter,Charter Schools,Elementary-Middle,Neighborhood,8,"40.02954904, -75.13883269",126519476-8206
2019,126519644,8259,3420,X20,420086207474,Mastery Charter School at Cleveland,Charter,Charter Schools,Elementary-Middle,Neighborhood,8,"40.01027824, -75.15908455",126519644-8259
2019,126517442,8251,3421,X21,420086607457,Universal Charter School at Creighton,Charter,Charter Schools,Elementary-Middle,Neighborhood,9,"40.03404277, -75.10586492",126517442-8251
2019,126515691,8252,3422,X22,420086307473,The Philadelphia Charter School for Arts and Sciences,Charter,Charter Schools,Elementary-Middle,Neighborhood,7,"40.02423246, -75.08599631",126515691-8252
2019,126519392,8257,3423,X23,420087007454,Memphis Street Academy Charter School at J.P. Jones,Charter,Charter Schools,Middle,Neighborhood,1,"39.98588986, -75.11285949",126519392-8257
2019,126512674,8287,3424,X24,420087207491,Universal Charter School at Alcorn,Charter,Charter Schools,Elementary-Middle,Neighborhood,2,"39.935499, -75.197771",126512674-8287
2019,126518795,8288,3426,X26,420087407515,Mastery Charter School at Pastorius,Charter,Charter Schools,Elementary-Middle,Neighborhood,8,"40.048208, -75.161424",126518795-8288
2019,126518118,8365,3427,X27,420088907599,Mastery Charter School at Wister,Charter,Charter Schools,Elementary,Neighborhood,8,"40.03288146, -75.16672063",126518118-8365
2019,126518004,8390,3428,X28,420089207595,Global Leadership Academy at Huey,Charter,Charter Schools,Elementary-Middle,Neighborhood,3,"39.95332691, -75.22685833",126518004-8390
2019,126516724,8425,3438,X38,,Deep Roots Charter School,Charter,Charter Schools,Elementary,Citywide With Criteria,6,"39.998066, -75.101664",126516724-8425
2019,126513117,8360,3440,X40,420089107602,MaST Community Charter School II,Charter,Charter Schools,Elementary,Citywide,9,"40.048220, -75.097238",126513117-8360
2019,126511530,8359,3441,X41,420089507589,TECH Freire Charter School,Charter,Charter Schools,High,Citywide With Criteria,5,"39.986869, -75.155669",126511530-8359
2019,126512039,8361,3442,X42,420089307600,Independence Charter School West,Charter,Charter Schools,Elementary,Citywide With Criteria,3,"39.93731366, -75.22614036",126512039-8361
2019,126515492,8363,3443,X43,420088807590,KIPP West Philadelphia Charter School,Charter,Charter Schools,Elementary,Citywide,3,"39.94453199, -75.24184422",126515492-8363
2020,126515001,3847,1010,101,421899003847,John Bartram High School,District,SDP K12 Schools,High,Neighborhood,2,"39.92149737, -75.23405562",126515001-3847
2020,126515001,3860,1020,102,421899003860,West Philadelphia High School,District,SDP K12 Schools,High,Neighborhood,3,"39.958110, -75.219654",126515001-3860
2020,126515001,7903,1030,103,421899000993,High School of the Future,District,SDP K12 Schools,High,Citywide,4,"39.97465766, -75.2047566",126515001-7903
2020,126515001,7780,1050,105,421899000765,Paul Robeson High School for Human Services,District,SDP K12 Schools,High,Citywide,3,"39.95679553, -75.20476311",126515001-7780
2020,126515001,7245,1100,110,421899003825,William L. Sayre High School,District,SDP K12 Schools,High,Neighborhood,3,"39.95759354, -75.23859405",126515001-7245
2020,126515001,8297,1130,113,421899007496,William T. Tilden School,District,SDP K12 Schools,Middle,Neighborhood,2,"39.92093619, -75.23227632",126515001-8297
2020,126515001,7815,1190,119,421899000830,Motivation High School,District,SDP K12 Schools,High,Special Admit,3,"39.94453199, -75.24184422",126515001-7815
2020,126515001,8029,1200,120,421899006869,John Barry School,District,SDP K12 Schools,Elementary-Middle,Neighborhood,4,"39.96437494, -75.23860376",126515001-8029
2020,126515001,3601,1230,123,421899003601,William C. Bryant School,District,SDP K12 Schools,Elementary-Middle,Neighborhood,3,"39.952687, -75.243691",126515001-3601
2020,126515001,3602,1250,125,421899003602,Joseph W. Catharine School,District,SDP K12 Schools,Elementary,Neighborhood,2,"39.927435, -75.239911",126515001-3602
2020,126515001,3782,1260,126,421899003782,Benjamin B. Comegys School,District,SDP K12 Schools,Elementary-Middle,Neighborhood,3,"39.940520, -75.216289",126515001-3782
2020,126515001,7706,1280,128,421899000619,Sadie Alexander School,District,SDP K12 Schools,Elementary-Middle,Neighborhood,3,"39.953099, -75.208187",126515001-7706
2020,126515001,5185,1290,129,421899005185,Andrew Hamilton School,District,SDP K12 Schools,Elementary-Middle,Neighborhood,3,"39.955438, -75.235543",126515001-5185
2020,126515001,6528,1300,130,421899006528,Avery D. Harrington School,District,SDP K12 Schools,Elementary-Middle,Neighborhood,3,"39.94736517, -75.23059508",126515001-6528
2020,126515001,6530,1340,134,421899006530,Henry C. Lea School,District,SDP K12 Schools,Elementary-Middle,Neighborhood,3,"39.954515, -75.216347",126515001-6530
2020,126515001,6533,1350,135,421899006533,William C. Longstreth School,District,SDP K12 Schools,Elementary-Middle,Neighborhood,3,"39.94090823, -75.23237316",126515001-6533
2020,126515001,3611,1360,136,421899003611,Morton McMichael School,District,SDP K12 Schools,Elementary-Middle,Neighborhood,3,"39.96619727, -75.19411487",126515001-3611
2020,126515001,3798,1370,137,421899003798,S. Weir Mitchell School,District,SDP K12 Schools,Elementary-Middle,Neighborhood,3,"39.93681427, -75.223291",126515001-3798
2020,126515001,6535,1380,138,421899006535,Thomas G. Morton School,District,SDP K12 Schools,Elementary,Neighborhood,2,"39.92346826, -75.22690015",126515001-6535
2020,126515001,3783,1390,139,421899003783,Samuel Powel School,District,SDP K12 Schools,Elementary,Neighborhood,3,"39.9599324, -75.19370686",126515001-3783
2020,126515001,3613,1400,140,421899003613,John M. Patterson School,District,SDP K12 Schools,Elementary,Neighborhood,2,"39.916095, -75.236762",126515001-3613
2020,126515001,3614,1410,141,421899003614,James Rhoads School,District,SDP K12 Schools,Elementary-Middle,Neighborhood,3,"39.967339, -75.220063",126515001-3614
2020,126515001,3615,1420,142,421899003615,Martha Washington School,District,SDP K12 Schools,Elementary-Middle,Neighborhood,3,"39.966206, -75.211179",126515001-3615
2020,126515001,3616,1440,144,421899003616,Penrose School,District,SDP K12 Schools,Elementary-Middle,Neighborhood,2,"39.90692358, -75.24865833",126515001-3616
2020,126515001,3804,1460,146,421899003804,Add B. Anderson School,District,SDP K12 Schools,Elementary-Middle,Neighborhood,3,"39.946726, -75.245717",126515001-3804
2020,126515001,4732,1470,147,421899004732,Alain Locke School,District,SDP K12 Schools,Elementary-Middle,Neighborhood,3,"39.96262376, -75.21245097",126515001-4732
2020,126515001,3663,1490,149,421899003663,Rudolph Blankenburg School,District,SDP K12 Schools,Elementary-Middle,Neighborhood,4,"39.97296312, -75.21388868",126515001-3663
2020,126515001,7022,1580,158,421899007223,Middle Years Alternative School,District,SDP K12 Schools,Middle,Citywide,3,"39.96425379, -75.21546704",126515001-7022
2020,126515001,3859,2000,200,421899003859,South Philadelphia High School,District,SDP K12 Schools,High,Neighborhood,1,"39.9238987, -75.1691065",126515001-3859
2020,126515001,3851,2010,201,421899003851,Benjamin Franklin High School,District,SDP K12 Schools,High,Neighborhood,5,"39.963530, -75.161640",126515001-3851
2020,126515001,6996,2020,202,421899006996,High School for Creative and Performing Arts,District,SDP K12 Schools,High,Special Admit,2,"39.93941992, -75.16548375",126515001-6996
2020,126515001,8387,2050,205,421899007592,Science Leadership Academy Middle School,District,SDP K12 Schools,Middle,Neighborhood,3,"39.96299243, -75.19362923",126515001-8387
2020,126515001,3808,2140,214,421899003808,Julia R. Masterman School,District,SDP K12 Schools,Middle-High,Special Admit,5,"39.96320031, -75.16620758",126515001-3808
2020,126515001,3818,2160,216,421899003818,Furness High School,District,SDP K12 Schools,High,Neighborhood,1,"39.923762, -75.150585",126515001-3818
2020,126515001,7226,2190,219,421899003639,D. Newlin Fell School,District,SDP K12 Schools,Elementary-Middle,Neighborhood,2,"39.91558638, -75.16300858",126515001-7226
2020,126515001,3618,2210,221,421899003618,Bache-Martin School,District,SDP K12 Schools,Elementary-Middle,Neighborhood,5,"39.96967782, -75.17384692",126515001-3618
2020,126515001,3620,2240,224,421899003620,F. Amedee Bregy School,District,SDP K12 Schools,Elementary-Middle,Neighborhood,2,"39.914699, -75.176674",126515001-3620
2020,126515001,3622,2260,226,421899003622,George W. Childs School,District,SDP K12 Schools,Elementary-Middle,Neighborhood,2,"39.934637, -75.170493",126515001-3622
2020,126515001,6822,2290,229,421899006822,Franklin Learning Center,District,SDP K12 Schools,High,Special Admit,5,"39.965049, -75.162753",126515001-6822
2020,126515001,3776,2320,232,421899003776,Stephen Girard School,District,SDP K12 Schools,Elementary,Neighborhood,2,"39.925059, -75.176611",126515001-3776
2020,126515001,3648,2340,234,421899003648,General George A. McCall School,District,SDP K12 Schools,Elementary-Middle,Neighborhood,1,"39.944635, -75.153180",126515001-3648
2020,126515001,3629,2370,237,421899003629,Delaplaine McDaniel School,District,SDP K12 Schools,Elementary-Middle,Neighborhood,2,"39.929592, -75.181793",126515001-3629
2020,126515001,3649,2380,238,421899003649,William M. Meredith School,District,SDP K12 Schools,Elementary-Middle,Neighborhood,1,"39.93974936, -75.15113339",126515001-3649
2020,126515001,4868,2390,239,421899004868,Robert Morris School,District,SDP K12 Schools,Elementary-Middle,Neighborhood,5,"39.975439, -75.178660",126515001-4868
2020,126515001,7664,2410,241,421899000551,Girard Academic Music Program,District,SDP K12 Schools,Middle-High,Special Admit,2,"39.92210463, -75.18256439",126515001-7664
2020,126515001,3635,2450,245,421899003635,Edwin M. Stanton School,District,SDP K12 Schools,Elementary-Middle,Neighborhood,2,"39.940503, -75.171017",126515001-3635
2020,126515001,5186,2470,247,421899005186,Albert M. Greenfield School,District,SDP K12 Schools,Elementary-Middle,Neighborhood,2,"39.95227234, -75.17739206",126515001-5186
2020,126515001,3805,2480,248,421899003805,Chester A. Arthur School,District,SDP K12 Schools,Elementary-Middle,Neighborhood,2,"39.94190083, -75.17569882",126515001-3805
2020,126515001,7225,2490,249,421899003636,Laura W. Waring School,District,SDP K12 Schools,Elementary-Middle,Neighborhood,5,"39.96491939, -75.1677006",126515001-7225
2020,126515001,3642,2510,251,421899003642,Andrew Jackson School,District,SDP K12 Schools,Elementary-Middle,Neighborhood,1,"39.934623, -75.163481",126515001-3642
2020,126515001,7227,2520,252,421899003644,Abram S. Jenks School,District,SDP K12 Schools,Elementary,Neighborhood,1,"39.918773, -75.168367",126515001-7227
2020,126515001,7228,2540,254,421899003646,Francis S. Key School,District,SDP K12 Schools,Elementary,Neighborhood,1,"39.9213857, -75.1601961",126515001-7228
2020,126515001,3647,2580,258,421899003647,Eliza B. Kirkbride School,District,SDP K12 Schools,Elementary-Middle,Neighborhood,1,"39.930020, -75.156466",126515001-3647
2020,126515001,3650,2590,259,421899003650,George W. Nebinger School,District,SDP K12 Schools,Elementary-Middle,Neighborhood,1,"39.936694, -75.153830",126515001-3650
2020,126515001,7904,2620,262,421899000962,Academy at Palumbo,District,SDP K12 Schools,High,Special Admit,2,"39.94019787, -75.16194915",126515001-7904
2020,126515001,3653,2630,263,421899003653,George W. Sharswood School,District,SDP K12 Schools,Elementary-Middle,Neighborhood,1,"39.91935714, -75.15055053",126515001-3653
2020,126515001,3654,2640,264,421899003654,Southwark School,District,SDP K12 Schools,Elementary-Middle,Neighborhood,1,"39.92637775, -75.16053168",126515001-3654
2020,126515001,7906,2650,265,421899000923,Science Leadership Academy,District,SDP K12 Schools,High,Special Admit,5,"39.963701, -75.162516",126515001-7906
2020,126515001,7905,2670,267,421899001010,Constitution High School,District,SDP K12 Schools,High,Citywide,1,"39.950252, -75.152336",126515001-7905
2020,126515001,8330,2680,268,421899007524,The Science Leadership Academy at Beeber,District,SDP K12 Schools,Middle-High,Special Admit,4,"39.98610221, -75.24192008",126515001-8330
2020,126515001,3657,2690,269,421899003657,John H. Taggart School,District,SDP K12 Schools,Elementary-Middle,Neighborhood,1,"39.91721223, -75.15452237",126515001-3657
2020,126515001,8294,2720,272,421899007511,Vare-Washington School,District,SDP K12 Schools,Elementary-Middle,Neighborhood,1,"39.93427949, -75.15252649",126515001-8294
2020,126515001,3857,4020,402,421899003857,Overbrook High School,District,SDP K12 Schools,High,Neighborhood,4,"39.981028, -75.238556",126515001-3857
2020,126515001,7023,4030,403,421899007023,High School of Engineering and Science,District,SDP K12 Schools,Middle-High,Special Admit,5,"39.98341809, -75.16127789",126515001-7023
2020,126515001,3841,4060,406,421899003841,Murrell Dobbins Career and Technical High School,District,SDP K12 Schools,High,Citywide,5,"39.9954293, -75.16679334",126515001-3841
2020,126515001,7255,4140,414,421899003839,Strawberry Mansion High School,District,SDP K12 Schools,High,Neighborhood,5,"39.99074371, -75.18402464",126515001-7255
2020,126515001,3662,4220,422,421899003662,James G. Blaine School,District,SDP K12 Schools,Elementary-Middle,Neighborhood,5,"39.98521297, -75.18293887",126515001-3662
2020,126515001,3664,4240,424,421899003664,Lewis C. Cassidy Academics Plus School,District,SDP K12 Schools,Elementary-Middle,Neighborhood,4,"39.97551874, -75.25077443",126515001-3664
2020,126515001,3786,4270,427,421899003786,William Dick School,District,SDP K12 Schools,Elementary-Middle,Neighborhood,5,"39.986730, -75.173787",126515001-3786
2020,126515001,3668,4280,428,421899003668,Samuel Gompers School,District,SDP K12 Schools,Elementary-Middle,Neighborhood,4,"39.99205763, -75.23754028",126515001-3668
2020,126515001,5187,4300,430,421899005187,Edward Heston School,District,SDP K12 Schools,Elementary-Middle,Neighborhood,3,"39.977852, -75.229727",126515001-5187
2020,126515001,3670,4320,432,421899003670,Robert E. Lamberton School,District,SDP K12 Schools,Elementary-Middle,Neighborhood,4,"39.975465, -75.266329",126515001-3670
2020,126515001,8292,4350,435,421899007517,E. Washington Rhodes School,District,SDP K12 Schools,Elementary-Middle,Neighborhood,4,"40.00275594, -75.17812979",126515001-8292
2020,126515001,8389,4360,436,421899007593,Kenderton Elementary School,District,SDP K12 Schools,Elementary-Middle,Neighborhood,8,"40.004940, -75.154241",126515001-8389
2020,126515001,7472,4370,437,421899000237,Overbrook Elementary School,District,SDP K12 Schools,Elementary-Middle,Neighborhood,4,"39.98225806, -75.24584611",126515001-7472
2020,126515001,3675,4380,438,421899003675,Thomas M. Peirce School,District,SDP K12 Schools,Elementary,Neighborhood,8,"39.998839, -75.168424",126515001-3675
2020,126515001,5292,4440,444,421899005292,Dr. Ethel Allen School,District,SDP K12 Schools,Elementary-Middle,Neighborhood,5,"39.99757697, -75.18345963",126515001-5292
2020,126515001,5040,4460,446,421899005040,Tanner G. Duckrey School,District,SDP K12 Schools,Elementary-Middle,Neighborhood,5,"39.98520302, -75.15830107",126515001-5040
2020,126515001,5188,4470,447,421899005188,Richard R. Wright School,District,SDP K12 Schools,Elementary,Neighborhood,5,"39.99043963, -75.17699812",126515001-5188
2020,126515001,6960,4480,448,421899006960,Overbrook Educational Center,District,SDP K12 Schools,Elementary-Middle,Citywide,4,"39.97429952, -75.25401239",126515001-6960
2020,126515001,3625,4530,453,421899003625,Edward Gideon School,District,SDP K12 Schools,Elementary-Middle,Neighborhood,5,"39.98447594, -75.18016456",126515001-3625
2020,126515001,3626,4560,456,421899003626,William D. Kelley School,District,SDP K12 Schools,Elementary-Middle,Neighborhood,5,"39.98039173, -75.18032689",126515001-3626
2020,126515001,3630,4570,457,421899003630,General George G. Meade School,District,SDP K12 Schools,Elementary-Middle,Neighborhood,5,"39.978587, -75.164718",126515001-3630
2020,126515001,3849,5020,502,421899003849,Thomas A. Edison High School,District,SDP K12 Schools,High,Neighborhood,7,"40.01116485, -75.12863791",126515001-3849
2020,126515001,7850,5050,505,421899000899,Philadelphia Military Academy,District,SDP K12 Schools,High,Citywide,5,"39.98470959, -75.15443401",126515001-7850
2020,126515001,3842,5060,506,421899003842,Jules E. Mastbaum Area Vocational Technical High School,District,SDP K12 Schools,High,Citywide,1,"39.99214686, -75.11213573",126515001-3842
2020,126515001,6548,5070,507,421899006548,Parkway Northwest High School,District,SDP K12 Schools,High,Special Admit,9,"40.05664074, -75.16457453",126515001-6548
2020,126515001,7782,5080,508,421899000771,Parkway Center City Middle College High School,District,SDP K12 Schools,High,Special Admit,5,"39.96300501, -75.1592865",126515001-7782
2020,126515001,7808,5090,509,421899000821,Parkway West High School,District,SDP K12 Schools,High,Special Admit,3,"39.96425379, -75.21546704",126515001-7808
2020,126515001,7070,5150,515,421899007225,William W. Bodine High School,District,SDP K12 Schools,High,Special Admit,5,"39.96793026, -75.14343443",126515001-7070
2020,126515001,8293,5160,516,421899007502,Penn Treaty High School,District,SDP K12 Schools,Middle-High,Neighborhood,5,"39.97272711, -75.12787008",126515001-8293
2020,126515001,7175,5170,517,421899007229,Julia de Burgos School,District,SDP K12 Schools,Elementary-Middle,Neighborhood,7,"39.99275164, -75.13862743",126515001-7175
2020,126515001,8440,5180,518,421899007661,Vaux High School: A Big Picture,District,SDP K12 Schools,High,Neighborhood,5,"39.976325, -75.174186",126515001-8440
2020,126515001,7256,5200,520,421899006524,Alexander Adaire School,District,SDP K12 Schools,Elementary-Middle,Neighborhood,5,"39.97232661, -75.12930989",126515001-7256
2020,126515001,3684,5210,521,421899003684,Henry A. Brown School,District,SDP K12 Schools,Elementary-Middle,Neighborhood,1,"39.98661748, -75.12725674",126515001-3684
2020,126515001,6525,5230,523,421899006525,Russell H. Conwell School,District,SDP K12 Schools,Middle,Special Admit,7,"39.99471406, -75.11527383",126515001-6525
2020,126515001,3687,5250,525,421899003687,Paul L. Dunbar School,District,SDP K12 Schools,Elementary-Middle,Neighborhood,5,"39.97948773, -75.15416974",126515001-3687
2020,126515001,3688,5260,526,421899003688,Lewis Elkin School,District,SDP K12 Schools,Elementary,Neighborhood,7,"39.997018, -75.121274",126515001-3688
2020,126515001,5120,5300,530,421899005120,Horatio B. Hackett School,District,SDP K12 Schools,Elementary,Neighborhood,1,"39.98096374, -75.12685511",126515001-5120
2020,126515001,5125,5320,532,421899005125,John F. Hartranft School,District,SDP K12 Schools,Elementary-Middle,Neighborhood,5,"39.98942228, -75.14477741",126515001-5125
2020,126515001,3693,5330,533,421899003693,William H. Hunter School,District,SDP K12 Schools,Elementary-Middle,Neighborhood,7,"39.98725028, -75.13176356",126515001-3693
2020,126515001,3694,5340,534,421899003694,James R. Ludlow School,District,SDP K12 Schools,Elementary-Middle,Neighborhood,5,"39.972724, -75.145854",126515001-3694
2020,126515001,5293,5350,535,421899005293,William McKinley School,District,SDP K12 Schools,Elementary-Middle,Neighborhood,7,"39.9827686, -75.14165528",126515001-5293
2020,126515001,3697,5370,537,421899003697,John Moffet School,District,SDP K12 Schools,Elementary,Neighborhood,7,"39.97439362, -75.13498462",126515001-3697
2020,126515001,5121,5390,539,421899005121,Potter-Thomas School,District,SDP K12 Schools,Elementary-Middle,Neighborhood,7,"39.99690701, -75.14107646",126515001-5121
2020,126515001,3701,5400,540,421899003701,Richmond School,District,SDP K12 Schools,Elementary,Neighborhood,1,"39.983496, -75.110491",126515001-3701
2020,126515001,3702,5410,541,421899003702,Isaac A. Sheppard School,District,SDP K12 Schools,Elementary,Neighborhood,7,"39.993651, -75.131630",126515001-3702
2020,126515001,3703,5420,542,421899003703,John Welsh School,District,SDP K12 Schools,Elementary-Middle,Neighborhood,7,"39.98653438, -75.13941869",126515001-3703
2020,126515001,6823,5430,543,421899006823,Alternative Middle Years at James Martin,District,SDP K12 Schools,Middle,Citywide,6,"39.98529996, -75.09718185",126515001-6823
2020,126515001,6544,5440,544,421899006544,Frances E. Willard School,District,SDP K12 Schools,Elementary,Neighborhood,1,"39.993065, -75.115907",126515001-6544
2020,126515001,5123,5470,547,421899005123,William Cramp School,District,SDP K12 Schools,Elementary,Neighborhood,7,"40.00260657, -75.13036297",126515001-5123
2020,126515001,3645,5480,548,421899003645,General Philip Kearny School,District,SDP K12 Schools,Elementary-Middle,Neighborhood,5,"39.96385753, -75.14812935",126515001-3645
2020,126515001,7404,5490,549,421899000105,Cayuga School,District,SDP K12 Schools,Elementary,Neighborhood,7,"40.017826, -75.135246",126515001-7404
2020,126515001,7521,5500,550,421899000329,Thurgood Marshall School,District,SDP K12 Schools,Elementary-Middle,Neighborhood,8,"40.02938155, -75.13416332",126515001-7521
2020,126515001,7852,5520,552,421899000901,Kensington High School for Creative and Performing Arts,District,SDP K12 Schools,High,Neighborhood,7,"39.97794956, -75.1330532",126515001-7852
2020,126515001,3800,5530,553,421899003800,Philip H. Sheridan School,District,SDP K12 Schools,Elementary,Neighborhood,7,"39.99974725, -75.11478572",126515001-3800
2020,126515001,7855,5550,555,421899000907,Kensington Health Sciences Academy,District,SDP K12 Schools,High,Neighborhood,1,"39.985026, -75.128685",126515001-7855
2020,126515001,3655,5560,556,421899003655,Spring Garden School,District,SDP K12 Schools,Elementary-Middle,Neighborhood,5,"39.96516155, -75.15614042",126515001-3655
2020,126515001,5124,5590,559,421899005124,John H. Webster School,District,SDP K12 Schools,Elementary,Neighborhood,1,"39.996199, -75.104516",126515001-5124
2020,126515001,8332,5610,561,421899007534,Building 21,District,SDP K12 Schools,High,Citywide,9,"40.053631, -75.152481",126515001-8332
2020,126515001,8329,5620,562,421899007547,The U School,District,SDP K12 Schools,High,Citywide,5,"39.981983, -75.146256",126515001-8329
2020,126515001,8331,5660,566,421899007525,The LINC,District,SDP K12 Schools,High,Citywide,7,"40.006819, -75.129736",126515001-8331
2020,126515001,7522,5680,568,421899000331,Honorable Luis Munoz-Marin School,District,SDP K12 Schools,Elementary-Middle,Neighborhood,7,"40.00098011, -75.13538958",126515001-7522
2020,126515001,8388,5700,570,421899007598,Kensington High School,District,SDP K12 Schools,High,Neighborhood,1,"39.98483396, -75.12640188",126515001-8388
2020,126515001,3848,6010,601,421899003848,Central High School,District,SDP K12 Schools,High,Special Admit,8,"40.0372851, -75.15074825",126515001-3848
2020,126515001,3844,6030,603,421899003844,Roxborough High School,District,SDP K12 Schools,High,Neighborhood,4,"40.03802479, -75.22283357",126515001-3844
2020,126515001,3861,6040,604,421899003861,Walter B. Saul High School,District,SDP K12 Schools,High,Special Admit,4,"40.04902036, -75.21981676",126515001-3861
2020,126515001,3843,6050,605,421899003843,Philadelphia High School for Girls,District,SDP K12 Schools,High,Special Admit,8,"40.03898514, -75.14475989",126515001-3843
2020,126515001,6675,6060,606,421899006675,Martin Luther King High School,District,SDP K12 Schools,High,Neighborhood,8,"40.05756238, -75.16217184",126515001-6675
2020,126515001,7813,6090,609,421899000826,A. Philip Randolph Career and Technical High School,District,SDP K12 Schools,High,Citywide,4,"40.008504, -75.179609",126515001-7813
2020,126515001,3706,6200,620,421899003706,Anna B. Day School,District,SDP K12 Schools,Elementary-Middle,Neighborhood,8,"40.05840682, -75.16833464",126515001-3706
2020,126515001,3708,6210,621,421899003708,Franklin S. Edmonds School,District,SDP K12 Schools,Elementary-Middle,Neighborhood,9,"40.0717255, -75.1692495",126515001-3708
2020,126515001,3709,6220,622,421899003709,Eleanor C. Emlen School,District,SDP K12 Schools,Elementary,Neighborhood,8,"40.05436289, -75.17790573",126515001-3709
2020,126515001,6913,6230,623,421899006913,Fitler Academics Plus School,District,SDP K12 Schools,Elementary-Middle,Citywide,8,"40.02610052, -75.16633733",126515001-6913
2020,126515001,3712,6250,625,421899003712,Charles W. Henry School,District,SDP K12 Schools,Elementary-Middle,Neighborhood,8,"40.04625771, -75.19658776",126515001-3712
2020,126515001,3713,6260,626,421899003713,Henry H. Houston School,District,SDP K12 Schools,Elementary-Middle,Neighborhood,8,"40.059003, -75.195084",126515001-3713
2020,126515001,3714,6270,627,421899003714,Jenks Academy for Arts and Sciences,District,SDP K12 Schools,Elementary-Middle,Neighborhood,8,"40.07440887, -75.20356162",126515001-3714
2020,126515001,3718,6300,630,421899003718,James Logan School,District,SDP K12 Schools,Elementary,Neighborhood,8,"40.03085306, -75.15205995",126515001-3718
2020,126515001,3719,6310,631,421899003719,John F. McCloskey School,District,SDP K12 Schools,Elementary-Middle,Neighborhood,9,"40.08162668, -75.17533748",126515001-3719
2020,126515001,3720,6320,632,421899003720,Thomas Mifflin School,District,SDP K12 Schools,Elementary-Middle,Neighborhood,4,"40.01357043, -75.19128804",126515001-3720
2020,126515001,3722,6340,634,421899003722,Joseph Pennell School,District,SDP K12 Schools,Elementary,Neighborhood,8,"40.04351806, -75.15208663",126515001-3722
2020,126515001,6539,6350,635,421899006539,Samuel Pennypacker School,District,SDP K12 Schools,Elementary-Middle,Neighborhood,9,"40.06527032, -75.1597946",126515001-6539
2020,126515001,8296,6360,636,421899007477,Theodore Roosevelt School,District,SDP K12 Schools,Elementary-Middle,Neighborhood,8,"40.04856262, -75.17529079",126515001-8296
2020,126515001,3725,6380,638,421899003725,Shawmont School,District,SDP K12 Schools,Elementary-Middle,Neighborhood,4,"40.051478, -75.238543",126515001-3725
2020,126515001,3727,6390,639,421899003727,Edward T. Steel School,District,SDP K12 Schools,Elementary-Middle,Neighborhood,8,"40.01879502, -75.15689064",126515001-3727
2020,126515001,3728,6400,640,421899003728,Widener Memorial School,District,SDP Special Education,Elementary-Middle-High,Citywide,8,"40.036706, -75.146598",126515001-3728
2020,126515001,5122,6410,641,421899005122,Cook-Wissahickon School,District,SDP K12 Schools,Elementary-Middle,Neighborhood,4,"40.022472, -75.206802",126515001-5122
2020,126515001,3717,6440,644,421899003717,Anna L. Lingelbach School,District,SDP K12 Schools,Elementary-Middle,Neighborhood,8,"40.03708413, -75.18961364",126515001-3717
2020,126515001,3726,6450,645,421899003726,James Dobson School,District,SDP K12 Schools,Elementary-Middle,Neighborhood,4,"40.03147536, -75.23067163",126515001-3726
2020,126515001,7229,6460,646,421899003711,Hill-Freedman World Academy,District,SDP K12 Schools,Middle-High,Special Admit,8,"40.071311, -75.175303",126515001-7229
2020,126515001,5294,6470,647,421899005294,John B. Kelly School,District,SDP K12 Schools,Elementary,Neighborhood,8,"40.02479143, -75.1711868",126515001-5294
2020,126515001,7024,6480,648,421899007224,Academy for the Middle Years at Northwest,District,SDP K12 Schools,Middle,Special Admit,4,"40.03154543, -75.21317609",126515001-7024
2020,126515001,7811,6540,654,421899000824,Lankenau High School,District,SDP K12 Schools,High,Special Admit,4,"40.06153271, -75.25295594",126515001-7811
2020,126515001,3850,7010,701,421899003850,Frankford High School,District,SDP K12 Schools,High,Neighborhood,7,"40.021602, -75.084823",126515001-3850
2020,126515001,7239,7100,710,421899003815,Jay Cooke School,District,SDP K12 Schools,Elementary-Middle,Neighborhood,8,"40.025526, -75.146074",126515001-7239
2020,126515001,7242,7110,711,421899003820,Warren G. Harding School,District,SDP K12 Schools,Middle,Neighborhood,7,"40.01291694, -75.07456081",126515001-7242
2020,126515001,3816,7120,712,421899003816,Samuel Fels High School,District,SDP K12 Schools,High,Neighborhood,9,"40.03564646, -75.09109404",126515001-3816
2020,126515001,3835,7130,713,421899003835,General Louis Wagner School,District,SDP K12 Schools,Middle,Neighborhood,8,"40.05174748, -75.14767962",126515001-3835
2020,126515001,7963,7150,715,421899006123,Juniata Park Academy,District,SDP K12 Schools,Elementary-Middle,Neighborhood,7,"40.01284122, -75.11102921",126515001-7963
2020,126515001,3732,7200,720,421899003732,Clara Barton School,District,SDP K12 Schools,Elementary,Neighborhood,7,"40.0193401, -75.11950188",126515001-3732
2020,126515001,7230,7220,722,421899003734,Laura H. Carnell School,District,SDP K12 Schools,Elementary,Neighborhood,9,"40.038957, -75.084142",126515001-7230
2020,126515001,3738,7260,726,421899003738,Ellwood School,District,SDP K12 Schools,Elementary,Neighborhood,9,"40.05472609, -75.13894107",126515001-3738
2020,126515001,3739,7270,727,421899003739,Thomas K. Finletter School,District,SDP K12 Schools,Elementary-Middle,Neighborhood,9,"40.043608, -75.119176",126515001-3739
2020,126515001,7231,7280,728,421899010014,Benjamin Franklin School,District,SDP K12 Schools,Elementary-Middle,Neighborhood,9,"40.04215213, -75.10498859",126515001-7231
2020,126515001,4963,7290,729,421899004963,Allen M. Stearne School,District,SDP K12 Schools,Elementary-Middle,Neighborhood,7,"40.011752, -75.085112",126515001-4963
2020,126515001,3742,7300,730,421899003742,Francis Hopkinson School,District,SDP K12 Schools,Elementary-Middle,Neighborhood,7,"40.00771059, -75.10274511",126515001-3742
2020,126515001,3751,7310,731,421899003751,Feltonville Intermediate School,District,SDP K12 Schools,Elementary,Neighborhood,7,"40.02034002, -75.12102564",126515001-3751
2020,126515001,3743,7320,732,421899003743,Julia W. Howe School,District,SDP K12 Schools,Elementary,Neighborhood,9,"40.04113187, -75.14211131",126515001-3743
2020,126515001,3744,7330,733,421899003744,Henry W. Lawton School,District,SDP K12 Schools,Elementary,Neighborhood,6,"40.020648, -75.058976",126515001-3744
2020,126515001,7232,7350,735,421899003746,James R. Lowell School,District,SDP K12 Schools,Elementary,Neighborhood,9,"40.04086578, -75.12871963",126515001-7232
2020,126515001,3797,7360,736,421899003797,John Marshall School,District,SDP K12 Schools,Elementary,Neighborhood,7,"40.014546, -75.087158",126515001-3797
2020,126515001,7663,7370,737,421899000549,"Grover Washington, Jr. School",District,SDP K12 Schools,Middle,Neighborhood,9,"40.035479, -75.117969",126515001-7663
2020,126515001,6534,7380,738,421899006534,Alexander K. McClure School,District,SDP K12 Schools,Elementary,Neighborhood,7,"40.015178, -75.137574",126515001-6534
2020,126515001,3749,7390,739,421899003749,Andrew J. Morrison School,District,SDP K12 Schools,Elementary-Middle,Neighborhood,8,"40.02843729, -75.12941126",126515001-3749
2020,126515001,3750,7400,740,421899003750,Olney School,District,SDP K12 Schools,Elementary-Middle,Neighborhood,9,"40.03058672, -75.12134354",126515001-3750
2020,126515001,3753,7430,743,421899003753,James J. Sullivan School,District,SDP K12 Schools,Elementary,Neighborhood,6,"40.01529786, -75.06706036",126515001-3753
2020,126515001,3755,7440,744,421899003755,Bayard Taylor School,District,SDP K12 Schools,Elementary,Neighborhood,7,"40.00753033, -75.13793972",126515001-3755
2020,126515001,7233,7460,746,421899003754,William H. Ziegler School,District,SDP K12 Schools,Elementary-Middle,Neighborhood,7,"40.03003725, -75.07570448",126515001-7233
2020,126515001,3745,7470,747,421899003745,Bridesburg School,District,SDP K12 Schools,Elementary-Middle,Neighborhood,6,"40.00030082, -75.06660471",126515001-3745
2020,126515001,6765,7490,749,421899006765,Prince Hall School,District,SDP K12 Schools,Elementary,Neighborhood,8,"40.04770742, -75.14956052",126515001-6765
2020,126515001,7368,7500,750,421899000054,Feltonville School of Arts and Sciences,District,SDP K12 Schools,Middle,Neighborhood,7,"40.019437, -75.121675",126515001-7368
2020,126515001,5183,7510,751,421899005183,Mary M. Bethune School,District,SDP K12 Schools,Elementary-Middle,Neighborhood,5,"40.00269526, -75.14872828",126515001-5183
2020,126515001,3724,7530,753,421899003724,William Rowen School,District,SDP K12 Schools,Elementary,Neighborhood,9,"40.05930676, -75.1486472",126515001-3724
2020,126515001,6767,7730,773,421899006767,Roberto Clemente School,District,SDP K12 Schools,Middle,Neighborhood,7,"40.006819, -75.129736",126515001-6767
2020,126515001,3845,8010,801,421899003845,Abraham Lincoln High School,District,SDP K12 Schools,High,Neighborhood,6,"40.04310838, -75.04479221",126515001-3845
2020,126515001,3855,8020,802,421899003855,Northeast High School,District,SDP K12 Schools,High,Neighborhood,10,"40.05564409, -75.07118355",126515001-3855
2020,126515001,6527,8030,803,421899006527,George Washington High School,District,SDP K12 Schools,High,Neighborhood,10,"40.10598577, -75.02723013",126515001-6527
2020,126515001,8039,8040,804,421899006904,Arts Academy at Benjamin Rush,District,SDP K12 Schools,High,Special Admit,10,"40.08253275, -74.9752061",126515001-8039
2020,126515001,7072,8090,809,421899000572,Swenson Arts and Technology High School,District,SDP K12 Schools,High,Citywide,10,"40.0921093, -75.01398863",126515001-7072
2020,126515001,7253,8120,812,421899003836,Woodrow Wilson School,District,SDP K12 Schools,Middle,Neighborhood,9,"40.052367, -75.069086",126515001-7253
2020,126515001,6768,8140,814,421899006768,Austin Meehan School,District,SDP K12 Schools,Middle,Neighborhood,6,"40.045607, -75.044206",126515001-6768
2020,126515001,6824,8160,816,421899006824,Baldi School,District,SDP K12 Schools,Middle,Neighborhood,10,"40.09331609, -75.05217234",126515001-6824
2020,126515001,3758,8200,820,421899003758,Ethan Allen School,District,SDP K12 Schools,Elementary-Middle,Neighborhood,6,"40.0294252, -75.06268841",126515001-3758
2020,126515001,6529,8210,821,421899006529,Joseph H. Brown School,District,SDP K12 Schools,Elementary,Neighborhood,6,"40.04392183, -75.02460195",126515001-6529
2020,126515001,3762,8230,823,421899003762,Kennedy C. Crossan School,District,SDP K12 Schools,Elementary,Neighborhood,10,"40.06144841, -75.08155085",126515001-3762
2020,126515001,3763,8240,824,421899003763,Hamilton Disston School,District,SDP K12 Schools,Elementary-Middle,Neighborhood,6,"40.02836911, -75.04658904",126515001-3763
2020,126515001,3764,8250,825,421899003764,Edwin Forrest School,District,SDP K12 Schools,Elementary,Neighborhood,6,"40.034440, -75.035891",126515001-3764
2020,126515001,3765,8260,826,421899003765,Fox Chase School,District,SDP K12 Schools,Elementary,Neighborhood,10,"40.076307, -75.082129",126515001-3765
2020,126515001,3766,8270,827,421899003766,Thomas Holme School,District,SDP K12 Schools,Elementary,Neighborhood,6,"40.054988, -75.008965",126515001-3766
2020,126515001,3769,8300,830,421899003769,Mayfair School,District,SDP K12 Schools,Elementary-Middle,Neighborhood,6,"40.03945436, -75.05339332",126515001-3769
2020,126515001,3770,8310,831,421899003770,J. Hampton Moore School,District,SDP K12 Schools,Elementary,Neighborhood,9,"40.049135, -75.076912",126515001-3770
2020,126515001,3773,8340,834,421899003773,Solomon Solis-Cohen School,District,SDP K12 Schools,Elementary,Neighborhood,6,"40.044644, -75.064725",126515001-3773
2020,126515001,7234,8350,835,421899003774,Gilbert Spruance School,District,SDP K12 Schools,Elementary-Middle,Neighborhood,7,"40.03756142, -75.07232936",126515001-7234
2020,126515001,3771,8360,836,421899003771,Rhawnhurst School,District,SDP K12 Schools,Elementary,Neighborhood,10,"40.05869601, -75.05898166",126515001-3771
2020,126515001,3760,8370,837,421899003760,Watson Comly School,District,SDP K12 Schools,Elementary,Neighborhood,10,"40.12096486, -75.0091088",126515001-3760
2020,126515001,7235,8380,838,421899003779,Louis H. Farrell School,District,SDP K12 Schools,Elementary-Middle,Neighborhood,10,"40.06657162, -75.05241476",126515001-7235
2020,126515001,3781,8390,839,421899003781,A.L. Fitzpatrick School,District,SDP K12 Schools,Elementary-Middle,Neighborhood,10,"40.080306, -74.976529",126515001-3781
2020,126515001,3803,8400,840,421899003803,Anne Frank School,District,SDP K12 Schools,Elementary,Neighborhood,10,"40.088288, -75.028222",126515001-3803
2020,126515001,3801,8410,841,421899003801,Robert B. Pollock School,District,SDP K12 Schools,Elementary,Neighborhood,6,"40.060116, -75.027130",126515001-3801
2020,126515001,4727,8420,842,421899004727,Stephen Decatur School,District,SDP K12 Schools,Elementary-Middle,Neighborhood,10,"40.095818, -74.970535",126515001-4727
2020,126515001,4726,8430,843,421899004726,Joseph Greenberg School,District,SDP K12 Schools,Elementary-Middle,Neighborhood,10,"40.09608652, -75.05771102",126515001-4726
2020,126515001,4961,8440,844,421899004961,William H. Loesche School,District,SDP K12 Schools,Elementary,Neighborhood,10,"40.11358364, -75.02386784",126515001-4961
2020,126515001,8386,8460,846,421899007588,Philadelphia Learning Academy South,District,Alternate Schools,High,Alternative,3,"39.96971371, -75.21013521",126515001-8386
2020,126515001,8385,8470,847,421899007603,Philadelphia Learning Academy North,District,Alternate Schools,High,Alternative,7,"40.01425525, -75.12599679",126515001-8385
2020,126515001,8328,8560,856,421899007548,The Workshop School,District,SDP K12 Schools,High,Citywide,3,"39.95530589, -75.21855329",126515001-8328
2020,126515001,5041,8770,877,421899005041,John Hancock Demonstration School,District,SDP K12 Schools,Elementary-Middle,Neighborhood,10,"40.06774728, -74.98842793",126515001-5041
2020,126515001,8298,8780,878,421899007506,Philadelphia Virtual Academy,District,Virtual,Middle-High,Virtual,5,"39.96102159, -75.16264405",126515001-8298
2020,126512840,7510,3301,W01,420001300318,Community Academy of Philadelphia Charter School,Charter,Charter Schools,Elementary-Middle-High,Citywide,7,"40.00538049, -75.10735613",126512840-7510
2020,126512850,7511,3302,W02,420001400319,Harambee Institute of Science and Technology Charter School,Charter,Charter Schools,Elementary-Middle,Citywide,4,"39.97309111, -75.25171974",126512850-7511
2020,126512870,7513,3304,W04,420001600324,YouthBuild Philadelphia Charter School,Charter,Charter Schools,High,Citywide With Criteria,5,"39.97290649, -75.15863287",126512870-7513
2020,126513160,7575,3306,W06,420005200489,Christopher Columbus Charter School,Charter,Charter Schools,Elementary-Middle,Citywide,1,"39.93894574, -75.15824752",126513160-7575
2020,126513100,7564,3307,W07,420004300405,Eugenio Maria De Hostos Charter School,Charter,Charter Schools,Elementary-Middle,Citywide,9,"40.04655012, -75.12324994",126513100-7564
2020,126513070,7557,3308,W08,420004200404,Inquiry Charter School,Charter,Charter Schools,Elementary,Citywide,3,"39.97475234, -75.21252924",126513070-7557
2020,126512980,7542,3309,W09,420003800393,Imhotep Institute Charter High School,Charter,Charter Schools,High,Citywide,8,"40.049427, -75.154717",126512980-7542
2020,126513110,7565,3310,W10,420004400406,Laboratory Charter School of Communication and Languages,Charter,Charter Schools,Elementary-Middle,Citywide,5,"39.96381337, -75.14384946",126513110-7565
2020,126513000,7546,3312,W12,420004000399,Multicultural Academy Charter School,Charter,Charter Schools,High,Citywide,5,"40.01112725, -75.15073123",126513000-7546
2020,126512960,7540,3313,W13,420003600391,"Preparatory Charter School of Mathematics, Science, Technology and Careers",Charter,Charter Schools,High,Citywide,2,"39.92845355, -75.18665686",126512960-7540
2020,126513020,7548,3314,W14,420004100403,West Oak Lane Charter School,Charter,Charter Schools,Elementary-Middle,Citywide,9,"40.05936358, -75.16363798",126513020-7548
2020,126512990,7543,3315,W15,420003900398,Alliance For Progress Charter School,Charter,Charter Schools,Elementary-Middle,Citywide,5,"39.979731, -75.165471",126512990-7543
2020,126513190,7578,3317,W17,420005300493,Architecture and Design Charter School,Charter,Charter Schools,High,Citywide,1,"39.948892, -75.152249",126513190-7578
2020,126513270,7586,3318,W18,420006000502,Freire Charter School,Charter,Charter Schools,Middle-High,Citywide,5,"39.95247289, -75.17442259",126513270-7586
2020,126513230,7582,3321,W21,420005600496,"Math, Civics and Sciences Charter School",Charter,Charter Schools,Elementary-Middle-High,Citywide,1,"39.961301, -75.160970",126513230-7582
2020,126513280,7587,3322,W22,420006100503,Philadelphia Academy Charter School,Charter,Charter Schools,Elementary-Middle-High,Citywide,10,"40.10358436, -75.01109307",126513280-7587
2020,126513290,7588,3323,W23,420006200504,Mastery Charter School at Hardy Williams,Charter,Charter Schools,Elementary-Middle-High,Citywide With Criteria,3,"39.941562, -75.226447",126513290-7588
2020,126513210,7580,3326,W26,420005500495,Universal Institute Charter School,Charter,Charter Schools,Elementary-Middle,Citywide,2,"39.940931, -75.167940",126513210-7580
2020,126513150,7574,3328,W28,420005100488,"Mathematics, Science, and Technology Community Charter School (MaST)",Charter,Charter Schools,Elementary-Middle-High,Citywide,10,"40.113832, -75.005658",126513150-7574
2020,126513250,7584,3329,W29,420005800500,Young Scholars Charter School,Charter,Charter Schools,Middle,Citywide,5,"39.96734659, -75.14799661",126513250-7584
2020,126513450,7666,3331,W31,420007700554,Franklin Towne Charter High School,Charter,Charter Schools,High,Citywide With Criteria,6,"40.007337, -75.066611",126513450-7666
2020,126513480,7672,3332,W32,420007900564,Mariana Bracetti Academy Charter School,Charter,Charter Schools,Elementary-Middle-High,Citywide,1,"40.005757, -75.094146",126513480-7672
2020,126513440,7665,3333,W33,420007600552,Esperanza Academy Charter School,Charter,Charter Schools,Elementary-Middle-High,Citywide,7,"40.01478539, -75.13232396",126513440-7665
2020,126513420,7649,3334,W34,420007500531,New Foundations Charter School,Charter,Charter Schools,Elementary-Middle-High,Citywide With Criteria,6,"40.035070, -75.024187",126513420-7649
2020,126510004,7685,3335,W35,420008500586,People for People Charter School,Charter,Charter Schools,Elementary-Middle-High,Citywide,5,"39.96810141, -75.16067477",126510004-7685
2020,126513400,7647,3336,W36,420007400529,Philadelphia Performing Arts: A String Theory Charter School,Charter,Charter Schools,Elementary-Middle-High,Citywide With Criteria,2,"39.91777662, -75.17166577",126513400-7647
2020,126513380,7639,3337,W37,420007300515,Global Leadership Academy Charter School,Charter,Charter Schools,Elementary-Middle,Citywide,4,"39.97335953, -75.2154352",126513380-7639
2020,126513510,7683,3341,W41,420008700584,Independence Charter School,Charter,Charter Schools,Elementary-Middle,Citywide,2,"39.94496682, -75.16855598",126513510-7683
2020,126514864,8358,3353,W53,420088607568,KIPP DuBois Charter School,Charter,Charter Schools,High,Citywide With Criteria,4,"39.98043019, -75.22085032",126514864-8358
2020,126510006,7722,3357,W57,420010500657,West Philadelphia Achievement Charter School,Charter,Charter Schools,Elementary,Citywide,4,"39.970667, -75.254111",126510006-7722
2020,126510009,7737,3358,W58,420010700678,Philadelphia Electrical and Technology Charter School,Charter,Charter Schools,High,Citywide,2,"39.95060789, -75.16511082",126510009-7737
2020,126510008,7684,3359,W59,420008600585,Richard Allen Preparatory Charter School,Charter,Charter Schools,Middle,Citywide,3,"39.92809187, -75.21926743",126510008-7684
2020,126510001,7677,3360,W60,420009200577,Russell Byers Charter School,Charter,Charter Schools,Elementary-Middle,Citywide,5,"39.95594922, -75.17155064",126510001-7677
2020,126510002,7678,3361,W61,420008400578,Mastery Charter School at Lenfest,Charter,Charter Schools,Middle-High,Citywide With Criteria,1,"39.94950579, -75.14734776",126510002-7678
2020,126510007,7724,3362,W62,420010600659,Wissahickon Charter School,Charter,Charter Schools,Elementary-Middle,Citywide With Criteria,4,"40.01537246, -75.17405347",126510007-7724
2020,100510000,7744,3364,W64,420009300687,First Philadelphia Preparatory Charter School,Charter,Charter Schools,Elementary-Middle-High,Citywide With Criteria,7,"40.00719991, -75.08240619",100510000-7744
2020,126510005,7748,3365,W65,420010400690,Green Woods Charter School,Charter,Charter Schools,Elementary-Middle,Citywide With Criteria,4,"40.04416378, -75.23385852",126510005-7748
2020,126510014,7777,3366,W66,420012300759,Maritime Academy Charter School (MACHS),Charter,Charter Schools,Elementary-Middle-High,Citywide,6,"40.007862, -75.068318",126510014-7777
2020,126510010,7750,3368,W68,420010800692,Belmont Charter School,Charter,Charter Schools,Elementary-Middle-High,Neighborhood,3,"39.96696484, -75.20487093",126510010-7750
2020,126510013,7776,3370,W70,420012200758,KIPP Philadelphia Charter School,Charter,Charter Schools,Elementary-Middle,Citywide,5,"39.992038, -75.158039",126510013-7776
2020,126510011,7775,3372,W72,420012100757,Discovery Charter School,Charter,Charter Schools,Elementary-Middle,Citywide,4,"39.97770823, -75.21350485",126510011-7775
2020,126510016,7828,3378,W78,420013000849,Philadelphia Montessori Charter School,Charter,Charter Schools,Elementary,Citywide,2,"39.91656437, -75.24515327",126510016-7828
2020,126510015,7825,3379,W79,420012900846,Ad Prima Charter School,Charter,Charter Schools,Elementary-Middle,Citywide,4,"39.984296, -75.247860",126510015-7825
2020,126510022,7909,3383,W83,420014500944,Mastery Charter School at Shoemaker,Charter,Charter Schools,Middle-High,Citywide With Criteria,3,"39.975799, -75.228437",126510022-7909
2020,126510021,7857,3384,W84,420014100897,Folk Arts-Cultural Treasures Charter School,Charter,Charter Schools,Elementary-Middle,Citywide,1,"39.95885103, -75.15551365",126510021-7857
2020,126510023,7910,3385,W85,420014400925,Mastery Charter School at Thomas Campus,Charter,Charter Schools,Elementary-Middle-High,Citywide With Criteria,2,"39.91454096, -75.16358831",126510023-7910
2020,126510019,7856,3386,W86,420013900894,Northwood Academy Charter School,Charter,Charter Schools,Elementary-Middle,Citywide With Criteria,7,"40.02015006, -75.09523811",126510019-7856
2020,185515523,7981,3388,W88,420076006107,Boys Latin of Philadelphia Charter School,Charter,Charter Schools,Middle-High,Citywide,3,"39.95172558, -75.23374851",185515523-7981
2020,182514568,7979,3389,W89,420076206103,Keystone Academy Charter School,Charter,Charter Schools,Elementary-Middle,Citywide,6,"40.021916, -75.045089",182514568-7979
2020,108515107,7960,3392,W92,420075806112,Southwest Leadership Academy Charter School,Charter,Charter Schools,Elementary-Middle,Citywide With Criteria,2,"39.918099, -75.242600",108515107-7960
2020,151514721,7961,3393,W93,420076106025,Mastery Charter School at Pickett,Charter,Charter Schools,Middle-High,Citywide With Criteria,8,"40.03187441, -75.18087124",151514721-7961
2020,173515368,7985,3394,W94,420081006871,Pan American Academy Charter School,Charter,Charter Schools,Elementary-Middle,Citywide With Criteria,7,"39.99428061, -75.13614883",173515368-7985
2020,104510394,8031,3395,W95,420081306909,Antonia Pantoja Charter School,Charter,Charter Schools,Elementary-Middle,Citywide,7,"40.01300525, -75.13136564",104510394-8031
2020,172510793,8124,3396,W96,420081507308,KIPP West Philadelphia Preparatory Charter School,Charter,Charter Schools,Middle,Citywide With Criteria,3,"39.94453199, -75.24184422",172510793-8124
2020,114514135,8083,3399,W99,420081606948,Sankofa Freedom Academy Charter School,Charter,Charter Schools,Elementary-Middle-High,Citywide With Criteria,1,"39.987082, -75.128641",114514135-8083
2020,147513703,8123,3403,X03,420081706985,Franklin Towne Charter Elementary School,Charter,Charter Schools,Elementary-Middle,Citywide With Criteria,6,"39.99551599, -75.07472434",147513703-8123
2020,192518422,8126,3404,X04,420082106962,Tacony Academy Charter School,Charter,Charter Schools,Elementary-Middle-High,Citywide With Criteria,10,"40.06684222, -75.06598353",192518422-8126
2020,133513315,8149,3406,X06,420083907353,Aspira Charter School at Stetson,Charter,Charter Schools,Middle,Neighborhood,7,"39.99806894, -75.12546663",133513315-8149
2020,126516457,8153,3407,X07,420082807351,Mastery Charter School at Harrity,Charter,Charter Schools,Elementary-Middle,Neighborhood,3,"39.94852458, -75.23548525",126516457-8153
2020,126519433,8152,3408,X08,420083107367,Mastery Charter School at Mann,Charter,Charter Schools,Elementary,Neighborhood,4,"39.98590147, -75.2313266",126519433-8152
2020,126517286,8151,3409,X09,420082907358,Mastery Charter School at Smedley,Charter,Charter Schools,Elementary,Neighborhood,7,"40.019786, -75.073892",126517286-8151
2020,168513758,8145,3410,X10,420083407357,Universal Charter School at Bluford,Charter,Charter Schools,Elementary,Neighborhood,4,"39.973739, -75.236020",168513758-8145
2020,103519376,8146,3411,X11,420082707366,Universal Charter School at Daroff,Charter,Charter Schools,Elementary-Middle,Neighborhood,4,"39.96558158, -75.2325217",103519376-8146
2020,126518547,8150,3412,X12,420083007365,Mastery Charter School at Douglass,Charter,Charter Schools,Elementary-Middle,Neighborhood,5,"39.98461532, -75.16846267",126518547-8150
2020,126513452,8205,3414,X14,420084307386,Aspira Charter School at Olney,Charter,Charter Schools,High,Neighborhood,8,"40.028772, -75.123808",126513452-8205
2020,126511748,8208,3415,X15,420084007400,Mastery Charter School at Clymer,Charter,Charter Schools,Elementary,Neighborhood,5,"39.99565934, -75.15034419",126511748-8208
2020,126513734,8207,3416,X16,420085107414,Mastery Charter School at Gratz,Charter,Charter Schools,Middle-High,Neighborhood,8,"40.01453965, -75.15660685",126513734-8207
2020,126519434,8195,3417,X17,420085607402,Universal Charter School at Audenried,Charter,Charter Schools,High,Neighborhood,2,"39.933737, -75.198590",126519434-8195
2020,126513415,8196,3418,X18,420085507421,Universal Charter School at Vare,Charter,Charter Schools,Middle,Neighborhood,2,"39.925837, -75.185707",126513415-8196
2020,126519476,8206,3419,X19,420085007405,Lindley Academy Charter at Birney,Charter,Charter Schools,Elementary-Middle,Neighborhood,8,"40.02954904, -75.13883269",126519476-8206
2020,126519644,8259,3420,X20,420086207474,Mastery Charter School at Cleveland,Charter,Charter Schools,Elementary-Middle,Neighborhood,8,"40.01027824, -75.15908455",126519644-8259
2020,126517442,8251,3421,X21,420086607457,Universal Charter School at Creighton,Charter,Charter Schools,Elementary-Middle,Neighborhood,9,"40.03404277, -75.10586492",126517442-8251
2020,126515691,8252,3422,X22,420086307473,The Philadelphia Charter School for Arts and Sciences,Charter,Charter Schools,Elementary-Middle,Neighborhood,7,"40.02423246, -75.08599631",126515691-8252
2020,126519392,8257,3423,X23,420087007454,Memphis Street Academy Charter School at J.P. Jones,Charter,Charter Schools,Middle,Neighborhood,1,"39.98588986, -75.11285949",126519392-8257
2020,126512674,8287,3424,X24,420087207491,Universal Charter School at Alcorn,Charter,Charter Schools,Elementary-Middle,Neighborhood,2,"39.935499, -75.197771",126512674-8287
2020,126518795,8288,3426,X26,420087407515,Mastery Charter School at Pastorius,Charter,Charter Schools,Elementary-Middle,Neighborhood,8,"40.048208, -75.161424",126518795-8288
2020,126518118,8365,3427,X27,420088907599,Mastery Charter School at Wister,Charter,Charter Schools,Elementary,Neighborhood,8,"40.03288146, -75.16672063",126518118-8365
2020,126518004,8390,3428,X28,420089207595,Global Leadership Academy at Huey,Charter,Charter Schools,Elementary-Middle,Neighborhood,3,"39.95332691, -75.22685833",126518004-8390
2020,126514059,8431,3437,X37,420090107660,KIPP North Philadelphia Charter School,Charter,Charter Schools,Elementary,Citywide,5,"39.991930, -75.158212",126514059-8431
2020,126516724,8425,3438,X38,420089907663,Deep Roots Charter School,Charter,Charter Schools,Elementary,Citywide With Criteria,6,"39.998066, -75.101664",126516724-8425
2020,126517643,8427,3439,X39,420090007662,Mastery Prep Elementary Charter School,Charter,Charter Schools,Elementary,Citywide,8,"40.013457, -75.156128",126517643-8427
2020,126513117,8360,3440,X40,420089107602,MaST Community Charter School II,Charter,Charter Schools,Elementary-High,Citywide,6,"40.017476, -75.044372",126513117-8360
2020,126511530,8359,3441,X41,420089507589,TECH Freire Charter School,Charter,Charter Schools,High,Citywide With Criteria,5,"39.986869, -75.155669",126511530-8359
2020,126512039,8361,3442,X42,420089307600,Independence Charter School West,Charter,Charter Schools,Elementary,Citywide With Criteria,3,"39.93731366, -75.22614036",126512039-8361
2020,126515492,8363,3443,X43,420088807590,KIPP West Philadelphia Charter School,Charter,Charter Schools,Elementary,Citywide,3,"39.94453199, -75.24184422",126515492-8363
2020,126511624,8453,3445,X45,420090307674,MAST III Charter School,Charter,Charter Schools,Elementary,Citywide With Criteria,10,"40.109575, -74.991671",126511624-8453
2020,126510929,8454,3446,X46,420090207673,Philadelphia Hebrew Charter,Charter,Charter Schools,Elementary,Citywide,4,"40.012045, -75.184376",126510929-8454
2021,126515001,3847,1010,101,421899003847,John Bartram High School,District,SDP K12 Schools,High,Neighborhood,2,"39.92149737, -75.23405562",126515001-3847
2021,126515001,3860,1020,102,421899003860,West Philadelphia High School,District,SDP K12 Schools,High,Neighborhood,3,"39.958110, -75.219654",126515001-3860
2021,126515001,7903,1030,103,421899000993,High School of the Future,District,SDP K12 Schools,High,Citywide,4,"39.97465766, -75.2047566",126515001-7903
2021,126515001,7780,1050,105,421899000765,Paul Robeson High School for Human Services,District,SDP K12 Schools,High,Citywide,3,"39.95679553, -75.20476311",126515001-7780
2021,126515001,7245,1100,110,421899003825,William L. Sayre High School,District,SDP K12 Schools,High,Neighborhood,3,"39.95759354, -75.23859405",126515001-7245
2021,126515001,8297,1130,113,421899007496,William T. Tilden School,District,SDP K12 Schools,Middle,Neighborhood,2,"39.92093619, -75.23227632",126515001-8297
2021,126515001,7815,1190,119,421899000830,Motivation High School,District,SDP K12 Schools,High,Special Admit,3,"39.94453199, -75.24184422",126515001-7815
2021,126515001,8029,1200,120,421899006869,John Barry School,District,SDP K12 Schools,Elementary-Middle,Neighborhood,4,"39.96437494, -75.23860376",126515001-8029
2021,126515001,3601,1230,123,421899003601,William C. Bryant School,District,SDP K12 Schools,Elementary-Middle,Neighborhood,3,"39.952687, -75.243691",126515001-3601
2021,126515001,3602,1250,125,421899003602,Joseph W. Catharine School,District,SDP K12 Schools,Elementary,Neighborhood,2,"39.927435, -75.239911",126515001-3602
2021,126515001,3782,1260,126,421899003782,Benjamin B. Comegys School,District,SDP K12 Schools,Elementary-Middle,Neighborhood,3,"39.940520, -75.216289",126515001-3782
2021,126515001,7706,1280,128,421899000619,Sadie Alexander School,District,SDP K12 Schools,Elementary-Middle,Neighborhood,3,"39.953099, -75.208187",126515001-7706
2021,126515001,5185,1290,129,421899005185,Andrew Hamilton School,District,SDP K12 Schools,Elementary-Middle,Neighborhood,3,"39.955438, -75.235543",126515001-5185
2021,126515001,6528,1300,130,421899006528,Avery D. Harrington School,District,SDP K12 Schools,Elementary-Middle,Neighborhood,3,"39.94736517, -75.23059508",126515001-6528
2021,126515001,6530,1340,134,421899006530,Henry C. Lea School,District,SDP K12 Schools,Elementary-Middle,Neighborhood,3,"39.954515, -75.216347",126515001-6530
2021,126515001,6533,1350,135,421899006533,William C. Longstreth School,District,SDP K12 Schools,Elementary-Middle,Neighborhood,3,"39.94090823, -75.23237316",126515001-6533
2021,126515001,3611,1360,136,421899003611,Morton McMichael School,District,SDP K12 Schools,Elementary-Middle,Neighborhood,3,"39.96619727, -75.19411487",126515001-3611
2021,126515001,3798,1370,137,421899003798,S. Weir Mitchell School,District,SDP K12 Schools,Elementary-Middle,Neighborhood,3,"39.93681427, -75.223291",126515001-3798
2021,126515001,6535,1380,138,421899006535,Thomas G. Morton School,District,SDP K12 Schools,Elementary,Neighborhood,2,"39.92346826, -75.22690015",126515001-6535
2021,126515001,3783,1390,139,421899003783,Samuel Powel School,District,SDP K12 Schools,Elementary,Neighborhood,3,"39.9599324, -75.19370686",126515001-3783
2021,126515001,3613,1400,140,421899003613,John M. Patterson School,District,SDP K12 Schools,Elementary,Neighborhood,2,"39.916095, -75.236762",126515001-3613
2021,126515001,3614,1410,141,421899003614,James Rhoads School,District,SDP K12 Schools,Elementary-Middle,Neighborhood,3,"39.967339, -75.220063",126515001-3614
2021,126515001,3615,1420,142,421899003615,Martha Washington School,District,SDP K12 Schools,Elementary-Middle,Neighborhood,3,"39.966206, -75.211179",126515001-3615
2021,126515001,3616,1440,144,421899003616,Penrose School,District,SDP K12 Schools,Elementary-Middle,Neighborhood,2,"39.90692358, -75.24865833",126515001-3616
2021,126515001,3804,1460,146,421899003804,Add B. Anderson School,District,SDP K12 Schools,Elementary-Middle,Neighborhood,3,"39.946726, -75.245717",126515001-3804
2021,126515001,4732,1470,147,421899004732,Alain Locke School,District,SDP K12 Schools,Elementary-Middle,Neighborhood,3,"39.96262376, -75.21245097",126515001-4732
2021,126515001,3663,1490,149,421899003663,Rudolph Blankenburg School,District,SDP K12 Schools,Elementary-Middle,Neighborhood,4,"39.97296312, -75.21388868",126515001-3663
2021,126515001,7022,1580,158,421899007223,Middle Years Alternative School,District,SDP K12 Schools,Middle,Citywide,3,"39.96425379, -75.21546704",126515001-7022
2021,126515001,3859,2000,200,421899003859,South Philadelphia High School,District,SDP K12 Schools,High,Neighborhood,1,"39.9238987, -75.1691065",126515001-3859
2021,126515001,3851,2010,201,421899003851,Benjamin Franklin High School,District,SDP K12 Schools,High,Neighborhood,5,"39.963530, -75.161640",126515001-3851
2021,126515001,6996,2020,202,421899006996,High School for Creative and Performing Arts,District,SDP K12 Schools,High,Special Admit,2,"39.93941992, -75.16548375",126515001-6996
2021,126515001,8387,2050,205,421899007592,Science Leadership Academy Middle School,District,SDP K12 Schools,Middle,Neighborhood,3,"39.96299243, -75.19362923",126515001-8387
2021,126515001,3808,2140,214,421899003808,Julia R. Masterman School,District,SDP K12 Schools,Middle-High,Special Admit,5,"39.96320031, -75.16620758",126515001-3808
2021,126515001,3818,2160,216,421899003818,Furness High School,District,SDP K12 Schools,High,Neighborhood,1,"39.923762, -75.150585",126515001-3818
2021,126515001,7226,2190,219,421899003639,D. Newlin Fell School,District,SDP K12 Schools,Elementary-Middle,Neighborhood,2,"39.91558638, -75.16300858",126515001-7226
2021,126515001,3618,2210,221,421899003618,Bache-Martin School,District,SDP K12 Schools,Elementary-Middle,Neighborhood,5,"39.96967782, -75.17384692",126515001-3618
2021,126515001,3620,2240,224,421899003620,F. Amedee Bregy School,District,SDP K12 Schools,Elementary-Middle,Neighborhood,2,"39.914699, -75.176674",126515001-3620
2021,126515001,3622,2260,226,421899003622,George W. Childs School,District,SDP K12 Schools,Elementary-Middle,Neighborhood,2,"39.934637, -75.170493",126515001-3622
2021,126515001,6822,2290,229,421899006822,Franklin Learning Center,District,SDP K12 Schools,High,Special Admit,5,"39.965049, -75.162753",126515001-6822
2021,126515001,3776,2320,232,421899003776,Stephen Girard School,District,SDP K12 Schools,Elementary,Neighborhood,2,"39.925059, -75.176611",126515001-3776
2021,126515001,3648,2340,234,421899003648,General George A. McCall School,District,SDP K12 Schools,Elementary-Middle,Neighborhood,1,"39.944635, -75.153180",126515001-3648
2021,126515001,3629,2370,237,421899003629,Delaplaine McDaniel School,District,SDP K12 Schools,Elementary-Middle,Neighborhood,2,"39.929592, -75.181793",126515001-3629
2021,126515001,3649,2380,238,421899003649,William M. Meredith School,District,SDP K12 Schools,Elementary-Middle,Neighborhood,1,"39.93974936, -75.15113339",126515001-3649
2021,126515001,4868,2390,239,421899004868,Robert Morris School,District,SDP K12 Schools,Elementary-Middle,Neighborhood,5,"39.975439, -75.178660",126515001-4868
2021,126515001,7664,2410,241,421899000551,Girard Academic Music Program,District,SDP K12 Schools,Middle-High,Special Admit,2,"39.92210463, -75.18256439",126515001-7664
2021,126515001,3635,2450,245,421899003635,Edwin M. Stanton School,District,SDP K12 Schools,Elementary-Middle,Neighborhood,2,"39.940503, -75.171017",126515001-3635
2021,126515001,5186,2470,247,421899005186,Albert M. Greenfield School,District,SDP K12 Schools,Elementary-Middle,Neighborhood,2,"39.95227234, -75.17739206",126515001-5186
2021,126515001,3805,2480,248,421899003805,Chester A. Arthur School,District,SDP K12 Schools,Elementary-Middle,Neighborhood,2,"39.94190083, -75.17569882",126515001-3805
2021,126515001,7225,2490,249,421899003636,Laura W. Waring School,District,SDP K12 Schools,Elementary-Middle,Neighborhood,5,"39.96491939, -75.1677006",126515001-7225
2021,126515001,3642,2510,251,421899003642,Andrew Jackson School,District,SDP K12 Schools,Elementary-Middle,Neighborhood,1,"39.934623, -75.163481",126515001-3642
2021,126515001,7227,2520,252,421899003644,Abram S. Jenks School,District,SDP K12 Schools,Elementary,Neighborhood,1,"39.918773, -75.168367",126515001-7227
2021,126515001,7228,2540,254,421899003646,Francis S. Key School,District,SDP K12 Schools,Elementary,Neighborhood,1,"39.9213857, -75.1601961",126515001-7228
2021,126515001,3647,2580,258,421899003647,Eliza B. Kirkbride School,District,SDP K12 Schools,Elementary-Middle,Neighborhood,1,"39.930020, -75.156466",126515001-3647
2021,126515001,3650,2590,259,421899003650,George W. Nebinger School,District,SDP K12 Schools,Elementary-Middle,Neighborhood,1,"39.936694, -75.153830",126515001-3650
2021,126515001,7904,2620,262,421899000962,Academy at Palumbo,District,SDP K12 Schools,High,Special Admit,2,"39.94019787, -75.16194915",126515001-7904
2021,126515001,3653,2630,263,421899003653,George W. Sharswood School,District,SDP K12 Schools,Elementary-Middle,Neighborhood,1,"39.91935714, -75.15055053",126515001-3653
2021,126515001,3654,2640,264,421899003654,Southwark School,District,SDP K12 Schools,Elementary-Middle,Neighborhood,1,"39.92637775, -75.16053168",126515001-3654
2021,126515001,7906,2650,265,421899000923,Science Leadership Academy,District,SDP K12 Schools,High,Special Admit,5,"39.963701, -75.162516",126515001-7906
2021,126515001,7905,2670,267,421899001010,Constitution High School,District,SDP K12 Schools,High,Citywide,1,"39.950252, -75.152336",126515001-7905
2021,126515001,8330,2680,268,421899007524,The Science Leadership Academy at Beeber,District,SDP K12 Schools,Middle-High,Special Admit,4,"39.98610221, -75.24192008",126515001-8330
2021,126515001,3657,2690,269,421899003657,John H. Taggart School,District,SDP K12 Schools,Elementary-Middle,Neighborhood,1,"39.91721223, -75.15452237",126515001-3657
2021,126515001,8294,2720,272,421899007511,Vare-Washington School,District,SDP K12 Schools,Elementary-Middle,Neighborhood,1,"39.93427949, -75.15252649",126515001-8294
2021,126515001,3857,4020,402,421899003857,Overbrook High School,District,SDP K12 Schools,High,Neighborhood,4,"39.981028, -75.238556",126515001-3857
2021,126515001,7023,4030,403,421899007023,High School of Engineering and Science,District,SDP K12 Schools,Middle-High,Special Admit,5,"39.98341809, -75.16127789",126515001-7023
2021,126515001,3841,4060,406,421899003841,Murrell Dobbins Career and Technical High School,District,SDP K12 Schools,High,Citywide,5,"39.9954293, -75.16679334",126515001-3841
2021,126515001,7255,4140,414,421899003839,Strawberry Mansion High School,District,SDP K12 Schools,High,Neighborhood,5,"39.99074371, -75.18402464",126515001-7255
2021,126515001,3662,4220,422,421899003662,James G. Blaine School,District,SDP K12 Schools,Elementary-Middle,Neighborhood,5,"39.98521297, -75.18293887",126515001-3662
2021,126515001,3664,4240,424,421899003664,Lewis C. Cassidy Academics Plus School,District,SDP K12 Schools,Elementary-Middle,Neighborhood,4,"39.97551874, -75.25077443",126515001-3664
2021,126515001,3786,4270,427,421899003786,William Dick School,District,SDP K12 Schools,Elementary-Middle,Neighborhood,5,"39.986730, -75.173787",126515001-3786
2021,126515001,3668,4280,428,421899003668,Samuel Gompers School,District,SDP K12 Schools,Elementary-Middle,Neighborhood,4,"39.99205763, -75.23754028",126515001-3668
2021,126515001,5187,4300,430,421899005187,Edward Heston School,District,SDP K12 Schools,Elementary-Middle,Neighborhood,3,"39.977852, -75.229727",126515001-5187
2021,126515001,3670,4320,432,421899003670,Robert E. Lamberton School,District,SDP K12 Schools,Elementary-Middle,Neighborhood,4,"39.975465, -75.266329",126515001-3670
2021,126515001,8292,4350,435,421899007517,E. Washington Rhodes School,District,SDP K12 Schools,Elementary-Middle,Neighborhood,4,"40.00275594, -75.17812979",126515001-8292
2021,126515001,8389,4360,436,421899007593,Kenderton Elementary School,District,SDP K12 Schools,Elementary-Middle,Neighborhood,8,"40.004940, -75.154241",126515001-8389
2021,126515001,7472,4370,437,421899000237,Overbrook Elementary School,District,SDP K12 Schools,Elementary-Middle,Neighborhood,4,"39.98225806, -75.24584611",126515001-7472
2021,126515001,3675,4380,438,421899003675,Thomas M. Peirce School,District,SDP K12 Schools,Elementary,Neighborhood,8,"39.998839, -75.168424",126515001-3675
2021,126515001,5292,4440,444,421899005292,Dr. Ethel Allen School,District,SDP K12 Schools,Elementary-Middle,Neighborhood,5,"39.99757697, -75.18345963",126515001-5292
2021,126515001,5040,4460,446,421899005040,Tanner G. Duckrey School,District,SDP K12 Schools,Elementary-Middle,Neighborhood,5,"39.98520302, -75.15830107",126515001-5040
2021,126515001,5188,4470,447,421899005188,Richard R. Wright School,District,SDP K12 Schools,Elementary,Neighborhood,5,"39.99043963, -75.17699812",126515001-5188
2021,126515001,6960,4480,448,421899006960,Overbrook Educational Center,District,SDP K12 Schools,Elementary-Middle,Citywide,4,"39.97429952, -75.25401239",126515001-6960
2021,126515001,3625,4530,453,421899003625,Edward Gideon School,District,SDP K12 Schools,Elementary-Middle,Neighborhood,5,"39.98447594, -75.18016456",126515001-3625
2021,126515001,3626,4560,456,421899003626,William D. Kelley School,District,SDP K12 Schools,Elementary-Middle,Neighborhood,5,"39.98039173, -75.18032689",126515001-3626
2021,126515001,3630,4570,457,421899003630,General George G. Meade School,District,SDP K12 Schools,Elementary-Middle,Neighborhood,5,"39.978587, -75.164718",126515001-3630
2021,126515001,3849,5020,502,421899003849,Thomas A. Edison High School,District,SDP K12 Schools,High,Neighborhood,7,"40.01116485, -75.12863791",126515001-3849
2021,126515001,7850,5050,505,421899000899,Philadelphia Military Academy,District,SDP K12 Schools,High,Citywide,5,"39.98470959, -75.15443401",126515001-7850
2021,126515001,3842,5060,506,421899003842,Jules E. Mastbaum Area Vocational Technical High School,District,SDP K12 Schools,High,Citywide,1,"39.99214686, -75.11213573",126515001-3842
2021,126515001,6548,5070,507,421899006548,Parkway Northwest High School,District,SDP K12 Schools,High,Special Admit,9,"40.05664074, -75.16457453",126515001-6548
2021,126515001,7782,5080,508,421899000771,Parkway Center City Middle College High School,District,SDP K12 Schools,High,Special Admit,5,"39.96300501, -75.1592865",126515001-7782
2021,126515001,7808,5090,509,421899000821,Parkway West High School,District,SDP K12 Schools,High,Special Admit,3,"39.96425379, -75.21546704",126515001-7808
2021,126515001,7070,5150,515,421899007225,William W. Bodine High School,District,SDP K12 Schools,High,Special Admit,5,"39.96793026, -75.14343443",126515001-7070
2021,126515001,8293,5160,516,421899007502,Penn Treaty High School,District,SDP K12 Schools,Middle-High,Neighborhood,5,"39.97272711, -75.12787008",126515001-8293
2021,126515001,7175,5170,517,421899007229,Julia de Burgos School,District,SDP K12 Schools,Elementary-Middle,Neighborhood,7,"39.99275164, -75.13862743",126515001-7175
2021,126515001,8440,5180,518,421899007661,Vaux High School: A Big Picture,District,SDP K12 Schools,High,Neighborhood,5,"39.976325, -75.174186",126515001-8440
2021,126515001,7256,5200,520,421899006524,Alexander Adaire School,District,SDP K12 Schools,Elementary-Middle,Neighborhood,5,"39.97232661, -75.12930989",126515001-7256
2021,126515001,3684,5210,521,421899003684,Henry A. Brown School,District,SDP K12 Schools,Elementary-Middle,Neighborhood,1,"39.98661748, -75.12725674",126515001-3684
2021,126515001,6525,5230,523,421899006525,Russell H. Conwell School,District,SDP K12 Schools,Middle,Special Admit,7,"39.99471406, -75.11527383",126515001-6525
2021,126515001,3687,5250,525,421899003687,Paul L. Dunbar School,District,SDP K12 Schools,Elementary-Middle,Neighborhood,5,"39.97948773, -75.15416974",126515001-3687
2021,126515001,3688,5260,526,421899003688,Lewis Elkin School,District,SDP K12 Schools,Elementary,Neighborhood,7,"39.997018, -75.121274",126515001-3688
2021,126515001,5120,5300,530,421899005120,Horatio B. Hackett School,District,SDP K12 Schools,Elementary,Neighborhood,1,"39.98096374, -75.12685511",126515001-5120
2021,126515001,5125,5320,532,421899005125,John F. Hartranft School,District,SDP K12 Schools,Elementary-Middle,Neighborhood,5,"39.98942228, -75.14477741",126515001-5125
2021,126515001,3693,5330,533,421899003693,William H. Hunter School,District,SDP K12 Schools,Elementary-Middle,Neighborhood,7,"39.98725028, -75.13176356",126515001-3693
2021,126515001,3694,5340,534,421899003694,James R. Ludlow School,District,SDP K12 Schools,Elementary-Middle,Neighborhood,5,"39.972724, -75.145854",126515001-3694
2021,126515001,5293,5350,535,421899005293,William McKinley School,District,SDP K12 Schools,Elementary-Middle,Neighborhood,7,"39.9827686, -75.14165528",126515001-5293
2021,126515001,3697,5370,537,421899003697,John Moffet School,District,SDP K12 Schools,Elementary,Neighborhood,7,"39.97439362, -75.13498462",126515001-3697
2021,126515001,5121,5390,539,421899005121,Potter-Thomas School,District,SDP K12 Schools,Elementary-Middle,Neighborhood,7,"39.99690701, -75.14107646",126515001-5121
2021,126515001,3701,5400,540,421899003701,Richmond School,District,SDP K12 Schools,Elementary,Neighborhood,1,"39.983496, -75.110491",126515001-3701
2021,126515001,3702,5410,541,421899003702,Isaac A. Sheppard School,District,SDP K12 Schools,Elementary,Neighborhood,7,"39.993651, -75.131630",126515001-3702
2021,126515001,3703,5420,542,421899003703,John Welsh School,District,SDP K12 Schools,Elementary-Middle,Neighborhood,7,"39.98653438, -75.13941869",126515001-3703
2021,126515001,6823,5430,543,421899006823,Alternative Middle Years at James Martin,District,SDP K12 Schools,Middle,Citywide,6,"39.98529996, -75.09718185",126515001-6823
2021,126515001,6544,5440,544,421899006544,Frances E. Willard School,District,SDP K12 Schools,Elementary,Neighborhood,1,"39.993065, -75.115907",126515001-6544
2021,126515001,5123,5470,547,421899005123,William Cramp School,District,SDP K12 Schools,Elementary,Neighborhood,7,"40.00260657, -75.13036297",126515001-5123
2021,126515001,3645,5480,548,421899003645,General Philip Kearny School,District,SDP K12 Schools,Elementary-Middle,Neighborhood,5,"39.96385753, -75.14812935",126515001-3645
2021,126515001,7404,5490,549,421899000105,Cayuga School,District,SDP K12 Schools,Elementary,Neighborhood,7,"40.017826, -75.135246",126515001-7404
2021,126515001,7521,5500,550,421899000329,Thurgood Marshall School,District,SDP K12 Schools,Elementary-Middle,Neighborhood,8,"40.02938155, -75.13416332",126515001-7521
2021,126515001,7852,5520,552,421899000901,Kensington High School for Creative and Performing Arts,District,SDP K12 Schools,High,Neighborhood,7,"39.97794956, -75.1330532",126515001-7852
2021,126515001,3800,5530,553,421899003800,Philip H. Sheridan School,District,SDP K12 Schools,Elementary,Neighborhood,7,"39.99974725, -75.11478572",126515001-3800
2021,126515001,7855,5550,555,421899000907,Kensington Health Sciences Academy,District,SDP K12 Schools,High,Neighborhood,1,"39.985026, -75.128685",126515001-7855
2021,126515001,3655,5560,556,421899003655,Spring Garden School,District,SDP K12 Schools,Elementary-Middle,Neighborhood,5,"39.96516155, -75.15614042",126515001-3655
2021,126515001,5124,5590,559,421899005124,John H. Webster School,District,SDP K12 Schools,Elementary,Neighborhood,1,"39.996199, -75.104516",126515001-5124
2021,126515001,8332,5610,561,421899007534,Building 21,District,SDP K12 Schools,High,Citywide,9,"40.053631, -75.152481",126515001-8332
2021,126515001,8329,5620,562,421899007547,The U School,District,SDP K12 Schools,High,Citywide,5,"39.981983, -75.146256",126515001-8329
2021,126515001,8331,5660,566,421899007525,The LINC,District,SDP K12 Schools,High,Citywide,7,"40.006819, -75.129736",126515001-8331
2021,126515001,7522,5680,568,421899000331,Honorable Luis Munoz-Marin School,District,SDP K12 Schools,Elementary-Middle,Neighborhood,7,"40.00098011, -75.13538958",126515001-7522
2021,126515001,8388,5700,570,421899007598,Kensington High School,District,SDP K12 Schools,High,Neighborhood,1,"39.98483396, -75.12640188",126515001-8388
2021,126515001,3848,6010,601,421899003848,Central High School,District,SDP K12 Schools,High,Special Admit,8,"40.0372851, -75.15074825",126515001-3848
2021,126515001,3844,6030,603,421899003844,Roxborough High School,District,SDP K12 Schools,High,Neighborhood,4,"40.03802479, -75.22283357",126515001-3844
2021,126515001,3861,6040,604,421899003861,Walter B. Saul High School,District,SDP K12 Schools,High,Special Admit,4,"40.04902036, -75.21981676",126515001-3861
2021,126515001,3843,6050,605,421899003843,Philadelphia High School for Girls,District,SDP K12 Schools,High,Special Admit,8,"40.03898514, -75.14475989",126515001-3843
2021,126515001,6675,6060,606,421899006675,Martin Luther King High School,District,SDP K12 Schools,High,Neighborhood,8,"40.05756238, -75.16217184",126515001-6675
2021,126515001,7813,6090,609,421899000826,A. Philip Randolph Career and Technical High School,District,SDP K12 Schools,High,Citywide,4,"40.008504, -75.179609",126515001-7813
2021,126515001,3706,6200,620,421899003706,Anna B. Day School,District,SDP K12 Schools,Elementary-Middle,Neighborhood,8,"40.05840682, -75.16833464",126515001-3706
2021,126515001,3708,6210,621,421899003708,Franklin S. Edmonds School,District,SDP K12 Schools,Elementary-Middle,Neighborhood,9,"40.0717255, -75.1692495",126515001-3708
2021,126515001,3709,6220,622,421899003709,Eleanor C. Emlen School,District,SDP K12 Schools,Elementary,Neighborhood,8,"40.05436289, -75.17790573",126515001-3709
2021,126515001,6913,6230,623,421899006913,Fitler Academics Plus School,District,SDP K12 Schools,Elementary-Middle,Citywide,8,"40.02610052, -75.16633733",126515001-6913
2021,126515001,3712,6250,625,421899003712,Charles W. Henry School,District,SDP K12 Schools,Elementary-Middle,Neighborhood,8,"40.04625771, -75.19658776",126515001-3712
2021,126515001,3713,6260,626,421899003713,Henry H. Houston School,District,SDP K12 Schools,Elementary-Middle,Neighborhood,8,"40.059003, -75.195084",126515001-3713
2021,126515001,3714,6270,627,421899003714,Jenks Academy for Arts and Sciences,District,SDP K12 Schools,Elementary-Middle,Neighborhood,8,"40.07440887, -75.20356162",126515001-3714
2021,126515001,3718,6300,630,421899003718,James Logan School,District,SDP K12 Schools,Elementary,Neighborhood,8,"40.03085306, -75.15205995",126515001-3718
2021,126515001,3719,6310,631,421899003719,John F. McCloskey School,District,SDP K12 Schools,Elementary-Middle,Neighborhood,9,"40.08162668, -75.17533748",126515001-3719
2021,126515001,3720,6320,632,421899003720,Thomas Mifflin School,District,SDP K12 Schools,Elementary-Middle,Neighborhood,4,"40.01357043, -75.19128804",126515001-3720
2021,126515001,3722,6340,634,421899003722,Joseph Pennell School,District,SDP K12 Schools,Elementary,Neighborhood,8,"40.04351806, -75.15208663",126515001-3722
2021,126515001,6539,6350,635,421899006539,Samuel Pennypacker School,District,SDP K12 Schools,Elementary-Middle,Neighborhood,9,"40.06527032, -75.1597946",126515001-6539
2021,126515001,8296,6360,636,421899007477,Theodore Roosevelt School,District,SDP K12 Schools,Elementary-Middle,Neighborhood,8,"40.04856262, -75.17529079",126515001-8296
2021,126515001,3725,6380,638,421899003725,Shawmont School,District,SDP K12 Schools,Elementary-Middle,Neighborhood,4,"40.051478, -75.238543",126515001-3725
2021,126515001,3727,6390,639,421899003727,Edward T. Steel School,District,SDP K12 Schools,Elementary-Middle,Neighborhood,8,"40.01879502, -75.15689064",126515001-3727
2021,126515001,3728,6400,640,421899003728,Widener Memorial School,District,SDP Special Education,Elementary-Middle-High,Citywide,8,"40.036706, -75.146598",126515001-3728
2021,126515001,5122,6410,641,421899005122,Cook-Wissahickon School,District,SDP K12 Schools,Elementary-Middle,Neighborhood,4,"40.022472, -75.206802",126515001-5122
2021,126515001,3717,6440,644,421899003717,Anna L. Lingelbach School,District,SDP K12 Schools,Elementary-Middle,Neighborhood,8,"40.03708413, -75.18961364",126515001-3717
2021,126515001,3726,6450,645,421899003726,James Dobson School,District,SDP K12 Schools,Elementary-Middle,Neighborhood,4,"40.03147536, -75.23067163",126515001-3726
2021,126515001,7229,6460,646,421899003711,Hill-Freedman World Academy,District,SDP K12 Schools,Middle-High,Special Admit,8,"40.071311, -75.175303",126515001-7229
2021,126515001,5294,6470,647,421899005294,John B. Kelly School,District,SDP K12 Schools,Elementary,Neighborhood,8,"40.02479143, -75.1711868",126515001-5294
2021,126515001,7024,6480,648,421899007224,Academy for the Middle Years at Northwest,District,SDP K12 Schools,Middle,Special Admit,4,"40.03154543, -75.21317609",126515001-7024
2021,126515001,7811,6540,654,421899000824,Lankenau High School,District,SDP K12 Schools,High,Special Admit,4,"40.06153271, -75.25295594",126515001-7811
2021,126515001,3850,7010,701,421899003850,Frankford High School,District,SDP K12 Schools,High,Neighborhood,7,"40.021602, -75.084823",126515001-3850
2021,126515001,7239,7100,710,421899003815,Jay Cooke School,District,SDP K12 Schools,Elementary-Middle,Neighborhood,8,"40.025526, -75.146074",126515001-7239
2021,126515001,7242,7110,711,421899003820,Warren G. Harding School,District,SDP K12 Schools,Middle,Neighborhood,7,"40.01291694, -75.07456081",126515001-7242
2021,126515001,3816,7120,712,421899003816,Samuel Fels High School,District,SDP K12 Schools,High,Neighborhood,9,"40.03564646, -75.09109404",126515001-3816
2021,126515001,3835,7130,713,421899003835,General Louis Wagner School,District,SDP K12 Schools,Middle,Neighborhood,8,"40.05174748, -75.14767962",126515001-3835
2021,126515001,7963,7150,715,421899006123,Juniata Park Academy,District,SDP K12 Schools,Elementary-Middle,Neighborhood,7,"40.01284122, -75.11102921",126515001-7963
2021,126515001,3732,7200,720,421899003732,Clara Barton School,District,SDP K12 Schools,Elementary,Neighborhood,7,"40.0193401, -75.11950188",126515001-3732
2021,126515001,7230,7220,722,421899003734,Laura H. Carnell School,District,SDP K12 Schools,Elementary,Neighborhood,9,"40.038957, -75.084142",126515001-7230
2021,126515001,3738,7260,726,421899003738,Ellwood School,District,SDP K12 Schools,Elementary,Neighborhood,9,"40.05472609, -75.13894107",126515001-3738
2021,126515001,3739,7270,727,421899003739,Thomas K. Finletter School,District,SDP K12 Schools,Elementary-Middle,Neighborhood,9,"40.043608, -75.119176",126515001-3739
2021,126515001,7231,7280,728,421899010014,Benjamin Franklin School,District,SDP K12 Schools,Elementary-Middle,Neighborhood,9,"40.04215213, -75.10498859",126515001-7231
2021,126515001,4963,7290,729,421899004963,Allen M. Stearne School,District,SDP K12 Schools,Elementary-Middle,Neighborhood,7,"40.011752, -75.085112",126515001-4963
2021,126515001,3742,7300,730,421899003742,Francis Hopkinson School,District,SDP K12 Schools,Elementary-Middle,Neighborhood,7,"40.00771059, -75.10274511",126515001-3742
2021,126515001,3751,7310,731,421899003751,Feltonville Intermediate School,District,SDP K12 Schools,Elementary,Neighborhood,7,"40.02034002, -75.12102564",126515001-3751
2021,126515001,3743,7320,732,421899003743,Julia W. Howe School,District,SDP K12 Schools,Elementary,Neighborhood,9,"40.04113187, -75.14211131",126515001-3743
2021,126515001,3744,7330,733,421899003744,Henry W. Lawton School,District,SDP K12 Schools,Elementary,Neighborhood,6,"40.020648, -75.058976",126515001-3744
2021,126515001,7232,7350,735,421899003746,James R. Lowell School,District,SDP K12 Schools,Elementary,Neighborhood,9,"40.04086578, -75.12871963",126515001-7232
2021,126515001,3797,7360,736,421899003797,John Marshall School,District,SDP K12 Schools,Elementary,Neighborhood,7,"40.014546, -75.087158",126515001-3797
2021,126515001,7663,7370,737,421899000549,"Grover Washington, Jr. School",District,SDP K12 Schools,Middle,Neighborhood,9,"40.035479, -75.117969",126515001-7663
2021,126515001,6534,7380,738,421899006534,Alexander K. McClure School,District,SDP K12 Schools,Elementary,Neighborhood,7,"40.015178, -75.137574",126515001-6534
2021,126515001,3749,7390,739,421899003749,Andrew J. Morrison School,District,SDP K12 Schools,Elementary-Middle,Neighborhood,8,"40.02843729, -75.12941126",126515001-3749
2021,126515001,3750,7400,740,421899003750,Olney School,District,SDP K12 Schools,Elementary-Middle,Neighborhood,9,"40.03058672, -75.12134354",126515001-3750
2021,126515001,3753,7430,743,421899003753,James J. Sullivan School,District,SDP K12 Schools,Elementary,Neighborhood,6,"40.01529786, -75.06706036",126515001-3753
2021,126515001,3755,7440,744,421899003755,Bayard Taylor School,District,SDP K12 Schools,Elementary,Neighborhood,7,"40.00753033, -75.13793972",126515001-3755
2021,126515001,7233,7460,746,421899003754,William H. Ziegler School,District,SDP K12 Schools,Elementary-Middle,Neighborhood,7,"40.03003725, -75.07570448",126515001-7233
2021,126515001,3745,7470,747,421899003745,Bridesburg School,District,SDP K12 Schools,Elementary-Middle,Neighborhood,6,"40.00030082, -75.06660471",126515001-3745
2021,126515001,6765,7490,749,421899006765,Prince Hall School,District,SDP K12 Schools,Elementary,Neighborhood,8,"40.04770742, -75.14956052",126515001-6765
2021,126515001,7368,7500,750,421899000054,Feltonville School of Arts and Sciences,District,SDP K12 Schools,Middle,Neighborhood,7,"40.019437, -75.121675",126515001-7368
2021,126515001,5183,7510,751,421899005183,Mary M. Bethune School,District,SDP K12 Schools,Elementary-Middle,Neighborhood,5,"40.00269526, -75.14872828",126515001-5183
2021,126515001,3724,7530,753,421899003724,William Rowen School,District,SDP K12 Schools,Elementary,Neighborhood,9,"40.05930676, -75.1486472",126515001-3724
2021,126515001,6767,7730,773,421899006767,Roberto Clemente School,District,SDP K12 Schools,Middle,Neighborhood,7,"40.006819, -75.129736",126515001-6767
2021,126515001,3845,8010,801,421899003845,Abraham Lincoln High School,District,SDP K12 Schools,High,Neighborhood,6,"40.04310838, -75.04479221",126515001-3845
2021,126515001,3855,8020,802,421899003855,Northeast High School,District,SDP K12 Schools,High,Neighborhood,10,"40.05564409, -75.07118355",126515001-3855
2021,126515001,6527,8030,803,421899006527,George Washington High School,District,SDP K12 Schools,High,Neighborhood,10,"40.10598577, -75.02723013",126515001-6527
2021,126515001,8039,8040,804,421899006904,Arts Academy at Benjamin Rush,District,SDP K12 Schools,High,Special Admit,10,"40.08253275, -74.9752061",126515001-8039
2021,126515001,7072,8090,809,421899000572,Swenson Arts and Technology High School,District,SDP K12 Schools,High,Citywide,10,"40.0921093, -75.01398863",126515001-7072
2021,126515001,7253,8120,812,421899003836,Woodrow Wilson School,District,SDP K12 Schools,Middle,Neighborhood,9,"40.052367, -75.069086",126515001-7253
2021,126515001,6768,8140,814,421899006768,Austin Meehan School,District,SDP K12 Schools,Middle,Neighborhood,6,"40.045607, -75.044206",126515001-6768
2021,126515001,6824,8160,816,421899006824,Baldi School,District,SDP K12 Schools,Middle,Neighborhood,10,"40.09331609, -75.05217234",126515001-6824
2021,126515001,3758,8200,820,421899003758,Ethan Allen School,District,SDP K12 Schools,Elementary-Middle,Neighborhood,6,"40.0294252, -75.06268841",126515001-3758
2021,126515001,6529,8210,821,421899006529,Joseph H. Brown School,District,SDP K12 Schools,Elementary,Neighborhood,6,"40.04392183, -75.02460195",126515001-6529
2021,126515001,3762,8230,823,421899003762,Kennedy C. Crossan School,District,SDP K12 Schools,Elementary,Neighborhood,10,"40.06144841, -75.08155085",126515001-3762
2021,126515001,3763,8240,824,421899003763,Hamilton Disston School,District,SDP K12 Schools,Elementary-Middle,Neighborhood,6,"40.02836911, -75.04658904",126515001-3763
2021,126515001,3764,8250,825,421899003764,Edwin Forrest School,District,SDP K12 Schools,Elementary,Neighborhood,6,"40.034440, -75.035891",126515001-3764
2021,126515001,3765,8260,826,421899003765,Fox Chase School,District,SDP K12 Schools,Elementary,Neighborhood,10,"40.076307, -75.082129",126515001-3765
2021,126515001,3766,8270,827,421899003766,Thomas Holme School,District,SDP K12 Schools,Elementary,Neighborhood,6,"40.054988, -75.008965",126515001-3766
2021,126515001,3769,8300,830,421899003769,Mayfair School,District,SDP K12 Schools,Elementary-Middle,Neighborhood,6,"40.03945436, -75.05339332",126515001-3769
2021,126515001,3770,8310,831,421899003770,J. Hampton Moore School,District,SDP K12 Schools,Elementary,Neighborhood,9,"40.049135, -75.076912",126515001-3770
2021,126515001,3773,8340,834,421899003773,Solomon Solis-Cohen School,District,SDP K12 Schools,Elementary,Neighborhood,6,"40.044644, -75.064725",126515001-3773
2021,126515001,7234,8350,835,421899003774,Gilbert Spruance School,District,SDP K12 Schools,Elementary-Middle,Neighborhood,7,"40.03756142, -75.07232936",126515001-7234
2021,126515001,3771,8360,836,421899003771,Rhawnhurst School,District,SDP K12 Schools,Elementary,Neighborhood,10,"40.05869601, -75.05898166",126515001-3771
2021,126515001,3760,8370,837,421899003760,Watson Comly School,District,SDP K12 Schools,Elementary,Neighborhood,10,"40.12096486, -75.0091088",126515001-3760
2021,126515001,7235,8380,838,421899003779,Louis H. Farrell School,District,SDP K12 Schools,Elementary-Middle,Neighborhood,10,"40.06657162, -75.05241476",126515001-7235
2021,126515001,3781,8390,839,421899003781,A.L. Fitzpatrick School,District,SDP K12 Schools,Elementary-Middle,Neighborhood,10,"40.080306, -74.976529",126515001-3781
2021,126515001,3803,8400,840,421899003803,Anne Frank School,District,SDP K12 Schools,Elementary,Neighborhood,10,"40.088288, -75.028222",126515001-3803
2021,126515001,3801,8410,841,421899003801,Robert B. Pollock School,District,SDP K12 Schools,Elementary,Neighborhood,6,"40.060116, -75.027130",126515001-3801
2021,126515001,4727,8420,842,421899004727,Stephen Decatur School,District,SDP K12 Schools,Elementary-Middle,Neighborhood,10,"40.095818, -74.970535",126515001-4727
2021,126515001,4726,8430,843,421899004726,Joseph Greenberg School,District,SDP K12 Schools,Elementary-Middle,Neighborhood,10,"40.09608652, -75.05771102",126515001-4726
2021,126515001,4961,8440,844,421899004961,William H. Loesche School,District,SDP K12 Schools,Elementary,Neighborhood,10,"40.11358364, -75.02386784",126515001-4961
2021,126515001,8386,8460,846,421899007588,Philadelphia Learning Academy South,District,Alternate Schools,High,Alternative,3,"39.96971371, -75.21013521",126515001-8386
2021,126515001,8385,8470,847,421899007603,Philadelphia Learning Academy North,District,Alternate Schools,High,Alternative,7,"40.01425525, -75.12599679",126515001-8385
2021,126515001,8328,8560,856,421899007548,The Workshop School,District,SDP K12 Schools,High,Citywide,3,"39.95530589, -75.21855329",126515001-8328
2021,126515001,5041,8770,877,421899005041,John Hancock Demonstration School,District,SDP K12 Schools,Elementary-Middle,Neighborhood,10,"40.06774728, -74.98842793",126515001-5041
2021,126515001,8298,8780,878,421899007506,Philadelphia Virtual Academy,District,Virtual,Middle-High,Virtual,5,"39.96102159, -75.16264405",126515001-8298
2021,126512840,7510,3301,W01,420001300318,Community Academy of Philadelphia Charter School,Charter,Charter Schools,Elementary-Middle-High,Citywide,7,"40.00538049, -75.10735613",126512840-7510
2021,126512850,7511,3302,W02,420001400319,Harambee Institute of Science and Technology Charter School,Charter,Charter Schools,Elementary-Middle,Citywide,4,"39.97309111, -75.25171974",126512850-7511
2021,126512870,7513,3304,W04,420001600324,YouthBuild Philadelphia Charter School,Charter,Charter Schools,High,Citywide With Criteria,5,"39.97290649, -75.15863287",126512870-7513
2021,126513160,7575,3306,W06,420005200489,Christopher Columbus Charter School,Charter,Charter Schools,Elementary-Middle,Citywide,1,"39.93894574, -75.15824752",126513160-7575
2021,126513100,7564,3307,W07,420004300405,Eugenio Maria De Hostos Charter School,Charter,Charter Schools,Elementary-Middle,Citywide,9,"40.04655012, -75.12324994",126513100-7564
2021,126513070,7557,3308,W08,420004200404,Inquiry Charter School,Charter,Charter Schools,Elementary,Citywide,3,"39.97475234, -75.21252924",126513070-7557
2021,126512980,7542,3309,W09,420003800393,Imhotep Institute Charter High School,Charter,Charter Schools,High,Citywide,8,"40.049427, -75.154717",126512980-7542
2021,126513110,7565,3310,W10,420004400406,Laboratory Charter School of Communication and Languages,Charter,Charter Schools,Elementary-Middle,Citywide,5,"40.001404,-75.145662",126513110-7565
2021,126513000,7546,3312,W12,420004000399,Multicultural Academy Charter School,Charter,Charter Schools,High,Citywide,5,"40.01112725, -75.15073123",126513000-7546
2021,126512960,7540,3313,W13,420003600391,"Preparatory Charter School of Mathematics, Science, Technology and Careers",Charter,Charter Schools,High,Citywide,2,"39.92845355, -75.18665686",126512960-7540
2021,126513020,7548,3314,W14,420004100403,West Oak Lane Charter School,Charter,Charter Schools,Elementary-Middle,Citywide,9,"40.05936358, -75.16363798",126513020-7548
2021,126512990,7543,3315,W15,420003900398,Alliance For Progress Charter School,Charter,Charter Schools,Elementary-Middle,Citywide,5,"39.979731, -75.165471",126512990-7543
2021,126513270,7586,3318,W18,420006000502,Freire Charter School,Charter,Charter Schools,Middle-High,Citywide,5,"39.95247289, -75.17442259",126513270-7586
2021,126513230,7582,3321,W21,420005600496,"Math, Civics and Sciences Charter School",Charter,Charter Schools,Elementary-Middle-High,Citywide,1,"39.961301, -75.160970",126513230-7582
2021,126513280,7587,3322,W22,420006100503,Philadelphia Academy Charter School,Charter,Charter Schools,Elementary-Middle-High,Citywide,10,"40.10358436, -75.01109307",126513280-7587
2021,126513290,7588,3323,W23,420006200504,Mastery Charter School at Hardy Williams,Charter,Charter Schools,Elementary-Middle-High,Citywide With Criteria,3,"39.941562, -75.226447",126513290-7588
2021,126513210,7580,3326,W26,420005500495,Universal Institute Charter School,Charter,Charter Schools,Elementary-Middle,Citywide,2,"39.940931, -75.167940",126513210-7580
2021,126513150,7574,3328,W28,420005100488,"Mathematics, Science, and Technology Community Charter School (MaST)",Charter,Charter Schools,Elementary-Middle-High,Citywide,10,"40.113832, -75.005658",126513150-7574
2021,126513250,7584,3329,W29,420005800500,Young Scholars Charter School,Charter,Charter Schools,Middle,Citywide,5,"39.96734659, -75.14799661",126513250-7584
2021,126513450,7666,3331,W31,420007700554,Franklin Towne Charter High School,Charter,Charter Schools,High,Citywide With Criteria,6,"40.007337, -75.066611",126513450-7666
2021,126513480,7672,3332,W32,420007900564,Mariana Bracetti Academy Charter School,Charter,Charter Schools,Elementary-Middle-High,Citywide,1,"40.005757, -75.094146",126513480-7672
2021,126513440,7665,3333,W33,420007600552,Esperanza Academy Charter School,Charter,Charter Schools,Elementary-Middle-High,Citywide,7,"40.01478539, -75.13232396",126513440-7665
2021,126513420,7649,3334,W34,420007500531,New Foundations Charter School,Charter,Charter Schools,Elementary-Middle-High,Citywide With Criteria,6,"40.035070, -75.024187",126513420-7649
2021,126510004,7685,3335,W35,420008500586,People for People Charter School,Charter,Charter Schools,Elementary-Middle-High,Citywide,5,"39.96810141, -75.16067477",126510004-7685
2021,126513400,7647,3336,W36,420007400529,Philadelphia Performing Arts: A String Theory Charter School,Charter,Charter Schools,Elementary-Middle-High,Citywide With Criteria,2,"39.91777662, -75.17166577",126513400-7647
2021,126513380,7639,3337,W37,420007300515,Global Leadership Academy Charter School,Charter,Charter Schools,Elementary-Middle,Citywide,4,"39.97335953, -75.2154352",126513380-7639
2021,126513510,7683,3341,W41,420008700584,Independence Charter School,Charter,Charter Schools,Elementary-Middle,Citywide,2,"39.94496682, -75.16855598",126513510-7683
2021,126514864,8358,3353,W53,420088607568,KIPP DuBois Charter School,Charter,Charter Schools,High,Citywide With Criteria,4,"39.98043019, -75.22085032",126514864-8358
2021,126510006,7722,3357,W57,420010500657,West Philadelphia Achievement Charter School,Charter,Charter Schools,Elementary,Citywide,4,"39.970667, -75.254111",126510006-7722
2021,126510009,7737,3358,W58,420010700678,Philadelphia Electrical and Technology Charter School,Charter,Charter Schools,High,Citywide,2,"39.95060789, -75.16511082",126510009-7737
2021,126510008,7684,3359,W59,420008600585,Richard Allen Preparatory Charter School,Charter,Charter Schools,Middle,Citywide,3,"39.92809187, -75.21926743",126510008-7684
2021,126510001,7677,3360,W60,420009200577,Russell Byers Charter School,Charter,Charter Schools,Elementary-Middle,Citywide,5,"39.95594922, -75.17155064",126510001-7677
2021,126510002,7678,3361,W61,420008400578,Mastery Charter School at Lenfest,Charter,Charter Schools,Middle-High,Citywide With Criteria,1,"39.94950579, -75.14734776",126510002-7678
2021,126510007,7724,3362,W62,420010600659,Wissahickon Charter School,Charter,Charter Schools,Elementary-Middle,Citywide With Criteria,4,"40.01537246, -75.17405347",126510007-7724
2021,100510000,7744,3364,W64,420009300687,First Philadelphia Preparatory Charter School,Charter,Charter Schools,Elementary-Middle-High,Citywide With Criteria,7,"40.00719991, -75.08240619",100510000-7744
2021,126510005,7748,3365,W65,420010400690,Green Woods Charter School,Charter,Charter Schools,Elementary-Middle,Citywide With Criteria,4,"40.04416378, -75.23385852",126510005-7748
2021,126510014,7777,3366,W66,420012300759,Maritime Academy Charter School (MACHS),Charter,Charter Schools,Elementary-Middle-High,Citywide,6,"40.007862, -75.068318",126510014-7777
2021,126510010,7750,3368,W68,420010800692,Belmont Charter School,Charter,Charter Schools,Elementary-Middle-High,Neighborhood,3,"39.96696484, -75.20487093",126510010-7750
2021,126510013,7776,3370,W70,420012200758,KIPP Philadelphia Charter School,Charter,Charter Schools,Elementary-Middle,Citywide,5,"39.992038, -75.158039",126510013-7776
2021,126510011,7775,3372,W72,420012100757,Discovery Charter School,Charter,Charter Schools,Elementary-Middle,Citywide,4,"39.97770823, -75.21350485",126510011-7775
2021,126510016,7828,3378,W78,420013000849,Philadelphia Montessori Charter School,Charter,Charter Schools,Elementary,Citywide,2,"39.91656437, -75.24515327",126510016-7828
2021,126510015,7825,3379,W79,420012900846,Ad Prima Charter School,Charter,Charter Schools,Elementary-Middle,Citywide,4,"39.984296, -75.247860",126510015-7825
2021,126510022,7909,3383,W83,420014500944,Mastery Charter School at Shoemaker,Charter,Charter Schools,Middle-High,Citywide With Criteria,3,"39.975799, -75.228437",126510022-7909
2021,126510021,7857,3384,W84,420014100897,Folk Arts-Cultural Treasures Charter School,Charter,Charter Schools,Elementary-Middle,Citywide,1,"39.95885103, -75.15551365",126510021-7857
2021,126510023,7910,3385,W85,420014400925,Mastery Charter School at Thomas Campus,Charter,Charter Schools,Elementary-Middle-High,Citywide With Criteria,2,"39.91454096, -75.16358831",126510023-7910
2021,126510019,7856,3386,W86,420013900894,Northwood Academy Charter School,Charter,Charter Schools,Elementary-Middle,Citywide With Criteria,7,"40.02015006, -75.09523811",126510019-7856
2021,185515523,7981,3388,W88,420076006107,Boys Latin of Philadelphia Charter School,Charter,Charter Schools,Middle-High,Citywide,3,"39.95172558, -75.23374851",185515523-7981
2021,182514568,7979,3389,W89,420076206103,Keystone Academy Charter School,Charter,Charter Schools,Elementary-Middle,Citywide,6,"40.021916, -75.045089",182514568-7979
2021,108515107,7960,3392,W92,420075806112,Southwest Leadership Academy Charter School,Charter,Charter Schools,Elementary-Middle,Citywide With Criteria,2,"39.918099, -75.242600",108515107-7960
2021,151514721,7961,3393,W93,420076106025,Mastery Charter School at Pickett,Charter,Charter Schools,Middle-High,Citywide With Criteria,8,"40.03187441, -75.18087124",151514721-7961
2021,173515368,7985,3394,W94,420081006871,Pan American Academy Charter School,Charter,Charter Schools,Elementary-Middle,Citywide With Criteria,7,"39.99428061, -75.13614883",173515368-7985
2021,104510394,8031,3395,W95,420081306909,Antonia Pantoja Charter School,Charter,Charter Schools,Elementary-Middle,Citywide,7,"40.01300525, -75.13136564",104510394-8031
2021,172510793,8124,3396,W96,420081507308,KIPP West Philadelphia Preparatory Charter School,Charter,Charter Schools,Middle,Citywide With Criteria,3,"39.94453199, -75.24184422",172510793-8124
2021,114514135,8083,3399,W99,420081606948,Sankofa Freedom Academy Charter School,Charter,Charter Schools,Elementary-Middle-High,Citywide With Criteria,1,"39.987082, -75.128641",114514135-8083
2021,147513703,8123,3403,X03,420081706985,Franklin Towne Charter Elementary School,Charter,Charter Schools,Elementary-Middle,Citywide With Criteria,6,"39.99551599, -75.07472434",147513703-8123
2021,192518422,8126,3404,X04,420082106962,Tacony Academy Charter School,Charter,Charter Schools,Elementary-Middle-High,Citywide With Criteria,10,"40.06684222, -75.06598353",192518422-8126
2021,133513315,8149,3406,X06,420083907353,Aspira Charter School at Stetson,Charter,Charter Schools,Middle,Neighborhood,7,"39.99806894, -75.12546663",133513315-8149
2021,126516457,8153,3407,X07,420082807351,Mastery Charter School at Harrity,Charter,Charter Schools,Elementary-Middle,Neighborhood,3,"39.94852458, -75.23548525",126516457-8153
2021,126519433,8152,3408,X08,420083107367,Mastery Charter School at Mann,Charter,Charter Schools,Elementary,Neighborhood,4,"39.98590147, -75.2313266",126519433-8152
2021,126517286,8151,3409,X09,420082907358,Mastery Charter School at Smedley,Charter,Charter Schools,Elementary,Neighborhood,7,"40.019786, -75.073892",126517286-8151
2021,168513758,8145,3410,X10,420083407357,Universal Charter School at Bluford,Charter,Charter Schools,Elementary,Neighborhood,4,"39.973739, -75.236020",168513758-8145
2021,103519376,8146,3411,X11,420082707366,Universal Charter School at Daroff,Charter,Charter Schools,Elementary-Middle,Neighborhood,4,"39.96558158, -75.2325217",103519376-8146
2021,126518547,8150,3412,X12,420083007365,Mastery Charter School at Douglass,Charter,Charter Schools,Elementary-Middle,Neighborhood,5,"39.98461532, -75.16846267",126518547-8150
2021,126513452,8205,3414,X14,420084307386,Aspira Charter School at Olney,Charter,Charter Schools,High,Neighborhood,8,"40.028772, -75.123808",126513452-8205
2021,126511748,8208,3415,X15,420084007400,Mastery Charter School at Clymer,Charter,Charter Schools,Elementary,Neighborhood,5,"39.99565934, -75.15034419",126511748-8208
2021,126513734,8207,3416,X16,420085107414,Mastery Charter School at Gratz,Charter,Charter Schools,Middle-High,Neighborhood,8,"40.01453965, -75.15660685",126513734-8207
2021,126519434,8195,3417,X17,420085607402,Universal Charter School at Audenried,Charter,Charter Schools,High,Neighborhood,2,"39.933737, -75.198590",126519434-8195
2021,126513415,8196,3418,X18,420085507421,Universal Charter School at Vare,Charter,Charter Schools,Middle,Neighborhood,2,"39.925837, -75.185707",126513415-8196
2021,126519476,8206,3419,X19,420085007405,Lindley Academy Charter at Birney,Charter,Charter Schools,Elementary-Middle,Neighborhood,8,"40.02954904, -75.13883269",126519476-8206
2021,126519644,8259,3420,X20,420086207474,Mastery Charter School at Cleveland,Charter,Charter Schools,Elementary-Middle,Neighborhood,8,"40.01027824, -75.15908455",126519644-8259
2021,126517442,8251,3421,X21,420086607457,Universal Charter School at Creighton,Charter,Charter Schools,Elementary-Middle,Neighborhood,9,"40.03404277, -75.10586492",126517442-8251
2021,126515691,8252,3422,X22,420086307473,The Philadelphia Charter School for Arts and Sciences,Charter,Charter Schools,Elementary-Middle,Neighborhood,7,"40.02423246, -75.08599631",126515691-8252
2021,126519392,8257,3423,X23,420087007454,Memphis Street Academy Charter School at J.P. Jones,Charter,Charter Schools,Middle,Neighborhood,1,"39.98588986, -75.11285949",126519392-8257
2021,126512674,8287,3424,X24,420087207491,Universal Charter School at Alcorn,Charter,Charter Schools,Elementary-Middle,Neighborhood,2,"39.935499, -75.197771",126512674-8287
2021,126518795,8288,3426,X26,420087407515,Mastery Charter School at Pastorius,Charter,Charter Schools,Elementary-Middle,Neighborhood,8,"40.048208, -75.161424",126518795-8288
2021,126518118,8365,3427,X27,420088907599,Mastery Charter School at Wister,Charter,Charter Schools,Elementary,Neighborhood,8,"40.03288146, -75.16672063",126518118-8365
2021,126518004,8390,3428,X28,420089207595,Global Leadership Academy at Huey,Charter,Charter Schools,Elementary-Middle,Neighborhood,3,"39.95332691, -75.22685833",126518004-8390
2021,126514059,8431,3437,X37,420090107660,KIPP North Philadelphia Charter School,Charter,Charter Schools,Elementary,Citywide,5,"39.991930, -75.158212",126514059-8431
2021,126516724,8425,3438,X38,420089907663,Deep Roots Charter School,Charter,Charter Schools,Elementary,Citywide With Criteria,6,"39.998066, -75.101664",126516724-8425
2021,126517643,8427,3439,X39,420090007662,Mastery Prep Elementary Charter School,Charter,Charter Schools,Elementary,Citywide,8,"40.013457, -75.156128",126517643-8427
2021,126513117,8360,3440,X40,420089107602,MaST Community Charter School II,Charter,Charter Schools,Elementary-Middle-High,Citywide,6,"40.017476, -75.044372",126513117-8360
2021,126511530,8359,3441,X41,420089507589,TECH Freire Charter School,Charter,Charter Schools,High,Citywide With Criteria,5,"39.986869, -75.155669",126511530-8359
2021,126512039,8361,3442,X42,420089307600,Independence Charter School West,Charter,Charter Schools,Elementary-Middle,Citywide With Criteria,3,"39.93731366, -75.22614036",126512039-8361
2021,126515492,8363,3443,X43,420088807590,KIPP West Philadelphia Charter School,Charter,Charter Schools,Elementary,Citywide,3,"39.94453199, -75.24184422",126515492-8363
2021,126511624,8453,3445,X45,420090307674,MAST III Charter School,Charter,Charter Schools,Elementary,Citywide With Criteria,10,"40.109575, -74.991671",126511624-8453
2021,126510929,8454,3446,X46,420090207673,Philadelphia Hebrew Charter,Charter,Charter Schools,Elementary,Citywide,4,"40.012045, -75.184376",126510929-8454
2022,126515001,8493,8130,,,Northeast Community Propel Academy,District,SDP K12 Schools,Elementary-Middle,Neighborhood,6,"40.045775289859506, -75.04413272617913",126515001-8493
2022,126515001,3847,1010,101,421899003847,John Bartram High School,District,SDP K12 Schools,High,Neighborhood,2,"39.92149737, -75.23405562",126515001-3847
2022,126515001,3860,1020,102,421899003860,West Philadelphia High School,District,SDP K12 Schools,High,Neighborhood,3,"39.958110, -75.219654",126515001-3860
2022,126515001,7903,1030,103,421899000993,High School of the Future,District,SDP K12 Schools,High,Citywide,4,"39.97465766, -75.2047566",126515001-7903
2022,126515001,7780,1050,105,421899000765,Paul Robeson High School for Human Services,District,SDP K12 Schools,High,Citywide,3,"39.95679553, -75.20476311",126515001-7780
2022,126515001,7245,1100,110,421899003825,William L. Sayre High School,District,SDP K12 Schools,High,Neighborhood,3,"39.95759354, -75.23859405",126515001-7245
2022,126515001,8297,1130,113,421899007496,William T. Tilden School,District,SDP K12 Schools,Middle,Neighborhood,2,"39.92093619, -75.23227632",126515001-8297
2022,126515001,7815,1190,119,421899000830,Motivation High School,District,SDP K12 Schools,High,Special Admit,3,"39.94453199, -75.24184422",126515001-7815
2022,126515001,8029,1200,120,421899006869,John Barry School,District,SDP K12 Schools,Elementary-Middle,Neighborhood,4,"39.96437494, -75.23860376",126515001-8029
2022,126515001,3601,1230,123,421899003601,William C. Bryant School,District,SDP K12 Schools,Elementary-Middle,Neighborhood,3,"39.952687, -75.243691",126515001-3601
2022,126515001,3602,1250,125,421899003602,Joseph W. Catharine School,District,SDP K12 Schools,Elementary,Neighborhood,2,"39.927435, -75.239911",126515001-3602
2022,126515001,3782,1260,126,421899003782,Benjamin B. Comegys School,District,SDP K12 Schools,Elementary-Middle,Neighborhood,3,"39.940520, -75.216289",126515001-3782
2022,126515001,7706,1280,128,421899000619,Sadie Alexander School,District,SDP K12 Schools,Elementary-Middle,Neighborhood,3,"39.953099, -75.208187",126515001-7706
2022,126515001,5185,1290,129,421899005185,Andrew Hamilton School,District,SDP K12 Schools,Elementary-Middle,Neighborhood,3,"39.955438, -75.235543",126515001-5185
2022,126515001,6528,1300,130,421899006528,Avery D. Harrington School,District,SDP K12 Schools,Elementary-Middle,Neighborhood,3,"39.94736517, -75.23059508",126515001-6528
2022,126515001,6530,1340,134,421899006530,Henry C. Lea School,District,SDP K12 Schools,Elementary-Middle,Neighborhood,3,"39.954515, -75.216347",126515001-6530
2022,126515001,6533,1350,135,421899006533,William C. Longstreth School,District,SDP K12 Schools,Elementary-Middle,Neighborhood,3,"39.94090823, -75.23237316",126515001-6533
2022,126515001,3611,1360,136,421899003611,Morton McMichael School,District,SDP K12 Schools,Elementary-Middle,Neighborhood,3,"39.96619727, -75.19411487",126515001-3611
2022,126515001,3798,1370,137,421899003798,S. Weir Mitchell School,District,SDP K12 Schools,Elementary-Middle,Neighborhood,3,"39.93681427, -75.223291",126515001-3798
2022,126515001,6535,1380,138,421899006535,Thomas G. Morton School,District,SDP K12 Schools,Elementary,Neighborhood,2,"39.92346826, -75.22690015",126515001-6535
2022,126515001,3783,1390,139,421899003783,Samuel Powel School,District,SDP K12 Schools,Elementary,Neighborhood,3,"39.95796279797709, -75.19391769815562",126515001-3783
2022,126515001,3613,1400,140,421899003613,John M. Patterson School,District,SDP K12 Schools,Elementary,Neighborhood,2,"39.916095, -75.236762",126515001-3613
2022,126515001,3614,1410,141,421899003614,James Rhoads School,District,SDP K12 Schools,Elementary-Middle,Neighborhood,3,"39.967339, -75.220063",126515001-3614
2022,126515001,3615,1420,142,421899003615,Martha Washington School,District,SDP K12 Schools,Elementary-Middle,Neighborhood,3,"39.966206, -75.211179",126515001-3615
2022,126515001,3616,1440,144,421899003616,Penrose School,District,SDP K12 Schools,Elementary-Middle,Neighborhood,2,"39.90692358, -75.24865833",126515001-3616
2022,126515001,3804,1460,146,421899003804,Add B. Anderson School,District,SDP K12 Schools,Elementary-Middle,Neighborhood,3,"39.946726, -75.245717",126515001-3804
2022,126515001,4732,1470,147,421899004732,Alain Locke School,District,SDP K12 Schools,Elementary-Middle,Neighborhood,3,"39.96262376, -75.21245097",126515001-4732
2022,126515001,3663,1490,149,421899003663,Rudolph Blankenburg School,District,SDP K12 Schools,Elementary-Middle,Neighborhood,4,"39.97296312, -75.21388868",126515001-3663
2022,126515001,7022,1580,158,421899007223,Middle Years Alternative School,District,SDP K12 Schools,Middle,Citywide,3,"39.96425379, -75.21546704",126515001-7022
2022,126515001,3859,2000,200,421899003859,South Philadelphia High School,District,SDP K12 Schools,High,Neighborhood,1,"39.9238987, -75.1691065",126515001-3859
2022,126515001,3851,2010,201,421899003851,Benjamin Franklin High School,District,SDP K12 Schools,High,Neighborhood,5,"39.963530, -75.161640",126515001-3851
2022,126515001,6996,2020,202,421899006996,High School for Creative and Performing Arts,District,SDP K12 Schools,High,Special Admit,2,"39.93941992, -75.16548375",126515001-6996
2022,126515001,8387,2050,205,421899007592,Science Leadership Academy Middle School,District,SDP K12 Schools,Middle,Neighborhood,3,"39.95796279797709, -75.19391769815562",126515001-8387
2022,126515001,3808,2140,214,421899003808,Julia R. Masterman School,District,SDP K12 Schools,Middle-High,Special Admit,5,"39.96320031, -75.16620758",126515001-3808
2022,126515001,3818,2160,216,421899003818,Furness High School,District,SDP K12 Schools,High,Neighborhood,1,"39.923762, -75.150585",126515001-3818
2022,126515001,7226,2190,219,421899003639,D. Newlin Fell School,District,SDP K12 Schools,Elementary-Middle,Neighborhood,2,"39.91558638, -75.16300858",126515001-7226
2022,126515001,3618,2210,221,421899003618,Bache-Martin School,District,SDP K12 Schools,Elementary-Middle,Neighborhood,5,"39.96967782, -75.17384692",126515001-3618
2022,126515001,3620,2240,224,421899003620,F. Amedee Bregy School,District,SDP K12 Schools,Elementary-Middle,Neighborhood,2,"39.914699, -75.176674",126515001-3620
2022,126515001,3622,2260,226,421899003622,George W. Childs School,District,SDP K12 Schools,Elementary-Middle,Neighborhood,2,"39.934637, -75.170493",126515001-3622
2022,126515001,6822,2290,229,421899006822,Franklin Learning Center,District,SDP K12 Schools,High,Special Admit,5,"39.965049, -75.162753",126515001-6822
2022,126515001,3776,2320,232,421899003776,Stephen Girard School,District,SDP K12 Schools,Elementary,Neighborhood,2,"39.925059, -75.176611",126515001-3776
2022,126515001,3648,2340,234,421899003648,General George A. McCall School,District,SDP K12 Schools,Elementary-Middle,Neighborhood,1,"39.944635, -75.153180",126515001-3648
2022,126515001,3629,2370,237,421899003629,Delaplaine McDaniel School,District,SDP K12 Schools,Elementary-Middle,Neighborhood,2,"39.929592, -75.181793",126515001-3629
2022,126515001,3649,2380,238,421899003649,William M. Meredith School,District,SDP K12 Schools,Elementary-Middle,Neighborhood,1,"39.93974936, -75.15113339",126515001-3649
2022,126515001,4868,2390,239,421899004868,Robert Morris School,District,SDP K12 Schools,Elementary-Middle,Neighborhood,5,"39.975439, -75.178660",126515001-4868
2022,126515001,7664,2410,241,421899000551,Girard Academic Music Program,District,SDP K12 Schools,Middle-High,Special Admit,2,"39.92210463, -75.18256439",126515001-7664
2022,126515001,3635,2450,245,421899003635,Edwin M. Stanton School,District,SDP K12 Schools,Elementary-Middle,Neighborhood,2,"39.940503, -75.171017",126515001-3635
2022,126515001,5186,2470,247,421899005186,Albert M. Greenfield School,District,SDP K12 Schools,Elementary-Middle,Neighborhood,2,"39.95227234, -75.17739206",126515001-5186
2022,126515001,3805,2480,248,421899003805,Chester A. Arthur School,District,SDP K12 Schools,Elementary-Middle,Neighborhood,2,"39.94190083, -75.17569882",126515001-3805
2022,126515001,7225,2490,249,421899003636,Laura W. Waring School,District,SDP K12 Schools,Elementary-Middle,Neighborhood,5,"39.96491939, -75.1677006",126515001-7225
2022,126515001,3642,2510,251,421899003642,Fanny Jackson Coppin School,District,SDP K12 Schools,Elementary-Middle,Neighborhood,1,"39.934623, -75.163481",126515001-3642
2022,126515001,7227,2520,252,421899003644,Abram S. Jenks School,District,SDP K12 Schools,Elementary,Neighborhood,1,"39.918773, -75.168367",126515001-7227
2022,126515001,7228,2540,254,421899003646,Francis S. Key School,District,SDP K12 Schools,Elementary,Neighborhood,1,"39.9213857, -75.1601961",126515001-7228
2022,126515001,3647,2580,258,421899003647,Eliza B. Kirkbride School,District,SDP K12 Schools,Elementary-Middle,Neighborhood,1,"39.930020, -75.156466",126515001-3647
2022,126515001,3650,2590,259,421899003650,George W. Nebinger School,District,SDP K12 Schools,Elementary-Middle,Neighborhood,1,"39.936694, -75.153830",126515001-3650
2022,126515001,7904,2620,262,421899000962,Academy at Palumbo,District,SDP K12 Schools,High,Special Admit,2,"39.94019787, -75.16194915",126515001-7904
2022,126515001,3653,2630,263,421899003653,George W. Sharswood School,District,SDP K12 Schools,Elementary-Middle,Neighborhood,1,"39.91935714, -75.15055053",126515001-3653
2022,126515001,3654,2640,264,421899003654,Southwark School,District,SDP K12 Schools,Elementary-Middle,Neighborhood,1,"39.92637775, -75.16053168",126515001-3654
2022,126515001,7906,2650,265,421899000923,Science Leadership Academy,District,SDP K12 Schools,High,Special Admit,5,"39.963701, -75.162516",126515001-7906
2022,126515001,7905,2670,267,421899001010,Constitution High School,District,SDP K12 Schools,High,Citywide,1,"39.950252, -75.152336",126515001-7905
2022,126515001,8330,2680,268,421899007524,The Science Leadership Academy at Beeber,District,SDP K12 Schools,Middle-High,Special Admit,4,"39.98610221, -75.24192008",126515001-8330
2022,126515001,3657,2690,269,421899003657,John H. Taggart School,District,SDP K12 Schools,Elementary-Middle,Neighborhood,1,"39.91721223, -75.15452237",126515001-3657
2022,126515001,8294,2720,272,421899007511,Vare-Washington School,District,SDP K12 Schools,Elementary-Middle,Neighborhood,1,"39.93427949, -75.15252649",126515001-8294
2022,126515001,3857,4020,402,421899003857,Overbrook High School,District,SDP K12 Schools,High,Neighborhood,4,"39.981028, -75.238556",126515001-3857
2022,126515001,7023,4030,403,421899007023,High School of Engineering and Science,District,SDP K12 Schools,Middle-High,Special Admit,5,"39.98341809, -75.16127789",126515001-7023
2022,126515001,3841,4060,406,421899003841,Murrell Dobbins Career and Technical High School,District,SDP K12 Schools,High,Citywide,5,"39.9954293, -75.16679334",126515001-3841
2022,126515001,7255,4140,414,421899003839,Strawberry Mansion High School,District,SDP K12 Schools,High,Neighborhood,5,"39.99074371, -75.18402464",126515001-7255
2022,126515001,3662,4220,422,421899003662,James G. Blaine School,District,SDP K12 Schools,Elementary-Middle,Neighborhood,5,"39.98521297, -75.18293887",126515001-3662
2022,126515001,3664,4240,424,421899003664,Lewis C. Cassidy Academics Plus School,District,SDP K12 Schools,Elementary-Middle,Neighborhood,4,"39.97551874, -75.25077443",126515001-3664
2022,126515001,3786,4270,427,421899003786,William Dick School,District,SDP K12 Schools,Elementary-Middle,Neighborhood,5,"39.986730, -75.173787",126515001-3786
2022,126515001,3668,4280,428,421899003668,Samuel Gompers School,District,SDP K12 Schools,Elementary-Middle,Neighborhood,4,"39.99205763, -75.23754028",126515001-3668
2022,126515001,5187,4300,430,421899005187,Edward Heston School,District,SDP K12 Schools,Elementary-Middle,Neighborhood,3,"39.977852, -75.229727",126515001-5187
2022,126515001,3670,4320,432,421899003670,Robert E. Lamberton School,District,SDP K12 Schools,Elementary-Middle,Neighborhood,4,"39.975465, -75.266329",126515001-3670
2022,126515001,8292,4350,435,421899007517,E. Washington Rhodes School,District,SDP K12 Schools,Elementary-Middle,Neighborhood,4,"40.00275594, -75.17812979",126515001-8292
2022,126515001,8389,4360,436,421899007593,Kenderton Elementary School,District,SDP K12 Schools,Elementary-Middle,Neighborhood,8,"40.004940, -75.154241",126515001-8389
2022,126515001,7472,4370,437,421899000237,Overbrook Elementary School,District,SDP K12 Schools,Elementary-Middle,Neighborhood,4,"39.98225806, -75.24584611",126515001-7472
2022,126515001,3675,4380,438,421899003675,Thomas M. Peirce School,District,SDP K12 Schools,Elementary,Neighborhood,8,"39.998839, -75.168424",126515001-3675
2022,126515001,5292,4440,444,421899005292,Dr. Ethel Allen School,District,SDP K12 Schools,Elementary-Middle,Neighborhood,5,"39.99757697, -75.18345963",126515001-5292
2022,126515001,5040,4460,446,421899005040,Tanner G. Duckrey School,District,SDP K12 Schools,Elementary-Middle,Neighborhood,5,"39.98520302, -75.15830107",126515001-5040
2022,126515001,5188,4470,447,421899005188,Richard R. Wright School,District,SDP K12 Schools,Elementary,Neighborhood,5,"39.99043963, -75.17699812",126515001-5188
2022,126515001,6960,4480,448,421899006960,Overbrook Educational Center,District,SDP K12 Schools,Elementary-Middle,Citywide,4,"39.97429952, -75.25401239",126515001-6960
2022,126515001,3625,4530,453,421899003625,Edward Gideon School,District,SDP K12 Schools,Elementary-Middle,Neighborhood,5,"39.98447594, -75.18016456",126515001-3625
2022,126515001,3626,4560,456,421899003626,William D. Kelley School,District,SDP K12 Schools,Elementary-Middle,Neighborhood,5,"39.98039173, -75.18032689",126515001-3626
2022,126515001,3630,4570,457,421899003630,General George G. Meade School,District,SDP K12 Schools,Elementary-Middle,Neighborhood,5,"39.978587, -75.164718",126515001-3630
2022,126515001,3849,5020,502,421899003849,Thomas A. Edison High School,District,SDP K12 Schools,High,Neighborhood,7,"40.01116485, -75.12863791",126515001-3849
2022,126515001,7850,5050,505,421899000899,Philadelphia Military Academy,District,SDP K12 Schools,High,Citywide,5,"39.98470959, -75.15443401",126515001-7850
2022,126515001,3842,5060,506,421899003842,Jules E. Mastbaum Area Vocational Technical High School,District,SDP K12 Schools,High,Citywide,1,"39.99214686, -75.11213573",126515001-3842
2022,126515001,6548,5070,507,421899006548,Parkway Northwest High School,District,SDP K12 Schools,High,Special Admit,9,"40.05664074, -75.16457453",126515001-6548
2022,126515001,7782,5080,508,421899000771,Parkway Center City Middle College High School,District,SDP K12 Schools,High,Special Admit,5,"39.96300501, -75.1592865",126515001-7782
2022,126515001,7808,5090,509,421899000821,Parkway West High School,District,SDP K12 Schools,High,Special Admit,3,"39.96425379, -75.21546704",126515001-7808
2022,126515001,7070,5150,515,421899007225,William W. Bodine High School,District,SDP K12 Schools,High,Special Admit,5,"39.96793026, -75.14343443",126515001-7070
2022,126515001,8293,5160,516,421899007502,Penn Treaty High School,District,SDP K12 Schools,Middle-High,Neighborhood,5,"39.97272711, -75.12787008",126515001-8293
2022,126515001,7175,5170,517,421899007229,Julia de Burgos School,District,SDP K12 Schools,Elementary-Middle,Neighborhood,7,"39.99275164, -75.13862743",126515001-7175
2022,126515001,8440,5180,518,421899007661,Vaux High School: A Big Picture,District,SDP K12 Schools,High,Neighborhood,5,"39.976325, -75.174186",126515001-8440
2022,126515001,7256,5200,520,421899006524,Alexander Adaire School,District,SDP K12 Schools,Elementary-Middle,Neighborhood,5,"39.97232661, -75.12930989",126515001-7256
2022,126515001,3684,5210,521,421899003684,Henry A. Brown School,District,SDP K12 Schools,Elementary-Middle,Neighborhood,1,"39.98661748, -75.12725674",126515001-3684
2022,126515001,6525,5230,523,421899006525,Russell H. Conwell School,District,SDP K12 Schools,Middle,Special Admit,7,"39.99471406, -75.11527383",126515001-6525
2022,126515001,3687,5250,525,421899003687,Paul L. Dunbar School,District,SDP K12 Schools,Elementary-Middle,Neighborhood,5,"39.97948773, -75.15416974",126515001-3687
2022,126515001,3688,5260,526,421899003688,Lewis Elkin School,District,SDP K12 Schools,Elementary,Neighborhood,7,"39.997018, -75.121274",126515001-3688
2022,126515001,5120,5300,530,421899005120,Horatio B. Hackett School,District,SDP K12 Schools,Elementary,Neighborhood,1,"39.98096374, -75.12685511",126515001-5120
2022,126515001,5125,5320,532,421899005125,John F. Hartranft School,District,SDP K12 Schools,Elementary-Middle,Neighborhood,5,"39.98942228, -75.14477741",126515001-5125
2022,126515001,3693,5330,533,421899003693,William H. Hunter School,District,SDP K12 Schools,Elementary-Middle,Neighborhood,7,"39.98725028, -75.13176356",126515001-3693
2022,126515001,3694,5340,534,421899003694,James R. Ludlow School,District,SDP K12 Schools,Elementary-Middle,Neighborhood,5,"39.972724, -75.145854",126515001-3694
2022,126515001,5293,5350,535,421899005293,William McKinley School,District,SDP K12 Schools,Elementary-Middle,Neighborhood,7,"39.9827686, -75.14165528",126515001-5293
2022,126515001,3697,5370,537,421899003697,John Moffet School,District,SDP K12 Schools,Elementary,Neighborhood,7,"39.97439362, -75.13498462",126515001-3697
2022,126515001,5121,5390,539,421899005121,Potter-Thomas School,District,SDP K12 Schools,Elementary-Middle,Neighborhood,7,"39.99690701, -75.14107646",126515001-5121
2022,126515001,3701,5400,540,421899003701,Richmond School,District,SDP K12 Schools,Elementary,Neighborhood,1,"39.983496, -75.110491",126515001-3701
2022,126515001,3702,5410,541,421899003702,Isaac A. Sheppard School,District,SDP K12 Schools,Elementary,Neighborhood,7,"39.993651, -75.131630",126515001-3702
2022,126515001,3703,5420,542,421899003703,John Welsh School,District,SDP K12 Schools,Elementary-Middle,Neighborhood,7,"39.98653438, -75.13941869",126515001-3703
2022,126515001,6823,5430,543,421899006823,Alternative Middle Years at James Martin,District,SDP K12 Schools,Middle,Citywide,6,"39.98529996, -75.09718185",126515001-6823
2022,126515001,6544,5440,544,421899006544,Frances E. Willard School,District,SDP K12 Schools,Elementary,Neighborhood,1,"39.993065, -75.115907",126515001-6544
2022,126515001,5123,5470,547,421899005123,William Cramp School,District,SDP K12 Schools,Elementary,Neighborhood,7,"40.00260657, -75.13036297",126515001-5123
2022,126515001,3645,5480,548,421899003645,General Philip Kearny School,District,SDP K12 Schools,Elementary-Middle,Neighborhood,5,"39.96385753, -75.14812935",126515001-3645
2022,126515001,7404,5490,549,421899000105,Cayuga School,District,SDP K12 Schools,Elementary,Neighborhood,7,"40.017826, -75.135246",126515001-7404
2022,126515001,7521,5500,550,421899000329,Thurgood Marshall School,District,SDP K12 Schools,Elementary-Middle,Neighborhood,8,"40.02938155, -75.13416332",126515001-7521
2022,126515001,7852,5520,552,421899000901,Kensington High School for Creative and Performing Arts,District,SDP K12 Schools,High,Neighborhood,7,"39.97794956, -75.1330532",126515001-7852
2022,126515001,3800,5530,553,421899003800,Philip H. Sheridan School,District,SDP K12 Schools,Elementary,Neighborhood,7,"39.99974725, -75.11478572",126515001-3800
2022,126515001,7855,5550,555,421899000907,Kensington Health Sciences Academy,District,SDP K12 Schools,High,Neighborhood,1,"39.985026, -75.128685",126515001-7855
2022,126515001,3655,5560,556,421899003655,Spring Garden School,District,SDP K12 Schools,Elementary-Middle,Neighborhood,5,"39.96516155, -75.15614042",126515001-3655
2022,126515001,5124,5590,559,421899005124,John H. Webster School,District,SDP K12 Schools,Elementary,Neighborhood,1,"39.996199, -75.104516",126515001-5124
2022,126515001,8332,5610,561,421899007534,Building 21,District,SDP K12 Schools,High,Citywide,9,"40.053631, -75.152481",126515001-8332
2022,126515001,8329,5620,562,421899007547,The U School,District,SDP K12 Schools,High,Citywide,5,"39.981983, -75.146256",126515001-8329
2022,126515001,8331,5660,566,421899007525,The LINC,District,SDP K12 Schools,High,Citywide,7,"40.006819, -75.129736",126515001-8331
2022,126515001,7522,5680,568,421899000331,Honorable Luis Munoz-Marin School,District,SDP K12 Schools,Elementary-Middle,Neighborhood,7,"40.00098011, -75.13538958",126515001-7522
2022,126515001,8388,5700,570,421899007598,Kensington High School,District,SDP K12 Schools,High,Neighborhood,1,"39.98483396, -75.12640188",126515001-8388
2022,126515001,3848,6010,601,421899003848,Central High School,District,SDP K12 Schools,High,Special Admit,8,"40.0372851, -75.15074825",126515001-3848
2022,126515001,3844,6030,603,421899003844,Roxborough High School,District,SDP K12 Schools,High,Neighborhood,4,"40.03802479, -75.22283357",126515001-3844
2022,126515001,3861,6040,604,421899003861,Walter B. Saul High School,District,SDP K12 Schools,High,Special Admit,4,"40.04902036, -75.21981676",126515001-3861
2022,126515001,3843,6050,605,421899003843,Philadelphia High School for Girls,District,SDP K12 Schools,High,Special Admit,8,"40.03898514, -75.14475989",126515001-3843
2022,126515001,6675,6060,606,421899006675,Martin Luther King High School,District,SDP K12 Schools,High,Neighborhood,8,"40.05756238, -75.16217184",126515001-6675
2022,126515001,7813,6090,609,421899000826,A. Philip Randolph Career and Technical High School,District,SDP K12 Schools,High,Citywide,4,"40.008504, -75.179609",126515001-7813
2022,126515001,3706,6200,620,421899003706,Anna B. Day School,District,SDP K12 Schools,Elementary-Middle,Neighborhood,8,"40.05840682, -75.16833464",126515001-3706
2022,126515001,3708,6210,621,421899003708,Franklin S. Edmonds School,District,SDP K12 Schools,Elementary-Middle,Neighborhood,9,"40.0717255, -75.1692495",126515001-3708
2022,126515001,3709,6220,622,421899003709,Eleanor C. Emlen School,District,SDP K12 Schools,Elementary,Neighborhood,8,"40.05436289, -75.17790573",126515001-3709
2022,126515001,6913,6230,623,421899006913,Fitler Academics Plus School,District,SDP K12 Schools,Elementary-Middle,Citywide,8,"40.02610052, -75.16633733",126515001-6913
2022,126515001,3712,6250,625,421899003712,Charles W. Henry School,District,SDP K12 Schools,Elementary-Middle,Neighborhood,8,"40.04625771, -75.19658776",126515001-3712
2022,126515001,3713,6260,626,421899003713,Henry H. Houston School,District,SDP K12 Schools,Elementary-Middle,Neighborhood,8,"40.059003, -75.195084",126515001-3713
2022,126515001,3714,6270,627,421899003714,Jenks Academy for Arts and Sciences,District,SDP K12 Schools,Elementary-Middle,Neighborhood,8,"40.07440887, -75.20356162",126515001-3714
2022,126515001,3718,6300,630,421899003718,James Logan School,District,SDP K12 Schools,Elementary,Neighborhood,8,"40.03085306, -75.15205995",126515001-3718
2022,126515001,3719,6310,631,421899003719,John F. McCloskey School,District,SDP K12 Schools,Elementary-Middle,Neighborhood,9,"40.08162668, -75.17533748",126515001-3719
2022,126515001,3720,6320,632,421899003720,Thomas Mifflin School,District,SDP K12 Schools,Elementary-Middle,Neighborhood,4,"40.01357043, -75.19128804",126515001-3720
2022,126515001,3722,6340,634,421899003722,Joseph Pennell School,District,SDP K12 Schools,Elementary,Neighborhood,8,"40.04351806, -75.15208663",126515001-3722
2022,126515001,6539,6350,635,421899006539,Samuel Pennypacker School,District,SDP K12 Schools,Elementary-Middle,Neighborhood,9,"40.06527032, -75.1597946",126515001-6539
2022,126515001,8296,6360,636,421899007477,Theodore Roosevelt School,District,SDP K12 Schools,Elementary-Middle,Neighborhood,8,"40.04856262, -75.17529079",126515001-8296
2022,126515001,3725,6380,638,421899003725,Shawmont School,District,SDP K12 Schools,Elementary-Middle,Neighborhood,4,"40.051478, -75.238543",126515001-3725
2022,126515001,3727,6390,639,421899003727,Edward T. Steel School,District,SDP K12 Schools,Elementary-Middle,Neighborhood,8,"40.01879502, -75.15689064",126515001-3727
2022,126515001,3728,6400,640,421899003728,Widener Memorial School,District,SDP Special Education,Elementary-Middle-High,Citywide,8,"40.036706, -75.146598",126515001-3728
2022,126515001,5122,6410,641,421899005122,Cook-Wissahickon School,District,SDP K12 Schools,Elementary-Middle,Neighborhood,4,"40.022472, -75.206802",126515001-5122
2022,126515001,3717,6440,644,421899003717,Anna L. Lingelbach School,District,SDP K12 Schools,Elementary-Middle,Neighborhood,8,"40.03708413, -75.18961364",126515001-3717
2022,126515001,3726,6450,645,421899003726,James Dobson School,District,SDP K12 Schools,Elementary-Middle,Neighborhood,4,"40.03147536, -75.23067163",126515001-3726
2022,126515001,7229,6460,646,421899003711,Hill-Freedman World Academy,District,SDP K12 Schools,Middle-High,Special Admit,8,"40.071311, -75.175303",126515001-7229
2022,126515001,5294,6470,647,421899005294,John B. Kelly School,District,SDP K12 Schools,Elementary,Neighborhood,8,"40.02479143, -75.1711868",126515001-5294
2022,126515001,7024,6480,648,421899007224,Academy for the Middle Years at Northwest,District,SDP K12 Schools,Middle,Special Admit,4,"40.03154543, -75.21317609",126515001-7024
2022,126515001,7811,6540,654,421899000824,Lankenau High School,District,SDP K12 Schools,High,Special Admit,4,"40.06153271, -75.25295594",126515001-7811
2022,126515001,3850,7010,701,421899003850,Frankford High School,District,SDP K12 Schools,High,Neighborhood,7,"40.021602, -75.084823",126515001-3850
2022,126515001,7239,7100,710,421899003815,Jay Cooke School,District,SDP K12 Schools,Elementary-Middle,Neighborhood,8,"40.025526, -75.146074",126515001-7239
2022,126515001,7242,7110,711,421899003820,Warren G. Harding School,District,SDP K12 Schools,Middle,Neighborhood,7,"40.01291694, -75.07456081",126515001-7242
2022,126515001,3816,7120,712,421899003816,Samuel Fels High School,District,SDP K12 Schools,High,Neighborhood,9,"40.03564646, -75.09109404",126515001-3816
2022,126515001,3835,7130,713,421899003835,General Louis Wagner School,District,SDP K12 Schools,Middle,Neighborhood,8,"40.05174748, -75.14767962",126515001-3835
2022,126515001,7963,7150,715,421899006123,Juniata Park Academy,District,SDP K12 Schools,Elementary-Middle,Neighborhood,7,"40.01284122, -75.11102921",126515001-7963
2022,126515001,3732,7200,720,421899003732,Clara Barton School,District,SDP K12 Schools,Elementary,Neighborhood,7,"40.0193401, -75.11950188",126515001-3732
2022,126515001,7230,7220,722,421899003734,Laura H. Carnell School,District,SDP K12 Schools,Elementary,Neighborhood,9,"40.038957, -75.084142",126515001-7230
2022,126515001,3738,7260,726,421899003738,Ellwood School,District,SDP K12 Schools,Elementary,Neighborhood,9,"40.05472609, -75.13894107",126515001-3738
2022,126515001,3739,7270,727,421899003739,Thomas K. Finletter School,District,SDP K12 Schools,Elementary-Middle,Neighborhood,9,"40.043608, -75.119176",126515001-3739
2022,126515001,7231,7280,728,421899010014,Benjamin Franklin School,District,SDP K12 Schools,Elementary-Middle,Neighborhood,9,"40.04215213, -75.10498859",126515001-7231
2022,126515001,4963,7290,729,421899004963,Allen M. Stearne School,District,SDP K12 Schools,Elementary-Middle,Neighborhood,7,"40.011752, -75.085112",126515001-4963
2022,126515001,3742,7300,730,421899003742,Francis Hopkinson School,District,SDP K12 Schools,Elementary-Middle,Neighborhood,7,"40.00771059, -75.10274511",126515001-3742
2022,126515001,3751,7310,731,421899003751,Feltonville Intermediate School,District,SDP K12 Schools,Elementary,Neighborhood,7,"40.02034002, -75.12102564",126515001-3751
2022,126515001,3743,7320,732,421899003743,Julia W. Howe School,District,SDP K12 Schools,Elementary,Neighborhood,9,"40.04113187, -75.14211131",126515001-3743
2022,126515001,3744,7330,733,421899003744,Henry W. Lawton School,District,SDP K12 Schools,Elementary,Neighborhood,6,"40.020648, -75.058976",126515001-3744
2022,126515001,7232,7350,735,421899003746,James R. Lowell School,District,SDP K12 Schools,Elementary,Neighborhood,9,"40.04086578, -75.12871963",126515001-7232
2022,126515001,3797,7360,736,421899003797,John Marshall School,District,SDP K12 Schools,Elementary,Neighborhood,7,"40.014546, -75.087158",126515001-3797
2022,126515001,7663,7370,737,421899000549,"Grover Washington, Jr. School",District,SDP K12 Schools,Middle,Neighborhood,9,"40.035479, -75.117969",126515001-7663
2022,126515001,6534,7380,738,421899006534,Alexander K. McClure School,District,SDP K12 Schools,Elementary,Neighborhood,7,"40.015178, -75.137574",126515001-6534
2022,126515001,3749,7390,739,421899003749,Andrew J. Morrison School,District,SDP K12 Schools,Elementary-Middle,Neighborhood,8,"40.02843729, -75.12941126",126515001-3749
2022,126515001,3750,7400,740,421899003750,Olney School,District,SDP K12 Schools,Elementary-Middle,Neighborhood,9,"40.03058672, -75.12134354",126515001-3750
2022,126515001,3753,7430,743,421899003753,James J. Sullivan School,District,SDP K12 Schools,Elementary,Neighborhood,6,"40.01529786, -75.06706036",126515001-3753
2022,126515001,3755,7440,744,421899003755,Bayard Taylor School,District,SDP K12 Schools,Elementary,Neighborhood,7,"40.00753033, -75.13793972",126515001-3755
2022,126515001,7233,7460,746,421899003754,William H. Ziegler School,District,SDP K12 Schools,Elementary-Middle,Neighborhood,7,"40.03003725, -75.07570448",126515001-7233
2022,126515001,3745,7470,747,421899003745,Bridesburg School,District,SDP K12 Schools,Elementary-Middle,Neighborhood,6,"40.00030082, -75.06660471",126515001-3745
2022,126515001,6765,7490,749,421899006765,Prince Hall School,District,SDP K12 Schools,Elementary,Neighborhood,8,"40.04770742, -75.14956052",126515001-6765
2022,126515001,7368,7500,750,421899000054,Feltonville School of Arts and Sciences,District,SDP K12 Schools,Middle,Neighborhood,7,"40.019437, -75.121675",126515001-7368
2022,126515001,5183,7510,751,421899005183,Mary M. Bethune School,District,SDP K12 Schools,Elementary-Middle,Neighborhood,5,"40.00269526, -75.14872828",126515001-5183
2022,126515001,3724,7530,753,421899003724,William Rowen School,District,SDP K12 Schools,Elementary,Neighborhood,9,"40.05930676, -75.1486472",126515001-3724
2022,126515001,6767,7730,773,421899006767,Roberto Clemente School,District,SDP K12 Schools,Middle,Neighborhood,7,"40.006819, -75.129736",126515001-6767
2022,126515001,3845,8010,801,421899003845,Abraham Lincoln High School,District,SDP K12 Schools,High,Neighborhood,6,"40.04310838, -75.04479221",126515001-3845
2022,126515001,3855,8020,802,421899003855,Northeast High School,District,SDP K12 Schools,High,Neighborhood,10,"40.05564409, -75.07118355",126515001-3855
2022,126515001,6527,8030,803,421899006527,George Washington High School,District,SDP K12 Schools,High,Neighborhood,10,"40.10598577, -75.02723013",126515001-6527
2022,126515001,8039,8040,804,421899006904,Arts Academy at Benjamin Rush,District,SDP K12 Schools,High,Special Admit,10,"40.08253275, -74.9752061",126515001-8039
2022,126515001,7072,8090,809,421899000572,Swenson Arts and Technology High School,District,SDP K12 Schools,High,Citywide,10,"40.0921093, -75.01398863",126515001-7072
2022,126515001,7253,8120,812,421899003836,Woodrow Wilson School,District,SDP K12 Schools,Middle,Neighborhood,9,"40.052367, -75.069086",126515001-7253
2022,126515001,6768,8140,814,421899006768,Austin Meehan School,District,SDP K12 Schools,Middle,Neighborhood,6,"40.045607, -75.044206",126515001-6768
2022,126515001,6824,8160,816,421899006824,Baldi School,District,SDP K12 Schools,Middle,Neighborhood,10,"40.09331609, -75.05217234",126515001-6824
2022,126515001,3758,8200,820,421899003758,Ethan Allen School,District,SDP K12 Schools,Elementary-Middle,Neighborhood,6,"40.0294252, -75.06268841",126515001-3758
2022,126515001,6529,8210,821,421899006529,Joseph H. Brown School,District,SDP K12 Schools,Elementary,Neighborhood,6,"40.04392183, -75.02460195",126515001-6529
2022,126515001,3762,8230,823,421899003762,Kennedy C. Crossan School,District,SDP K12 Schools,Elementary,Neighborhood,10,"40.06144841, -75.08155085",126515001-3762
2022,126515001,3763,8240,824,421899003763,Hamilton Disston School,District,SDP K12 Schools,Elementary-Middle,Neighborhood,6,"40.02836911, -75.04658904",126515001-3763
2022,126515001,3764,8250,825,421899003764,Edwin Forrest School,District,SDP K12 Schools,Elementary,Neighborhood,6,"40.034440, -75.035891",126515001-3764
2022,126515001,3765,8260,826,421899003765,Fox Chase School,District,SDP K12 Schools,Elementary,Neighborhood,10,"40.076307, -75.082129",126515001-3765
2022,126515001,3766,8270,827,421899003766,Thomas Holme School,District,SDP K12 Schools,Elementary,Neighborhood,6,"40.054988, -75.008965",126515001-3766
2022,126515001,3769,8300,830,421899003769,Mayfair School,District,SDP K12 Schools,Elementary-Middle,Neighborhood,6,"40.03945436, -75.05339332",126515001-3769
2022,126515001,3770,8310,831,421899003770,J. Hampton Moore School,District,SDP K12 Schools,Elementary,Neighborhood,9,"40.049135, -75.076912",126515001-3770
2022,126515001,3773,8340,834,421899003773,Solomon Solis-Cohen School,District,SDP K12 Schools,Elementary,Neighborhood,6,"40.044644, -75.064725",126515001-3773
2022,126515001,7234,8350,835,421899003774,Gilbert Spruance School,District,SDP K12 Schools,Elementary-Middle,Neighborhood,7,"40.03756142, -75.07232936",126515001-7234
2022,126515001,3771,8360,836,421899003771,Rhawnhurst School,District,SDP K12 Schools,Elementary,Neighborhood,10,"40.05869601, -75.05898166",126515001-3771
2022,126515001,3760,8370,837,421899003760,Watson Comly School,District,SDP K12 Schools,Elementary,Neighborhood,10,"40.12096486, -75.0091088",126515001-3760
2022,126515001,7235,8380,838,421899003779,Louis H. Farrell School,District,SDP K12 Schools,Elementary-Middle,Neighborhood,10,"40.06657162, -75.05241476",126515001-7235
2022,126515001,3781,8390,839,421899003781,A.L. Fitzpatrick School,District,SDP K12 Schools,Elementary-Middle,Neighborhood,10,"40.080306, -74.976529",126515001-3781
2022,126515001,3803,8400,840,421899003803,Anne Frank School,District,SDP K12 Schools,Elementary,Neighborhood,10,"40.088288, -75.028222",126515001-3803
2022,126515001,3801,8410,841,421899003801,Robert B. Pollock School,District,SDP K12 Schools,Elementary,Neighborhood,6,"40.060116, -75.027130",126515001-3801
2022,126515001,4727,8420,842,421899004727,Stephen Decatur School,District,SDP K12 Schools,Elementary-Middle,Neighborhood,10,"40.095818, -74.970535",126515001-4727
2022,126515001,4726,8430,843,421899004726,Joseph Greenberg School,District,SDP K12 Schools,Elementary-Middle,Neighborhood,10,"40.09608652, -75.05771102",126515001-4726
2022,126515001,4961,8440,844,421899004961,William H. Loesche School,District,SDP K12 Schools,Elementary,Neighborhood,10,"40.11358364, -75.02386784",126515001-4961
2022,126515001,8386,8460,846,421899007588,Philadelphia Learning Academy South,District,Alternate Schools,High,Alternative,3,"39.96971371, -75.21013521",126515001-8386
2022,126515001,8385,8470,847,421899007603,Philadelphia Learning Academy North,District,Alternate Schools,High,Alternative,7,"40.01425525, -75.12599679",126515001-8385
2022,126515001,8328,8560,856,421899007548,The Workshop School,District,SDP K12 Schools,High,Citywide,3,"39.95530589, -75.21855329",126515001-8328
2022,126515001,5041,8770,877,421899005041,John Hancock Demonstration School,District,SDP K12 Schools,Elementary-Middle,Neighborhood,10,"40.06774728, -74.98842793",126515001-5041
2022,126515001,8298,8780,878,421899007506,Philadelphia Virtual Academy,District,Virtual,Middle-High,Virtual,5,"39.96102159, -75.16264405",126515001-8298
2022,126512840,7510,3301,W01,420001300318,Community Academy of Philadelphia Charter School,Charter,Charter Schools,Elementary-Middle-High,Citywide,7,"40.00538049, -75.10735613",126512840-7510
2022,126512850,7511,3302,W02,420001400319,Harambee Institute of Science and Technology Charter School,Charter,Charter Schools,Elementary-Middle,Citywide,4,"39.97309111, -75.25171974",126512850-7511
2022,126512870,7513,3304,W04,420001600324,YouthBuild Philadelphia Charter School,Charter,Charter Schools,High,Citywide With Criteria,5,"39.97290649, -75.15863287",126512870-7513
2022,126513160,7575,3306,W06,420005200489,Christopher Columbus Charter School,Charter,Charter Schools,Elementary-Middle,Citywide,1,"39.93894574, -75.15824752",126513160-7575
2022,126513100,7564,3307,W07,420004300405,Eugenio Maria De Hostos Charter School,Charter,Charter Schools,Elementary-Middle,Citywide,9,"40.04655012, -75.12324994",126513100-7564
2022,126513070,7557,3308,W08,420004200404,Inquiry Charter School,Charter,Charter Schools,Elementary,Citywide,3,"39.97475234, -75.21252924",126513070-7557
2022,126512980,7542,3309,W09,420003800393,Imhotep Institute Charter High School,Charter,Charter Schools,High,Citywide,8,"40.049427, -75.154717",126512980-7542
2022,126513110,7565,3310,W10,420004400406,Laboratory Charter School of Communication and Languages,Charter,Charter Schools,Elementary-Middle,Citywide,5,"40.001404,-75.145662",126513110-7565
2022,126513000,7546,3312,W12,420004000399,Multicultural Academy Charter School,Charter,Charter Schools,High,Citywide,5,"40.01112725, -75.15073123",126513000-7546
2022,126512960,7540,3313,W13,420003600391,"Preparatory Charter School of Mathematics, Science, Technology and Careers",Charter,Charter Schools,High,Citywide,2,"39.92845355, -75.18665686",126512960-7540
2022,126513020,7548,3314,W14,420004100403,West Oak Lane Charter School,Charter,Charter Schools,Elementary-Middle,Citywide,9,"40.05936358, -75.16363798",126513020-7548
2022,126512990,7543,3315,W15,420003900398,Alliance For Progress Charter School,Charter,Charter Schools,Elementary-Middle,Citywide,5,"39.979731, -75.165471",126512990-7543
2022,126513270,7586,3318,W18,420006000502,Freire Charter School,Charter,Charter Schools,Middle-High,Citywide,5,"39.95247289, -75.17442259",126513270-7586
2022,126513230,7582,3321,W21,420005600496,"Math, Civics and Sciences Charter School",Charter,Charter Schools,Elementary-Middle-High,Citywide,1,"39.961301, -75.160970",126513230-7582
2022,126513280,7587,3322,W22,420006100503,Philadelphia Academy Charter School,Charter,Charter Schools,Elementary-Middle-High,Citywide,10,"40.10358436, -75.01109307",126513280-7587
2022,126513290,7588,3323,W23,420006200504,Mastery Charter School at Hardy Williams,Charter,Charter Schools,Elementary-Middle-High,Citywide With Criteria,3,"39.941562, -75.226447",126513290-7588
2022,126513210,7580,3326,W26,420005500495,Universal Institute Charter School,Charter,Charter Schools,Elementary-Middle,Citywide,2,"39.940931, -75.167940",126513210-7580
2022,126513150,7574,3328,W28,420005100488,"Mathematics, Science, and Technology Community Charter School (MaST)",Charter,Charter Schools,Elementary-Middle-High,Citywide,10,"40.113832, -75.005658",126513150-7574
2022,126513250,7584,3329,W29,420005800500,Young Scholars Charter School,Charter,Charter Schools,Middle,Citywide,5,"39.96734659, -75.14799661",126513250-7584
2022,126513450,7666,3331,W31,420007700554,Franklin Towne Charter High School,Charter,Charter Schools,High,Citywide With Criteria,6,"40.007337, -75.066611",126513450-7666
2022,126513480,7672,3332,W32,420007900564,Mariana Bracetti Academy Charter School,Charter,Charter Schools,Elementary-Middle-High,Citywide,1,"40.005757, -75.094146",126513480-7672
2022,126513440,7665,3333,W33,420007600552,Esperanza Academy Charter School,Charter,Charter Schools,Elementary-Middle-High,Citywide,7,"40.01478539, -75.13232396",126513440-7665
2022,126513420,7649,3334,W34,420007500531,New Foundations Charter School,Charter,Charter Schools,Elementary-Middle-High,Citywide With Criteria,6,"40.035070, -75.024187",126513420-7649
2022,126510004,7685,3335,W35,420008500586,People for People Charter School,Charter,Charter Schools,Elementary-Middle-High,Citywide,5,"39.96810141, -75.16067477",126510004-7685
2022,126513400,7647,3336,W36,420007400529,Philadelphia Performing Arts: A String Theory Charter School,Charter,Charter Schools,Elementary-Middle-High,Citywide With Criteria,2,"39.91777662, -75.17166577",126513400-7647
2022,126513380,7639,3337,W37,420007300515,Global Leadership Academy Charter School,Charter,Charter Schools,Elementary-Middle,Citywide,4,"39.97335953, -75.2154352",126513380-7639
2022,126513510,7683,3341,W41,420008700584,Independence Charter School,Charter,Charter Schools,Elementary-Middle,Citywide,2,"39.94496682, -75.16855598",126513510-7683
2022,126514864,8358,3353,W53,420088607568,KIPP DuBois Charter School,Charter,Charter Schools,High,Citywide With Criteria,4,"39.98043019, -75.22085032",126514864-8358
2022,126510006,7722,3357,W57,420010500657,West Philadelphia Achievement Charter School,Charter,Charter Schools,Elementary,Citywide,4,"39.970667, -75.254111",126510006-7722
2022,126510009,7737,3358,W58,420010700678,Philadelphia Electrical and Technology Charter School,Charter,Charter Schools,High,Citywide,2,"39.95060789, -75.16511082",126510009-7737
2022,126510008,7684,3359,W59,420008600585,Richard Allen Preparatory Charter School,Charter,Charter Schools,Middle,Citywide,3,"39.92809187, -75.21926743",126510008-7684
2022,126510001,7677,3360,W60,420009200577,Russell Byers Charter School,Charter,Charter Schools,Elementary-Middle,Citywide,5,"39.95594922, -75.17155064",126510001-7677
2022,126510002,7678,3361,W61,420008400578,Mastery Charter School at Lenfest,Charter,Charter Schools,Middle-High,Citywide With Criteria,1,"39.94950579, -75.14734776",126510002-7678
2022,126510007,7724,3362,W62,420010600659,Wissahickon Charter School,Charter,Charter Schools,Elementary-Middle,Citywide With Criteria,4,"40.01537246, -75.17405347",126510007-7724
2022,100510000,7744,3364,W64,420009300687,First Philadelphia Preparatory Charter School,Charter,Charter Schools,Elementary-Middle-High,Citywide With Criteria,7,"40.00719991, -75.08240619",100510000-7744
2022,126510005,7748,3365,W65,420010400690,Green Woods Charter School,Charter,Charter Schools,Elementary-Middle,Citywide With Criteria,4,"40.04416378, -75.23385852",126510005-7748
2022,126510014,7777,3366,W66,420012300759,Maritime Academy Charter School (MACHS),Charter,Charter Schools,Elementary-Middle-High,Citywide,6,"40.007862, -75.068318",126510014-7777
2022,126510010,7750,3368,W68,420010800692,Belmont Charter School,Charter,Charter Schools,Elementary-Middle-High,Neighborhood,3,"39.96696484, -75.20487093",126510010-7750
2022,126510013,7776,3370,W70,420012200758,KIPP Philadelphia Charter School,Charter,Charter Schools,Elementary-Middle,Citywide,5,"39.992038, -75.158039",126510013-7776
2022,126510011,7775,3372,W72,420012100757,Discovery Charter School,Charter,Charter Schools,Elementary-Middle,Citywide,4,"39.97770823, -75.21350485",126510011-7775
2022,126510016,7828,3378,W78,420013000849,Philadelphia Montessori Charter School,Charter,Charter Schools,Elementary,Citywide,2,"39.91656437, -75.24515327",126510016-7828
2022,126510015,7825,3379,W79,420012900846,Ad Prima Charter School,Charter,Charter Schools,Elementary-Middle,Citywide,4,"39.984296, -75.247860",126510015-7825
2022,126510022,7909,3383,W83,420014500944,Mastery Charter School at Shoemaker,Charter,Charter Schools,Middle-High,Citywide With Criteria,3,"39.975799, -75.228437",126510022-7909
2022,126510021,7857,3384,W84,420014100897,Folk Arts-Cultural Treasures Charter School,Charter,Charter Schools,Elementary-Middle,Citywide,1,"39.95885103, -75.15551365",126510021-7857
2022,126510023,7910,3385,W85,420014400925,Mastery Charter School at Thomas Campus,Charter,Charter Schools,Elementary-Middle-High,Citywide With Criteria,2,"39.91454096, -75.16358831",126510023-7910
2022,126510019,7856,3386,W86,420013900894,Northwood Academy Charter School,Charter,Charter Schools,Elementary-Middle,Citywide With Criteria,7,"40.02015006, -75.09523811",126510019-7856
2022,185515523,7981,3388,W88,420076006107,Boys Latin of Philadelphia Charter School,Charter,Charter Schools,Middle-High,Citywide,3,"39.95172558, -75.23374851",185515523-7981
2022,182514568,7979,3389,W89,420076206103,Keystone Academy Charter School,Charter,Charter Schools,Elementary-Middle,Citywide,6,"40.021916, -75.045089",182514568-7979
2022,108515107,7960,3392,W92,420075806112,Southwest Leadership Academy Charter School,Charter,Charter Schools,Elementary-Middle,Citywide With Criteria,2,"39.918099, -75.242600",108515107-7960
2022,151514721,7961,3393,W93,420076106025,Mastery Charter School at Pickett,Charter,Charter Schools,Middle-High,Citywide With Criteria,8,"40.03187441, -75.18087124",151514721-7961
2022,173515368,7985,3394,W94,420081006871,Pan American Academy Charter School,Charter,Charter Schools,Elementary-Middle,Citywide With Criteria,7,"39.99428061, -75.13614883",173515368-7985
2022,104510394,8031,3395,W95,420081306909,Antonia Pantoja Charter School,Charter,Charter Schools,Elementary-Middle,Citywide,7,"40.01300525, -75.13136564",104510394-8031
2022,114514135,8083,3399,W99,420081606948,Sankofa Freedom Academy Charter School,Charter,Charter Schools,Elementary-Middle-High,Citywide With Criteria,1,"39.987082, -75.128641",114514135-8083
2022,147513703,8123,3403,X03,420081706985,Franklin Towne Charter Elementary School,Charter,Charter Schools,Elementary-Middle,Citywide With Criteria,6,"39.99551599, -75.07472434",147513703-8123
2022,192518422,8126,3404,X04,420082106962,Tacony Academy Charter School,Charter,Charter Schools,Elementary-Middle-High,Citywide With Criteria,10,"40.06684222, -75.06598353",192518422-8126
2022,133513315,8149,3406,X06,420083907353,Aspira Charter School at Stetson,Charter,Charter Schools,Middle,Neighborhood,7,"39.99806894, -75.12546663",133513315-8149
2022,126516457,8153,3407,X07,420082807351,Mastery Charter School at Harrity,Charter,Charter Schools,Elementary-Middle,Neighborhood,3,"39.94852458, -75.23548525",126516457-8153
2022,126519433,8152,3408,X08,420083107367,Mastery Charter School at Mann,Charter,Charter Schools,Elementary,Neighborhood,4,"39.98590147, -75.2313266",126519433-8152
2022,126517286,8151,3409,X09,420082907358,Mastery Charter School at Smedley,Charter,Charter Schools,Elementary,Neighborhood,7,"40.019786, -75.073892",126517286-8151
2022,168513758,8145,3410,X10,420083407357,Universal Charter School at Bluford,Charter,Charter Schools,Elementary,Neighborhood,4,"39.973739, -75.236020",168513758-8145
2022,103519376,8146,3411,X11,420082707366,Universal Charter School at Daroff,Charter,Charter Schools,Elementary-Middle,Neighborhood,4,"39.96558158, -75.2325217",103519376-8146
2022,126518547,8150,3412,X12,420083007365,Mastery Charter School at Douglass,Charter,Charter Schools,Elementary-Middle,Neighborhood,5,"39.98461532, -75.16846267",126518547-8150
2022,126513452,8205,3414,X14,420084307386,Aspira Charter School at Olney,Charter,Charter Schools,High,Neighborhood,8,"40.028772, -75.123808",126513452-8205
2022,126511748,8208,3415,X15,420084007400,Mastery Charter School at Clymer,Charter,Charter Schools,Elementary,Neighborhood,5,"39.99565934, -75.15034419",126511748-8208
2022,126513734,8207,3416,X16,420085107414,Mastery Charter School at Gratz,Charter,Charter Schools,Middle-High,Neighborhood,8,"40.01453965, -75.15660685",126513734-8207
2022,126519434,8195,3417,X17,420085607402,Universal Charter School at Audenried,Charter,Charter Schools,High,Neighborhood,2,"39.933737, -75.198590",126519434-8195
2022,126513415,8196,3418,X18,420085507421,Universal Charter School at Vare,Charter,Charter Schools,Middle,Neighborhood,2,"39.925837, -75.185707",126513415-8196
2022,126519476,8206,3419,X19,420085007405,Lindley Academy Charter at Birney,Charter,Charter Schools,Elementary-Middle,Neighborhood,8,"40.02954904, -75.13883269",126519476-8206
2022,126519644,8259,3420,X20,420086207474,Mastery Charter School at Cleveland,Charter,Charter Schools,Elementary-Middle,Neighborhood,8,"40.01027824, -75.15908455",126519644-8259
2022,126517442,8251,3421,X21,420086607457,Universal Charter School at Creighton,Charter,Charter Schools,Elementary-Middle,Neighborhood,9,"40.03404277, -75.10586492",126517442-8251
2022,126515691,8252,3422,X22,420086307473,The Philadelphia Charter School for Arts and Sciences,Charter,Charter Schools,Elementary-Middle,Neighborhood,7,"40.02423246, -75.08599631",126515691-8252
2022,126519392,8257,3423,X23,420087007454,Memphis Street Academy Charter School at J.P. Jones,Charter,Charter Schools,Middle,Neighborhood,1,"39.98588986, -75.11285949",126519392-8257
2022,126512674,8287,3424,X24,420087207491,Universal Charter School at Alcorn,Charter,Charter Schools,Elementary-Middle,Neighborhood,2,"39.935499, -75.197771",126512674-8287
2022,126518795,8288,3426,X26,420087407515,Mastery Charter School at Pastorius,Charter,Charter Schools,Elementary-Middle,Neighborhood,8,"40.048208, -75.161424",126518795-8288
2022,126518118,8365,3427,X27,420088907599,Mastery Charter School at Wister,Charter,Charter Schools,Elementary,Neighborhood,8,"40.03288146, -75.16672063",126518118-8365
2022,126518004,8390,3428,X28,420089207595,Global Leadership Academy at Huey,Charter,Charter Schools,Elementary-Middle,Neighborhood,3,"39.95332691, -75.22685833",126518004-8390
2022,126514059,8431,3437,X37,420090107660,KIPP North Philadelphia Charter School,Charter,Charter Schools,Elementary,Citywide,5,"39.991930, -75.158212",126514059-8431
2022,126516724,8425,3438,X38,420089907663,Deep Roots Charter School,Charter,Charter Schools,Elementary,Citywide With Criteria,6,"39.998066, -75.101664",126516724-8425
2022,126517643,8427,3439,X39,420090007662,Mastery Prep Elementary Charter School,Charter,Charter Schools,Elementary,Citywide,8,"40.013457, -75.156128",126517643-8427
2022,126513117,8360,3440,X40,420089107602,MaST Community Charter School II,Charter,Charter Schools,Elementary-Middle-High,Citywide,6,"40.017476, -75.044372",126513117-8360
2022,126511530,8359,3441,X41,420089507589,TECH Freire Charter School,Charter,Charter Schools,High,Citywide With Criteria,5,"39.986869, -75.155669",126511530-8359
2022,126512039,8361,3442,X42,420089307600,Independence Charter School West,Charter,Charter Schools,Elementary-Middle,Citywide With Criteria,3,"39.93731366, -75.22614036",126512039-8361
2022,126515492,8363,3443,X43,420088807590,KIPP West Philadelphia Charter School,Charter,Charter Schools,Elementary,Citywide,3,"39.94453199, -75.24184422",126515492-8363
2022,126511624,8453,3445,X45,420090307674,MAST III Charter School,Charter,Charter Schools,Elementary,Citywide With Criteria,10,"40.109575, -74.991671",126511624-8453
2022,126510929,8454,3446,X46,420090207673,Philadelphia Hebrew Charter,Charter,Charter Schools,Elementary,Citywide,4,"40.012045, -75.184376",126510929-8454
2023,126515001,3847,1010,101,421899003847,John Bartram High School,District,SDP K12 Schools,High,Neighborhood,2,"39.92149737, -75.23405562",126515001-3847
2023,126515001,3860,1020,102,421899003860,West Philadelphia High School,District,SDP K12 Schools,High,Neighborhood,3,"39.958110, -75.219654",126515001-3860
2023,126515001,7903,1030,103,421899000993,High School of the Future,District,SDP K12 Schools,High,Citywide,4,"39.97465766, -75.2047566",126515001-7903
2023,126515001,7780,1050,105,421899000765,Paul Robeson High School for Human Services,District,SDP K12 Schools,High,Citywide,3,"39.95679553, -75.20476311",126515001-7780
2023,126515001,7245,1100,110,421899003825,William L. Sayre High School,District,SDP K12 Schools,High,Neighborhood,3,"39.95759354, -75.23859405",126515001-7245
2023,126515001,8297,1130,113,421899007496,William T. Tilden School,District,SDP K12 Schools,Middle,Neighborhood,2,"39.92093619, -75.23227632",126515001-8297
2023,126515001,7815,1190,119,421899000830,Motivation High School,District,SDP K12 Schools,High,Special Admit,3,"39.94453199, -75.24184422",126515001-7815
2023,126515001,8029,1200,120,421899006869,John Barry School,District,SDP K12 Schools,Elementary-Middle,Neighborhood,4,"39.96437494, -75.23860376",126515001-8029
2023,126515001,3601,1230,123,421899003601,William C. Bryant School,District,SDP K12 Schools,Elementary-Middle,Neighborhood,3,"39.952687, -75.243691",126515001-3601
2023,126515001,3602,1250,125,421899003602,Joseph W. Catharine School,District,SDP K12 Schools,Elementary,Neighborhood,2,"39.927435, -75.239911",126515001-3602
2023,126515001,3782,1260,126,421899003782,Benjamin B. Comegys School,District,SDP K12 Schools,Elementary-Middle,Neighborhood,3,"39.940520, -75.216289",126515001-3782
2023,126515001,7706,1280,128,421899000619,Sadie Alexander School,District,SDP K12 Schools,Elementary-Middle,Neighborhood,3,"39.953099, -75.208187",126515001-7706
2023,126515001,5185,1290,129,421899005185,Andrew Hamilton School,District,SDP K12 Schools,Elementary-Middle,Neighborhood,3,"39.955438, -75.235543",126515001-5185
2023,126515001,6528,1300,130,421899006528,Avery D. Harrington School,District,SDP K12 Schools,Elementary-Middle,Neighborhood,3,"39.94736517, -75.23059508",126515001-6528
2023,126515001,6530,1340,134,421899006530,Henry C. Lea School,District,SDP K12 Schools,Elementary-Middle,Neighborhood,3,"39.954515, -75.216347",126515001-6530
2023,126515001,6533,1350,135,421899006533,William C. Longstreth School,District,SDP K12 Schools,Elementary-Middle,Neighborhood,3,"39.94090823, -75.23237316",126515001-6533
2023,126515001,3611,1360,136,421899003611,Morton McMichael School,District,SDP K12 Schools,Elementary-Middle,Neighborhood,3,"39.96619727, -75.19411487",126515001-3611
2023,126515001,3798,1370,137,421899003798,S. Weir Mitchell School,District,SDP K12 Schools,Elementary-Middle,Neighborhood,3,"39.93681427, -75.223291",126515001-3798
2023,126515001,6535,1380,138,421899006535,Thomas G. Morton School,District,SDP K12 Schools,Elementary,Neighborhood,2,"39.92346826, -75.22690015",126515001-6535
2023,126515001,3783,1390,139,421899003783,Samuel Powel School,District,SDP K12 Schools,Elementary,Neighborhood,3,"39.95796279797709, -75.19391769815562",126515001-3783
2023,126515001,3613,1400,140,421899003613,John M. Patterson School,District,SDP K12 Schools,Elementary,Neighborhood,2,"39.916095, -75.236762",126515001-3613
2023,126515001,3614,1410,141,421899003614,James Rhoads School,District,SDP K12 Schools,Elementary-Middle,Neighborhood,3,"39.967339, -75.220063",126515001-3614
2023,126515001,3615,1420,142,421899003615,Martha Washington School,District,SDP K12 Schools,Elementary-Middle,Neighborhood,3,"39.966206, -75.211179",126515001-3615
2023,126515001,3616,1440,144,421899003616,Penrose School,District,SDP K12 Schools,Elementary-Middle,Neighborhood,2,"39.90692358, -75.24865833",126515001-3616
2023,126515001,3804,1460,146,421899003804,Add B. Anderson School,District,SDP K12 Schools,Elementary-Middle,Neighborhood,3,"39.946726, -75.245717",126515001-3804
2023,126515001,4732,1470,147,421899004732,Alain Locke School,District,SDP K12 Schools,Elementary-Middle,Neighborhood,3,"39.96262376, -75.21245097",126515001-4732
2023,126515001,3663,1490,149,421899003663,Rudolph Blankenburg School,District,SDP K12 Schools,Elementary-Middle,Neighborhood,4,"39.97296312, -75.21388868",126515001-3663
2023,126515001,7022,1580,158,421899007223,Middle Years Alternative School,District,SDP K12 Schools,Middle,Citywide,3,"39.96425379, -75.21546704",126515001-7022
2023,126515001,3859,2000,200,421899003859,South Philadelphia High School,District,SDP K12 Schools,High,Neighborhood,1,"39.9238987, -75.1691065",126515001-3859
2023,126515001,3851,2010,201,421899003851,Benjamin Franklin High School,District,SDP K12 Schools,High,Neighborhood,5,"39.963530, -75.161640",126515001-3851
2023,126515001,6996,2020,202,421899006996,High School for Creative and Performing Arts,District,SDP K12 Schools,High,Special Admit,2,"39.93941992, -75.16548375",126515001-6996
2023,126515001,8387,2050,205,421899007592,Science Leadership Academy Middle School,District,SDP K12 Schools,Middle,Neighborhood,3,"39.95796279797709, -75.19391769815562",126515001-8387
2023,126515001,3808,2140,214,421899003808,Julia R. Masterman School,District,SDP K12 Schools,Middle-High,Special Admit,5,"39.96320031, -75.16620758",126515001-3808
2023,126515001,3818,2160,216,421899003818,Furness High School,District,SDP K12 Schools,High,Neighborhood,1,"39.923762, -75.150585",126515001-3818
2023,126515001,7226,2190,219,421899003639,D. Newlin Fell School,District,SDP K12 Schools,Elementary-Middle,Neighborhood,2,"39.91558638, -75.16300858",126515001-7226
2023,126515001,3618,2210,221,421899003618,Bache-Martin School,District,SDP K12 Schools,Elementary-Middle,Neighborhood,5,"39.96967782, -75.17384692",126515001-3618
2023,126515001,3620,2240,224,421899003620,F. Amedee Bregy School,District,SDP K12 Schools,Elementary-Middle,Neighborhood,2,"39.914699, -75.176674",126515001-3620
2023,126515001,3622,2260,226,421899003622,George W. Childs School,District,SDP K12 Schools,Elementary-Middle,Neighborhood,2,"39.934637, -75.170493",126515001-3622
2023,126515001,6822,2290,229,421899006822,Franklin Learning Center,District,SDP K12 Schools,High,Special Admit,5,"39.965049, -75.162753",126515001-6822
2023,126515001,3776,2320,232,421899003776,Stephen Girard School,District,SDP K12 Schools,Elementary,Neighborhood,2,"39.925059, -75.176611",126515001-3776
2023,126515001,3648,2340,234,421899003648,General George A. McCall School,District,SDP K12 Schools,Elementary-Middle,Neighborhood,1,"39.944635, -75.153180",126515001-3648
2023,126515001,3629,2370,237,421899003629,Delaplaine McDaniel School,District,SDP K12 Schools,Elementary-Middle,Neighborhood,2,"39.929592, -75.181793",126515001-3629
2023,126515001,3649,2380,238,421899003649,William M. Meredith School,District,SDP K12 Schools,Elementary-Middle,Neighborhood,1,"39.93974936, -75.15113339",126515001-3649
2023,126515001,4868,2390,239,421899004868,Robert Morris School,District,SDP K12 Schools,Elementary-Middle,Neighborhood,5,"39.975439, -75.178660",126515001-4868
2023,126515001,7664,2410,241,421899000551,Girard Academic Music Program,District,SDP K12 Schools,Middle-High,Special Admit,2,"39.92210463, -75.18256439",126515001-7664
2023,126515001,3635,2450,245,421899003635,Edwin M. Stanton School,District,SDP K12 Schools,Elementary-Middle,Neighborhood,2,"39.940503, -75.171017",126515001-3635
2023,126515001,5186,2470,247,421899005186,Albert M. Greenfield School,District,SDP K12 Schools,Elementary-Middle,Neighborhood,2,"39.95227234, -75.17739206",126515001-5186
2023,126515001,3805,2480,248,421899003805,Chester A. Arthur School,District,SDP K12 Schools,Elementary-Middle,Neighborhood,2,"39.94190083, -75.17569882",126515001-3805
2023,126515001,7225,2490,249,421899003636,Laura W. Waring School,District,SDP K12 Schools,Elementary-Middle,Neighborhood,5,"39.96491939, -75.1677006",126515001-7225
2023,126515001,3642,2510,251,421899003642,Fanny Jackson Coppin School,District,SDP K12 Schools,Elementary-Middle,Neighborhood,1,"39.934623, -75.163481",126515001-3642
2023,126515001,7227,2520,252,421899003644,Abram S. Jenks School,District,SDP K12 Schools,Elementary,Neighborhood,1,"39.918773, -75.168367",126515001-7227
2023,126515001,7228,2540,254,421899003646,Francis S. Key School,District,SDP K12 Schools,Elementary,Neighborhood,1,"39.9213857, -75.1601961",126515001-7228
2023,126515001,3647,2580,258,421899003647,Eliza B. Kirkbride School,District,SDP K12 Schools,Elementary-Middle,Neighborhood,1,"39.930020, -75.156466",126515001-3647
2023,126515001,3650,2590,259,421899003650,George W. Nebinger School,District,SDP K12 Schools,Elementary-Middle,Neighborhood,1,"39.936694, -75.153830",126515001-3650
2023,126515001,7904,2620,262,421899000962,Academy at Palumbo,District,SDP K12 Schools,High,Special Admit,2,"39.94019787, -75.16194915",126515001-7904
2023,126515001,3653,2630,263,421899003653,George W. Sharswood School,District,SDP K12 Schools,Elementary-Middle,Neighborhood,1,"39.91935714, -75.15055053",126515001-3653
2023,126515001,3654,2640,264,421899003654,Southwark School,District,SDP K12 Schools,Elementary-Middle,Neighborhood,1,"39.92637775, -75.16053168",126515001-3654
2023,126515001,7906,2650,265,421899000923,Science Leadership Academy,District,SDP K12 Schools,High,Special Admit,5,"39.963701, -75.162516",126515001-7906
2023,126515001,7905,2670,267,421899001010,Constitution High School,District,SDP K12 Schools,High,Citywide,1,"39.950252, -75.152336",126515001-7905
2023,126515001,8330,2680,268,421899007524,The Science Leadership Academy at Beeber,District,SDP K12 Schools,Middle-High,Special Admit,4,"39.98610221, -75.24192008",126515001-8330
2023,126515001,3657,2690,269,421899003657,John H. Taggart School,District,SDP K12 Schools,Elementary-Middle,Neighborhood,1,"39.91721223, -75.15452237",126515001-3657
2023,126515001,8294,2720,272,421899007511,Vare-Washington School,District,SDP K12 Schools,Elementary-Middle,Neighborhood,1,"39.93427949, -75.15252649",126515001-8294
2023,126512840,7510,3301,W01,420001300318,Community Academy of Philadelphia Charter School,Charter,Charter Schools,Elementary-Middle-High,Citywide,7,"40.00538049, -75.10735613",126512840-7510
2023,126512850,7511,3302,W02,420001400319,Harambee Institute of Science and Technology Charter School,Charter,Charter Schools,Elementary-Middle,Citywide,4,"39.97309111, -75.25171974",126512850-7511
2023,126512870,7513,3304,W04,420001600324,YouthBuild Philadelphia Charter School,Charter,Charter Schools,High,Citywide With Criteria,5,"39.97290649, -75.15863287",126512870-7513
2023,126513160,7575,3306,W06,420005200489,Christopher Columbus Charter School,Charter,Charter Schools,Elementary-Middle,Citywide,1,"39.93894574, -75.15824752",126513160-7575
2023,126513100,7564,3307,W07,420004300405,Eugenio Maria De Hostos Charter School,Charter,Charter Schools,Elementary-Middle,Citywide,9,"40.04655012, -75.12324994",126513100-7564
2023,126513070,7557,3308,W08,420004200404,Inquiry Charter School,Charter,Charter Schools,Elementary,Citywide,3,"39.97475234, -75.21252924",126513070-7557
2023,126512980,7542,3309,W09,420003800393,Imhotep Institute Charter High School,Charter,Charter Schools,High,Citywide,8,"40.049427, -75.154717",126512980-7542
2023,126513110,7565,3310,W10,420004400406,Laboratory Charter School of Communication and Languages,Charter,Charter Schools,Elementary-Middle,Citywide,5,"40.001404,-75.145662",126513110-7565
2023,126513000,7546,3312,W12,420004000399,Multicultural Academy Charter School,Charter,Charter Schools,High,Citywide,5,"40.01112725, -75.15073123",126513000-7546
2023,126512960,7540,3313,W13,420003600391,"Preparatory Charter School of Mathematics, Science, Technology and Careers",Charter,Charter Schools,High,Citywide,2,"39.92845355, -75.18665686",126512960-7540
2023,126513020,7548,3314,W14,420004100403,West Oak Lane Charter School,Charter,Charter Schools,Elementary-Middle,Citywide,9,"40.05936358, -75.16363798",126513020-7548
2023,126512990,7543,3315,W15,420003900398,Alliance For Progress Charter School,Charter,Charter Schools,Elementary-Middle,Citywide,5,"39.979731, -75.165471",126512990-7543
2023,126513270,7586,3318,W18,420006000502,Freire Charter School,Charter,Charter Schools,Middle-High,Citywide,5,"39.95247289, -75.17442259",126513270-7586
2023,126513230,7582,3321,W21,420005600496,"Math, Civics and Sciences Charter School",Charter,Charter Schools,Elementary-Middle-High,Citywide,1,"39.961301, -75.160970",126513230-7582
2023,126513280,7587,3322,W22,420006100503,Philadelphia Academy Charter School,Charter,Charter Schools,Elementary-Middle-High,Citywide,10,"40.10358436, -75.01109307",126513280-7587
2023,126513290,7588,3323,W23,420006200504,Mastery Charter School at Hardy Williams,Charter,Charter Schools,Elementary-Middle-High,Citywide With Criteria,3,"39.941562, -75.226447",126513290-7588
2023,126513210,7580,3326,W26,420005500495,Universal Institute Charter School,Charter,Charter Schools,Elementary-Middle,Citywide,2,"39.940931, -75.167940",126513210-7580
2023,126513150,7574,3328,W28,420005100488,"Mathematics, Science, and Technology Community Charter School (MaST)",Charter,Charter Schools,Elementary-Middle-High,Citywide,10,"40.113832, -75.005658",126513150-7574
2023,126513250,7584,3329,W29,420005800500,Young Scholars Charter School,Charter,Charter Schools,Middle,Citywide,5,"39.96734659, -75.14799661",126513250-7584
2023,126513450,7666,3331,W31,420007700554,Franklin Towne Charter High School,Charter,Charter Schools,High,Citywide With Criteria,6,"40.007337, -75.066611",126513450-7666
2023,126513480,7672,3332,W32,420007900564,Mariana Bracetti Academy Charter School,Charter,Charter Schools,Elementary-Middle-High,Citywide,1,"40.005757, -75.094146",126513480-7672
2023,126513440,7665,3333,W33,420007600552,Esperanza Academy Charter School,Charter,Charter Schools,Elementary-Middle-High,Citywide,7,"40.01478539, -75.13232396",126513440-7665
2023,126513420,7649,3334,W34,420007500531,New Foundations Charter School,Charter,Charter Schools,Elementary-Middle-High,Citywide With Criteria,6,"40.035070, -75.024187",126513420-7649
2023,126510004,7685,3335,W35,420008500586,People for People Charter School,Charter,Charter Schools,Elementary-Middle-High,Citywide,5,"39.96810141, -75.16067477",126510004-7685
2023,126513400,7647,3336,W36,420007400529,Philadelphia Performing Arts: A String Theory Charter School,Charter,Charter Schools,Elementary-Middle-High,Citywide With Criteria,2,"39.91777662, -75.17166577",126513400-7647
2023,126513380,7639,3337,W37,420007300515,Global Leadership Academy Charter School,Charter,Charter Schools,Elementary-Middle,Citywide,4,"39.97335953, -75.2154352",126513380-7639
2023,126513510,7683,3341,W41,420008700584,Independence Charter School,Charter,Charter Schools,Elementary-Middle,Citywide,2,"39.94496682, -75.16855598",126513510-7683
2023,126514864,8358,3353,W53,420088607568,KIPP DuBois Charter School,Charter,Charter Schools,High,Citywide With Criteria,4,"39.98043019, -75.22085032",126514864-8358
2023,126510006,7722,3357,W57,420010500657,West Philadelphia Achievement Charter School,Charter,Charter Schools,Elementary,Citywide,4,"39.970667, -75.254111",126510006-7722
2023,126510009,7737,3358,W58,420010700678,Philadelphia Electrical and Technology Charter School,Charter,Charter Schools,High,Citywide,5,"39.9566589, -75.1681729",126510009-7737
2023,126510008,7684,3359,W59,420008600585,Richard Allen Preparatory Charter School,Charter,Charter Schools,Middle,Citywide,3,"39.92809187, -75.21926743",126510008-7684
2023,126510001,7677,3360,W60,420009200577,Russell Byers Charter School,Charter,Charter Schools,Elementary-Middle,Citywide,5,"39.95594922, -75.17155064",126510001-7677
2023,126510002,7678,3361,W61,420008400578,Mastery Charter School at Lenfest,Charter,Charter Schools,Middle-High,Citywide With Criteria,1,"39.94950579, -75.14734776",126510002-7678
2023,126510007,7724,3362,W62,420010600659,Wissahickon Charter School,Charter,Charter Schools,Elementary-Middle,Citywide With Criteria,4,"40.01537246, -75.17405347",126510007-7724
2023,100510000,7744,3364,W64,420009300687,First Philadelphia Preparatory Charter School,Charter,Charter Schools,Elementary-Middle-High,Citywide With Criteria,7,"40.00719991, -75.08240619",100510000-7744
2023,126510005,7748,3365,W65,420010400690,Green Woods Charter School,Charter,Charter Schools,Elementary-Middle,Citywide With Criteria,4,"40.04416378, -75.23385852",126510005-7748
2023,126510014,7777,3366,W66,420012300759,Maritime Academy Charter School (MACHS),Charter,Charter Schools,Elementary-Middle-High,Citywide,6,"40.007862, -75.068318",126510014-7777
2023,126510010,7750,3368,W68,420010800692,Belmont Charter School,Charter,Charter Schools,Elementary-Middle-High,Neighborhood,3,"39.96696484, -75.20487093",126510010-7750
2023,126510013,7776,3370,W70,420012200758,KIPP Philadelphia Charter School,Charter,Charter Schools,Elementary-Middle,Citywide,5,"39.992038, -75.158039",126510013-7776
2023,126510011,7775,3372,W72,420012100757,Discovery Charter School,Charter,Charter Schools,Elementary-Middle,Citywide,4,"39.97770823, -75.21350485",126510011-7775
2023,126510016,7828,3378,W78,420013000849,Philadelphia Montessori Charter School,Charter,Charter Schools,Elementary,Citywide,2,"39.91656437, -75.24515327",126510016-7828
2023,126510015,7825,3379,W79,420012900846,Ad Prima Charter School,Charter,Charter Schools,Elementary-Middle,Citywide,4,"39.984296, -75.247860",126510015-7825
2023,126510022,7909,3383,W83,420014500944,Mastery Charter School at Shoemaker,Charter,Charter Schools,Middle-High,Citywide With Criteria,3,"39.975799, -75.228437",126510022-7909
2023,126510021,7857,3384,W84,420014100897,Folk Arts-Cultural Treasures Charter School,Charter,Charter Schools,Elementary-Middle,Citywide,1,"39.95885103, -75.15551365",126510021-7857
2023,126510023,7910,3385,W85,420014400925,Mastery Charter School at Thomas Campus,Charter,Charter Schools,Elementary-Middle-High,Citywide With Criteria,2,"39.91454096, -75.16358831",126510023-7910
2023,126510019,7856,3386,W86,420013900894,Northwood Academy Charter School,Charter,Charter Schools,Elementary-Middle,Citywide With Criteria,7,"40.02015006, -75.09523811",126510019-7856
2023,185515523,7981,3388,W88,420076006107,Boys Latin of Philadelphia Charter School,Charter,Charter Schools,Middle-High,Citywide,3,"39.95172558, -75.23374851",185515523-7981
2023,182514568,7979,3389,W89,420076206103,Keystone Academy Charter School,Charter,Charter Schools,Elementary-Middle,Citywide,6,"40.021916, -75.045089",182514568-7979
2023,108515107,7960,3392,W92,420075806112,Southwest Leadership Academy Charter School,Charter,Charter Schools,Elementary-Middle,Citywide With Criteria,2,"39.918099, -75.242600",108515107-7960
2023,151514721,7961,3393,W93,420076106025,Mastery Charter School at Pickett,Charter,Charter Schools,Middle-High,Citywide With Criteria,8,"40.03187441, -75.18087124",151514721-7961
2023,173515368,7985,3394,W94,420081006871,Pan American Academy Charter School,Charter,Charter Schools,Elementary-Middle,Citywide With Criteria,7,"39.99428061, -75.13614883",173515368-7985
2023,104510394,8031,3395,W95,420081306909,Antonia Pantoja Charter School,Charter,Charter Schools,Elementary-Middle,Citywide,7,"40.01300525, -75.13136564",104510394-8031
2023,114514135,8083,3399,W99,420081606948,Sankofa Freedom Academy Charter School,Charter,Charter Schools,Elementary-Middle-High,Citywide With Criteria,1,"39.987082, -75.128641",114514135-8083
2023,147513703,8123,3403,X03,420081706985,Franklin Towne Charter Elementary School,Charter,Charter Schools,Elementary-Middle,Citywide With Criteria,6,"39.99551599, -75.07472434",147513703-8123
2023,192518422,8126,3404,X04,420082106962,Tacony Academy Charter School,Charter,Charter Schools,Elementary-Middle-High,Citywide With Criteria,10,"40.06684222, -75.06598353",192518422-8126
2023,126516457,8153,3407,X07,420082807351,Mastery Charter School at Harrity,Charter,Charter Schools,Elementary-Middle,Neighborhood,3,"39.94852458, -75.23548525",126516457-8153
2023,126519433,8152,3408,X08,420083107367,Mastery Charter School at Mann,Charter,Charter Schools,Elementary,Neighborhood,4,"39.98590147, -75.2313266",126519433-8152
2023,126517286,8151,3409,X09,420082907358,Mastery Charter School at Smedley,Charter,Charter Schools,Elementary,Neighborhood,7,"40.019786, -75.073892",126517286-8151
2023,168513758,8145,3410,X10,420083407357,Bluford Charter School,Charter,Charter Schools,Elementary,Neighborhood,4,"39.973739, -75.236020",168513758-8145
2023,126518547,8150,3412,X12,420083007365,Mastery Charter School at Douglass,Charter,Charter Schools,Elementary-Middle,Neighborhood,5,"39.98461532, -75.16846267",126518547-8150
2023,126511748,8208,3415,X15,420084007400,Mastery Charter School at Clymer,Charter,Charter Schools,Elementary,Neighborhood,5,"39.99565934, -75.15034419",126511748-8208
2023,126513734,8207,3416,X16,420085107414,Mastery Charter School at Gratz,Charter,Charter Schools,Middle-High,Neighborhood,8,"40.01453965, -75.15660685",126513734-8207
2023,126519434,8195,3417,X17,420085607402,Universal Charter School at Audenried,Charter,Charter Schools,High,Neighborhood,2,"39.933737, -75.198590",126519434-8195
2023,126513415,8196,3418,X18,420085507421,Universal Charter School at Vare,Charter,Charter Schools,Middle,Neighborhood,2,"39.925837, -75.185707",126513415-8196
2023,126519476,8206,3419,X19,420085007405,Lindley Academy Charter at Birney,Charter,Charter Schools,Elementary-Middle,Neighborhood,8,"40.02954904, -75.13883269",126519476-8206
2023,126519644,8259,3420,X20,420086207474,Mastery Charter School at Cleveland,Charter,Charter Schools,Elementary-Middle,Neighborhood,8,"40.01027824, -75.15908455",126519644-8259
2023,126517442,8251,3421,X21,420086607457,Universal Charter School at Creighton,Charter,Charter Schools,Elementary-Middle,Neighborhood,9,"40.03404277, -75.10586492",126517442-8251
2023,126515691,8252,3422,X22,420086307473,The Philadelphia Charter School for Arts and Sciences,Charter,Charter Schools,Elementary-Middle,Neighborhood,7,"40.02423246, -75.08599631",126515691-8252
2023,126519392,8257,3423,X23,420087007454,Memphis Street Academy Charter School at J.P. Jones,Charter,Charter Schools,Middle,Neighborhood,1,"39.98588986, -75.11285949",126519392-8257
2023,126512674,8287,3424,X24,420087207491,Universal Charter School at Alcorn,Charter,Charter Schools,Elementary-Middle,Neighborhood,2,"39.935499, -75.197771",126512674-8287
2023,126518795,8288,3426,X26,420087407515,Mastery Charter School at Pastorius,Charter,Charter Schools,Elementary-Middle,Neighborhood,8,"40.048208, -75.161424",126518795-8288
2023,126518118,8365,3427,X27,420088907599,Mastery Charter School at Wister,Charter,Charter Schools,Elementary,Neighborhood,8,"40.03288146, -75.16672063",126518118-8365
2023,126518004,8390,3428,X28,420089207595,Global Leadership Academy at Huey,Charter,Charter Schools,Elementary-Middle,Neighborhood,3,"39.95332691, -75.22685833",126518004-8390
2023,126515362,8499,3436,,,KIPP Octavius Catto Charter School,Charter,Charter Schools,Elementary,Citywide,3,"39.95972399631784, -75.21459105458925",126515362-8499
2023,126514059,8431,3437,X37,420090107660,KIPP North Philadelphia Charter School,Charter,Charter Schools,Elementary,Citywide,5,"39.991930, -75.158212",126514059-8431
2023,126516724,8425,3438,X38,420089907663,Deep Roots Charter School,Charter,Charter Schools,Elementary,Citywide With Criteria,6,"39.998066, -75.101664",126516724-8425
2023,126517643,8427,3439,X39,420090007662,Mastery Prep Elementary Charter School,Charter,Charter Schools,Elementary,Citywide,8,"40.013457, -75.156128",126517643-8427
2023,126513117,8360,3440,X40,420089107602,MaST Community Charter School II,Charter,Charter Schools,Elementary-High,Citywide,6,"40.017476, -75.044372",126513117-8360
2023,126511530,8359,3441,X41,420089507589,TECH Freire Charter School,Charter,Charter Schools,High,Citywide With Criteria,5,"39.986869, -75.155669",126511530-8359
2023,126512039,8361,3442,X42,420089307600,Independence Charter School West,Charter,Charter Schools,Elementary,Citywide With Criteria,3,"39.93731366, -75.22614036",126512039-8361
2023,126515492,8363,3443,X43,420088807590,KIPP West Philadelphia Charter School,Charter,Charter Schools,Elementary,Citywide,3,"39.94453199, -75.24184422",126515492-8363
2023,126511624,8453,3445,X45,420090307674,MAST III Charter School,Charter,Charter Schools,Elementary,Citywide With Criteria,10,"40.109575, -74.991671",126511624-8453
2023,126510929,8454,3446,X46,420090207673,Philadelphia Hebrew Public Charter School,Charter,Charter Schools,Elementary,Citywide,4,"40.012045, -75.184376",126510929-8454
2023,126515001,3857,4020,402,421899003857,Overbrook High School,District,SDP K12 Schools,High,Neighborhood,4,"39.981028, -75.238556",126515001-3857
2023,126515001,7023,4030,403,421899007023,High School of Engineering and Science,District,SDP K12 Schools,Middle-High,Special Admit,5,"39.98341809, -75.16127789",126515001-7023
2023,126515001,3841,4060,406,421899003841,Murrell Dobbins Career and Technical High School,District,SDP K12 Schools,High,Citywide,5,"39.9954293, -75.16679334",126515001-3841
2023,126515001,7255,4140,414,421899003839,Strawberry Mansion High School,District,SDP K12 Schools,High,Neighborhood,5,"39.99074371, -75.18402464",126515001-7255
2023,126515001,3662,4220,422,421899003662,James G. Blaine School,District,SDP K12 Schools,Elementary-Middle,Neighborhood,5,"39.98521297, -75.18293887",126515001-3662
2023,126515001,3664,4240,424,421899003664,Lewis C. Cassidy Academics Plus School,District,SDP K12 Schools,Elementary-Middle,Neighborhood,4,"39.97551874, -75.25077443",126515001-3664
2023,126515001,3786,4270,427,421899003786,William Dick School,District,SDP K12 Schools,Elementary-Middle,Neighborhood,5,"39.986730, -75.173787",126515001-3786
2023,126515001,3668,4280,428,421899003668,Samuel Gompers School,District,SDP K12 Schools,Elementary-Middle,Neighborhood,4,"39.99205763, -75.23754028",126515001-3668
2023,126515001,5187,4300,430,421899005187,Edward Heston School,District,SDP K12 Schools,Elementary-Middle,Neighborhood,3,"39.977852, -75.229727",126515001-5187
2023,126515001,3670,4320,432,421899003670,Robert E. Lamberton School,District,SDP K12 Schools,Elementary-Middle,Neighborhood,4,"39.975465, -75.266329",126515001-3670
2023,126515001,8292,4350,435,421899007517,E. Washington Rhodes School,District,SDP K12 Schools,Elementary-Middle,Neighborhood,4,"40.00275594, -75.17812979",126515001-8292
2023,126515001,8389,4360,436,421899007593,Kenderton Elementary School,District,SDP K12 Schools,Elementary-Middle,Neighborhood,8,"40.004940, -75.154241",126515001-8389
2023,126515001,7472,4370,437,421899000237,Overbrook Elementary School,District,SDP K12 Schools,Elementary-Middle,Neighborhood,4,"39.98225806, -75.24584611",126515001-7472
2023,126515001,3675,4380,438,421899003675,Thomas M. Peirce School,District,SDP K12 Schools,Elementary,Neighborhood,8,"39.998839, -75.168424",126515001-3675
2023,126515001,5292,4440,444,421899005292,Dr. Ethel Allen School,District,SDP K12 Schools,Elementary-Middle,Neighborhood,5,"39.99757697, -75.18345963",126515001-5292
2023,126515001,5040,4460,446,421899005040,Tanner G. Duckrey School,District,SDP K12 Schools,Elementary-Middle,Neighborhood,5,"39.98520302, -75.15830107",126515001-5040
2023,126515001,5188,4470,447,421899005188,Richard R. Wright School,District,SDP K12 Schools,Elementary,Neighborhood,5,"39.99043963, -75.17699812",126515001-5188
2023,126515001,6960,4480,448,421899006960,Overbrook Educational Center,District,SDP K12 Schools,Elementary-Middle,Citywide,4,"39.97429952, -75.25401239",126515001-6960
2023,126515001,3625,4530,453,421899003625,Edward Gideon School,District,SDP K12 Schools,Elementary-Middle,Neighborhood,5,"39.98447594, -75.18016456",126515001-3625
2023,126515001,3626,4560,456,421899003626,William D. Kelley School,District,SDP K12 Schools,Elementary-Middle,Neighborhood,5,"39.98039173, -75.18032689",126515001-3626
2023,126515001,3630,4570,457,421899003630,General George G. Meade School,District,SDP K12 Schools,Elementary-Middle,Neighborhood,5,"39.978587, -75.164718",126515001-3630
2023,126515001,3849,5020,502,421899003849,Thomas A. Edison High School,District,SDP K12 Schools,High,Neighborhood,7,"40.01116485, -75.12863791",126515001-3849
2023,126515001,7850,5050,505,421899000899,Philadelphia Military Academy,District,SDP K12 Schools,High,Citywide,5,"39.98470959, -75.15443401",126515001-7850
2023,126515001,3842,5060,506,421899003842,Jules E. Mastbaum Area Vocational Technical High School,District,SDP K12 Schools,High,Citywide,1,"39.99214686, -75.11213573",126515001-3842
2023,126515001,6548,5070,507,421899006548,Parkway Northwest High School,District,SDP K12 Schools,High,Special Admit,9,"40.05664074, -75.16457453",126515001-6548
2023,126515001,7782,5080,508,421899000771,Parkway Center City Middle College High School,District,SDP K12 Schools,High,Special Admit,5,"39.96300501, -75.1592865",126515001-7782
2023,126515001,7808,5090,509,421899000821,Parkway West High School,District,SDP K12 Schools,High,Special Admit,3,"39.96425379, -75.21546704",126515001-7808
2023,126515001,7070,5150,515,421899007225,William W. Bodine High School,District,SDP K12 Schools,High,Special Admit,5,"39.96793026, -75.14343443",126515001-7070
2023,126515001,8293,5160,516,421899007502,Penn Treaty High School,District,SDP K12 Schools,Middle-High,Neighborhood,5,"39.97272711, -75.12787008",126515001-8293
2023,126515001,7175,5170,517,421899007229,Julia de Burgos School,District,SDP K12 Schools,Elementary-Middle,Neighborhood,7,"39.99275164, -75.13862743",126515001-7175
2023,126515001,8440,5180,518,421899007661,Vaux High School: A Big Picture,District,SDP K12 Schools,High,Neighborhood,5,"39.976325, -75.174186",126515001-8440
2023,126515001,7256,5200,520,421899006524,Alexander Adaire School,District,SDP K12 Schools,Elementary-Middle,Neighborhood,5,"39.97232661, -75.12930989",126515001-7256
2023,126515001,3684,5210,521,421899003684,Henry A. Brown School,District,SDP K12 Schools,Elementary-Middle,Neighborhood,1,"39.98661748, -75.12725674",126515001-3684
2023,126515001,6525,5230,523,421899006525,Russell H. Conwell School,District,SDP K12 Schools,Middle,Special Admit,7,"39.99471406, -75.11527383",126515001-6525
2023,126515001,3687,5250,525,421899003687,Paul L. Dunbar School,District,SDP K12 Schools,Elementary-Middle,Neighborhood,5,"39.97948773, -75.15416974",126515001-3687
2023,126515001,3688,5260,526,421899003688,Lewis Elkin School,District,SDP K12 Schools,Elementary,Neighborhood,7,"39.997018, -75.121274",126515001-3688
2023,126515001,5120,5300,530,421899005120,Horatio B. Hackett School,District,SDP K12 Schools,Elementary,Neighborhood,1,"39.98096374, -75.12685511",126515001-5120
2023,126515001,5125,5320,532,421899005125,John F. Hartranft School,District,SDP K12 Schools,Elementary-Middle,Neighborhood,5,"39.98942228, -75.14477741",126515001-5125
2023,126515001,3693,5330,533,421899003693,William H. Hunter School,District,SDP K12 Schools,Elementary-Middle,Neighborhood,7,"39.98725028, -75.13176356",126515001-3693
2023,126515001,3694,5340,534,421899003694,James R. Ludlow School,District,SDP K12 Schools,Elementary-Middle,Neighborhood,5,"39.972724, -75.145854",126515001-3694
2023,126515001,5293,5350,535,421899005293,William McKinley School,District,SDP K12 Schools,Elementary-Middle,Neighborhood,7,"39.9827686, -75.14165528",126515001-5293
2023,126515001,3697,5370,537,421899003697,John Moffet School,District,SDP K12 Schools,Elementary,Neighborhood,7,"39.97439362, -75.13498462",126515001-3697
2023,126515001,5121,5390,539,421899005121,Potter-Thomas School,District,SDP K12 Schools,Elementary-Middle,Neighborhood,7,"39.99690701, -75.14107646",126515001-5121
2023,126515001,3701,5400,540,421899003701,Richmond School,District,SDP K12 Schools,Elementary,Neighborhood,1,"39.983496, -75.110491",126515001-3701
2023,126515001,3702,5410,541,421899003702,Isaac A. Sheppard School,District,SDP K12 Schools,Elementary,Neighborhood,7,"39.993651, -75.131630",126515001-3702
2023,126515001,3703,5420,542,421899003703,John Welsh School,District,SDP K12 Schools,Elementary-Middle,Neighborhood,7,"39.98653438, -75.13941869",126515001-3703
2023,126515001,6823,5430,543,421899006823,Alternative Middle Years at James Martin,District,SDP K12 Schools,Middle,Citywide,6,"39.98529996, -75.09718185",126515001-6823
2023,126515001,6544,5440,544,421899006544,Frances E. Willard School,District,SDP K12 Schools,Elementary,Neighborhood,1,"39.993065, -75.115907",126515001-6544
2023,126515001,5123,5470,547,421899005123,William Cramp School,District,SDP K12 Schools,Elementary,Neighborhood,7,"40.00260657, -75.13036297",126515001-5123
2023,126515001,3645,5480,548,421899003645,General Philip Kearny School,District,SDP K12 Schools,Elementary-Middle,Neighborhood,5,"39.96385753, -75.14812935",126515001-3645
2023,126515001,7404,5490,549,421899000105,Cayuga School,District,SDP K12 Schools,Elementary,Neighborhood,7,"40.017826, -75.135246",126515001-7404
2023,126515001,7521,5500,550,421899000329,Thurgood Marshall School,District,SDP K12 Schools,Elementary-Middle,Neighborhood,8,"40.02938155, -75.13416332",126515001-7521
2023,126515001,7852,5520,552,421899000901,Kensington High School for Creative and Performing Arts,District,SDP K12 Schools,High,Neighborhood,7,"39.97794956, -75.1330532",126515001-7852
2023,126515001,3800,5530,553,421899003800,Gloria Casarez Elementary School,District,SDP K12 Schools,Elementary,Neighborhood,7,"39.99974725, -75.11478572",126515001-3800
2023,126515001,7855,5550,555,421899000907,Kensington Health Sciences Academy,District,SDP K12 Schools,High,Neighborhood,1,"39.985026, -75.128685",126515001-7855
2023,126515001,3655,5560,556,421899003655,Spring Garden School,District,SDP K12 Schools,Elementary-Middle,Neighborhood,5,"39.96516155, -75.15614042",126515001-3655
2023,126515001,8507,5580,,,"Stetson, John B. Middle School",District,SDP K12 Schools,Middle,Neighborhood,7,"39.99806894, -75.12546663",126515001-8507
2023,126515001,5124,5590,559,421899005124,John H. Webster School,District,SDP K12 Schools,Elementary,Neighborhood,1,"39.996199, -75.104516",126515001-5124
2023,126515001,8332,5610,561,421899007534,Building 21,District,SDP K12 Schools,High,Citywide,9,"40.053631, -75.152481",126515001-8332
2023,126515001,8329,5620,562,421899007547,The U School,District,SDP K12 Schools,High,Citywide,5,"39.981983, -75.146256",126515001-8329
2023,126515001,8331,5660,566,421899007525,The LINC,District,SDP K12 Schools,High,Citywide,7,"40.006819, -75.129736",126515001-8331
2023,126515001,7522,5680,568,421899000331,Honorable Luis Munoz-Marin School,District,SDP K12 Schools,Elementary-Middle,Neighborhood,7,"40.00098011, -75.13538958",126515001-7522
2023,126515001,8388,5700,570,421899007598,Kensington High School,District,SDP K12 Schools,High,Neighborhood,1,"39.98483396, -75.12640188",126515001-8388
2023,126515001,3848,6010,601,421899003848,Central High School,District,SDP K12 Schools,High,Special Admit,8,"40.0372851, -75.15074825",126515001-3848
2023,126515001,3844,6030,603,421899003844,Roxborough High School,District,SDP K12 Schools,High,Neighborhood,4,"40.03802479, -75.22283357",126515001-3844
2023,126515001,3861,6040,604,421899003861,Walter B. Saul High School,District,SDP K12 Schools,High,Special Admit,4,"40.04902036, -75.21981676",126515001-3861
2023,126515001,3843,6050,605,421899003843,Philadelphia High School for Girls,District,SDP K12 Schools,High,Special Admit,8,"40.03898514, -75.14475989",126515001-3843
2023,126515001,6675,6060,606,421899006675,Martin Luther King High School,District,SDP K12 Schools,High,Neighborhood,8,"40.05756238, -75.16217184",126515001-6675
2023,126515001,7813,6090,609,421899000826,A. Philip Randolph Career and Technical High School,District,SDP K12 Schools,High,Citywide,4,"40.008504, -75.179609",126515001-7813
2023,126515001,3706,6200,620,421899003706,Anna B. Day School,District,SDP K12 Schools,Elementary-Middle,Neighborhood,8,"40.05840682, -75.16833464",126515001-3706
2023,126515001,3708,6210,621,421899003708,Franklin S. Edmonds School,District,SDP K12 Schools,Elementary-Middle,Neighborhood,9,"40.0717255, -75.1692495",126515001-3708
2023,126515001,3709,6220,622,421899003709,Eleanor C. Emlen School,District,SDP K12 Schools,Elementary,Neighborhood,8,"40.05436289, -75.17790573",126515001-3709
2023,126515001,6913,6230,623,421899006913,Fitler Academics Plus School,District,SDP K12 Schools,Elementary-Middle,Citywide,8,"40.02610052, -75.16633733",126515001-6913
2023,126515001,3712,6250,625,421899003712,Charles W. Henry School,District,SDP K12 Schools,Elementary-Middle,Neighborhood,8,"40.04625771, -75.19658776",126515001-3712
2023,126515001,3713,6260,626,421899003713,Henry H. Houston School,District,SDP K12 Schools,Elementary-Middle,Neighborhood,8,"40.059003, -75.195084",126515001-3713
2023,126515001,3714,6270,627,421899003714,Jenks Academy for Arts and Sciences,District,SDP K12 Schools,Elementary-Middle,Neighborhood,8,"40.07440887, -75.20356162",126515001-3714
2023,126515001,3718,6300,630,421899003718,James Logan School,District,SDP K12 Schools,Elementary,Neighborhood,8,"40.03085306, -75.15205995",126515001-3718
2023,126515001,3719,6310,631,421899003719,John F. McCloskey School,District,SDP K12 Schools,Elementary-Middle,Neighborhood,9,"40.08162668, -75.17533748",126515001-3719
2023,126515001,3720,6320,632,421899003720,Thomas Mifflin School,District,SDP K12 Schools,Elementary-Middle,Neighborhood,4,"40.01357043, -75.19128804",126515001-3720
2023,126515001,3722,6340,634,421899003722,Joseph Pennell School,District,SDP K12 Schools,Elementary,Neighborhood,8,"40.04351806, -75.15208663",126515001-3722
2023,126515001,6539,6350,635,421899006539,Samuel Pennypacker School,District,SDP K12 Schools,Elementary-Middle,Neighborhood,9,"40.06527032, -75.1597946",126515001-6539
2023,126515001,8296,6360,636,421899007477,Theodore Roosevelt School,District,SDP K12 Schools,Elementary-Middle,Neighborhood,8,"40.04856262, -75.17529079",126515001-8296
2023,126515001,3725,6380,638,421899003725,Shawmont School,District,SDP K12 Schools,Elementary-Middle,Neighborhood,4,"40.051478, -75.238543",126515001-3725
2023,126515001,3727,6390,639,421899003727,Edward T. Steel School,District,SDP K12 Schools,Elementary-Middle,Neighborhood,8,"40.01879502, -75.15689064",126515001-3727
2023,126515001,3728,6400,640,421899003728,Widener Memorial School,District,SDP Special Education,Elementary-Middle-High,Citywide,8,"40.036706, -75.146598",126515001-3728
2023,126515001,5122,6410,641,421899005122,Cook-Wissahickon School,District,SDP K12 Schools,Elementary-Middle,Neighborhood,4,"40.022472, -75.206802",126515001-5122
2023,126515001,3717,6440,644,421899003717,Anna L. Lingelbach School,District,SDP K12 Schools,Elementary-Middle,Neighborhood,8,"40.03708413, -75.18961364",126515001-3717
2023,126515001,3726,6450,645,421899003726,James Dobson School,District,SDP K12 Schools,Elementary-Middle,Neighborhood,4,"40.03147536, -75.23067163",126515001-3726
2023,126515001,7229,6460,646,421899003711,Hill-Freedman World Academy,District,SDP K12 Schools,Middle-High,Special Admit,8,"40.071311, -75.175303",126515001-7229
2023,126515001,5294,6470,647,421899005294,John B. Kelly School,District,SDP K12 Schools,Elementary,Neighborhood,8,"40.02479143, -75.1711868",126515001-5294
2023,126515001,7024,6480,648,421899007224,Academy for the Middle Years at Northwest,District,SDP K12 Schools,Middle,Special Admit,4,"40.03154543, -75.21317609",126515001-7024
2023,126515001,7811,6540,654,421899000824,Lankenau High School,District,SDP K12 Schools,High,Special Admit,4,"40.06153271, -75.25295594",126515001-7811
2023,126515001,3850,7010,701,421899003850,Frankford High School,District,SDP K12 Schools,High,Neighborhood,7,"40.021602, -75.084823",126515001-3850
2023,126515001,8508,7060,,,Olney High School,District,SDP K12 Schools,High,Neighborhood,8,"40.028772, -75.123808",126515001-8508
2023,126515001,7239,7100,710,421899003815,Jay Cooke School,District,SDP K12 Schools,Elementary-Middle,Neighborhood,8,"40.025526, -75.146074",126515001-7239
2023,126515001,7242,7110,711,421899003820,Warren G. Harding School,District,SDP K12 Schools,Middle,Neighborhood,7,"40.01291694, -75.07456081",126515001-7242
2023,126515001,3816,7120,712,421899003816,Samuel Fels High School,District,SDP K12 Schools,High,Neighborhood,9,"40.03564646, -75.09109404",126515001-3816
2023,126515001,3835,7130,713,421899003835,General Louis Wagner School,District,SDP K12 Schools,Middle,Neighborhood,8,"40.05174748, -75.14767962",126515001-3835
2023,126515001,7963,7150,715,421899006123,Juniata Park Academy,District,SDP K12 Schools,Elementary-Middle,Neighborhood,7,"40.01284122, -75.11102921",126515001-7963
2023,126515001,3732,7200,720,421899003732,Clara Barton School,District,SDP K12 Schools,Elementary,Neighborhood,7,"40.0193401, -75.11950188",126515001-3732
2023,126515001,7230,7220,722,421899003734,Laura H. Carnell School,District,SDP K12 Schools,Elementary,Neighborhood,9,"40.038957, -75.084142",126515001-7230
2023,126515001,3738,7260,726,421899003738,Ellwood School,District,SDP K12 Schools,Elementary,Neighborhood,9,"40.05472609, -75.13894107",126515001-3738
2023,126515001,3739,7270,727,421899003739,Thomas K. Finletter School,District,SDP K12 Schools,Elementary-Middle,Neighborhood,9,"40.043608, -75.119176",126515001-3739
2023,126515001,7231,7280,728,421899010014,Benjamin Franklin School,District,SDP K12 Schools,Elementary-Middle,Neighborhood,9,"40.04215213, -75.10498859",126515001-7231
2023,126515001,4963,7290,729,421899004963,Allen M. Stearne School,District,SDP K12 Schools,Elementary-Middle,Neighborhood,7,"40.011752, -75.085112",126515001-4963
2023,126515001,3742,7300,730,421899003742,Francis Hopkinson School,District,SDP K12 Schools,Elementary-Middle,Neighborhood,7,"40.00771059, -75.10274511",126515001-3742
2023,126515001,3751,7310,731,421899003751,Feltonville Intermediate School,District,SDP K12 Schools,Elementary,Neighborhood,7,"40.02034002, -75.12102564",126515001-3751
2023,126515001,3743,7320,732,421899003743,Julia W. Howe School,District,SDP K12 Schools,Elementary,Neighborhood,9,"40.04113187, -75.14211131",126515001-3743
2023,126515001,3744,7330,733,421899003744,Henry W. Lawton School,District,SDP K12 Schools,Elementary,Neighborhood,6,"40.020648, -75.058976",126515001-3744
2023,126515001,7232,7350,735,421899003746,James R. Lowell School,District,SDP K12 Schools,Elementary,Neighborhood,9,"40.04086578, -75.12871963",126515001-7232
2023,126515001,3797,7360,736,421899003797,John Marshall School,District,SDP K12 Schools,Elementary,Neighborhood,7,"40.014546, -75.087158",126515001-3797
2023,126515001,7663,7370,737,421899000549,"Grover Washington, Jr. School",District,SDP K12 Schools,Middle,Neighborhood,9,"40.035479, -75.117969",126515001-7663
2023,126515001,6534,7380,738,421899006534,Alexander K. McClure School,District,SDP K12 Schools,Elementary,Neighborhood,7,"40.015178, -75.137574",126515001-6534
2023,126515001,3749,7390,739,421899003749,Andrew J. Morrison School,District,SDP K12 Schools,Elementary-Middle,Neighborhood,8,"40.02843729, -75.12941126",126515001-3749
2023,126515001,3750,7400,740,421899003750,Olney School,District,SDP K12 Schools,Elementary-Middle,Neighborhood,9,"40.03058672, -75.12134354",126515001-3750
2023,126515001,3753,7430,743,421899003753,James J. Sullivan School,District,SDP K12 Schools,Elementary,Neighborhood,6,"40.01529786, -75.06706036",126515001-3753
2023,126515001,3755,7440,744,421899003755,Bayard Taylor School,District,SDP K12 Schools,Elementary,Neighborhood,7,"40.00753033, -75.13793972",126515001-3755
2023,126515001,7233,7460,746,421899003754,William H. Ziegler School,District,SDP K12 Schools,Elementary-Middle,Neighborhood,7,"40.03003725, -75.07570448",126515001-7233
2023,126515001,3745,7470,747,421899003745,Bridesburg School,District,SDP K12 Schools,Elementary-Middle,Neighborhood,6,"40.00030082, -75.06660471",126515001-3745
2023,126515001,6765,7490,749,421899006765,Prince Hall School,District,SDP K12 Schools,Elementary,Neighborhood,8,"40.04770742, -75.14956052",126515001-6765
2023,126515001,7368,7500,750,421899000054,Feltonville School of Arts and Sciences,District,SDP K12 Schools,Middle,Neighborhood,7,"40.019437, -75.121675",126515001-7368
2023,126515001,5183,7510,751,421899005183,Mary M. Bethune School,District,SDP K12 Schools,Elementary-Middle,Neighborhood,5,"40.00269526, -75.14872828",126515001-5183
2023,126515001,3724,7530,753,421899003724,William Rowen School,District,SDP K12 Schools,Elementary,Neighborhood,9,"40.05930676, -75.1486472",126515001-3724
2023,126515001,6767,7730,773,421899006767,Roberto Clemente School,District,SDP K12 Schools,Middle,Neighborhood,7,"40.006819, -75.129736",126515001-6767
2023,126515001,3845,8010,801,421899003845,Abraham Lincoln High School,District,SDP K12 Schools,High,Neighborhood,6,"40.04310838, -75.04479221",126515001-3845
2023,126515001,3855,8020,802,421899003855,Northeast High School,District,SDP K12 Schools,High,Neighborhood,10,"40.05564409, -75.07118355",126515001-3855
2023,126515001,6527,8030,803,421899006527,George Washington High School,District,SDP K12 Schools,High,Neighborhood,10,"40.10598577, -75.02723013",126515001-6527
2023,126515001,8039,8040,804,421899006904,Arts Academy at Benjamin Rush,District,SDP K12 Schools,High,Special Admit,10,"40.08253275, -74.9752061",126515001-8039
2023,126515001,7072,8090,809,421899000572,Swenson Arts and Technology High School,District,SDP K12 Schools,High,Citywide,10,"40.0921093, -75.01398863",126515001-7072
2023,126515001,7253,8120,812,421899003836,Castor Gardens Middle School,District,SDP K12 Schools,Middle,Neighborhood,9,"40.052367, -75.069086",126515001-7253
2023,126515001,8493,8130,,421899007703,Northeast Community Propel Academy,District,SDP K12 Schools,Elementary-Middle,Neighborhood,6,"40.045775289859506, -75.04413272617913",126515001-8493
2023,126515001,6824,8160,816,421899006824,Baldi School,District,SDP K12 Schools,Middle,Neighborhood,10,"40.09331609, -75.05217234",126515001-6824
2023,126515001,3758,8200,820,421899003758,Ethan Allen School,District,SDP K12 Schools,Elementary-Middle,Neighborhood,6,"40.0294252, -75.06268841",126515001-3758
2023,126515001,6529,8210,821,421899006529,Joseph H. Brown School,District,SDP K12 Schools,Elementary-Middle,Neighborhood,6,"40.04392183, -75.02460195",126515001-6529
2023,126515001,3762,8230,823,421899003762,Kennedy C. Crossan School,District,SDP K12 Schools,Elementary,Neighborhood,10,"40.06144841, -75.08155085",126515001-3762
2023,126515001,3763,8240,824,421899003763,Hamilton Disston School,District,SDP K12 Schools,Elementary-Middle,Neighborhood,6,"40.02836911, -75.04658904",126515001-3763
2023,126515001,3764,8250,825,421899003764,Edwin Forrest School,District,SDP K12 Schools,Elementary,Neighborhood,6,"40.034440, -75.035891",126515001-3764
2023,126515001,3765,8260,826,421899003765,Fox Chase School,District,SDP K12 Schools,Elementary,Neighborhood,10,"40.076307, -75.082129",126515001-3765
2023,126515001,3766,8270,827,421899003766,Thomas Holme School,District,SDP K12 Schools,Elementary-Middle,Neighborhood,6,"40.054988, -75.008965",126515001-3766
2023,126515001,3769,8300,830,421899003769,Mayfair School,District,SDP K12 Schools,Elementary-Middle,Neighborhood,6,"40.03945436, -75.05339332",126515001-3769
2023,126515001,3770,8310,831,421899003770,J. Hampton Moore School,District,SDP K12 Schools,Elementary,Neighborhood,9,"40.049135, -75.076912",126515001-3770
2023,126515001,3773,8340,834,421899003773,Solomon Solis-Cohen School,District,SDP K12 Schools,Elementary,Neighborhood,6,"40.044644, -75.064725",126515001-3773
2023,126515001,7234,8350,835,421899003774,Gilbert Spruance School,District,SDP K12 Schools,Elementary-Middle,Neighborhood,7,"40.03756142, -75.07232936",126515001-7234
2023,126515001,3771,8360,836,421899003771,Rhawnhurst School,District,SDP K12 Schools,Elementary,Neighborhood,10,"40.05869601, -75.05898166",126515001-3771
2023,126515001,3760,8370,837,421899003760,Watson Comly School,District,SDP K12 Schools,Elementary,Neighborhood,10,"40.12096486, -75.0091088",126515001-3760
2023,126515001,7235,8380,838,421899003779,Louis H. Farrell School,District,SDP K12 Schools,Elementary-Middle,Neighborhood,10,"40.06657162, -75.05241476",126515001-7235
2023,126515001,3781,8390,839,421899003781,A.L. Fitzpatrick School,District,SDP K12 Schools,Elementary-Middle,Neighborhood,10,"40.080306, -74.976529",126515001-3781
2023,126515001,3803,8400,840,421899003803,Anne Frank School,District,SDP K12 Schools,Elementary,Neighborhood,10,"40.088288, -75.028222",126515001-3803
2023,126515001,3801,8410,841,421899003801,Robert B. Pollock School,District,SDP K12 Schools,Elementary-Middle,Neighborhood,6,"40.0457222, -75.04414659999999",126515001-3801
2023,126515001,4727,8420,842,421899004727,Stephen Decatur School,District,SDP K12 Schools,Elementary-Middle,Neighborhood,10,"40.095818, -74.970535",126515001-4727
2023,126515001,4726,8430,843,421899004726,Joseph Greenberg School,District,SDP K12 Schools,Elementary-Middle,Neighborhood,10,"40.09608652, -75.05771102",126515001-4726
2023,126515001,4961,8440,844,421899004961,William H. Loesche School,District,SDP K12 Schools,Elementary,Neighborhood,10,"40.11358364, -75.02386784",126515001-4961
2023,126515001,8386,8460,846,421899007588,Philadelphia Learning Academy South,District,Alternate Schools,Transition/Overage School,Alternative,3,"39.96971371, -75.21013521",126515001-8386
2023,126515001,8385,8470,847,421899007603,Philadelphia Learning Academy North,District,Alternate Schools,Transition/Overage School,Alternative,7,"40.01425525, -75.12599679",126515001-8385
2023,126515001,8328,8560,856,421899007548,The Workshop School,District,SDP K12 Schools,High,Citywide,3,"39.95530589, -75.21855329",126515001-8328
2023,126515001,5041,8770,877,421899005041,John Hancock Demonstration School,District,SDP K12 Schools,Elementary-Middle,Neighborhood,10,"40.06774728, -74.98842793",126515001-5041
2023,126515001,8298,8780,878,421899007506,Philadelphia Virtual Academy,District,Virtual,Elementary-Middle-High,Virtual,5,"39.96102159, -75.16264405",126515001-8298
2024,126515001,3847,1010,101,,John Bartram High School,District,SDP K12 Schools,High,Catchment,2,"39.92149737, -75.23405562",126515001-3847
2024,126515001,3860,1020,102,,West Philadelphia High School,District,SDP K12 Schools,High,Catchment,3,"39.958110, -75.219654",126515001-3860
2024,126515001,7903,1030,103,,High School of the Future,District,SDP K12 Schools,High,Citywide,4,"39.97465766, -75.2047566",126515001-7903
2024,126515001,7780,1050,105,,Paul Robeson High School for Human Services,District,SDP K12 Schools,High,Citywide,3,"39.95679553, -75.20476311",126515001-7780
2024,126515001,7245,1100,110,,William L. Sayre High School,District,SDP K12 Schools,High,Catchment,3,"39.95759354, -75.23859405",126515001-7245
2024,126515001,8297,1130,113,,William T. Tilden School,District,SDP K12 Schools,Middle,Catchment,2,"39.92093619, -75.23227632",126515001-8297
2024,126515001,7815,1190,119,,Motivation High School,District,SDP K12 Schools,High,Criteria-Based,3,"39.94453199, -75.24184422",126515001-7815
2024,126515001,8029,1200,120,,John Barry School,District,SDP K12 Schools,Elementary-Middle,Catchment,4,"39.96437494, -75.23860376",126515001-8029
2024,126515001,3601,1230,123,,William C. Bryant School,District,SDP K12 Schools,Elementary-Middle,Catchment,3,"39.952687, -75.243691",126515001-3601
2024,126515001,3602,1250,125,,Joseph W. Catharine School,District,SDP K12 Schools,Elementary,Catchment,2,"39.927435, -75.239911",126515001-3602
2024,126515001,3782,1260,126,,Benjamin B. Comegys School,District,SDP K12 Schools,Elementary-Middle,Catchment,3,"39.940520, -75.216289",126515001-3782
2024,126515001,7706,1280,128,,Sadie Alexander School,District,SDP K12 Schools,Elementary-Middle,Catchment,3,"39.953099, -75.208187",126515001-7706
2024,126515001,5185,1290,129,,Andrew Hamilton School,District,SDP K12 Schools,Elementary-Middle,Catchment,3,"39.955438, -75.235543",126515001-5185
2024,126515001,6528,1300,130,,Avery D. Harrington School,District,SDP K12 Schools,Elementary-Middle,Catchment,3,"39.94736517, -75.23059508",126515001-6528
2024,126515001,6530,1340,134,,Henry C. Lea School,District,SDP K12 Schools,Elementary-Middle,Catchment,3,"39.954515, -75.216347",126515001-6530
2024,126515001,6533,1350,135,,William C. Longstreth School,District,SDP K12 Schools,Elementary-Middle,Catchment,3,"39.94090823, -75.23237316",126515001-6533
2024,126515001,3611,1360,136,,Morton McMichael School,District,SDP K12 Schools,Elementary-Middle,Catchment,3,"39.96619727, -75.19411487",126515001-3611
2024,126515001,3798,1370,137,,S. Weir Mitchell School,District,SDP K12 Schools,Elementary-Middle,Catchment,3,"39.93681427, -75.223291",126515001-3798
2024,126515001,6535,1380,138,,Thomas G. Morton School,District,SDP K12 Schools,Elementary,Catchment,2,"39.92346826, -75.22690015",126515001-6535
2024,126515001,3783,1390,139,,Samuel Powel School,District,SDP K12 Schools,Elementary,Catchment,3,"39.95796279797709, -75.19391769815562",126515001-3783
2024,126515001,3613,1400,140,,John M. Patterson School,District,SDP K12 Schools,Elementary,Catchment,2,"39.916095, -75.236762",126515001-3613
2024,126515001,3614,1410,141,,James Rhoads School,District,SDP K12 Schools,Elementary-Middle,Catchment,3,"39.967339, -75.220063",126515001-3614
2024,126515001,3615,1420,142,,Martha Washington School,District,SDP K12 Schools,Elementary-Middle,Catchment,3,"39.966206, -75.211179",126515001-3615
2024,126515001,3616,1440,144,,Penrose School,District,SDP K12 Schools,Elementary-Middle,Catchment,2,"39.90692358, -75.24865833",126515001-3616
2024,126515001,3804,1460,146,,Add B. Anderson School,District,SDP K12 Schools,Elementary-Middle,Catchment,3,"39.946726, -75.245717",126515001-3804
2024,126515001,4732,1470,147,,Alain Locke School,District,SDP K12 Schools,Elementary-Middle,Catchment,3,"39.96262376, -75.21245097",126515001-4732
2024,126515001,3663,1490,149,,Rudolph Blankenburg School,District,SDP K12 Schools,Elementary-Middle,Catchment,4,"39.97296312, -75.21388868",126515001-3663
2024,126515001,7022,1580,158,,Middle Years Alternative School,District,SDP K12 Schools,Middle,Citywide,3,"39.96425379, -75.21546704",126515001-7022
2024,126515001,3859,2000,200,,South Philadelphia High School,District,SDP K12 Schools,High,Catchment,1,"39.9238987, -75.1691065",126515001-3859
2024,126515001,3851,2010,201,,Benjamin Franklin High School,District,SDP K12 Schools,High,Catchment,5,"39.963530, -75.161640",126515001-3851
2024,126515001,6996,2020,202,,High School for Creative and Performing Arts,District,SDP K12 Schools,High,Criteria-Based,2,"39.93941992, -75.16548375",126515001-6996
2024,126515001,8387,2050,205,,Science Leadership Academy Middle School,District,SDP K12 Schools,Middle,Catchment,3,"39.95796279797709, -75.19391769815562",126515001-8387
2024,126515001,3808,2140,214,,Julia R. Masterman School,District,SDP K12 Schools,Middle-High,Criteria-Based,5,"39.96320031, -75.16620758",126515001-3808
2024,126515001,3818,2160,216,,Furness High School,District,SDP K12 Schools,High,Catchment,1,"39.923762, -75.150585",126515001-3818
2024,126515001,7226,2190,219,,D. Newlin Fell School,District,SDP K12 Schools,Elementary-Middle,Catchment,2,"39.91558638, -75.16300858",126515001-7226
2024,126515001,3618,2210,221,,Bache-Martin School,District,SDP K12 Schools,Elementary-Middle,Catchment,5,"39.96967782, -75.17384692",126515001-3618
2024,126515001,3620,2240,224,,F. Amedee Bregy School,District,SDP K12 Schools,Elementary-Middle,Catchment,2,"39.914699, -75.176674",126515001-3620
2024,126515001,3622,2260,226,,George W. Childs School,District,SDP K12 Schools,Elementary-Middle,Catchment,2,"39.934637, -75.170493",126515001-3622
2024,126515001,6822,2290,229,,Franklin Learning Center,District,SDP K12 Schools,High,Criteria-Based,5,"39.965049, -75.162753",126515001-6822
2024,126515001,3776,2320,232,,Stephen Girard School,District,SDP K12 Schools,Elementary,Catchment,2,"39.925059, -75.176611",126515001-3776
2024,126515001,3648,2340,234,,General George A. McCall School,District,SDP K12 Schools,Elementary-Middle,Catchment,1,"39.944635, -75.153180",126515001-3648
2024,126515001,3629,2370,237,,Delaplaine McDaniel School,District,SDP K12 Schools,Elementary-Middle,Catchment,2,"39.929592, -75.181793",126515001-3629
2024,126515001,3649,2380,238,,William M. Meredith School,District,SDP K12 Schools,Elementary-Middle,Catchment,1,"39.93974936, -75.15113339",126515001-3649
2024,126515001,4868,2390,239,,Robert Morris School,District,SDP K12 Schools,Elementary-Middle,Catchment,5,"39.975439, -75.178660",126515001-4868
2024,126515001,7664,2410,241,,Girard Academic Music Program,District,SDP K12 Schools,Middle-High,Criteria-Based,2,"39.92210463, -75.18256439",126515001-7664
2024,126515001,3635,2450,245,,Edwin M. Stanton School,District,SDP K12 Schools,Elementary-Middle,Catchment,2,"39.940503, -75.171017",126515001-3635
2024,126515001,5186,2470,247,,Albert M. Greenfield School,District,SDP K12 Schools,Elementary-Middle,Catchment,2,"39.95227234, -75.17739206",126515001-5186
2024,126515001,3805,2480,248,,Marian Anderson Neighborhood Academy,District,SDP K12 Schools,Elementary-Middle,Catchment,2,"39.94190083, -75.17569882",126515001-3805
2024,126515001,7225,2490,249,,Laura W. Waring School,District,SDP K12 Schools,Elementary-Middle,Catchment,5,"39.96491939, -75.1677006",126515001-7225
2024,126515001,3642,2510,251,,Fanny Jackson Coppin School,District,SDP K12 Schools,Elementary-Middle,Catchment,1,"39.934623, -75.163481",126515001-3642
2024,126515001,7227,2520,252,,Abram S. Jenks School,District,SDP K12 Schools,Elementary,Catchment,1,"39.918773, -75.168367",126515001-7227
2024,126515001,7228,2540,254,,Francis S. Key School,District,SDP K12 Schools,Elementary,Catchment,1,"39.9213857, -75.1601961",126515001-7228
2024,126515001,3647,2580,258,,Eliza B. Kirkbride School,District,SDP K12 Schools,Elementary-Middle,Catchment,1,"39.930020, -75.156466",126515001-3647
2024,126515001,3650,2590,259,,George W. Nebinger School,District,SDP K12 Schools,Elementary-Middle,Catchment,1,"39.936694, -75.153830",126515001-3650
2024,126515001,7904,2620,262,,Academy at Palumbo,District,SDP K12 Schools,High,Criteria-Based,2,"39.94019787, -75.16194915",126515001-7904
2024,126515001,3653,2630,263,,George W. Sharswood School,District,SDP K12 Schools,Elementary-Middle,Catchment,1,"39.91935714, -75.15055053",126515001-3653
2024,126515001,3654,2640,264,,Southwark School,District,SDP K12 Schools,Elementary-Middle,Catchment,1,"39.92637775, -75.16053168",126515001-3654
2024,126515001,7906,2650,265,,Science Leadership Academy,District,SDP K12 Schools,High,Criteria-Based,5,"39.963701, -75.162516",126515001-7906
2024,126515001,7905,2670,267,,Constitution High School,District,SDP K12 Schools,High,Citywide,1,"39.950252, -75.152336",126515001-7905
2024,126515001,8330,2680,268,,The Science Leadership Academy at Beeber,District,SDP K12 Schools,Middle-High,Criteria-Based,4,"39.98610221, -75.24192008",126515001-8330
2024,126515001,3657,2690,269,,John H. Taggart School,District,SDP K12 Schools,Elementary-Middle,Catchment,1,"39.91721223, -75.15452237",126515001-3657
2024,126515001,8294,2720,272,,Vare-Washington School,District,SDP K12 Schools,Elementary-Middle,Catchment,1,"39.93427949, -75.15252649",126515001-8294
2024,126512840,7510,3301,W01,,Community Academy of Philadelphia Charter School,Charter,Charter Schools,Elementary-Middle-High,Citywide,7,"40.00538049, -75.10735613",126512840-7510
2024,126512850,7511,3302,W02,,Harambee Institute of Science and Technology Charter School,Charter,Charter Schools,Elementary-Middle,Citywide,4,"39.97309111, -75.25171974",126512850-7511
2024,126512870,7513,3304,W04,,YouthBuild Philadelphia Charter School,Charter,Charter Schools,High,Citywide With Criteria,5,"39.97290649, -75.15863287",126512870-7513
2024,126513160,7575,3306,W06,,Christopher Columbus Charter School,Charter,Charter Schools,Elementary-Middle,Citywide,1,"39.93894574, -75.15824752",126513160-7575
2024,126513100,7564,3307,W07,,Eugenio Maria De Hostos Charter School,Charter,Charter Schools,Elementary-Middle,Citywide,9,"40.04655012, -75.12324994",126513100-7564
2024,126513070,7557,3308,W08,,Inquiry Charter School,Charter,Charter Schools,Elementary,Citywide,3,"39.97475234, -75.21252924",126513070-7557
2024,126512980,7542,3309,W09,,Imhotep Institute Charter High School,Charter,Charter Schools,High,Citywide,8,"40.049427, -75.154717",126512980-7542
2024,126513110,7565,3310,W10,,Laboratory Charter School of Communication and Languages,Charter,Charter Schools,Elementary-Middle,Citywide,5,"40.001404,-75.145662",126513110-7565
2024,126513000,7546,3312,W12,,Multicultural Academy Charter School,Charter,Charter Schools,High,Citywide,5,"40.01112725, -75.15073123",126513000-7546
2024,126512960,7540,3313,W13,,"Preparatory Charter School of Mathematics, Science, Technology and Careers",Charter,Charter Schools,High,Citywide,2,"39.92845355, -75.18665686",126512960-7540
2024,126513020,7548,3314,W14,,West Oak Lane Charter School,Charter,Charter Schools,Elementary-Middle,Citywide,9,"40.05936358, -75.16363798",126513020-7548
2024,126512990,7543,3315,W15,,Alliance For Progress Charter School,Charter,Charter Schools,Elementary-Middle,Citywide,5,"39.979731, -75.165471",126512990-7543
2024,126513270,7586,3318,W18,,Freire Charter School,Charter,Charter Schools,Middle-High,Citywide,5,"39.95247289, -75.17442259",126513270-7586
2024,126513230,7582,3321,W21,,"Math, Civics and Sciences Charter School",Charter,Charter Schools,Elementary-Middle-High,Citywide,1,"39.961301, -75.160970",126513230-7582
2024,126513280,7587,3322,W22,,Philadelphia Academy Charter School,Charter,Charter Schools,Elementary-Middle-High,Citywide,10,"40.10358436, -75.01109307",126513280-7587
2024,126513290,7588,3323,W23,,Mastery Charter School at Hardy Williams,Charter,Charter Schools,Elementary-Middle-High,Citywide With Criteria,3,"39.941562, -75.226447",126513290-7588
2024,126513210,7580,3326,W26,,Universal Institute Charter School,Charter,Charter Schools,Elementary-Middle,Citywide,2,"39.940931, -75.167940",126513210-7580
2024,126513150,7574,3328,W28,,"Mathematics, Science, and Technology Community Charter School (MaST)",Charter,Charter Schools,Elementary-Middle-High,Citywide,10,"40.113832, -75.005658",126513150-7574
2024,126513250,7584,3329,W29,,Young Scholars Charter School,Charter,Charter Schools,Middle,Citywide,5,"39.96734659, -75.14799661",126513250-7584
2024,126513450,7666,3331,W31,,Franklin Towne Charter High School,Charter,Charter Schools,High,Citywide With Criteria,6,"40.007337, -75.066611",126513450-7666
2024,126513480,7672,3332,W32,,Mariana Bracetti Academy Charter School,Charter,Charter Schools,Elementary-Middle-High,Citywide,1,"40.005757, -75.094146",126513480-7672
2024,126513440,7665,3333,W33,,Esperanza Academy Charter School,Charter,Charter Schools,Elementary-Middle-High,Citywide,7,"40.01478539, -75.13232396",126513440-7665
2024,126513420,7649,3334,W34,,New Foundations Charter School,Charter,Charter Schools,Elementary-Middle-High,Citywide With Criteria,6,"40.035070, -75.024187",126513420-7649
2024,126510004,7685,3335,W35,,People for People Charter School,Charter,Charter Schools,Elementary-Middle-High,Citywide,5,"39.96810141, -75.16067477",126510004-7685
2024,126513400,7647,3336,W36,,Philadelphia Performing Arts: A String Theory Charter School,Charter,Charter Schools,Elementary-Middle-High,Citywide With Criteria,2,"39.91777662, -75.17166577",126513400-7647
2024,126513380,7639,3337,W37,,Global Leadership Academy Charter School,Charter,Charter Schools,Elementary-Middle,Citywide,4,"39.97335953, -75.2154352",126513380-7639
2024,126513510,7683,3341,W41,,Independence Charter School,Charter,Charter Schools,Elementary-Middle,Citywide,2,"39.94496682, -75.16855598",126513510-7683
2024,126514864,8358,3353,W53,,KIPP DuBois Charter School,Charter,Charter Schools,High,Citywide With Criteria,4,"39.98043019, -75.22085032",126514864-8358
2024,126510006,7722,3357,W57,,West Philadelphia Achievement Charter School,Charter,Charter Schools,Elementary,Citywide,4,"39.970667, -75.254111",126510006-7722
2024,126510009,7737,3358,W58,,Philadelphia Electrical and Technology Charter School,Charter,Charter Schools,High,Citywide,5,"39.9566589, -75.1681729",126510009-7737
2024,126510008,7684,3359,W59,,Richard Allen Preparatory Charter School,Charter,Charter Schools,Middle,Citywide,3,"39.92809187, -75.21926743",126510008-7684
2024,126510001,7677,3360,W60,,Russell Byers Charter School,Charter,Charter Schools,Elementary-Middle,Citywide,5,"39.95594922, -75.17155064",126510001-7677
2024,126510002,7678,3361,W61,,Mastery Charter School at Lenfest,Charter,Charter Schools,Middle-High,Citywide With Criteria,1,"39.94950579, -75.14734776",126510002-7678
2024,126510007,7724,3362,W62,,Wissahickon Charter School,Charter,Charter Schools,Elementary-Middle,Citywide With Criteria,4,"40.01537246, -75.17405347",126510007-7724
2024,100510000,7744,3364,W64,,First Philadelphia Preparatory Charter School,Charter,Charter Schools,Elementary-Middle-High,Citywide With Criteria,7,"40.00719991, -75.08240619",100510000-7744
2024,126510005,7748,3365,W65,,Green Woods Charter School,Charter,Charter Schools,Elementary-Middle,Citywide With Criteria,4,"40.04416378, -75.23385852",126510005-7748
2024,126510014,7777,3366,W66,,Maritime Academy Charter School (MACHS),Charter,Charter Schools,Elementary-Middle-High,Citywide,6,"40.007862, -75.068318",126510014-7777
2024,126510010,7750,3368,W68,,Belmont Charter School,Charter,Charter Schools,Elementary-Middle-High,Catchment,3,"39.96696484, -75.20487093",126510010-7750
2024,126510013,7776,3370,W70,,KIPP Philadelphia Charter School,Charter,Charter Schools,Elementary-Middle,Citywide,5,"39.992038, -75.158039",126510013-7776
2024,126510011,7775,3372,W72,,Discovery Charter School,Charter,Charter Schools,Elementary-Middle,Citywide,4,"39.97770823, -75.21350485",126510011-7775
2024,126510016,7828,3378,W78,,Philadelphia Montessori Charter School,Charter,Charter Schools,Elementary,Citywide,2,"39.91656437, -75.24515327",126510016-7828
2024,126510015,7825,3379,W79,,Ad Prima Charter School,Charter,Charter Schools,Elementary-Middle,Citywide,4,"39.984296, -75.247860",126510015-7825
2024,126510022,7909,3383,W83,,Mastery Charter School at Shoemaker,Charter,Charter Schools,Middle-High,Citywide With Criteria,3,"39.975799, -75.228437",126510022-7909
2024,126510021,7857,3384,W84,,Folk Arts-Cultural Treasures Charter School,Charter,Charter Schools,Elementary-Middle,Citywide,1,"39.95885103, -75.15551365",126510021-7857
2024,126510023,7910,3385,W85,,Mastery Charter School at Thomas Campus,Charter,Charter Schools,Elementary-Middle-High,Citywide With Criteria,2,"39.91454096, -75.16358831",126510023-7910
2024,126510019,7856,3386,W86,,Northwood Academy Charter School,Charter,Charter Schools,Elementary-Middle,Citywide With Criteria,7,"40.02015006, -75.09523811",126510019-7856
2024,185515523,7981,3388,W88,,Boys Latin of Philadelphia Charter School,Charter,Charter Schools,Middle-High,Citywide,3,"39.95172558, -75.23374851",185515523-7981
2024,182514568,7979,3389,W89,,Keystone Academy Charter School,Charter,Charter Schools,Elementary-Middle,Citywide,6,"40.021916, -75.045089",182514568-7979
2024,108515107,7960,3392,W92,,Southwest Leadership Academy Charter School,Charter,Charter Schools,Elementary-Middle,Citywide With Criteria,2,"39.918099, -75.242600",108515107-7960
2024,151514721,7961,3393,W93,,Mastery Charter School at Pickett,Charter,Charter Schools,Middle-High,Citywide With Criteria,8,"40.03187441, -75.18087124",151514721-7961
2024,173515368,7985,3394,W94,,Pan American Academy Charter School,Charter,Charter Schools,Elementary-Middle,Citywide With Criteria,7,"39.99428061, -75.13614883",173515368-7985
2024,104510394,8031,3395,W95,,Antonia Pantoja Charter School,Charter,Charter Schools,Elementary-Middle,Citywide,7,"40.01300525, -75.13136564",104510394-8031
2024,114514135,8083,3399,W99,,Sankofa Freedom Academy Charter School,Charter,Charter Schools,Elementary-Middle-High,Citywide With Criteria,1,"39.987082, -75.128641",114514135-8083
2024,147513703,8123,3403,X03,,Franklin Towne Charter Elementary School,Charter,Charter Schools,Elementary-Middle,Citywide With Criteria,6,"39.99551599, -75.07472434",147513703-8123
2024,192518422,8126,3404,X04,,Tacony Academy Charter School,Charter,Charter Schools,Elementary-Middle-High,Citywide With Criteria,10,"40.06684222, -75.06598353",192518422-8126
2024,126516457,8153,3407,X07,,Mastery Charter School at Harrity,Charter,Charter Schools,Elementary-Middle,Catchment,3,"39.94852458, -75.23548525",126516457-8153
2024,126519433,8152,3408,X08,,Mastery Charter School at Mann,Charter,Charter Schools,Elementary,Catchment,4,"39.98590147, -75.2313266",126519433-8152
2024,126517286,8151,3409,X09,,Mastery Charter School at Smedley,Charter,Charter Schools,Elementary,Catchment,7,"40.019786, -75.073892",126517286-8151
2024,126518547,8150,3412,X12,,Mastery Charter School at Douglass,Charter,Charter Schools,Elementary-Middle,Catchment,5,"39.98461532, -75.16846267",126518547-8150
2024,126511748,8208,3415,X15,,Mastery Charter School at Clymer,Charter,Charter Schools,Elementary,Catchment,5,"39.99565934, -75.15034419",126511748-8208
2024,126513734,8207,3416,X16,,Mastery Charter School at Gratz,Charter,Charter Schools,Middle-High,Catchment,8,"40.01453965, -75.15660685",126513734-8207
2024,126519434,8195,3417,X17,,Universal Charter School at Audenried,Charter,Charter Schools,High,Catchment,2,"39.933737, -75.198590",126519434-8195
2024,126513415,8196,3418,X18,,Universal Charter School at Vare,Charter,Charter Schools,Middle,Catchment,2,"39.925837, -75.185707",126513415-8196
2024,126519476,8206,3419,X19,,Lindley Academy Charter at Birney,Charter,Charter Schools,Elementary-Middle,Catchment,8,"40.02954904, -75.13883269",126519476-8206
2024,126519644,8259,3420,X20,,Mastery Charter School at Cleveland,Charter,Charter Schools,Elementary-Middle,Catchment,8,"40.01027824, -75.15908455",126519644-8259
2024,126517442,8251,3421,X21,,Universal Charter School at Creighton,Charter,Charter Schools,Elementary-Middle,Catchment,9,"40.03404277, -75.10586492",126517442-8251
2024,126515691,8252,3422,X22,,The Philadelphia Charter School for Arts and Sciences,Charter,Charter Schools,Elementary-Middle,Catchment,7,"40.02423246, -75.08599631",126515691-8252
2024,126519392,8257,3423,X23,,Memphis Street Academy Charter School at J.P. Jones,Charter,Charter Schools,Middle,Catchment,1,"39.98588986, -75.11285949",126519392-8257
2024,126512674,8287,3424,X24,,Universal Charter School at Alcorn,Charter,Charter Schools,Elementary-Middle,Catchment,2,"39.935499, -75.197771",126512674-8287
2024,126518795,8288,3426,X26,,Mastery Charter School at Pastorius,Charter,Charter Schools,Elementary-Middle,Catchment,8,"40.048208, -75.161424",126518795-8288
2024,126518118,8365,3427,X27,,Mastery Charter School at Wister,Charter,Charter Schools,Elementary,Catchment,8,"40.03288146, -75.16672063",126518118-8365
2024,126518004,8390,3428,X28,,Global Leadership Academy at Huey,Charter,Charter Schools,Elementary-Middle,Catchment,3,"39.95332691, -75.22685833",126518004-8390
2024,126515362,8499,3436,,,KIPP Octavius Catto Charter School,Charter,Charter Schools,Elementary,Citywide,3,"39.95972399631784, -75.21459105458925",126515362-8499
2024,126514059,8431,3437,X37,,KIPP North Philadelphia Charter School,Charter,Charter Schools,Elementary,Citywide,5,"39.991930, -75.158212",126514059-8431
2024,126516724,8425,3438,X38,,Deep Roots Charter School,Charter,Charter Schools,Elementary,Citywide With Criteria,6,"39.998066, -75.101664",126516724-8425
2024,126517643,8427,3439,X39,,Mastery Prep Elementary Charter School,Charter,Charter Schools,Elementary,Citywide,8,"40.013457, -75.156128",126517643-8427
2024,126513117,8360,3440,X40,,MaST Community Charter School II,Charter,Charter Schools,Elementary-High,Citywide,6,"40.017476, -75.044372",126513117-8360
2024,126511530,8359,3441,X41,,TECH Freire Charter School,Charter,Charter Schools,High,Citywide With Criteria,5,"39.986869, -75.155669",126511530-8359
2024,126512039,8361,3442,X42,,Independence Charter School West,Charter,Charter Schools,Elementary-Middle,Citywide With Criteria,3,"39.93731366, -75.22614036",126512039-8361
2024,126515492,8363,3443,X43,,KIPP West Philadelphia Charter School,Charter,Charter Schools,Elementary,Citywide,3,"39.94453199, -75.24184422",126515492-8363
2024,126511624,8453,3445,X45,,MAST III Charter School,Charter,Charter Schools,Elementary,Citywide With Criteria,10,"40.109575, -74.991671",126511624-8453
2024,126510929,8454,3446,X46,,Philadelphia Hebrew Public Charter School,Charter,Charter Schools,Elementary,Citywide,4,"40.012045, -75.184376",126510929-8454
2024,126515001,3857,4020,402,,Overbrook High School,District,SDP K12 Schools,High,Catchment,4,"39.981028, -75.238556",126515001-3857
2024,126515001,7023,4030,403,,High School of Engineering and Science,District,SDP K12 Schools,Middle-High,Criteria-Based,5,"39.98341809, -75.16127789",126515001-7023
2024,126515001,3841,4060,406,,Murrell Dobbins Career and Technical High School,District,SDP K12 Schools,High,Citywide,5,"39.9954293, -75.16679334",126515001-3841
2024,126515001,7255,4140,414,,Strawberry Mansion High School,District,SDP K12 Schools,High,Catchment,5,"39.99074371, -75.18402464",126515001-7255
2024,126515001,3662,4220,422,,James G. Blaine School,District,SDP K12 Schools,Elementary-Middle,Catchment,5,"39.98521297, -75.18293887",126515001-3662
2024,126515001,3664,4240,424,,Lewis C. Cassidy Academics Plus School,District,SDP K12 Schools,Elementary-Middle,Catchment,4,"39.97551874, -75.25077443",126515001-3664
2024,126515001,3786,4270,427,,William Dick School,District,SDP K12 Schools,Elementary-Middle,Catchment,5,"39.986730, -75.173787",126515001-3786
2024,126515001,3668,4280,428,,Samuel Gompers School,District,SDP K12 Schools,Elementary-Middle,Catchment,4,"39.99205763, -75.23754028",126515001-3668
2024,126515001,5187,4300,430,,Edward Heston School,District,SDP K12 Schools,Elementary-Middle,Catchment,3,"39.977852, -75.229727",126515001-5187
2024,126515001,3670,4320,432,,Robert E. Lamberton School,District,SDP K12 Schools,Elementary-Middle,Catchment,4,"39.975465, -75.266329",126515001-3670
2024,126515001,8292,4350,435,,E. Washington Rhodes School,District,SDP K12 Schools,Elementary-Middle,Catchment,4,"40.00275594, -75.17812979",126515001-8292
2024,126515001,8389,4360,436,,Kenderton Elementary School,District,SDP K12 Schools,Elementary-Middle,Catchment,8,"40.004940, -75.154241",126515001-8389
2024,126515001,7472,4370,437,,Overbrook Elementary School,District,SDP K12 Schools,Elementary-Middle,Catchment,4,"39.98225806, -75.24584611",126515001-7472
2024,126515001,3675,4380,438,,Thomas M. Peirce School,District,SDP K12 Schools,Elementary,Catchment,8,"39.998839, -75.168424",126515001-3675
2024,126515001,5292,4440,444,,Dr. Ethel Allen School,District,SDP K12 Schools,Elementary-Middle,Catchment,5,"39.99757697, -75.18345963",126515001-5292
2024,126515001,5040,4460,446,,Tanner G. Duckrey School,District,SDP K12 Schools,Elementary-Middle,Catchment,5,"39.98520302, -75.15830107",126515001-5040
2024,126515001,5188,4470,447,,Richard R. Wright School,District,SDP K12 Schools,Elementary,Catchment,5,"39.99043963, -75.17699812",126515001-5188
2024,126515001,6960,4480,448,,Overbrook Educational Center,District,SDP K12 Schools,Elementary-Middle,Citywide,4,"39.97429952, -75.25401239",126515001-6960
2024,126515001,3625,4530,453,,Edward Gideon School,District,SDP K12 Schools,Elementary-Middle,Catchment,5,"39.98447594, -75.18016456",126515001-3625
2024,126515001,3626,4560,456,,William D. Kelley School,District,SDP K12 Schools,Elementary-Middle,Catchment,5,"39.98039173, -75.18032689",126515001-3626
2024,126515001,3630,4570,457,,General George G. Meade School,District,SDP K12 Schools,Elementary-Middle,Catchment,5,"39.978587, -75.164718",126515001-3630
2024,126515001,3849,5020,502,,Thomas A. Edison High School,District,SDP K12 Schools,High,Catchment,7,"40.01116485, -75.12863791",126515001-3849
2024,126515001,7850,5050,505,,Philadelphia Military Academy,District,SDP K12 Schools,High,Citywide,5,"39.98470959, -75.15443401",126515001-7850
2024,126515001,3842,5060,506,,Jules E. Mastbaum Area Vocational Technical High School,District,SDP K12 Schools,High,Citywide,1,"39.99214686, -75.11213573",126515001-3842
2024,126515001,6548,5070,507,,Parkway Northwest High School,District,SDP K12 Schools,High,Criteria-Based,9,"40.05664074, -75.16457453",126515001-6548
2024,126515001,7782,5080,508,,Parkway Center City Middle College High School,District,SDP K12 Schools,High,Criteria-Based,5,"39.96300501, -75.1592865",126515001-7782
2024,126515001,7808,5090,509,,Parkway West High School,District,SDP K12 Schools,High,Criteria-Based,3,"39.96425379, -75.21546704",126515001-7808
2024,126515001,7070,5150,515,,William W. Bodine High School,District,SDP K12 Schools,High,Criteria-Based,5,"39.96793026, -75.14343443",126515001-7070
2024,126515001,8293,5160,516,,Penn Treaty High School,District,SDP K12 Schools,Middle-High,Catchment,5,"39.97272711, -75.12787008",126515001-8293
2024,126515001,7175,5170,517,,Julia de Burgos School,District,SDP K12 Schools,Elementary-Middle,Catchment,7,"39.99275164, -75.13862743",126515001-7175
2024,126515001,8440,5180,518,,Vaux High School: A Big Picture,District,SDP K12 Schools,High,Catchment,5,"39.976325, -75.174186",126515001-8440
2024,126515001,7256,5200,520,,Alexander Adaire School,District,SDP K12 Schools,Elementary-Middle,Catchment,5,"39.97232661, -75.12930989",126515001-7256
2024,126515001,3684,5210,521,,Henry A. Brown School,District,SDP K12 Schools,Elementary-Middle,Catchment,1,"39.98661748, -75.12725674",126515001-3684
2024,126515001,6525,5230,523,,Russell H. Conwell School,District,SDP K12 Schools,Middle,Criteria-Based,7,"39.99471406, -75.11527383",126515001-6525
2024,126515001,3687,5250,525,,Paul L. Dunbar School,District,SDP K12 Schools,Elementary-Middle,Catchment,5,"39.97948773, -75.15416974",126515001-3687
2024,126515001,3688,5260,526,,Lewis Elkin School,District,SDP K12 Schools,Elementary,Catchment,7,"39.997018, -75.121274",126515001-3688
2024,126515001,5120,5300,530,,Horatio B. Hackett School,District,SDP K12 Schools,Elementary,Catchment,1,"39.98096374, -75.12685511",126515001-5120
2024,126515001,5125,5320,532,,John F. Hartranft School,District,SDP K12 Schools,Elementary-Middle,Catchment,5,"39.98942228, -75.14477741",126515001-5125
2024,126515001,3693,5330,533,,William H. Hunter School,District,SDP K12 Schools,Elementary-Middle,Catchment,7,"39.98725028, -75.13176356",126515001-3693
2024,126515001,3694,5340,534,,James R. Ludlow School,District,SDP K12 Schools,Elementary-Middle,Catchment,5,"39.972724, -75.145854",126515001-3694
2024,126515001,5293,5350,535,,William McKinley School,District,SDP K12 Schools,Elementary-Middle,Catchment,7,"39.9827686, -75.14165528",126515001-5293
2024,126515001,3697,5370,537,,John Moffet School,District,SDP K12 Schools,Elementary,Catchment,7,"39.97439362, -75.13498462",126515001-3697
2024,126515001,5121,5390,539,,Potter-Thomas School,District,SDP K12 Schools,Elementary-Middle,Catchment,7,"39.99690701, -75.14107646",126515001-5121
2024,126515001,3701,5400,540,,Richmond School,District,SDP K12 Schools,Elementary,Catchment,1,"39.983496, -75.110491",126515001-3701
2024,126515001,3702,5410,541,,Isaac A. Sheppard School,District,SDP K12 Schools,Elementary,Catchment,7,"39.993651, -75.131630",126515001-3702
2024,126515001,3703,5420,542,,John Welsh School,District,SDP K12 Schools,Elementary-Middle,Catchment,7,"39.98653438, -75.13941869",126515001-3703
2024,126515001,6823,5430,543,,Alternative Middle Years at James Martin,District,SDP K12 Schools,Middle,Citywide,6,"39.98529996, -75.09718185",126515001-6823
2024,126515001,6544,5440,544,,Frances E. Willard School,District,SDP K12 Schools,Elementary,Catchment,1,"39.993065, -75.115907",126515001-6544
2024,126515001,5123,5470,547,,William Cramp School,District,SDP K12 Schools,Elementary,Catchment,7,"40.00260657, -75.13036297",126515001-5123
2024,126515001,3645,5480,548,,General Philip Kearny School,District,SDP K12 Schools,Elementary-Middle,Catchment,5,"39.96385753, -75.14812935",126515001-3645
2024,126515001,7404,5490,549,,Cayuga School,District,SDP K12 Schools,Elementary,Catchment,7,"40.017826, -75.135246",126515001-7404
2024,126515001,7521,5500,550,,Thurgood Marshall School,District,SDP K12 Schools,Elementary-Middle,Catchment,8,"40.02938155, -75.13416332",126515001-7521
2024,126515001,7852,5520,552,,Kensington High School for Creative and Performing Arts,District,SDP K12 Schools,High,Catchment,7,"39.97794956, -75.1330532",126515001-7852
2024,126515001,3800,5530,553,,Gloria Casarez Elementary School,District,SDP K12 Schools,Elementary,Catchment,7,"39.99974725, -75.11478572",126515001-3800
2024,126515001,7855,5550,555,,Kensington Health Sciences Academy,District,SDP K12 Schools,High,Catchment,1,"39.985026, -75.128685",126515001-7855
2024,126515001,3655,5560,556,,Spring Garden School,District,SDP K12 Schools,Elementary-Middle,Catchment,5,"39.96516155, -75.15614042",126515001-3655
2024,126515001,8507,5580,,,"Stetson, John B. Middle School",District,SDP K12 Schools,Middle,Catchment,7,"39.99806894, -75.12546663",126515001-8507
2024,126515001,8507,5581,,,Stetson Middle School Continuation Academy,Contracted,Alternate Schools,Transition/Overage School,Alternative,7,"39.99899563872922, -75.12538317127905",126515001-8507
2024,126515001,5124,5590,559,,John H. Webster School,District,SDP K12 Schools,Elementary,Catchment,1,"39.996199, -75.104516",126515001-5124
2024,126515001,8332,5610,561,,Building 21,District,SDP K12 Schools,High,Citywide,9,"40.053631, -75.152481",126515001-8332
2024,126515001,8329,5620,562,,The U School,District,SDP K12 Schools,High,Citywide,5,"39.981983, -75.146256",126515001-8329
2024,126515001,8331,5660,566,,The LINC,District,SDP K12 Schools,High,Citywide,7,"40.006819, -75.129736",126515001-8331
2024,126515001,7522,5680,568,,Honorable Luis Munoz-Marin School,District,SDP K12 Schools,Elementary-Middle,Catchment,7,"40.00098011, -75.13538958",126515001-7522
2024,126515001,8388,5700,570,,Kensington High School,District,SDP K12 Schools,High,Catchment,1,"39.98483396, -75.12640188",126515001-8388
2024,126515001,3848,6010,601,,Central High School,District,SDP K12 Schools,High,Criteria-Based,8,"40.0372851, -75.15074825",126515001-3848
2024,126515001,3844,6030,603,,Roxborough High School,District,SDP K12 Schools,High,Catchment,4,"40.03802479, -75.22283357",126515001-3844
2024,126515001,3861,6040,604,,Walter B. Saul High School,District,SDP K12 Schools,High,Criteria-Based,4,"40.04902036, -75.21981676",126515001-3861
2024,126515001,3843,6050,605,,Philadelphia High School for Girls,District,SDP K12 Schools,High,Criteria-Based,8,"40.03898514, -75.14475989",126515001-3843
2024,126515001,6675,6060,606,,Martin Luther King High School,District,SDP K12 Schools,High,Catchment,8,"40.05756238, -75.16217184",126515001-6675
2024,126515001,7813,6090,609,,A. Philip Randolph Career and Technical High School,District,SDP K12 Schools,High,Citywide,4,"40.008504, -75.179609",126515001-7813
2024,126515001,3706,6200,620,,Anna B. Day School,District,SDP K12 Schools,Elementary-Middle,Catchment,8,"40.05840682, -75.16833464",126515001-3706
2024,126515001,3708,6210,621,,Franklin S. Edmonds School,District,SDP K12 Schools,Elementary-Middle,Catchment,9,"40.0717255, -75.1692495",126515001-3708
2024,126515001,3709,6220,622,,Eleanor C. Emlen School,District,SDP K12 Schools,Elementary,Catchment,8,"40.05436289, -75.17790573",126515001-3709
2024,126515001,6913,6230,623,,Fitler Academics Plus School,District,SDP K12 Schools,Elementary-Middle,Citywide,8,"40.02610052, -75.16633733",126515001-6913
2024,126515001,3712,6250,625,,Charles W. Henry School,District,SDP K12 Schools,Elementary-Middle,Catchment,8,"40.04625771, -75.19658776",126515001-3712
2024,126515001,3713,6260,626,,Henry H. Houston School,District,SDP K12 Schools,Elementary-Middle,Catchment,8,"40.059003, -75.195084",126515001-3713
2024,126515001,3714,6270,627,,Jenks Academy for Arts and Sciences,District,SDP K12 Schools,Elementary-Middle,Catchment,8,"40.07440887, -75.20356162",126515001-3714
2024,126515001,3718,6300,630,,James Logan School,District,SDP K12 Schools,Elementary,Catchment,8,"40.03085306, -75.15205995",126515001-3718
2024,126515001,3719,6310,631,,John F. McCloskey School,District,SDP K12 Schools,Elementary-Middle,Catchment,9,"40.08162668, -75.17533748",126515001-3719
2024,126515001,3720,6320,632,,Thomas Mifflin School,District,SDP K12 Schools,Elementary-Middle,Catchment,4,"40.01357043, -75.19128804",126515001-3720
2024,126515001,3722,6340,634,,Joseph Pennell School,District,SDP K12 Schools,Elementary,Catchment,8,"40.04351806, -75.15208663",126515001-3722
2024,126515001,6539,6350,635,,Samuel Pennypacker School,District,SDP K12 Schools,Elementary-Middle,Catchment,9,"40.06527032, -75.1597946",126515001-6539
2024,126515001,8296,6360,636,,Theodore Roosevelt School,District,SDP K12 Schools,Elementary-Middle,Catchment,8,"40.04856262, -75.17529079",126515001-8296
2024,126515001,3725,6380,638,,Shawmont School,District,SDP K12 Schools,Elementary-Middle,Catchment,4,"40.051478, -75.238543",126515001-3725
2024,126515001,3727,6390,639,,Edward T. Steel School,District,SDP K12 Schools,Elementary-Middle,Catchment,8,"40.01879502, -75.15689064",126515001-3727
2024,126515001,3728,6400,640,,Widener Memorial School,District,SDP Special Education,Elementary-Middle-High,Citywide,8,"40.036706, -75.146598",126515001-3728
2024,126515001,5122,6410,641,,Cook-Wissahickon School,District,SDP K12 Schools,Elementary-Middle,Catchment,4,"40.022472, -75.206802",126515001-5122
2024,126515001,3717,6440,644,,Anna L. Lingelbach School,District,SDP K12 Schools,Elementary-Middle,Catchment,8,"40.03708413, -75.18961364",126515001-3717
2024,126515001,3726,6450,645,,James Dobson School,District,SDP K12 Schools,Elementary-Middle,Catchment,4,"40.03147536, -75.23067163",126515001-3726
2024,126515001,7229,6460,646,,Hill-Freedman World Academy,District,SDP K12 Schools,Middle-High,Criteria-Based,8,"40.071311, -75.175303",126515001-7229
2024,126515001,5294,6470,647,,John B. Kelly School,District,SDP K12 Schools,Elementary,Catchment,8,"40.02479143, -75.1711868",126515001-5294
2024,126515001,7024,6480,648,,Academy for the Middle Years at Northwest,District,SDP K12 Schools,Middle,Criteria-Based,4,"40.03154543, -75.21317609",126515001-7024
2024,126515001,7811,6540,654,,Lankenau High School,District,SDP K12 Schools,High,Criteria-Based,4,"40.06153271, -75.25295594",126515001-7811
2024,126515001,3850,7010,701,,Frankford High School,District,SDP K12 Schools,High,Catchment,7,"40.021602, -75.084823",126515001-3850
2024,126515001,8508,7060,,,Olney High School,District,SDP K12 Schools,High,Catchment,8,"40.028772, -75.123808",126515001-8508
2024,126515001,8508,7061,,,Olney HS Continuation Academy,Contracted,Alternate Schools,Transition/Overage School,Alternative,9,"40.02911993503863, -75.12375171045558",126515001-8508
2024,126515001,7239,7100,710,,Jay Cooke School,District,SDP K12 Schools,Elementary-Middle,Catchment,8,"40.025526, -75.146074",126515001-7239
2024,126515001,7242,7110,711,,Warren G. Harding School,District,SDP K12 Schools,Middle,Catchment,7,"40.01291694, -75.07456081",126515001-7242
2024,126515001,3816,7120,712,,Samuel Fels High School,District,SDP K12 Schools,High,Catchment,9,"40.03564646, -75.09109404",126515001-3816
2024,126515001,3835,7130,713,,General Louis Wagner School,District,SDP K12 Schools,Middle,Catchment,8,"40.05174748, -75.14767962",126515001-3835
2024,126515001,7963,7150,715,,Juniata Park Academy,District,SDP K12 Schools,Elementary-Middle,Catchment,7,"40.01284122, -75.11102921",126515001-7963
2024,126515001,3732,7200,720,,Clara Barton School,District,SDP K12 Schools,Elementary,Catchment,7,"40.0193401, -75.11950188",126515001-3732
2024,126515001,7230,7220,722,,Laura H. Carnell School,District,SDP K12 Schools,Elementary,Catchment,9,"40.038957, -75.084142",126515001-7230
2024,126515001,3738,7260,726,,Ellwood School,District,SDP K12 Schools,Elementary,Catchment,9,"40.05472609, -75.13894107",126515001-3738
2024,126515001,3739,7270,727,,Thomas K. Finletter School,District,SDP K12 Schools,Elementary-Middle,Catchment,9,"40.043608, -75.119176",126515001-3739
2024,126515001,7231,7280,728,,Benjamin Franklin School,District,SDP K12 Schools,Elementary-Middle,Catchment,9,"40.04215213, -75.10498859",126515001-7231
2024,126515001,4963,7290,729,,Allen M. Stearne School,District,SDP K12 Schools,Elementary-Middle,Catchment,7,"40.011752, -75.085112",126515001-4963
2024,126515001,3742,7300,730,,Francis Hopkinson School,District,SDP K12 Schools,Elementary-Middle,Catchment,7,"40.00771059, -75.10274511",126515001-3742
2024,126515001,3751,7310,731,,Feltonville Intermediate School,District,SDP K12 Schools,Elementary,Catchment,7,"40.02034002, -75.12102564",126515001-3751
2024,126515001,3743,7320,732,,Julia W. Howe School,District,SDP K12 Schools,Elementary,Catchment,9,"40.04113187, -75.14211131",126515001-3743
2024,126515001,3744,7330,733,,Henry W. Lawton School,District,SDP K12 Schools,Elementary,Catchment,6,"40.020648, -75.058976",126515001-3744
2024,126515001,7232,7350,735,,James R. Lowell School,District,SDP K12 Schools,Elementary,Catchment,9,"40.04086578, -75.12871963",126515001-7232
2024,126515001,3797,7360,736,,John Marshall School,District,SDP K12 Schools,Elementary,Catchment,7,"40.014546, -75.087158",126515001-3797
2024,126515001,7663,7370,737,,"Grover Washington, Jr. School",District,SDP K12 Schools,Middle,Catchment,9,"40.035479, -75.117969",126515001-7663
2024,126515001,6534,7380,738,,Alexander K. McClure School,District,SDP K12 Schools,Elementary,Catchment,7,"40.015178, -75.137574",126515001-6534
2024,126515001,3749,7390,739,,Andrew J. Morrison School,District,SDP K12 Schools,Elementary-Middle,Catchment,8,"40.02843729, -75.12941126",126515001-3749
2024,126515001,3750,7400,740,,Olney School,District,SDP K12 Schools,Elementary-Middle,Catchment,9,"40.03058672, -75.12134354",126515001-3750
2024,126515001,3753,7430,743,,James J. Sullivan School,District,SDP K12 Schools,Elementary,Catchment,6,"40.01529786, -75.06706036",126515001-3753
2024,126515001,3755,7440,744,,Bayard Taylor School,District,SDP K12 Schools,Elementary,Catchment,7,"40.00753033, -75.13793972",126515001-3755
2024,126515001,7233,7460,746,,William H. Ziegler School,District,SDP K12 Schools,Elementary-Middle,Catchment,7,"40.03003725, -75.07570448",126515001-7233
2024,126515001,3745,7470,747,,Bridesburg School,District,SDP K12 Schools,Elementary-Middle,Catchment,6,"40.00030082, -75.06660471",126515001-3745
2024,126515001,6765,7490,749,,Prince Hall School,District,SDP K12 Schools,Elementary,Catchment,8,"40.04770742, -75.14956052",126515001-6765
2024,126515001,7368,7500,750,,Feltonville School of Arts and Sciences,District,SDP K12 Schools,Middle,Catchment,7,"40.019437, -75.121675",126515001-7368
2024,126515001,5183,7510,751,,Mary M. Bethune School,District,SDP K12 Schools,Elementary-Middle,Catchment,5,"40.00269526, -75.14872828",126515001-5183
2024,126515001,3724,7530,753,,William Rowen School,District,SDP K12 Schools,Elementary,Catchment,9,"40.05930676, -75.1486472",126515001-3724
2024,126515001,6767,7730,773,,Roberto Clemente School,District,SDP K12 Schools,Middle,Catchment,7,"40.006819, -75.129736",126515001-6767
2024,126515001,3845,8010,801,,Abraham Lincoln High School,District,SDP K12 Schools,High,Catchment,6,"40.04310838, -75.04479221",126515001-3845
2024,126515001,3855,8020,802,,Northeast High School,District,SDP K12 Schools,High,Catchment,10,"40.05564409, -75.07118355",126515001-3855
2024,126515001,6527,8030,803,,George Washington High School,District,SDP K12 Schools,High,Catchment,10,"40.10598577, -75.02723013",126515001-6527
2024,126515001,8039,8040,804,,Arts Academy at Benjamin Rush,District,SDP K12 Schools,High,Criteria-Based,10,"40.08253275, -74.9752061",126515001-8039
2024,126515001,7072,8090,809,,Swenson Arts and Technology High School,District,SDP K12 Schools,High,Citywide,10,"40.0921093, -75.01398863",126515001-7072
2024,126515001,7253,8120,812,,Castor Gardens Middle School,District,SDP K12 Schools,Middle,Catchment,9,"40.052367, -75.069086",126515001-7253
2024,126515001,8493,8130,,,Northeast Community Propel Academy,District,SDP K12 Schools,Elementary-Middle,Catchment,6,"40.045775289859506, -75.04413272617913",126515001-8493
2024,126515001,6824,8160,816,,Baldi School,District,SDP K12 Schools,Middle,Catchment,10,"40.09331609, -75.05217234",126515001-6824
2024,126515001,3758,8200,820,,Ethan Allen School,District,SDP K12 Schools,Elementary-Middle,Catchment,6,"40.0294252, -75.06268841",126515001-3758
2024,126515001,6529,8210,821,,Joseph H. Brown School,District,SDP K12 Schools,Elementary-Middle,Catchment,6,"40.04392183, -75.02460195",126515001-6529
2024,126515001,3762,8230,823,,Kennedy C. Crossan School,District,SDP K12 Schools,Elementary,Catchment,10,"40.06144841, -75.08155085",126515001-3762
2024,126515001,3763,8240,824,,Hamilton Disston School,District,SDP K12 Schools,Elementary-Middle,Catchment,6,"40.02836911, -75.04658904",126515001-3763
2024,126515001,3764,8250,825,,Edwin Forrest School,District,SDP K12 Schools,Elementary,Catchment,6,"40.034440, -75.035891",126515001-3764
2024,126515001,3765,8260,826,,Fox Chase School,District,SDP K12 Schools,Elementary,Catchment,10,"40.076307, -75.082129",126515001-3765
2024,126515001,3766,8270,827,,Thomas Holme School,District,SDP K12 Schools,Elementary-Middle,Catchment,6,"40.054988, -75.008965",126515001-3766
2024,126515001,3769,8300,830,,Mayfair School,District,SDP K12 Schools,Elementary-Middle,Catchment,6,"40.03945436, -75.05339332",126515001-3769
2024,126515001,3770,8310,831,,J. Hampton Moore School,District,SDP K12 Schools,Elementary,Catchment,9,"40.049135, -75.076912",126515001-3770
2024,126515001,3773,8340,834,,Solomon Solis-Cohen School,District,SDP K12 Schools,Elementary,Catchment,6,"40.044644, -75.064725",126515001-3773
2024,126515001,7234,8350,835,,Gilbert Spruance School,District,SDP K12 Schools,Elementary-Middle,Catchment,7,"40.03756142, -75.07232936",126515001-7234
2024,126515001,3771,8360,836,,Rhawnhurst School,District,SDP K12 Schools,Elementary,Catchment,10,"40.05869601, -75.05898166",126515001-3771
2024,126515001,3760,8370,837,,Watson Comly School,District,SDP K12 Schools,Elementary,Catchment,10,"40.12096486, -75.0091088",126515001-3760
2024,126515001,7235,8380,838,,Louis H. Farrell School,District,SDP K12 Schools,Elementary-Middle,Catchment,10,"40.06657162, -75.05241476",126515001-7235
2024,126515001,3781,8390,839,,A.L. Fitzpatrick School,District,SDP K12 Schools,Elementary-Middle,Catchment,10,"40.080306, -74.976529",126515001-3781
2024,126515001,3803,8400,840,,Anne Frank School,District,SDP K12 Schools,Elementary,Catchment,10,"40.088288, -75.028222",126515001-3803
2024,126515001,3801,8410,841,,Robert B. Pollock School,District,SDP K12 Schools,Elementary-Middle,Catchment,6,"40.0457222, -75.04414659999999",126515001-3801
2024,126515001,4727,8420,842,,Stephen Decatur School,District,SDP K12 Schools,Elementary-Middle,Catchment,10,"40.095818, -74.970535",126515001-4727
2024,126515001,4726,8430,843,,Joseph Greenberg School,District,SDP K12 Schools,Elementary-Middle,Catchment,10,"40.09608652, -75.05771102",126515001-4726
2024,126515001,4961,8440,844,,William H. Loesche School,District,SDP K12 Schools,Elementary,Catchment,10,"40.11358364, -75.02386784",126515001-4961
2024,126515001,8386,8460,846,,Philadelphia Learning Academy West,District,Alternate Schools,High,Alternative,3,"39.96971371, -75.21013521",126515001-8386
2024,126515001,8385,8470,847,,Philadelphia Learning Academy North,District,Alternate Schools,Middle-High,Alternative,7,"40.01425525, -75.12599679",126515001-8385
2024,126515001,8328,8560,856,,The Workshop School,District,SDP K12 Schools,High,Citywide,3,"39.95530589, -75.21855329",126515001-8328
2024,126515001,5041,8770,877,,John Hancock Demonstration School,District,SDP K12 Schools,Elementary-Middle,Catchment,10,"40.06774728, -74.98842793",126515001-5041
2024,126515001,8298,8780,878,,Philadelphia Virtual Academy,District,Virtual,Elementary-Middle-High,Virtual,5,"39.96102159, -75.16264405",126515001-8298
2025,126515001,3847,1010,101,421899003847,John Bartram High School,District,SDP K12 Schools,High,Catchment,2,"39.92149737, -75.23405562",126515001-3847
2025,126515001,3860,1020,102,421899003860,West Philadelphia High School,District,SDP K12 Schools,High,Catchment,3,"39.958110, -75.219654",126515001-3860
2025,126515001,7903,1030,103,421899000993,High School of the Future,District,SDP K12 Schools,High,Citywide,4,"39.97465766, -75.2047566",126515001-7903
2025,126515001,7780,1050,105,421899000765,Paul Robeson High School for Human Services,District,SDP K12 Schools,High,Citywide,3,"39.95679553, -75.20476311",126515001-7780
2025,126515001,7245,1100,110,421899003825,William L. Sayre High School,District,SDP K12 Schools,High,Catchment,3,"39.95759354, -75.23859405",126515001-7245
2025,126515001,8297,1130,113,421899007496,William T. Tilden Middle School,District,SDP K12 Schools,Middle,Catchment,2,"39.92093619, -75.23227632",126515001-8297
2025,126515001,7815,1190,119,421899000830,Motivation High School,District,SDP K12 Schools,High,Criteria-Based,3,"39.94453199, -75.24184422",126515001-7815
2025,126515001,8029,1200,120,421899006869,John Barry School,District,SDP K12 Schools,Elementary-Middle,Catchment,4,"39.96437494, -75.23860376",126515001-8029
2025,126515001,3601,1230,123,421899003601,William C. Bryant School,District,SDP K12 Schools,Elementary-Middle,Catchment,3,"39.952687, -75.243691",126515001-3601
2025,126515001,3602,1250,125,421899003602,Joseph W. Catharine School,District,SDP K12 Schools,Elementary,Catchment,2,"39.927435, -75.239911",126515001-3602
2025,126515001,3782,1260,126,421899003782,Benjamin B. Comegys School,District,SDP K12 Schools,Elementary-Middle,Catchment,3,"39.940520, -75.216289",126515001-3782
2025,126515001,7706,1280,128,421899000619,Sadie T.M. Alexander UPenn Partnership School,District,SDP K12 Schools,Elementary-Middle,Catchment,3,"39.953099, -75.208187",126515001-7706
2025,126515001,5185,1290,129,421899005185,Andrew Hamilton School,District,SDP K12 Schools,Elementary-Middle,Catchment,3,"39.955438, -75.235543",126515001-5185
2025,126515001,6528,1300,130,421899006528,Avery D. Harrington School,District,SDP K12 Schools,Elementary-Middle,Catchment,3,"39.94736517, -75.23059508",126515001-6528
2025,126515001,6530,1340,134,421899006530,Henry C. Lea School,District,SDP K12 Schools,Elementary-Middle,Catchment,3,"39.954515, -75.216347",126515001-6530
2025,126515001,6533,1350,135,421899006533,William C. Longstreth School,District,SDP K12 Schools,Elementary-Middle,Catchment,3,"39.94090823, -75.23237316",126515001-6533
2025,126515001,3611,1360,136,421899003611,Morton McMichael School,District,SDP K12 Schools,Elementary-Middle,Catchment,3,"39.96619727, -75.19411487",126515001-3611
2025,126515001,3798,1370,137,421899003798,S. Weir Mitchell School,District,SDP K12 Schools,Elementary-Middle,Catchment,3,"39.93681427, -75.223291",126515001-3798
2025,126515001,6535,1380,138,421899006535,Thomas G. Morton School,District,SDP K12 Schools,Elementary,Catchment,2,"39.92346826, -75.22690015",126515001-6535
2025,126515001,3783,1390,139,421899003783,Samuel Powel School,District,SDP K12 Schools,Elementary,Catchment,3,"39.95796279797709, -75.19391769815562",126515001-3783
2025,126515001,3613,1400,140,421899003613,John M. Patterson School,District,SDP K12 Schools,Elementary,Catchment,2,"39.916095, -75.236762",126515001-3613
2025,126515001,3614,1410,141,421899003614,James Rhoads School,District,SDP K12 Schools,Elementary-Middle,Catchment,3,"39.967339, -75.220063",126515001-3614
2025,126515001,3615,1420,142,421899003615,Martha Washington School,District,SDP K12 Schools,Elementary-Middle,Catchment,3,"39.966206, -75.211179",126515001-3615
2025,126515001,3616,1440,144,421899003616,Penrose School,District,SDP K12 Schools,Elementary-Middle,Catchment,2,"39.90692358, -75.24865833",126515001-3616
2025,126515001,3804,1460,146,421899003804,Add B. Anderson School,District,SDP K12 Schools,Elementary-Middle,Catchment,3,"39.946726, -75.245717",126515001-3804
2025,126515001,4732,1470,147,421899004732,Alain Locke School,District,SDP K12 Schools,Elementary-Middle,Catchment,3,"39.96262376, -75.21245097",126515001-4732
2025,126515001,3663,1490,149,421899003663,Rudolph Blankenburg School,District,SDP K12 Schools,Elementary-Middle,Catchment,3,"39.97296312, -75.21388868",126515001-3663
2025,126515001,7022,1580,158,421899007223,Middle Years Alternative School,District,SDP K12 Schools,Middle,Citywide,3,"39.96425379, -75.21546704",126515001-7022
2025,126515001,3859,2000,200,421899003859,South Philadelphia High School,District,SDP K12 Schools,High,Catchment,1,"39.9238987, -75.1691065",126515001-3859
2025,126515001,3851,2010,201,421899003851,Benjamin Franklin High School,District,SDP K12 Schools,High,Catchment,5,"39.963530, -75.161640",126515001-3851
2025,126515001,6996,2020,202,421899006996,High School for Creative and Performing Arts,District,SDP K12 Schools,High,Criteria-Based,2,"39.93941992, -75.16548375",126515001-6996
2025,126515001,8387,2050,205,421899007592,Science Leadership Academy Middle School,District,SDP K12 Schools,Middle,Catchment,3,"39.95796279797709, -75.19391769815562",126515001-8387
2025,126515001,3808,2140,214,421899003808,Julia R. Masterman High School,District,SDP K12 Schools,Middle-High,Criteria-Based,5,"39.96320031, -75.16620758",126515001-3808
2025,126515001,3818,2160,216,421899003818,Horace Furness High School,District,SDP K12 Schools,High,Catchment,1,"39.923762, -75.150585",126515001-3818
2025,126515001,7226,2190,219,421899003639,D. Newlin Fell School,District,SDP K12 Schools,Elementary-Middle,Catchment,1,"39.91558638, -75.16300858",126515001-7226
2025,126515001,3618,2210,221,421899003618,Bache-Martin School,District,SDP K12 Schools,Elementary-Middle,Catchment,5,"39.96967782, -75.17384692",126515001-3618
2025,126515001,3620,2240,224,421899003620,F. Amedee Bregy School,District,SDP K12 Schools,Elementary-Middle,Catchment,2,"39.914699, -75.176674",126515001-3620
2025,126515001,3622,2260,226,421899003622,George W. Childs School,District,SDP K12 Schools,Elementary-Middle,Catchment,2,"39.934637, -75.170493",126515001-3622
2025,126515001,6822,2290,229,421899006822,Franklin Learning Center,District,SDP K12 Schools,High,Criteria-Based,5,"39.965049, -75.162753",126515001-6822
2025,126515001,3776,2320,232,421899003776,Stephen Girard School,District,SDP K12 Schools,Elementary,Catchment,2,"39.925059, -75.176611",126515001-3776
2025,126515001,3648,2340,234,421899003648,General George A. McCall School,District,SDP K12 Schools,Elementary-Middle,Catchment,1,"39.944635, -75.153180",126515001-3648
2025,126515001,3629,2370,237,421899003629,Delaplaine McDaniel School,District,SDP K12 Schools,Elementary-Middle,Catchment,2,"39.929592, -75.181793",126515001-3629
2025,126515001,3649,2380,238,421899003649,William M. Meredith School,District,SDP K12 Schools,Elementary-Middle,Catchment,1,"39.93974936, -75.15113339",126515001-3649
2025,126515001,4868,2390,239,421899004868,Robert Morris School,District,SDP K12 Schools,Elementary-Middle,Catchment,5,"39.975439, -75.178660",126515001-4868
2025,126515001,7664,2410,241,421899000551,Girard Academic Music Program High School,District,SDP K12 Schools,Middle-High,Criteria-Based,2,"39.92210463, -75.18256439",126515001-7664
2025,126515001,3635,2450,245,421899003635,Edwin M. Stanton School,District,SDP K12 Schools,Elementary-Middle,Catchment,2,"39.940503, -75.171017",126515001-3635
2025,126515001,5186,2470,247,421899005186,Albert M. Greenfield School,District,SDP K12 Schools,Elementary-Middle,Catchment,2,"39.95227234, -75.17739206",126515001-5186
2025,126515001,3805,2480,248,421899003805,Marian Anderson Neighborhood Academy,District,SDP K12 Schools,Elementary-Middle,Catchment,2,"39.94190083, -75.17569882",126515001-3805
2025,126515001,7225,2490,249,421899003636,Laura W. Waring School,District,SDP K12 Schools,Elementary-Middle,Catchment,5,"39.96491939, -75.1677006",126515001-7225
2025,126515001,3642,2510,251,421899003642,Fanny Jackson Coppin School,District,SDP K12 Schools,Elementary-Middle,Catchment,1,"39.934623, -75.163481",126515001-3642
2025,126515001,7227,2520,252,421899003644,Abram S. Jenks School,District,SDP K12 Schools,Elementary,Catchment,1,"39.918773, -75.168367",126515001-7227
2025,126515001,7228,2540,254,421899003646,Francis S. Key School,District,SDP K12 Schools,Elementary,Catchment,1,"39.9213857, -75.1601961",126515001-7228
2025,126515001,3647,2580,258,421899003647,Eliza B. Kirkbride School,District,SDP K12 Schools,Elementary-Middle,Catchment,1,"39.930020, -75.156466",126515001-3647
2025,126515001,3650,2590,259,421899003650,George W. Nebinger School,District,SDP K12 Schools,Elementary-Middle,Catchment,1,"39.936694, -75.153830",126515001-3650
2025,126515001,7904,2620,262,421899000962,Academy at Palumbo,District,SDP K12 Schools,High,Criteria-Based,2,"39.94019787, -75.16194915",126515001-7904
2025,126515001,3653,2630,263,421899003653,George W. Sharswood School,District,SDP K12 Schools,Elementary-Middle,Catchment,1,"39.91935714, -75.15055053",126515001-3653
2025,126515001,3654,2640,264,421899003654,Southwark School,District,SDP K12 Schools,Elementary-Middle,Catchment,1,"39.92637775, -75.16053168",126515001-3654
2025,126515001,7906,2650,265,421899000923,Science Leadership Academy High School,District,SDP K12 Schools,High,Criteria-Based,5,"39.963701, -75.162516",126515001-7906
2025,126515001,7905,2670,267,421899001010,Constitution High School,District,SDP K12 Schools,High,Citywide,1,"39.950252, -75.152336",126515001-7905
2025,126515001,8330,2680,268,421899007524,The Science Leadership Academy at Beeber High School,District,SDP K12 Schools,Middle-High,Criteria-Based,4,"39.98610221, -75.24192008",126515001-8330
2025,126515001,3657,2690,269,421899003657,John H. Taggart School,District,SDP K12 Schools,Elementary-Middle,Catchment,1,"39.91721223, -75.15452237",126515001-3657
2025,126515001,8294,2720,272,421899007511,Vare-Washington School,District,SDP K12 Schools,Elementary-Middle,Catchment,1,"39.93427949, -75.15252649",126515001-8294
2025,126512840,7510,3301,W01,420001300318,Community Academy of Philadelphia Charter School,Charter,Charter Schools,Elementary-Middle-High,Citywide,7,"40.00538049, -75.10735613",126512840-7510
2025,126512850,7511,3302,W02,420001400319,Harambee Institute of Science and Technology Charter School,Charter,Charter Schools,Elementary-Middle,Citywide,4,"39.97309111, -75.25171974",126512850-7511
2025,126512870,7513,3304,W04,420001600324,YouthBuild Philadelphia Charter School,Charter,Charter Schools,High,Citywide With Criteria,5,"39.97290649, -75.15863287",126512870-7513
2025,126513160,7575,3306,W06,420005200489,Christopher Columbus Charter School,Charter,Charter Schools,Elementary-Middle,Citywide,1,"39.93894574, -75.15824752",126513160-7575
2025,126513100,7564,3307,W07,420004300405,Eugenio Maria De Hostos Charter School,Charter,Charter Schools,Elementary-Middle,Citywide,9,"40.04655012, -75.12324994",126513100-7564
2025,126513070,7557,3308,W08,420004200404,Inquiry Charter School,Charter,Charter Schools,Elementary,Citywide,3,"39.97475234, -75.21252924",126513070-7557
2025,126512980,7542,3309,W09,420003800393,Imhotep Institute Charter High School,Charter,Charter Schools,High,Citywide,8,"40.049427, -75.154717",126512980-7542
2025,126513110,7565,3310,W10,420004400406,Laboratory Charter School of Communication and Languages,Charter,Charter Schools,Elementary-Middle,Citywide,5,"40.001404,-75.145662",126513110-7565
2025,126513000,7546,3312,W12,420004000399,Multicultural Academy Charter School,Charter,Charter Schools,High,Citywide,5,"40.01112725, -75.15073123",126513000-7546
2025,126512960,7540,3313,W13,420003600391,"Preparatory Charter School of Mathematics, Science, Technology and Careers",Charter,Charter Schools,High,Citywide,2,"39.92845355, -75.18665686",126512960-7540
2025,126513020,7548,3314,W14,420004100403,West Oak Lane Charter School,Charter,Charter Schools,Elementary-Middle,Citywide,9,"40.05936358, -75.16363798",126513020-7548
2025,126512990,7543,3315,W15,420003900398,Alliance For Progress Charter School,Charter,Charter Schools,Elementary-Middle,Citywide,5,"39.979731, -75.165471",126512990-7543
2025,126513270,7586,3318,W18,420006000502,Freire Charter School,Charter,Charter Schools,Middle-High,Citywide,5,"39.95247289, -75.17442259",126513270-7586
2025,126513280,7587,3322,W22,420006100503,Philadelphia Academy Charter School,Charter,Charter Schools,Elementary-Middle-High,Citywide,10,"40.10358436, -75.01109307",126513280-7587
2025,126513290,7588,3323,W23,420006200504,Mastery Charter School at Hardy Williams,Charter,Charter Schools,Elementary-Middle-High,Citywide With Criteria,3,"39.941562, -75.226447",126513290-7588
2025,126513210,7580,3326,W26,420005500495,Universal Institute Charter School,Charter,Charter Schools,Elementary-Middle,Citywide,2,"39.940931, -75.167940",126513210-7580
2025,126513150,7574,3328,W28,420005100488,"Mathematics, Science, and Technology Community Charter School (MaST)",Charter,Charter Schools,Elementary-Middle-High,Citywide,10,"40.113832, -75.005658",126513150-7574
2025,126513250,7584,3329,W29,420005800500,Young Scholars Charter School,Charter,Charter Schools,Middle,Citywide,5,"39.96734659, -75.14799661",126513250-7584
2025,126513450,7666,3331,W31,420007700554,Franklin Towne Charter High School,Charter,Charter Schools,High,Citywide With Criteria,6,"40.007337, -75.066611",126513450-7666
2025,126513480,7672,3332,W32,420007900564,Mariana Bracetti Academy Charter School,Charter,Charter Schools,Elementary-Middle-High,Citywide,6,"40.005757, -75.094146",126513480-7672
2025,126513440,7665,3333,W33,420007600552,Esperanza Academy Charter School,Charter,Charter Schools,Elementary-Middle-High,Citywide,7,"40.01478539, -75.13232396",126513440-7665
2025,126513420,7649,3334,W34,420007500531,New Foundations Charter School,Charter,Charter Schools,Elementary-Middle-High,Citywide With Criteria,6,"40.035070, -75.024187",126513420-7649
2025,126510004,7685,3335,W35,420008500586,People for People Charter School,Charter,Charter Schools,Elementary-Middle-High,Citywide,5,"39.96810141, -75.16067477",126510004-7685
2025,126513400,7647,3336,W36,420007400529,Philadelphia Performing Arts Charter School,Charter,Charter Schools,Elementary-Middle-High,Citywide With Criteria,2,"39.91777662, -75.17166577",126513400-7647
2025,126513380,7639,3337,W37,420007300515,Global Leadership Academy Charter School,Charter,Charter Schools,Elementary-Middle,Citywide,4,"39.97335953, -75.2154352",126513380-7639
2025,126513510,7683,3341,W41,420008700584,Independence Charter School,Charter,Charter Schools,Elementary-Middle,Citywide,2,"39.94496682, -75.16855598",126513510-7683
2025,126514864,8358,3353,W53,420088607568,KIPP DuBois Charter School,Charter,Charter Schools,High,Citywide With Criteria,4,"39.98043019, -75.22085032",126514864-8358
2025,126510006,7722,3357,W57,420010500657,West Philadelphia Achievement Charter School,Charter,Charter Schools,Elementary,Citywide,4,"39.970667, -75.254111",126510006-7722
2025,126510009,7737,3358,W58,420010700678,Philadelphia Electrical and Technology Charter High School,Charter,Charter Schools,High,Citywide,5,"39.9566589, -75.1681729",126510009-7737
2025,126510008,7684,3359,W59,420008600585,Richard Allen Preparatory Charter School,Charter,Charter Schools,Middle,Citywide,3,"39.92809187, -75.21926743",126510008-7684
2025,126510001,7677,3360,W60,420009200577,Russell Byers Charter School,Charter,Charter Schools,Elementary-Middle,Citywide,5,"39.95594922, -75.17155064",126510001-7677
2025,126510002,7678,3361,W61,420008400578,Mastery Charter High School,Charter,Charter Schools,Middle-High,Citywide With Criteria,1,"39.94950579, -75.14734776",126510002-7678
2025,126510007,7724,3362,W62,420010600659,Wissahickon Charter School,Charter,Charter Schools,Elementary-Middle,Citywide With Criteria,4,"40.01537246, -75.17405347",126510007-7724
2025,100510000,7744,3364,W64,420009300687,First Philadelphia Preparatory Charter School,Charter,Charter Schools,Elementary-Middle-High,Citywide With Criteria,7,"40.00719991, -75.08240619",100510000-7744
2025,126510005,7748,3365,W65,420010400690,Green Woods Charter School,Charter,Charter Schools,Elementary-Middle,Citywide With Criteria,4,"40.04416378, -75.23385852",126510005-7748
2025,126510014,7777,3366,W66,420012300759,Maritime Academy Charter School,Charter,Charter Schools,Elementary-Middle-High,Citywide,6,"40.007862, -75.068318",126510014-7777
2025,126510010,7750,3368,W68,420010800692,Belmont Elementary Charter School,Charter,Charter Schools,Elementary-Middle-High,Catchment,3,"39.96696484, -75.20487093",126510010-7750
2025,126510013,7776,3370,W70,420012200758,KIPP Philadelphia Charter School,Charter,Charter Schools,Elementary-Middle,Citywide,5,"39.992038, -75.158039",126510013-7776
2025,126510011,7775,3372,W72,420012100757,The Jacquelyn Y. Kelley Discovery Charter School,Charter,Charter Schools,Elementary-Middle,Citywide,4,"39.97770823, -75.21350485",126510011-7775
2025,126510016,7828,3378,W78,420013000849,Philadelphia Montessori Charter School,Charter,Charter Schools,Elementary,Citywide,2,"39.91656437, -75.24515327",126510016-7828
2025,126510015,7825,3379,W79,420012900846,Ad Prima Charter School,Charter,Charter Schools,Elementary-Middle,Citywide,4,"39.984296, -75.247860",126510015-7825
2025,126510022,7909,3383,W83,420014500944,Mastery Charter School at Shoemaker,Charter,Charter Schools,Middle-High,Citywide With Criteria,4,"39.975799, -75.228437",126510022-7909
2025,126510021,7857,3384,W84,420014100897,Folk Arts-Cultural Treasures Charter School,Charter,Charter Schools,Elementary-Middle,Citywide,1,"39.95885103, -75.15551365",126510021-7857
2025,126510023,7910,3385,W85,420014400925,Mastery Charter School at Thomas Campus,Charter,Charter Schools,Elementary-Middle-High,Citywide With Criteria,1,"39.91454096, -75.16358831",126510023-7910
2025,126510019,7856,3386,W86,420013900894,Northwood Academy Charter School,Charter,Charter Schools,Elementary-Middle,Citywide With Criteria,7,"40.02015006, -75.09523811",126510019-7856
2025,185515523,7981,3388,W88,420076006107,Boys' Latin of Philadelphia Charter School,Charter,Charter Schools,Middle-High,Citywide,3,"39.95172558, -75.23374851",185515523-7981
2025,185515523,7981,3388,W88,420076006107,Boys Latin of Philadelphia Charter School,Charter,Charter Schools,Middle-High,Citywide,3,"39.95172558, -75.23374851",185515523-7981
2025,182514568,7979,3389,W89,420076206103,Keystone Academy Charter School,Charter,Charter Schools,Elementary-Middle,Citywide,6,"40.021916, -75.045089",182514568-7979
2025,108515107,7960,3392,W92,420075806112,Southwest Leadership Academy Charter School,Charter,Charter Schools,Elementary-Middle,Citywide With Criteria,2,"39.918099, -75.242600",108515107-7960
2025,151514721,7961,3393,W93,420076106025,Mastery Charter School at Pickett,Charter,Charter Schools,Middle-High,Citywide With Criteria,8,"40.03187441, -75.18087124",151514721-7961
2025,173515368,7985,3394,W94,420081006871,Pan American Academy Charter School,Charter,Charter Schools,Elementary-Middle,Citywide With Criteria,7,"39.99428061, -75.13614883",173515368-7985
2025,104510394,8031,3395,W95,420081306909,Antonia Pantoja Charter School,Charter,Charter Schools,Elementary-Middle,Citywide,7,"40.01300525, -75.13136564",104510394-8031
2025,114514135,8083,3399,W99,420081606948,Sankofa Freedom Academy Charter School,Charter,Charter Schools,Elementary-Middle-High,Citywide With Criteria,1,"39.987082, -75.128641",114514135-8083
2025,147513703,8123,3403,X03,420081706985,Franklin Towne Charter Elementary School,Charter,Charter Schools,Elementary-Middle,Citywide With Criteria,6,"39.99551599, -75.07472434",147513703-8123
2025,192518422,8126,3404,X04,420082106962,Tacony Academy Charter School,Charter,Charter Schools,Elementary-Middle-High,Citywide With Criteria,10,"40.06684222, -75.06598353",192518422-8126
2025,126516457,8153,3407,X07,420082807351,Mastery Charter School at Harrity,Charter,Charter Schools,Elementary-Middle,Catchment,3,"39.94852458, -75.23548525",126516457-8153
2025,126519433,8152,3408,X08,420083107367,Mastery Charter School at Mann,Charter,Charter Schools,Elementary,Catchment,4,"39.98590147, -75.2313266",126519433-8152
2025,126517286,8151,3409,X09,420082907358,Mastery Charter School at Smedley,Charter,Charter Schools,Elementary,Catchment,7,"40.019786, -75.073892",126517286-8151
2025,126518547,8150,3412,X12,420083007365,Mastery Charter School at Douglass,Charter,Charter Schools,Elementary-Middle,Catchment,5,"39.98461532, -75.16846267",126518547-8150
2025,126511748,8208,3415,X15,420084007400,Mastery Charter School at Clymer,Charter,Charter Schools,Elementary,Catchment,5,"39.99565934, -75.15034419",126511748-8208
2025,126513734,8207,3416,X16,420085107414,Mastery Charter School at Gratz,Charter,Charter Schools,Middle-High,Catchment,8,"40.01453965, -75.15660685",126513734-8207
2025,126519434,8195,3417,X17,420085607402,Universal Charter School at Audenried,Charter,Charter Schools,High,Catchment,2,"39.933737, -75.198590",126519434-8195
2025,126513415,8196,3418,X18,420085507421,Universal Charter School at Vare,Charter,Charter Schools,Middle,Catchment,2,"39.925837, -75.185707",126513415-8196
2025,126519476,8206,3419,X19,420085007405,General David B. Birney Charter School,Charter,Charter Schools,Elementary-Middle,Catchment,8,"40.02954904, -75.13883269",126519476-8206
2025,126517442,8251,3421,X21,420086607457,Universal Charter School at Creighton,Charter,Charter Schools,Elementary-Middle,Catchment,9,"40.03404277, -75.10586492",126517442-8251
2025,126515691,8252,3422,X22,420086307473,The Philadelphia Charter School for Arts and Sciences,Charter,Charter Schools,Elementary-Middle,Catchment,7,"40.02423246, -75.08599631",126515691-8252
2025,126519392,8257,3423,X23,420087007454,Memphis Street Academy Charter School at J.P. Jones,Charter,Charter Schools,Middle,Catchment,1,"39.98588986, -75.11285949",126519392-8257
2025,126512674,8287,3424,X24,420087207491,Universal Charter School at Alcorn,Charter,Charter Schools,Elementary-Middle,Catchment,2,"39.935499, -75.197771",126512674-8287
2025,126518118,8365,3427,X27,420088907599,Mastery Charter School at Wister,Charter,Charter Schools,Elementary,Catchment,8,"40.03288146, -75.16672063",126518118-8365
2025,126518004,8390,3428,X28,420089207595,Global Leadership Academy Charter School Southwest at Huey,Charter,Charter Schools,Elementary-Middle,Catchment,3,"39.95332691, -75.22685833",126518004-8390
2025,126515362,8499,3436,,428939510030,KIPP Octavius Catto Charter School,Charter,Charter Schools,Elementary,Citywide,3,"39.95972399631784, -75.21459105458925",126515362-8499
2025,126514059,8431,3437,X37,420090107660,KIPP North Philadelphia Charter School,Charter,Charter Schools,Elementary,Citywide,5,"39.991930, -75.158212",126514059-8431
2025,126516724,8425,3438,X38,420089907663,Deep Roots Charter School,Charter,Charter Schools,Elementary,Citywide With Criteria,6,"39.998066, -75.101664",126516724-8425
2025,126517643,8427,3439,X39,420090007662,Mastery Prep Elementary Charter School,Charter,Charter Schools,Elementary,Citywide,8,"40.013457, -75.156128",126517643-8427
2025,126513117,8360,3440,X40,420089107602,MaST Community Charter School II,Charter,Charter Schools,Elementary-High,Citywide,6,"40.017476, -75.044372",126513117-8360
2025,126511530,8359,3441,X41,420089507589,TECH Freire Charter School,Charter,Charter Schools,High,Citywide With Criteria,5,"39.986869, -75.155669",126511530-8359
2025,126512039,8361,3442,X42,420089307600,Independence Charter School West,Charter,Charter Schools,Elementary-Middle,Citywide With Criteria,3,"39.93731366, -75.22614036",126512039-8361
2025,126515492,8363,3443,X43,420088807590,KIPP West Philadelphia Charter School,Charter,Charter Schools,Elementary,Citywide,3,"39.94453199, -75.24184422",126515492-8363
2025,126511624,8453,3445,X45,420090307674,MAST Community Charter School III,Charter,Charter Schools,Elementary,Citywide With Criteria,10,"40.109575, -74.991671",126511624-8453
2025,126510929,8454,3446,X46,420090207673,Philadelphia Hebrew Public Charter School,Charter,Charter Schools,Elementary,Citywide,4,"40.012045, -75.184376",126510929-8454
2025,126515001,3857,4020,402,421899003857,Overbrook High School,District,SDP K12 Schools,High,Catchment,4,"39.981028, -75.238556",126515001-3857
2025,126515001,7023,4030,403,421899007023,Carver High School of Engineering and Science,District,SDP K12 Schools,Middle-High,Criteria-Based,5,"39.98341809, -75.16127789",126515001-7023
2025,126515001,3841,4060,406,421899003841,Murrell Dobbins Career and Technical Education High School,District,SDP K12 Schools,High,Citywide,5,"39.9954293, -75.16679334",126515001-3841
2025,126515001,7255,4140,414,421899003839,Strawberry Mansion High School,District,SDP K12 Schools,High,Catchment,5,"39.99074371, -75.18402464",126515001-7255
2025,126515001,3662,4220,422,421899003662,James G. Blaine School,District,SDP K12 Schools,Elementary-Middle,Catchment,5,"39.98521297, -75.18293887",126515001-3662
2025,126515001,3664,4240,424,421899003664,Lewis C. Cassidy Academics Plus School,District,SDP K12 Schools,Elementary-Middle,Catchment,4,"39.97551874, -75.25077443",126515001-3664
2025,126515001,3786,4270,427,421899003786,William Dick School,District,SDP K12 Schools,Elementary-Middle,Catchment,5,"39.986730, -75.173787",126515001-3786
2025,126515001,3668,4280,428,421899003668,Samuel Gompers School,District,SDP K12 Schools,Elementary-Middle,Catchment,4,"39.99205763, -75.23754028",126515001-3668
2025,126515001,5187,4300,430,421899005187,Edward Heston School,District,SDP K12 Schools,Elementary-Middle,Catchment,4,"39.977852, -75.229727",126515001-5187
2025,126515001,3670,4320,432,421899003670,Robert E. Lamberton School,District,SDP K12 Schools,Elementary-Middle,Catchment,4,"39.975465, -75.266329",126515001-3670
2025,126515001,8292,4350,435,421899007517,E. Washington Rhodes School,District,SDP K12 Schools,Elementary-Middle,Catchment,4,"40.00275594, -75.17812979",126515001-8292
2025,126515001,8389,4360,436,421899007593,Kenderton Elementary School,District,SDP K12 Schools,Elementary-Middle,Catchment,8,"40.004940, -75.154241",126515001-8389
2025,126515001,7472,4370,437,421899000237,Overbrook Elementary School,District,SDP K12 Schools,Elementary-Middle,Catchment,4,"39.98225806, -75.24584611",126515001-7472
2025,126515001,3675,4380,438,421899003675,Thomas M. Peirce School,District,SDP K12 Schools,Elementary,Catchment,8,"39.998839, -75.168424",126515001-3675
2025,126515001,5292,4440,444,421899005292,Dr. Ethel Allen School,District,SDP K12 Schools,Elementary-Middle,Catchment,5,"39.99757697, -75.18345963",126515001-5292
2025,126515001,5040,4460,446,421899005040,Tanner G. Duckrey School,District,SDP K12 Schools,Elementary-Middle,Catchment,5,"39.98520302, -75.15830107",126515001-5040
2025,126515001,5188,4470,447,421899005188,Richard R. Wright School,District,SDP K12 Schools,Elementary,Catchment,5,"39.99043963, -75.17699812",126515001-5188
2025,126515001,6960,4480,448,421899006960,Overbrook Educational Center,District,SDP K12 Schools,Elementary-Middle,Citywide,4,"39.97429952, -75.25401239",126515001-6960
2025,126515001,8515,4520,,421899010043,Guion S. Bluford School,District,SDP K12 Schools,Elementary-Middle,Catchment,4,"39.97381132178622, -75.23583172582438",126515001-8515
2025,126515001,3625,4530,453,421899003625,Edward Gideon School,District,SDP K12 Schools,Elementary-Middle,Catchment,5,"39.98447594, -75.18016456",126515001-3625
2025,126515001,3626,4560,456,421899003626,William D. Kelley School,District,SDP K12 Schools,Elementary-Middle,Catchment,5,"39.98039173, -75.18032689",126515001-3626
2025,126515001,3630,4570,457,421899003630,General George G. Meade School,District,SDP K12 Schools,Elementary-Middle,Catchment,5,"39.978587, -75.164718",126515001-3630
2025,126515001,3849,5020,502,421899003849,Thomas A. Edison High School,District,SDP K12 Schools,High,Catchment,7,"40.01116485, -75.12863791",126515001-3849
2025,126515001,7850,5050,505,421899000899,Philadelphia Military Academy,District,SDP K12 Schools,High,Citywide,5,"39.98470959, -75.15443401",126515001-7850
2025,126515001,3842,5060,506,421899003842,Jules E. Mastbaum Area Vocational Technical High School,District,SDP K12 Schools,High,Citywide,1,"39.99214686, -75.11213573",126515001-3842
2025,126515001,6548,5070,507,421899006548,Parkway Northwest High School,District,SDP K12 Schools,High,Criteria-Based,8,"40.05664074, -75.16457453",126515001-6548
2025,126515001,7782,5080,508,421899000771,Parkway Center City Middle College High School,District,SDP K12 Schools,High,Criteria-Based,5,"39.96300501, -75.1592865",126515001-7782
2025,126515001,7808,5090,509,421899000821,Parkway West High School,District,SDP K12 Schools,High,Criteria-Based,3,"39.96425379, -75.21546704",126515001-7808
2025,126515001,7070,5150,515,421899007225,William W. Bodine School,District,SDP K12 Schools,High,Criteria-Based,1,"39.96793026, -75.14343443",126515001-7070
2025,126515001,8293,5160,516,421899007502,Penn Treaty School,District,SDP K12 Schools,Middle-High,Catchment,5,"39.97272711, -75.12787008",126515001-8293
2025,126515001,7175,5170,517,421899007229,Julia de Burgos School,District,SDP K12 Schools,Elementary-Middle,Catchment,7,"39.99275164, -75.13862743",126515001-7175
2025,126515001,8440,5180,518,421899007661,Vaux High School,District,SDP K12 Schools,High,Catchment,5,"39.976325, -75.174186",126515001-8440
2025,126515001,7256,5200,520,421899006524,Alexander Adaire School,District,SDP K12 Schools,Elementary-Middle,Catchment,5,"39.97232661, -75.12930989",126515001-7256
2025,126515001,3684,5210,521,421899003684,Henry A. Brown School,District,SDP K12 Schools,Elementary-Middle,Catchment,1,"39.98661748, -75.12725674",126515001-3684
2025,126515001,6525,5230,523,421899006525,Russell H. Conwell School,District,SDP K12 Schools,Middle,Criteria-Based,7,"39.99471406, -75.11527383",126515001-6525
2025,126515001,3687,5250,525,421899003687,Paul L. Dunbar School,District,SDP K12 Schools,Elementary-Middle,Catchment,5,"39.97948773, -75.15416974",126515001-3687
2025,126515001,3688,5260,526,421899003688,Lewis Elkin School,District,SDP K12 Schools,Elementary,Catchment,7,"39.997018, -75.121274",126515001-3688
2025,126515001,5120,5300,530,421899005120,Horatio B. Hackett School,District,SDP K12 Schools,Elementary,Catchment,1,"39.98096374, -75.12685511",126515001-5120
2025,126515001,5125,5320,532,421899005125,John F. Hartranft School,District,SDP K12 Schools,Elementary-Middle,Catchment,5,"39.98942228, -75.14477741",126515001-5125
2025,126515001,3693,5330,533,421899003693,William H. Hunter School,District,SDP K12 Schools,Elementary-Middle,Catchment,7,"39.98725028, -75.13176356",126515001-3693
2025,126515001,3694,5340,534,421899003694,James R. Ludlow School,District,SDP K12 Schools,Elementary-Middle,Catchment,5,"39.972724, -75.145854",126515001-3694
2025,126515001,5293,5350,535,421899005293,William McKinley School,District,SDP K12 Schools,Elementary-Middle,Catchment,7,"39.9827686, -75.14165528",126515001-5293
2025,126515001,3697,5370,537,421899003697,John Moffet School,District,SDP K12 Schools,Elementary,Catchment,7,"39.97439362, -75.13498462",126515001-3697
2025,126515001,5121,5390,539,421899005121,Potter-Thomas School,District,SDP K12 Schools,Elementary-Middle,Catchment,7,"39.99690701, -75.14107646",126515001-5121
2025,126515001,3701,5400,540,421899003701,Richmond School,District,SDP K12 Schools,Elementary,Catchment,1,"39.983496, -75.110491",126515001-3701
2025,126515001,3702,5410,541,421899003702,Isaac A. Sheppard School,District,SDP K12 Schools,Elementary,Catchment,7,"39.993651, -75.131630",126515001-3702
2025,126515001,3703,5420,542,421899003703,John Welsh School,District,SDP K12 Schools,Elementary-Middle,Catchment,7,"39.98653438, -75.13941869",126515001-3703
2025,126515001,6823,5430,543,421899006823,Alternative Middle Years at James Martin,District,SDP K12 Schools,Middle,Citywide,6,"39.98529996, -75.09718185",126515001-6823
2025,126515001,6544,5440,544,421899006544,Frances E. Willard School,District,SDP K12 Schools,Elementary,Catchment,1,"39.993065, -75.115907",126515001-6544
2025,126515001,5123,5470,547,421899005123,William Cramp School,District,SDP K12 Schools,Elementary,Catchment,7,"40.00260657, -75.13036297",126515001-5123
2025,126515001,3645,5480,548,421899003645,General Philip Kearny School,District,SDP K12 Schools,Elementary-Middle,Catchment,5,"39.96385753, -75.14812935",126515001-3645
2025,126515001,7404,5490,549,421899000105,Cayuga School,District,SDP K12 Schools,Elementary,Catchment,7,"40.017826, -75.135246",126515001-7404
2025,126515001,7521,5500,550,421899000329,Thurgood Marshall School,District,SDP K12 Schools,Elementary-Middle,Catchment,8,"40.02938155, -75.13416332",126515001-7521
2025,126515001,7852,5520,552,421899000901,Kensington High School for Creative and Performing Arts,District,SDP K12 Schools,High,Catchment,7,"39.97794956, -75.1330532",126515001-7852
2025,126515001,3800,5530,553,421899003800,Gloria Casarez School,District,SDP K12 Schools,Elementary,Catchment,7,"39.99974725, -75.11478572",126515001-3800
2025,126515001,7855,5550,555,421899000907,Kensington Health Sciences Academy,District,SDP K12 Schools,High,Catchment,1,"39.985026, -75.128685",126515001-7855
2025,126515001,3655,5560,556,421899003655,Spring Garden School,District,SDP K12 Schools,Elementary-Middle,Catchment,5,"39.96516155, -75.15614042",126515001-3655
2025,126515001,8507,5580,,421899010028,John B. Stetson Middle School,District,SDP K12 Schools,Middle,Catchment,7,"39.99806894, -75.12546663",126515001-8507
2025,126515001,8507,5581,,,Stetson Middle School Continuation Academy,Contracted,Alternate Schools,Transition/Overage School,Alternative,7,"39.99899563872922, -75.12538317127905",126515001-8507
2025,126515001,5124,5590,559,421899005124,John H. Webster School,District,SDP K12 Schools,Elementary,Catchment,6,"39.996199, -75.104516",126515001-5124
2025,126515001,8332,5610,561,421899007534,Building 21,District,SDP K12 Schools,High,Citywide,9,"40.053631, -75.152481",126515001-8332
2025,126515001,8329,5620,562,421899007547,The U School,District,SDP K12 Schools,High,Citywide,5,"39.981983, -75.146256",126515001-8329
2025,126515001,8331,5660,566,421899007525,The LINC High School,District,SDP K12 Schools,High,Citywide,7,"40.006819, -75.129736",126515001-8331
2025,126515001,7522,5680,568,421899000331,Honorable Luis Munoz-Marin School,District,SDP K12 Schools,Elementary-Middle,Catchment,7,"40.00098011, -75.13538958",126515001-7522
2025,126515001,8388,5700,570,421899007598,Kensington High School,District,SDP K12 Schools,High,Catchment,1,"39.98483396, -75.12640188",126515001-8388
2025,126515001,3848,6010,601,421899003848,Central High School,District,SDP K12 Schools,High,Criteria-Based,8,"40.0372851, -75.15074825",126515001-3848
2025,126515001,3844,6030,603,421899003844,Roxborough High School,District,SDP K12 Schools,High,Catchment,4,"40.03802479, -75.22283357",126515001-3844
2025,126515001,3861,6040,604,421899003861,Walter B. Saul High School,District,SDP K12 Schools,High,Criteria-Based,4,"40.04902036, -75.21981676",126515001-3861
2025,126515001,3843,6050,605,421899003843,Philadelphia High School for Girls,District,SDP K12 Schools,High,Criteria-Based,8,"40.03898514, -75.14475989",126515001-3843
2025,126515001,6675,6060,606,421899006675,Martin Luther King High School,District,SDP K12 Schools,High,Catchment,8,"40.05756238, -75.16217184",126515001-6675
2025,126515001,7813,6090,609,421899000826,A. Philip Randolph Career and Technical High School,District,SDP K12 Schools,High,Citywide,4,"40.008504, -75.179609",126515001-7813
2025,126515001,3706,6200,620,421899003706,Anna B. Day School,District,SDP K12 Schools,Elementary-Middle,Catchment,8,"40.05840682, -75.16833464",126515001-3706
2025,126515001,3708,6210,621,421899003708,Franklin S. Edmonds School,District,SDP K12 Schools,Elementary-Middle,Catchment,9,"40.0717255, -75.1692495",126515001-3708
2025,126515001,3709,6220,622,421899003709,Eleanor C. Emlen School,District,SDP K12 Schools,Elementary,Catchment,8,"40.05436289, -75.17790573",126515001-3709
2025,126515001,6913,6230,623,421899006913,Fitler Academics Plus School,District,SDP K12 Schools,Elementary-Middle,Citywide,8,"40.02610052, -75.16633733",126515001-6913
2025,126515001,3712,6250,625,421899003712,Charles W. Henry School,District,SDP K12 Schools,Elementary-Middle,Catchment,8,"40.04625771, -75.19658776",126515001-3712
2025,126515001,3713,6260,626,421899003713,Henry H. Houston School,District,SDP K12 Schools,Elementary-Middle,Catchment,8,"40.059003, -75.195084",126515001-3713
2025,126515001,3714,6270,627,421899003714,John S. Jenks Academy for the Arts and Sciences,District,SDP K12 Schools,Elementary-Middle,Catchment,8,"40.07440887, -75.20356162",126515001-3714
2025,126515001,3718,6300,630,421899003718,James Logan School,District,SDP K12 Schools,Elementary,Catchment,8,"40.03085306, -75.15205995",126515001-3718
2025,126515001,3719,6310,631,421899003719,John F. McCloskey School,District,SDP K12 Schools,Elementary-Middle,Catchment,9,"40.08162668, -75.17533748",126515001-3719
2025,126515001,3720,6320,632,421899003720,Thomas Mifflin School,District,SDP K12 Schools,Elementary-Middle,Catchment,4,"40.01357043, -75.19128804",126515001-3720
2025,126515001,3722,6340,634,421899003722,Joseph Pennell School,District,SDP K12 Schools,Elementary,Catchment,8,"40.04351806, -75.15208663",126515001-3722
2025,126515001,6539,6350,635,421899006539,Samuel Pennypacker School,District,SDP K12 Schools,Elementary-Middle,Catchment,9,"40.06527032, -75.1597946",126515001-6539
2025,126515001,8296,6360,636,421899007477,Theodore Roosevelt School,District,SDP K12 Schools,Elementary-Middle,Catchment,8,"40.04856262, -75.17529079",126515001-8296
2025,126515001,3725,6380,638,421899003725,Shawmont School,District,SDP K12 Schools,Elementary-Middle,Catchment,4,"40.051478, -75.238543",126515001-3725
2025,126515001,3727,6390,639,421899003727,Edward T. Steel School,District,SDP K12 Schools,Elementary-Middle,Catchment,8,"40.01879502, -75.15689064",126515001-3727
2025,126515001,3728,6400,640,421899003728,Widener Memorial School,District,SDP Special Education,Elementary-Middle-High,Citywide,8,"40.036706, -75.146598",126515001-3728
2025,126515001,5122,6410,641,421899005122,Cook-Wissahickon School,District,SDP K12 Schools,Elementary-Middle,Catchment,4,"40.022472, -75.206802",126515001-5122
2025,126515001,3717,6440,644,421899003717,Anna L. Lingelbach School,District,SDP K12 Schools,Elementary-Middle,Catchment,8,"40.03708413, -75.18961364",126515001-3717
2025,126515001,3726,6450,645,421899003726,James Dobson School,District,SDP K12 Schools,Elementary-Middle,Catchment,4,"40.03147536, -75.23067163",126515001-3726
2025,126515001,7229,6460,646,421899003711,Hill-Freedman World Academy,District,SDP K12 Schools,Middle-High,Criteria-Based,9,"40.071311, -75.175303",126515001-7229
2025,126515001,5294,6470,647,421899005294,John B. Kelly School,District,SDP K12 Schools,Elementary,Catchment,8,"40.02479143, -75.1711868",126515001-5294
2025,126515001,7024,6480,648,421899007224,Academy for the Middle Years at Northwest,District,SDP K12 Schools,Middle,Criteria-Based,4,"40.03154543, -75.21317609",126515001-7024
2025,126515001,7811,6540,654,421899000824,Lankenau High School,District,SDP K12 Schools,High,Criteria-Based,4,"40.06153271, -75.25295594",126515001-7811
2025,126515001,3850,7010,701,421899003850,Frankford High School,District,SDP K12 Schools,High,Catchment,7,"40.021602, -75.084823",126515001-3850
2025,126515001,8508,7060,,421899010029,Olney High School,District,SDP K12 Schools,High,Catchment,8,"40.028772, -75.123808",126515001-8508
2025,126515001,8508,7061,,,Olney High School Continuation Academy,Contracted,Alternate Schools,Transition/Overage School,Alternative,8,"40.02911993503863, -75.12375171045558",126515001-8508
2025,126515001,7239,7100,710,421899003815,Jay Cooke School,District,SDP K12 Schools,Elementary-Middle,Catchment,8,"40.025526, -75.146074",126515001-7239
2025,126515001,7242,7110,711,421899003820,Warren G. Harding Middle School,District,SDP K12 Schools,Middle,Catchment,7,"40.01291694, -75.07456081",126515001-7242
2025,126515001,3816,7120,712,421899003816,Samuel Fels High School,District,SDP K12 Schools,High,Catchment,9,"40.03564646, -75.09109404",126515001-3816
2025,126515001,3835,7130,713,421899003835,General Louis Wagner School,District,SDP K12 Schools,Middle,Catchment,8,"40.05174748, -75.14767962",126515001-3835
2025,126515001,7963,7150,715,421899006123,Juniata Park Academy,District,SDP K12 Schools,Elementary-Middle,Catchment,7,"40.01284122, -75.11102921",126515001-7963
2025,126515001,3732,7200,720,421899003732,Clara Barton School,District,SDP K12 Schools,Elementary,Catchment,7,"40.0193401, -75.11950188",126515001-3732
2025,126515001,7230,7220,722,421899003734,Laura H. Carnell School,District,SDP K12 Schools,Elementary,Catchment,9,"40.038957, -75.084142",126515001-7230
2025,126515001,3738,7260,726,421899003738,Ellwood School,District,SDP K12 Schools,Elementary,Catchment,9,"40.05472609, -75.13894107",126515001-3738
2025,126515001,3739,7270,727,421899003739,Thomas K. Finletter School,District,SDP K12 Schools,Elementary-Middle,Catchment,9,"40.043608, -75.119176",126515001-3739
2025,126515001,7231,7280,728,421899010014,Benjamin Franklin Elementary School,District,SDP K12 Schools,Elementary-Middle,Catchment,9,"40.04215213, -75.10498859",126515001-7231
2025,126515001,4963,7290,729,421899004963,Allen M. Stearne School,District,SDP K12 Schools,Elementary-Middle,Catchment,7,"40.011752, -75.085112",126515001-4963
2025,126515001,3742,7300,730,421899003742,Francis Hopkinson School,District,SDP K12 Schools,Elementary-Middle,Catchment,7,"40.00771059, -75.10274511",126515001-3742
2025,126515001,3751,7310,731,421899003751,Feltonville Intermediate School,District,SDP K12 Schools,Elementary,Catchment,7,"40.02034002, -75.12102564",126515001-3751
2025,126515001,3743,7320,732,421899003743,Julia W. Howe School,District,SDP K12 Schools,Elementary,Catchment,9,"40.04113187, -75.14211131",126515001-3743
2025,126515001,3744,7330,733,421899003744,Henry W. Lawton School,District,SDP K12 Schools,Elementary,Catchment,6,"40.020648, -75.058976",126515001-3744
2025,126515001,7232,7350,735,421899003746,James R. Lowell School,District,SDP K12 Schools,Elementary,Catchment,9,"40.04086578, -75.12871963",126515001-7232
2025,126515001,3797,7360,736,421899003797,John Marshall School,District,SDP K12 Schools,Elementary,Catchment,7,"40.014546, -75.087158",126515001-3797
2025,126515001,7663,7370,737,421899000549,"Grover Washington, Jr. Middle School",District,SDP K12 Schools,Middle,Catchment,9,"40.035479, -75.117969",126515001-7663
2025,126515001,6534,7380,738,421899006534,Alexander K. McClure School,District,SDP K12 Schools,Elementary,Catchment,7,"40.015178, -75.137574",126515001-6534
2025,126515001,3749,7390,739,421899003749,Andrew J. Morrison School,District,SDP K12 Schools,Elementary-Middle,Catchment,8,"40.02843729, -75.12941126",126515001-3749
2025,126515001,3750,7400,740,421899003750,Olney Elementary School,District,SDP K12 Schools,Elementary-Middle,Catchment,9,"40.03058672, -75.12134354",126515001-3750
2025,126515001,3753,7430,743,421899003753,James J. Sullivan School,District,SDP K12 Schools,Elementary,Catchment,6,"40.01529786, -75.06706036",126515001-3753
2025,126515001,3755,7440,744,421899003755,Bayard Taylor School,District,SDP K12 Schools,Elementary,Catchment,7,"40.00753033, -75.13793972",126515001-3755
2025,126515001,7233,7460,746,421899003754,William H. Ziegler School,District,SDP K12 Schools,Elementary-Middle,Catchment,7,"40.03003725, -75.07570448",126515001-7233
2025,126515001,3745,7470,747,421899003745,Bridesburg School,District,SDP K12 Schools,Elementary-Middle,Catchment,6,"40.00030082, -75.06660471",126515001-3745
2025,126515001,6765,7490,749,421899006765,Prince Hall School,District,SDP K12 Schools,Elementary,Catchment,8,"40.04770742, -75.14956052",126515001-6765
2025,126515001,7368,7500,750,421899000054,Feltonville School of Arts and Sciences,District,SDP K12 Schools,Middle,Catchment,7,"40.019437, -75.121675",126515001-7368
2025,126515001,5183,7510,751,421899005183,Mary M. Bethune School,District,SDP K12 Schools,Elementary-Middle,Catchment,5,"40.00269526, -75.14872828",126515001-5183
2025,126515001,3724,7530,753,421899003724,William Rowen School,District,SDP K12 Schools,Elementary,Catchment,9,"40.05930676, -75.1486472",126515001-3724
2025,126515001,6767,7730,773,421899006767,Roberto Clemente School,District,SDP K12 Schools,Middle,Catchment,7,"40.006819, -75.129736",126515001-6767
2025,126515001,3845,8010,801,421899003845,Abraham Lincoln High School,District,SDP K12 Schools,High,Catchment,6,"40.04310838, -75.04479221",126515001-3845
2025,126515001,3855,8020,802,421899003855,Northeast High School,District,SDP K12 Schools,High,Catchment,10,"40.05564409, -75.07118355",126515001-3855
2025,126515001,6527,8030,803,421899006527,George Washington High School,District,SDP K12 Schools,High,Catchment,10,"40.10598577, -75.02723013",126515001-6527
2025,126515001,8039,8040,804,421899006904,Arts Academy at Rush High School,District,SDP K12 Schools,High,Criteria-Based,10,"40.08253275, -74.9752061",126515001-8039
2025,126515001,7072,8090,809,421899000572,Swenson Arts and Technology High School,District,SDP K12 Schools,High,Citywide,10,"40.0921093, -75.01398863",126515001-7072
2025,126515001,7253,8120,812,421899003836,Castor Gardens School,District,SDP K12 Schools,Middle,Catchment,9,"40.052367, -75.069086",126515001-7253
2025,126515001,8493,8130,,421899007703,Northeast Community Propel Academy,District,SDP K12 Schools,Elementary-Middle,Catchment,6,"40.045775289859506, -75.04413272617913",126515001-8493
2025,126515001,6824,8160,816,421899006824,Charles C.A. Baldi School,District,SDP K12 Schools,Middle,Catchment,10,"40.09331609, -75.05217234",126515001-6824
2025,126515001,3758,8200,820,421899003758,Ethan Allen School,District,SDP K12 Schools,Elementary-Middle,Catchment,6,"40.0294252, -75.06268841",126515001-3758
2025,126515001,6529,8210,821,421899006529,Joseph H. Brown School,District,SDP K12 Schools,Elementary-Middle,Catchment,6,"40.04392183, -75.02460195",126515001-6529
2025,126515001,3762,8230,823,421899003762,Kennedy C. Crossan School,District,SDP K12 Schools,Elementary,Catchment,10,"40.06144841, -75.08155085",126515001-3762
2025,126515001,3763,8240,824,421899003763,Hamilton Disston School,District,SDP K12 Schools,Elementary-Middle,Catchment,6,"40.02836911, -75.04658904",126515001-3763
2025,126515001,3764,8250,825,421899003764,Edwin Forrest School,District,SDP K12 Schools,Elementary,Catchment,6,"40.034440, -75.035891",126515001-3764
2025,126515001,3765,8260,826,421899003765,Fox Chase School,District,SDP K12 Schools,Elementary,Catchment,10,"40.076307, -75.082129",126515001-3765
2025,126515001,3766,8270,827,421899003766,Thomas Holme School,District,SDP K12 Schools,Elementary-Middle,Catchment,6,"40.054988, -75.008965",126515001-3766
2025,126515001,3769,8300,830,421899003769,Mayfair School,District,SDP K12 Schools,Elementary-Middle,Catchment,6,"40.03945436, -75.05339332",126515001-3769
2025,126515001,3770,8310,831,421899003770,J. Hampton Moore School,District,SDP K12 Schools,Elementary,Catchment,9,"40.049135, -75.076912",126515001-3770
2025,126515001,3773,8340,834,421899003773,Solomon Solis-Cohen School,District,SDP K12 Schools,Elementary,Catchment,6,"40.044644, -75.064725",126515001-3773
2025,126515001,7234,8350,835,421899003774,Gilbert Spruance School,District,SDP K12 Schools,Elementary-Middle,Catchment,7,"40.03756142, -75.07232936",126515001-7234
2025,126515001,3771,8360,836,421899003771,Rhawnhurst School,District,SDP K12 Schools,Elementary,Catchment,10,"40.05869601, -75.05898166",126515001-3771
2025,126515001,3760,8370,837,421899003760,Watson Comly School,District,SDP K12 Schools,Elementary,Catchment,10,"40.12096486, -75.0091088",126515001-3760
2025,126515001,7235,8380,838,421899003779,Louis H. Farrell School,District,SDP K12 Schools,Elementary-Middle,Catchment,10,"40.06657162, -75.05241476",126515001-7235
2025,126515001,3781,8390,839,421899003781,Aloysius L. Fitzpatrick School,District,SDP K12 Schools,Elementary-Middle,Catchment,10,"40.080306, -74.976529",126515001-3781
2025,126515001,3803,8400,840,421899003803,Anne Frank School,District,SDP K12 Schools,Elementary,Catchment,10,"40.088288, -75.028222",126515001-3803
2025,126515001,3801,8410,841,421899003801,Robert B. Pollock School,District,SDP K12 Schools,Elementary-Middle,Catchment,6,"40.0457222, -75.04414659999999",126515001-3801
2025,126515001,4727,8420,842,421899004727,Stephen Decatur School,District,SDP K12 Schools,Elementary-Middle,Catchment,10,"40.095818, -74.970535",126515001-4727
2025,126515001,4726,8430,843,421899004726,Joseph Greenberg School,District,SDP K12 Schools,Elementary-Middle,Catchment,10,"40.09608652, -75.05771102",126515001-4726
2025,126515001,4961,8440,844,421899004961,William H. Loesche School,District,SDP K12 Schools,Elementary,Catchment,10,"40.11358364, -75.02386784",126515001-4961
2025,126515001,8386,8460,846,421899007588,Philadelphia Learning Academy West,District,Alternate Schools,High,Alternative,3,"39.96971371, -75.21013521",126515001-8386
2025,126515001,8385,8470,847,421899007603,Philadelphia Learning Academy North,District,Alternate Schools,Middle-High,Alternative,7,"40.01425525, -75.12599679",126515001-8385
2025,126515001,8328,8560,856,421899007548,The Workshop High School,District,SDP K12 Schools,High,Citywide,3,"39.95530589, -75.21855329",126515001-8328
2025,126515001,5041,8770,877,421899005041,"Hancock, John Demonstration School",District,SDP K12 Schools,Elementary-Middle,Catchment,10,"40.06774728, -74.98842793",126515001-5041
2025,126515001,8298,8780,878,421899007506,Philadelphia Virtual Academy,District,Virtual,Elementary-Middle-High,Virtual,5,"39.96102159, -75.16264405",126515001-8298
2026,126515001,3847,1010,101,421899003847,John Bartram High School,District,SDP K12 Schools,High,Catchment,2,"39.92149737, -75.23405562",126515001-3847
2026,126515001,3860,1020,102,421899003860,West Philadelphia High School,District,SDP K12 Schools,High,Catchment,3,"39.95811, -75.219654",126515001-3860
2026,126515001,7903,1030,103,421899000993,High School of the Future,District,SDP K12 Schools,High,Citywide,4,"39.97465766, -75.2047566",126515001-7903
2026,126515001,7780,1050,105,421899000765,Paul Robeson High School for Human Services,District,SDP K12 Schools,High,Citywide,3,"39.95679553, -75.20476311",126515001-7780
2026,126515001,7245,1100,110,421899003825,William L. Sayre High School,District,SDP K12 Schools,High,Catchment,3,"39.95759354, -75.23859405",126515001-7245
2026,126515001,8297,1130,113,421899007496,William T. Tilden Middle School,District,SDP K12 Schools,Middle,Catchment,2,"39.92093619, -75.23227632",126515001-8297
2026,126515001,7815,1190,119,421899000830,Motivation High School,District,SDP K12 Schools,High,Criteria-Based,3,"39.94453199, -75.24184422",126515001-7815
2026,126515001,8029,1200,120,421899006869,John Barry School,District,SDP K12 Schools,Elementary-Middle,Catchment,4,"39.96437494, -75.23860376",126515001-8029
2026,126515001,3601,1230,123,421899003601,William C. Bryant School,District,SDP K12 Schools,Elementary-Middle,Catchment,3,"39.952687, -75.243691",126515001-3601
2026,126515001,3602,1250,125,421899003602,Joseph W. Catharine School,District,SDP K12 Schools,Elementary,Catchment,2,"39.927435, -75.239911",126515001-3602
2026,126515001,3782,1260,126,421899003782,Benjamin B. Comegys School,District,SDP K12 Schools,Elementary-Middle,Catchment,3,"39.94052, -75.216289",126515001-3782
2026,126515001,7706,1280,128,421899000619,Sadie T.M. Alexander UPenn Partnership School,District,SDP K12 Schools,Elementary-Middle,Catchment,3,"39.953099, -75.208187",126515001-7706
2026,126515001,5185,1290,129,421899005185,Andrew Hamilton School,District,SDP K12 Schools,Elementary-Middle,Catchment,3,"39.955438, -75.235543",126515001-5185
2026,126515001,6528,1300,130,421899006528,Avery D. Harrington School,District,SDP K12 Schools,Elementary-Middle,Catchment,3,"39.94736517, -75.23059508",126515001-6528
2026,126515001,6530,1340,134,421899006530,Henry C. Lea School,District,SDP K12 Schools,Elementary-Middle,Catchment,3,"39.954515, -75.216347",126515001-6530
2026,126515001,6533,1350,135,421899006533,William C. Longstreth School,District,SDP K12 Schools,Elementary-Middle,Catchment,3,"39.94090823, -75.23237316",126515001-6533
2026,126515001,3611,1360,136,421899003611,Morton McMichael School,District,SDP K12 Schools,Elementary-Middle,Catchment,3,"39.96619727, -75.19411487",126515001-3611
2026,126515001,3798,1370,137,421899003798,S. Weir Mitchell School,District,SDP K12 Schools,Elementary-Middle,Catchment,3,"39.93681427, -75.223291",126515001-3798
2026,126515001,6535,1380,138,421899006535,Thomas G. Morton School,District,SDP K12 Schools,Elementary,Catchment,2,"39.92346826, -75.22690015",126515001-6535
2026,126515001,3783,1390,139,421899003783,Samuel Powel School,District,SDP K12 Schools,Elementary,Catchment,3,"39.9579628, -75.1939177",126515001-3783
2026,126515001,3613,1400,140,421899003613,John M. Patterson School,District,SDP K12 Schools,Elementary,Catchment,2,"39.916095, -75.236762",126515001-3613
2026,126515001,3614,1410,141,421899003614,James Rhoads School,District,SDP K12 Schools,Elementary-Middle,Catchment,3,"39.967339, -75.220063",126515001-3614
2026,126515001,3615,1420,142,421899003615,Martha Washington School,District,SDP K12 Schools,Elementary-Middle,Catchment,3,"39.966206, -75.211179",126515001-3615
2026,126515001,3616,1440,144,421899003616,Penrose School,District,SDP K12 Schools,Elementary-Middle,Catchment,2,"39.90692358, -75.24865833",126515001-3616
2026,126515001,3804,1460,146,421899003804,Add B. Anderson School,District,SDP K12 Schools,Elementary-Middle,Catchment,3,"39.946726, -75.245717",126515001-3804
2026,126515001,4732,1470,147,421899004732,Alain Locke School,District,SDP K12 Schools,Elementary-Middle,Catchment,3,"39.96262376, -75.21245097",126515001-4732
2026,126515001,3663,1490,149,421899003663,Rudolph Blankenburg School,District,SDP K12 Schools,Elementary-Middle,Catchment,3,"39.97296312, -75.21388868",126515001-3663
2026,126515001,7022,1580,158,421899007223,Middle Years Alternative School,District,SDP K12 Schools,Middle,Citywide,3,"39.96425379, -75.21546704",126515001-7022
2026,126515001,3859,2000,200,421899003859,South Philadelphia High School,District,SDP K12 Schools,High,Catchment,1,"39.9238987, -75.1691065",126515001-3859
2026,126515001,3851,2010,201,421899003851,Benjamin Franklin High School,District,SDP K12 Schools,High,Catchment,5,"39.96353, -75.16164",126515001-3851
2026,126515001,6996,2020,202,421899006996,High School for Creative and Performing Arts,District,SDP K12 Schools,High,Criteria-Based,2,"39.93941992, -75.16548375",126515001-6996
2026,126515001,8387,2050,205,421899007592,Science Leadership Academy Middle School,District,SDP K12 Schools,Middle,Catchment,3,"39.9579628, -75.1939177",126515001-8387
2026,126515001,3808,2140,214,421899003808,Julia R. Masterman High School,District,SDP K12 Schools,Middle-High,Criteria-Based,5,"39.96320031, -75.16620758",126515001-3808
2026,126515001,3818,2160,216,421899003818,Horace Furness High School,District,SDP K12 Schools,High,Catchment,1,"39.923762, -75.150585",126515001-3818
2026,126515001,7226,2190,219,421899003639,D. Newlin Fell School,District,SDP K12 Schools,Elementary-Middle,Catchment,1,"39.91558638, -75.16300858",126515001-7226
2026,126515001,3618,2210,221,421899003618,Bache-Martin School,District,SDP K12 Schools,Elementary-Middle,Catchment,5,"39.96967782, -75.17384692",126515001-3618
2026,126515001,3620,2240,224,421899003620,F. Amedee Bregy School,District,SDP K12 Schools,Elementary-Middle,Catchment,2,"39.914699, -75.176674",126515001-3620
2026,126515001,3622,2260,226,421899003622,George W. Childs School,District,SDP K12 Schools,Elementary-Middle,Catchment,2,"39.934637, -75.170493",126515001-3622
2026,126515001,6822,2290,229,421899006822,Franklin Learning Center,District,SDP K12 Schools,High,Criteria-Based,5,"39.965049, -75.162753",126515001-6822
2026,126515001,9999,2310,231,,Achieve Academy of Philadelphia,Contracted,Alternate Schools,Transition/Overage School,Alternative,5,"39.978134, -75.177658",126515001-9999
2026,126515001,3776,2320,232,421899003776,Stephen Girard School,District,SDP K12 Schools,Elementary,Catchment,2,"39.925059, -75.176611",126515001-3776
2026,126515001,3648,2340,234,421899003648,General George A. McCall School,District,SDP K12 Schools,Elementary-Middle,Catchment,1,"39.944635, -75.15318",126515001-3648
2026,126515001,3629,2370,237,421899003629,Delaplaine McDaniel School,District,SDP K12 Schools,Elementary-Middle,Catchment,2,"39.929592, -75.181793",126515001-3629
2026,126515001,3649,2380,238,421899003649,William M. Meredith School,District,SDP K12 Schools,Elementary-Middle,Catchment,1,"39.93974936, -75.15113339",126515001-3649
2026,126515001,4868,2390,239,421899004868,Robert Morris School,District,SDP K12 Schools,Elementary-Middle,Catchment,5,"39.975439, -75.17866",126515001-4868
2026,126515001,7664,2410,241,421899000551,Girard Academic Music Program High School,District,SDP K12 Schools,Middle-High,Criteria-Based,2,"39.92210463, -75.18256439",126515001-7664
2026,126515001,3635,2450,245,421899003635,Edwin M. Stanton School,District,SDP K12 Schools,Elementary-Middle,Catchment,2,"39.940503, -75.171017",126515001-3635
2026,126515001,5186,2470,247,421899005186,Albert M. Greenfield School,District,SDP K12 Schools,Elementary-Middle,Catchment,2,"39.95227234, -75.17739206",126515001-5186
2026,126515001,3805,2480,248,421899003805,Marian Anderson Neighborhood Academy,District,SDP K12 Schools,Elementary-Middle,Catchment,2,"39.94190083, -75.17569882",126515001-3805
2026,126515001,7225,2490,249,421899003636,Laura W. Waring School,District,SDP K12 Schools,Elementary-Middle,Catchment,5,"39.96491939, -75.1677006",126515001-7225
2026,126515001,3642,2510,251,421899003642,Fanny Jackson Coppin School,District,SDP K12 Schools,Elementary-Middle,Catchment,1,"39.934623, -75.163481",126515001-3642
2026,126515001,7227,2520,252,421899003644,Abram S. Jenks School,District,SDP K12 Schools,Elementary,Catchment,1,"39.918773, -75.168367",126515001-7227
2026,126515001,9999,2530,253,,Philadelphia Juvenile Justice Services Center,District,Alternate Schools,Transition/Overage School,Alternative,3,"39.96136565, -75.21572624",126515001-9999
2026,126515001,7228,2540,254,421899003646,Francis S. Key School,District,SDP K12 Schools,Elementary,Catchment,1,"39.9213857, -75.1601961",126515001-7228
2026,126515001,3647,2580,258,421899003647,Eliza B. Kirkbride School,District,SDP K12 Schools,Elementary-Middle,Catchment,1,"39.93002, -75.156466",126515001-3647
2026,126515001,3650,2590,259,421899003650,George W. Nebinger School,District,SDP K12 Schools,Elementary-Middle,Catchment,1,"39.936694, -75.15383",126515001-3650
2026,126515001,7904,2620,262,421899000962,Academy at Palumbo,District,SDP K12 Schools,High,Criteria-Based,2,"39.94019787, -75.16194915",126515001-7904
2026,126515001,3653,2630,263,421899003653,George W. Sharswood School,District,SDP K12 Schools,Elementary-Middle,Catchment,1,"39.91935714, -75.15055053",126515001-3653
2026,126515001,3654,2640,264,421899003654,Southwark School,District,SDP K12 Schools,Elementary-Middle,Catchment,1,"39.92637775, -75.16053168",126515001-3654
2026,126515001,7906,2650,265,421899000923,Science Leadership Academy High School,District,SDP K12 Schools,High,Criteria-Based,5,"39.963701, -75.162516",126515001-7906
2026,126515001,7905,2670,267,421899001010,Constitution High School,District,SDP K12 Schools,High,Citywide,1,"39.950252, -75.152336",126515001-7905
2026,126515001,8330,2680,268,421899007524,The Science Leadership Academy at Beeber High School,District,SDP K12 Schools,Middle-High,Criteria-Based,4,"39.98610221, -75.24192008",126515001-8330
2026,126515001,3657,2690,269,421899003657,John H. Taggart School,District,SDP K12 Schools,Elementary-Middle,Catchment,1,"39.91721223, -75.15452237",126515001-3657
2026,126515001,8294,2720,272,421899007511,Vare-Washington School,District,SDP K12 Schools,Elementary-Middle,Catchment,1,"39.93427949, -75.15252649",126515001-8294
2026,126515001,9999,3040,304,,Excel Middle Years Academy,Contracted,Alternate Schools,Transition/Overage School,Alternative,5,"39.99074371, -75.18402464",126515001-9999
2026,126515001,9999,3190,319,,Crossroads at Hunting Park,District,Alternate Schools,Transition/Overage School,Alternative,7,"40.01425525, -75.12599679",126515001-9999
2026,126515001,9999,3210,321,,Ben Franklin High School EOP,District,Alternate Schools,Transition/Overage School,Alternative,5,"39.962909, -75.15921",126515001-9999
2026,326510730,0,3240,324,,The Fortis Program,Contracted,Alternate Schools,Transition/Overage School,Alternative,7,"39.994204, -75.111842",326510730-0
2026,126515001,9999,3290,329,,Excel Academy South,Contracted,Alternate Schools,Transition/Overage School,Alternative,7,"40.02608143, -75.10251944",126515001-9999
2026,126512840,7510,3301,W01,420001300318,Community Academy of Philadelphia Charter School,Charter,Charter Schools,Elementary-Middle-High,Citywide,7,"40.00538049, -75.10735613",126512840-7510
2026,126512850,7511,3302,W02,420001400319,Harambee Institute of Science and Technology Charter School,Charter,Charter Schools,Elementary-Middle,Citywide,4,"39.97309111, -75.25171974",126512850-7511
2026,126512870,7513,3304,W04,420001600324,YouthBuild Philadelphia Charter School,Charter,Charter Schools,High,Citywide,5,"39.97290649, -75.15863287",126512870-7513
2026,126513160,7575,3306,W06,420005200489,Christopher Columbus Charter School,Charter,Charter Schools,Elementary-Middle,Citywide,1,"39.93894574, -75.15824752",126513160-7575
2026,126513100,7564,3307,W07,420004300405,Eugenio Maria De Hostos Charter School,Charter,Charter Schools,Elementary-Middle,Citywide,9,"40.04655012, -75.12324994",126513100-7564
2026,126513070,7557,3308,W08,420004200404,Inquiry Charter School,Charter,Charter Schools,Elementary,Citywide,3,"39.97475234, -75.21252924",126513070-7557
2026,126512980,7542,3309,W09,420003800393,Imhotep Institute Charter High School,Charter,Charter Schools,High,Citywide,8,"40.049427, -75.154717",126512980-7542
2026,126513110,7565,3310,W10,420004400406,Laboratory Charter School of Communication and Languages,Charter,Charter Schools,Elementary-Middle,Citywide,5,"40.001404, -75.145662",126513110-7565
2026,126513000,7546,3312,W12,420004000399,Multicultural Academy Charter School,Charter,Charter Schools,High,Citywide,5,"40.01112725, -75.15073123",126513000-7546
2026,126512960,7540,3313,W13,420003600391,"Preparatory Charter School of Mathematics, Science, Technology and Careers",Charter,Charter Schools,High,Citywide,2,"39.92845355, -75.18665686",126512960-7540
2026,126513020,7548,3314,W14,420004100403,West Oak Lane Charter School,Charter,Charter Schools,Elementary-Middle,Citywide,9,"40.05936358, -75.16363798",126513020-7548
2026,126512990,7543,3315,W15,420003900398,Alliance For Progress Charter School,Charter,Charter Schools,Elementary-Middle,Citywide,5,"39.979731, -75.165471",126512990-7543
2026,126513270,7586,3318,W18,420006000502,Freire Charter School,Charter,Charter Schools,Middle-High,Citywide,5,"39.95247289, -75.17442259",126513270-7586
2026,126513280,7587,3322,W22,420006100503,Philadelphia Academy Charter School,Charter,Charter Schools,Elementary-Middle-High,Citywide,10,"40.10358436, -75.01109307",126513280-7587
2026,126513290,7588,3323,W23,420006200504,Mastery Charter School at Hardy Williams,Charter,Charter Schools,Elementary-Middle-High,Citywide,3,"39.941562, -75.226447",126513290-7588
2026,126513210,7580,3326,W26,420005500495,Universal Institute Charter School,Charter,Charter Schools,Elementary-Middle,Citywide,2,"39.940931, -75.16794",126513210-7580
2026,126513150,7574,3328,W28,420005100488,"Mathematics, Science, and Technology Community Charter School (MaST)",Charter,Charter Schools,Elementary-Middle-High,Citywide,10,"40.113832, -75.005658",126513150-7574
2026,126513250,7584,3329,W29,420005800500,Young Scholars Charter School,Charter,Charter Schools,Middle,Citywide,5,"39.96734659, -75.14799661",126513250-7584
2026,126513450,7666,3331,W31,420007700554,Franklin Towne Charter High School,Charter,Charter Schools,High,Citywide,6,"40.007337, -75.066611",126513450-7666
2026,126513480,7672,3332,W32,420007900564,Mariana Bracetti Academy Charter School,Charter,Charter Schools,Elementary-Middle-High,Citywide,6,"40.005757, -75.094146",126513480-7672
2026,126513440,7665,3333,W33,420007600552,Esperanza Academy Charter School,Charter,Charter Schools,Elementary-Middle-High,Citywide,7,"40.01478539, -75.13232396",126513440-7665
2026,126513420,7649,3334,W34,420007500531,New Foundations Charter School,Charter,Charter Schools,Elementary-Middle-High,Citywide,6,"40.03507, -75.024187",126513420-7649
2026,126510004,7685,3335,W35,420008500586,People for People Charter School,Charter,Charter Schools,Elementary-Middle-High,Citywide,5,"39.96810141, -75.16067477",126510004-7685
2026,126513400,7647,3336,W36,420007400529,Philadelphia Performing Arts Charter School,Charter,Charter Schools,Elementary-Middle-High,Citywide,2,"39.91777662, -75.17166577",126513400-7647
2026,126513380,7639,3337,W37,420007300515,Global Leadership Academy Charter School,Charter,Charter Schools,Elementary-Middle,Citywide,4,"39.97335953, -75.2154352",126513380-7639
2026,126513510,7683,3341,W41,420008700584,Independence Charter School,Charter,Charter Schools,Elementary-Middle,Citywide,2,"39.94496682, -75.16855598",126513510-7683
2026,126514864,8358,3353,W53,420088607568,KIPP DuBois Charter School,Charter,Charter Schools,High,Citywide,4,"39.98043019, -75.22085032",126514864-8358
2026,126510006,7722,3357,W57,420010500657,West Philadelphia Achievement Charter School,Charter,Charter Schools,Elementary,Citywide,4,"39.970667, -75.254111",126510006-7722
2026,126510009,7737,3358,W58,420010700678,Philadelphia Electrical and Technology Charter High School,Charter,Charter Schools,High,Citywide,5,"39.9566589, -75.1681729",126510009-7737
2026,126510008,7684,3359,W59,420008600585,Richard Allen Preparatory Charter School,Charter,Charter Schools,Middle,Citywide,3,"39.92809187, -75.21926743",126510008-7684
2026,126510001,7677,3360,W60,420009200577,Russell Byers Charter School,Charter,Charter Schools,Elementary-Middle,Citywide,5,"39.95594922, -75.17155064",126510001-7677
2026,126510002,7678,3361,W61,420008400578,Mastery Charter High School,Charter,Charter Schools,Middle-High,Citywide,1,"39.94950579, -75.14734776",126510002-7678
2026,126510007,7724,3362,W62,420010600659,Wissahickon Charter School,Charter,Charter Schools,Elementary-Middle,Citywide,4,"40.01537246, -75.17405347",126510007-7724
2026,100510000,7744,3364,W64,420009300687,First Philadelphia Preparatory Charter School,Charter,Charter Schools,Elementary-Middle-High,Citywide,7,"40.00719991, -75.08240619",100510000-7744
2026,126510005,7748,3365,W65,420010400690,Green Woods Charter School,Charter,Charter Schools,Elementary-Middle,Citywide,4,"40.04416378, -75.23385852",126510005-7748
2026,126510014,7777,3366,W66,420012300759,Maritime Academy Charter School,Charter,Charter Schools,Elementary-Middle-High,Citywide,6,"40.007862, -75.068318",126510014-7777
2026,126510010,7750,3368,W68,420010800692,Belmont Elementary Charter School,Charter,Charter Schools,Elementary-Middle-High,Catchment,3,"39.96696484, -75.20487093",126510010-7750
2026,126510013,7776,3370,W70,420012200758,KIPP Philadelphia Charter School,Charter,Charter Schools,Elementary-Middle,Citywide,5,"39.992038, -75.158039",126510013-7776
2026,126510011,7775,3372,W72,420012100757,The Jacquelyn Y. Kelley Discovery Charter School,Charter,Charter Schools,Elementary-Middle,Citywide,4,"39.97770823, -75.21350485",126510011-7775
2026,126510016,7828,3378,W78,420013000849,Philadelphia Montessori Charter School,Charter,Charter Schools,Elementary,Citywide,2,"39.91656437, -75.24515327",126510016-7828
2026,126510015,7825,3379,W79,420012900846,Ad Prima Charter School,Charter,Charter Schools,Elementary-Middle,Citywide,4,"39.984296, -75.24786",126510015-7825
2026,126510022,7909,3383,W83,420014500944,Mastery Charter School at Shoemaker,Charter,Charter Schools,Middle-High,Citywide,4,"39.975799, -75.228437",126510022-7909
2026,126510021,7857,3384,W84,420014100897,Folk Arts-Cultural Treasures Charter School,Charter,Charter Schools,Elementary-Middle,Citywide,1,"39.95885103, -75.15551365",126510021-7857
2026,126510023,7910,3385,W85,420014400925,Mastery Charter School at Thomas Campus,Charter,Charter Schools,Elementary-Middle-High,Citywide,1,"39.91454096, -75.16358831",126510023-7910
2026,126510019,7856,3386,W86,420013900894,Northwood Academy Charter School,Charter,Charter Schools,Elementary-Middle,Citywide,7,"40.02015006, -75.09523811",126510019-7856
2026,185515523,7981,3388,W88,420076006107,Boys' Latin of Philadelphia Charter School,Charter,Charter Schools,Middle-High,Citywide,3,"39.95172558, -75.23374851",185515523-7981
2026,182514568,7979,3389,W89,420076206103,Keystone Academy Charter School,Charter,Charter Schools,Elementary-Middle,Citywide,6,"40.021916, -75.045089",182514568-7979
2026,108515107,7960,3392,W92,420075806112,Southwest Leadership Academy Charter School,Charter,Charter Schools,Elementary-Middle,Citywide,2,"39.918099, -75.2426",108515107-7960
2026,151514721,7961,3393,W93,420076106025,Mastery Charter School at Pickett,Charter,Charter Schools,Middle-High,Citywide,8,"40.03187441, -75.18087124",151514721-7961
2026,173515368,7985,3394,W94,420081006871,Pan American Academy Charter School,Charter,Charter Schools,Elementary-Middle,Citywide,7,"39.99428061, -75.13614883",173515368-7985
2026,104510394,8031,3395,W95,420081306909,Antonia Pantoja Charter School,Charter,Charter Schools,Elementary-Middle,Citywide,7,"40.01300525, -75.13136564",104510394-8031
2026,114514135,8083,3399,W99,420081606948,Sankofa Freedom Academy Charter School,Charter,Charter Schools,Elementary-Middle-High,Citywide,1,"39.987082, -75.128641",114514135-8083
2026,147513703,8123,3403,X03,420081706985,Franklin Towne Charter Elementary School,Charter,Charter Schools,Elementary-Middle,Citywide,6,"39.99551599, -75.07472434",147513703-8123
2026,192518422,8126,3404,X04,420082106962,Tacony Academy Charter School,Charter,Charter Schools,Elementary-Middle-High,Citywide,10,"40.06684222, -75.06598353",192518422-8126
2026,126516457,8153,3407,X07,420082807351,Mastery Charter School at Harrity,Charter,Charter Schools,Elementary-Middle,Catchment,3,"39.94852458, -75.23548525",126516457-8153
2026,126519433,8152,3408,X08,420083107367,Mastery Charter School at Mann,Charter,Charter Schools,Elementary,Catchment,4,"39.98590147, -75.2313266",126519433-8152
2026,126517286,8151,3409,X09,420082907358,Mastery Charter School at Smedley,Charter,Charter Schools,Elementary,Catchment,7,"40.019786, -75.073892",126517286-8151
2026,126518547,8150,3412,X12,420083007365,Mastery Charter School at Douglass,Charter,Charter Schools,Elementary-Middle,Catchment,5,"39.98461532, -75.16846267",126518547-8150
2026,126511748,8208,3415,X15,420084007400,Mastery Charter School at Clymer,Charter,Charter Schools,Elementary,Catchment,5,"39.99565934, -75.15034419",126511748-8208
2026,126513734,8207,3416,X16,420085107414,Mastery Charter School at Gratz,Charter,Charter Schools,Middle-High,Catchment,8,"40.01453965, -75.15660685",126513734-8207
2026,126519434,8195,3417,X17,420085607402,Universal Charter School at Audenried,Charter,Charter Schools,High,Catchment,2,"39.933737, -75.19859",126519434-8195
2026,126513415,8196,3418,X18,420085507421,Universal Charter School at Vare,Charter,Charter Schools,Middle,Catchment,2,"39.925837, -75.185707",126513415-8196
2026,126519476,8206,3419,X19,420085007405,General David B. Birney Charter School,Charter,Charter Schools,Elementary-Middle,Catchment,8,"40.02954904, -75.13883269",126519476-8206
2026,126519644,8259,3420,,420086207474,Mastery Charter School at Cleveland,Charter,Charter Schools,Elementary-Middle,Catchment,8,"40.01027824, -75.15908455",126519644-8259
2026,126517442,8251,3421,X21,420086607457,Universal Charter School at Creighton,Charter,Charter Schools,Elementary-Middle,Catchment,9,"40.03404277, -75.10586492",126517442-8251
2026,126515691,8252,3422,X22,420086307473,The Philadelphia Charter School for Arts and Sciences,Charter,Charter Schools,Elementary-Middle,Catchment,7,"40.02423246, -75.08599631",126515691-8252
2026,126519392,8257,3423,X23,420087007454,Memphis Street Academy Charter School at J.P. Jones,Charter,Charter Schools,Middle,Catchment,1,"39.98588986, -75.11285949",126519392-8257
2026,126512674,8287,3424,X24,420087207491,Universal Charter School at Alcorn,Charter,Charter Schools,Elementary-Middle,Catchment,2,"39.935499, -75.197771",126512674-8287
2026,126518795,8288,3426,,420087407515,Mastery Charter School at Pastorius,Charter,Charter Schools,Elementary-Middle,Catchment,8,"40.048208, -75.161424",126518795-8288
2026,126518118,8365,3427,X27,420088907599,Mastery Charter School at Wister,Charter,Charter Schools,Elementary,Catchment,8,"40.03288146, -75.16672063",126518118-8365
2026,126518004,8390,3428,X28,420089207595,Global Leadership Academy Charter School Southwest at Huey,Charter,Charter Schools,Elementary-Middle,Catchment,3,"39.95332691, -75.22685833",126518004-8390
2026,126515362,8499,3436,,428939510030,KIPP Octavius Catto Charter School,Charter,Charter Schools,Elementary,Citywide,3,"39.959724, -75.21459105",126515362-8499
2026,126514059,8431,3437,X37,420090107660,KIPP North Philadelphia Charter School,Charter,Charter Schools,Elementary,Citywide,5,"39.99193, -75.158212",126514059-8431
2026,126516724,8425,3438,X38,420089907663,Deep Roots Charter School,Charter,Charter Schools,Elementary,Citywide,6,"39.998066, -75.101664",126516724-8425
2026,126517643,8427,3439,X39,420090007662,Mastery Prep Elementary Charter School,Charter,Charter Schools,Elementary,Citywide,8,"40.013457, -75.156128",126517643-8427
2026,126513117,8360,3440,X40,420089107602,MaST Community Charter School II,Charter,Charter Schools,Elementary-High,Citywide,6,"40.017476, -75.044372",126513117-8360
2026,126511530,8359,3441,X41,420089507589,TECH Freire Charter School,Charter,Charter Schools,High,Citywide,5,"39.986869, -75.155669",126511530-8359
2026,126512039,8361,3442,X42,420089307600,Impact Charter School West,Charter,Charter Schools,Elementary-Middle,Citywide,3,"39.93731366, -75.22614036",126512039-8361
2026,126515492,8363,3443,X43,420088807590,KIPP West Philadelphia Charter School,Charter,Charter Schools,Elementary,Citywide,3,"39.94453199, -75.24184422",126515492-8363
2026,126511624,8453,3445,X45,420090307674,MAST Community Charter School III,Charter,Charter Schools,Elementary,Citywide,10,"40.109575, -74.991671",126511624-8453
2026,126510929,8454,3446,X46,420090207673,Philadelphia Hebrew Public Charter School,Charter,Charter Schools,Elementary,Citywide,4,"40.012045, -75.184376",126510929-8454
2026,126515001,9999,3510,351,,El Centro de Estudiantes,Contracted,Alternate Schools,Transition/Overage School,Alternative,6,"39.99560895, -75.10661699",126515001-9999
2026,126515001,9999,3810,381,,One Bright Ray - Elmwood,Contracted,Alternate Schools,Transition/Overage School,Alternative,2,"39.92251591, -75.22908493",126515001-9999
2026,126515001,9999,3820,382,,Achieve Academy of Philadelphia - East Campus,Contracted,Alternate Schools,Transition/Overage School,Alternative,7,"40.01425525, -75.12599679",126515001-9999
2026,126515001,9999,3850,385,,Northeast High School EOP,District,Alternate Schools,Transition/Overage School,Alternative,10,"40.055681, -75.071168",126515001-9999
2026,126515001,9999,3880,388,,South Philadelphia High School EOP,District,Alternate Schools,Transition/Overage School,Alternative,1,"39.9238987, -75.1691065",126515001-9999
2026,126515001,3857,4020,402,421899003857,Overbrook High School,District,SDP K12 Schools,High,Catchment,4,"39.981028, -75.238556",126515001-3857
2026,126515001,7023,4030,403,421899007023,Carver High School of Engineering and Science,District,SDP K12 Schools,Middle-High,Criteria-Based,5,"39.98341809, -75.16127789",126515001-7023
2026,126515001,3841,4060,406,421899003841,Murrell Dobbins Career and Technical High School,District,SDP K12 Schools,High,Citywide,5,"39.9954293, -75.16679334",126515001-3841
2026,126515001,7255,4140,414,421899003839,Strawberry Mansion High School,District,SDP K12 Schools,High,Catchment,5,"39.99074371, -75.18402464",126515001-7255
2026,126515001,3662,4220,422,421899003662,James G. Blaine School,District,SDP K12 Schools,Elementary-Middle,Catchment,5,"39.98521297, -75.18293887",126515001-3662
2026,126515001,3664,4240,424,421899003664,Lewis C. Cassidy Academics Plus School,District,SDP K12 Schools,Elementary-Middle,Catchment,4,"39.97551874, -75.25077443",126515001-3664
2026,126515001,3786,4270,427,421899003786,William Dick School,District,SDP K12 Schools,Elementary-Middle,Catchment,5,"39.98673, -75.173787",126515001-3786
2026,126515001,3668,4280,428,421899003668,Samuel Gompers School,District,SDP K12 Schools,Elementary-Middle,Catchment,4,"39.99205763, -75.23754028",126515001-3668
2026,126515001,5187,4300,430,421899005187,Edward Heston School,District,SDP K12 Schools,Elementary-Middle,Catchment,4,"39.977852, -75.229727",126515001-5187
2026,126515001,3670,4320,432,421899003670,Robert E. Lamberton School,District,SDP K12 Schools,Elementary-Middle,Catchment,4,"39.975465, -75.266329",126515001-3670
2026,126515001,8292,4350,435,421899007517,E. Washington Rhodes School,District,SDP K12 Schools,Elementary-Middle,Catchment,4,"40.00275594, -75.17812979",126515001-8292
2026,126515001,8389,4360,436,421899007593,Kenderton School,District,SDP K12 Schools,Elementary-Middle,Catchment,8,"40.00494, -75.154241",126515001-8389
2026,126515001,7472,4370,437,421899000237,Overbrook Elementary School,District,SDP K12 Schools,Elementary-Middle,Catchment,4,"39.98225806, -75.24584611",126515001-7472
2026,126515001,3675,4380,438,421899003675,Thomas M. Peirce School,District,SDP K12 Schools,Elementary,Catchment,8,"39.998839, -75.168424",126515001-3675
2026,126515001,5292,4440,444,421899005292,Dr. Ethel Allen School,District,SDP K12 Schools,Elementary-Middle,Catchment,5,"39.99757697, -75.18345963",126515001-5292
2026,126515001,5040,4460,446,421899005040,Tanner G. Duckrey School,District,SDP K12 Schools,Elementary-Middle,Catchment,5,"39.98520302, -75.15830107",126515001-5040
2026,126515001,5188,4470,447,421899005188,Richard R. Wright School,District,SDP K12 Schools,Elementary,Catchment,5,"39.99043963, -75.17699812",126515001-5188
2026,126515001,6960,4480,448,421899006960,Overbrook Educational Center,District,SDP K12 Schools,Elementary-Middle,Citywide,4,"39.97429952, -75.25401239",126515001-6960
2026,126515001,8515,4520,,421899010043,Guion S. Bluford School,District,SDP K12 Schools,Elementary-Middle,Catchment,4,"39.97381132, -75.23583173",126515001-8515
2026,126515001,3625,4530,453,421899003625,Edward Gideon School,District,SDP K12 Schools,Elementary-Middle,Catchment,5,"39.98447594, -75.18016456",126515001-3625
2026,126515001,3626,4560,456,421899003626,William D. Kelley School,District,SDP K12 Schools,Elementary-Middle,Catchment,5,"39.98039173, -75.18032689",126515001-3626
2026,126515001,3630,4570,457,421899003630,General George G. Meade School,District,SDP K12 Schools,Elementary-Middle,Catchment,5,"39.978587, -75.164718",126515001-3630
2026,126515001,3849,5020,502,421899003849,Thomas A. Edison High School,District,SDP K12 Schools,High,Catchment,7,"40.01116485, -75.12863791",126515001-3849
2026,126515001,7850,5050,505,421899000899,Philadelphia Military Academy,District,SDP K12 Schools,High,Citywide,5,"39.98470959, -75.15443401",126515001-7850
2026,126515001,3842,5060,506,421899003842,Jules E. Mastbaum Area Vocational Technical High School,District,SDP K12 Schools,High,Citywide,1,"39.99214686, -75.11213573",126515001-3842
2026,126515001,6548,5070,507,421899006548,Parkway Northwest High School,District,SDP K12 Schools,High,Criteria-Based,8,"40.05664074, -75.16457453",126515001-6548
2026,126515001,7782,5080,508,421899000771,Parkway Center City Middle College High School,District,SDP K12 Schools,High,Criteria-Based,5,"39.96300501, -75.1592865",126515001-7782
2026,126515001,7808,5090,509,421899000821,Parkway West High School,District,SDP K12 Schools,High,Criteria-Based,3,"39.96425379, -75.21546704",126515001-7808
2026,126515001,7070,5150,515,421899007225,William W. Bodine High School,District,SDP K12 Schools,High,Criteria-Based,1,"39.96793026, -75.14343443",126515001-7070
2026,126515001,8293,5160,516,421899007502,Penn Treaty School,District,SDP K12 Schools,Middle-High,Catchment,5,"39.97272711, -75.12787008",126515001-8293
2026,126515001,7175,5170,517,421899007229,Julia de Burgos School,District,SDP K12 Schools,Elementary-Middle,Catchment,7,"39.99275164, -75.13862743",126515001-7175
2026,126515001,8440,5180,518,421899007661,Vaux High School,District,SDP K12 Schools,High,Catchment,5,"39.976325, -75.174186",126515001-8440
2026,126515001,7256,5200,520,421899006524,Alexander Adaire School,District,SDP K12 Schools,Elementary-Middle,Catchment,5,"39.97232661, -75.12930989",126515001-7256
2026,126515001,3684,5210,521,421899003684,Henry A. Brown School,District,SDP K12 Schools,Elementary-Middle,Catchment,1,"39.98661748, -75.12725674",126515001-3684
2026,126515001,6525,5230,523,421899006525,Russell H. Conwell School,District,SDP K12 Schools,Middle,Criteria-Based,7,"39.99471406, -75.11527383",126515001-6525
2026,126515001,3687,5250,525,421899003687,Paul L. Dunbar School,District,SDP K12 Schools,Elementary-Middle,Catchment,5,"39.97948773, -75.15416974",126515001-3687
2026,126515001,3688,5260,526,421899003688,Lewis Elkin School,District,SDP K12 Schools,Elementary,Catchment,7,"39.997018, -75.121274",126515001-3688
2026,126515001,5120,5300,530,421899005120,Horatio B. Hackett School,District,SDP K12 Schools,Elementary,Catchment,1,"39.98096374, -75.12685511",126515001-5120
2026,126515001,5125,5320,532,421899005125,John F. Hartranft School,District,SDP K12 Schools,Elementary-Middle,Catchment,5,"39.98942228, -75.14477741",126515001-5125
2026,126515001,3693,5330,533,421899003693,William H. Hunter School,District,SDP K12 Schools,Elementary-Middle,Catchment,7,"39.98725028, -75.13176356",126515001-3693
2026,126515001,3694,5340,534,421899003694,James R. Ludlow School,District,SDP K12 Schools,Elementary-Middle,Catchment,5,"39.972724, -75.145854",126515001-3694
2026,126515001,5293,5350,535,421899005293,William McKinley School,District,SDP K12 Schools,Elementary-Middle,Catchment,7,"39.9827686, -75.14165528",126515001-5293
2026,126515001,3697,5370,537,421899003697,John Moffet School,District,SDP K12 Schools,Elementary,Catchment,7,"39.97439362, -75.13498462",126515001-3697
2026,126515001,5121,5390,539,421899005121,Potter-Thomas School,District,SDP K12 Schools,Elementary-Middle,Catchment,7,"39.99690701, -75.14107646",126515001-5121
2026,126515001,3701,5400,540,421899003701,Richmond School,District,SDP K12 Schools,Elementary,Catchment,1,"39.983496, -75.110491",126515001-3701
2026,126515001,3702,5410,541,421899003702,Isaac A. Sheppard School,District,SDP K12 Schools,Elementary,Catchment,7,"39.993651, -75.13163",126515001-3702
2026,126515001,3703,5420,542,421899003703,John Welsh School,District,SDP K12 Schools,Elementary-Middle,Catchment,7,"39.98653438, -75.13941869",126515001-3703
2026,126515001,6823,5430,543,421899006823,Alternative Middle Years at James Martin,District,SDP K12 Schools,Middle,Citywide,6,"39.98529996, -75.09718185",126515001-6823
2026,126515001,6544,5440,544,421899006544,Frances E. Willard School,District,SDP K12 Schools,Elementary,Catchment,1,"39.993065, -75.115907",126515001-6544
2026,126515001,5123,5470,547,421899005123,William Cramp School,District,SDP K12 Schools,Elementary,Catchment,7,"40.00260657, -75.13036297",126515001-5123
2026,126515001,3645,5480,548,421899003645,General Philip Kearny School,District,SDP K12 Schools,Elementary-Middle,Catchment,5,"39.96385753, -75.14812935",126515001-3645
2026,126515001,7404,5490,549,421899000105,Cayuga School,District,SDP K12 Schools,Elementary,Catchment,7,"40.017826, -75.135246",126515001-7404
2026,126515001,7521,5500,550,421899000329,Thurgood Marshall School,District,SDP K12 Schools,Elementary-Middle,Catchment,8,"40.02938155, -75.13416332",126515001-7521
2026,126515001,7852,5520,552,421899000901,Kensington High School for Creative and Performing Arts,District,SDP K12 Schools,High,Catchment,7,"39.97794956, -75.1330532",126515001-7852
2026,126515001,3800,5530,553,421899003800,Gloria Casarez School,District,SDP K12 Schools,Elementary,Catchment,7,"39.99974725, -75.11478572",126515001-3800
2026,126515001,7855,5550,555,421899000907,Kensington Health Sciences Academy,District,SDP K12 Schools,High,Catchment,1,"39.985026, -75.128685",126515001-7855
2026,126515001,3655,5560,556,421899003655,Spring Garden School,District,SDP K12 Schools,Elementary-Middle,Catchment,5,"39.96516155, -75.15614042",126515001-3655
2026,126515001,8507,5580,,421899010028,John B. Stetson Middle School,District,SDP K12 Schools,Middle,Catchment,7,"39.99806894, -75.12546663",126515001-8507
2026,126515001,8507,5581,,,Stetson Middle School Continuation Academy,Contracted,Alternate Schools,Transition/Overage School,Alternative,7,"39.99899564, -75.12538317",126515001-8507
2026,126515001,5124,5590,559,421899005124,John H. Webster School,District,SDP K12 Schools,Elementary,Catchment,6,"39.996199, -75.104516",126515001-5124
2026,126515001,8332,5610,561,421899007534,Building 21,District,SDP K12 Schools,High,Citywide,9,"40.053631, -75.152481",126515001-8332
2026,126515001,8329,5620,562,421899007547,The U School,District,SDP K12 Schools,High,Citywide,5,"39.981983, -75.146256",126515001-8329
2026,126515001,8331,5660,566,421899007525,The LINC High School,District,SDP K12 Schools,High,Citywide,7,"40.006819, -75.129736",126515001-8331
2026,126515001,7522,5680,568,421899000331,Honorable Luis Munoz-Marin School,District,SDP K12 Schools,Elementary-Middle,Catchment,7,"40.00098011, -75.13538958",126515001-7522
2026,126515001,8388,5700,570,421899007598,Kensington High School,District,SDP K12 Schools,High,Catchment,1,"39.98483396, -75.12640188",126515001-8388
2026,126515001,3848,6010,601,421899003848,Central High School,District,SDP K12 Schools,High,Criteria-Based,8,"40.0372851, -75.15074825",126515001-3848
2026,126515001,3844,6030,603,421899003844,Roxborough High School,District,SDP K12 Schools,High,Catchment,4,"40.03802479, -75.22283357",126515001-3844
2026,126515001,3861,6040,604,421899003861,Walter B. Saul High School,District,SDP K12 Schools,High,Criteria-Based,4,"40.04902036, -75.21981676",126515001-3861
2026,126515001,3843,6050,605,421899003843,Philadelphia High School for Girls,District,SDP K12 Schools,High,Criteria-Based,8,"40.0383142, -75.1460556",126515001-3843
2026,126515001,6675,6060,606,421899006675,Martin Luther King High School,District,SDP K12 Schools,High,Catchment,8,"40.05756238, -75.16217184",126515001-6675
2026,126515001,7813,6090,609,421899000826,A. Philip Randolph Career and Technical High School,District,SDP K12 Schools,High,Citywide,4,"40.008504, -75.179609",126515001-7813
2026,126515001,3706,6200,620,421899003706,Anna B. Day School,District,SDP K12 Schools,Elementary-Middle,Catchment,8,"40.05840682, -75.16833464",126515001-3706
2026,126515001,3708,6210,621,421899003708,Franklin S. Edmonds School,District,SDP K12 Schools,Elementary-Middle,Catchment,9,"40.0717255, -75.1692495",126515001-3708
2026,126515001,3709,6220,622,421899003709,Eleanor C. Emlen School,District,SDP K12 Schools,Elementary,Catchment,8,"40.05436289, -75.17790573",126515001-3709
2026,126515001,6913,6230,623,421899006913,Fitler Academics Plus School,District,SDP K12 Schools,Elementary-Middle,Citywide,8,"40.02610052, -75.16633733",126515001-6913
2026,126515001,3712,6250,625,421899003712,Charles W. Henry School,District,SDP K12 Schools,Elementary-Middle,Catchment,8,"40.04625771, -75.19658776",126515001-3712
2026,126515001,3713,6260,626,421899003713,Henry H. Houston School,District,SDP K12 Schools,Elementary-Middle,Catchment,8,"40.059003, -75.195084",126515001-3713
2026,126515001,3714,6270,627,421899003714,John S. Jenks Academy for the Arts and Sciences,District,SDP K12 Schools,Elementary-Middle,Catchment,8,"40.07440887, -75.20356162",126515001-3714
2026,126515001,3718,6300,630,421899003718,James Logan School,District,SDP K12 Schools,Elementary,Catchment,8,"40.03085306, -75.15205995",126515001-3718
2026,126515001,3719,6310,631,421899003719,John F. McCloskey School,District,SDP K12 Schools,Elementary-Middle,Catchment,9,"40.08162668, -75.17533748",126515001-3719
2026,126515001,3720,6320,632,421899003720,Thomas Mifflin School,District,SDP K12 Schools,Elementary-Middle,Catchment,4,"40.01357043, -75.19128804",126515001-3720
2026,126515001,3722,6340,634,421899003722,Joseph Pennell School,District,SDP K12 Schools,Elementary,Catchment,8,"40.04351806, -75.15208663",126515001-3722
2026,126515001,6539,6350,635,421899006539,Samuel Pennypacker School,District,SDP K12 Schools,Elementary-Middle,Catchment,9,"40.06527032, -75.1597946",126515001-6539
2026,126515001,8296,6360,636,421899007477,Theodore Roosevelt School,District,SDP K12 Schools,Elementary-Middle,Catchment,8,"40.04856262, -75.17529079",126515001-8296
2026,126515001,3725,6380,638,421899003725,Shawmont School,District,SDP K12 Schools,Elementary-Middle,Catchment,4,"40.051478, -75.238543",126515001-3725
2026,126515001,3727,6390,639,421899003727,Edward T. Steel School,District,SDP K12 Schools,Elementary-Middle,Catchment,8,"40.01879502, -75.15689064",126515001-3727
2026,126515001,3728,6400,640,421899003728,Widener Memorial School,District,SDP Special Education,Elementary-Middle-High,Citywide,8,"40.036706, -75.146598",126515001-3728
2026,126515001,5122,6410,641,421899005122,Cook-Wissahickon School,District,SDP K12 Schools,Elementary-Middle,Catchment,4,"40.022472, -75.206802",126515001-5122
2026,126515001,3717,6440,644,421899003717,Anna L. Lingelbach School,District,SDP K12 Schools,Elementary-Middle,Catchment,8,"40.03708413, -75.18961364",126515001-3717
2026,126515001,3726,6450,645,421899003726,James Dobson School,District,SDP K12 Schools,Elementary-Middle,Catchment,4,"40.03147536, -75.23067163",126515001-3726
2026,126515001,7229,6460,646,421899003711,Hill-Freedman World Academy,District,SDP K12 Schools,Middle-High,Criteria-Based,9,"40.071311, -75.175303",126515001-7229
2026,126515001,5294,6470,647,421899005294,John B. Kelly School,District,SDP K12 Schools,Elementary,Catchment,8,"40.02479143, -75.1711868",126515001-5294
2026,126515001,7024,6480,648,421899007224,Academy for the Middle Years at Northwest,District,SDP K12 Schools,Middle,Criteria-Based,4,"40.03154543, -75.21317609",126515001-7024
2026,126515001,7811,6540,654,421899000824,Lankenau High School,District,SDP K12 Schools,High,Criteria-Based,4,"40.06153271, -75.25295594",126515001-7811
2026,126515001,3850,7010,701,421899003850,Frankford High School,District,SDP K12 Schools,High,Catchment,7,"40.021602, -75.084823",126515001-3850
2026,126515001,8508,7060,,421899010029,Olney High School,District,SDP K12 Schools,High,Catchment,8,"40.028772, -75.123808",126515001-8508
2026,126515001,8508,7061,,,Olney High School Continuation Academy,Contracted,Alternate Schools,Transition/Overage School,Alternative,8,"40.02911994, -75.12375171",126515001-8508
2026,126515001,7239,7100,710,421899003815,Jay Cooke School,District,SDP K12 Schools,Elementary-Middle,Catchment,8,"40.025526, -75.146074",126515001-7239
2026,126515001,7242,7110,711,421899003820,Warren G. Harding Middle School,District,SDP K12 Schools,Middle,Catchment,7,"40.01291694, -75.07456081",126515001-7242
2026,126515001,3816,7120,712,421899003816,Samuel Fels High School,District,SDP K12 Schools,High,Catchment,9,"40.03564646, -75.09109404",126515001-3816
2026,126515001,3835,7130,713,421899003835,General Louis Wagner School,District,SDP K12 Schools,Middle,Catchment,8,"40.05174748, -75.14767962",126515001-3835
2026,126515001,7963,7150,715,421899006123,Juniata Park Academy,District,SDP K12 Schools,Elementary-Middle,Catchment,7,"40.01284122, -75.11102921",126515001-7963
2026,126515001,3732,7200,720,421899003732,Clara Barton School,District,SDP K12 Schools,Elementary,Catchment,7,"40.0193401, -75.11950188",126515001-3732
2026,126515001,7230,7220,722,421899003734,Laura H. Carnell School,District,SDP K12 Schools,Elementary,Catchment,9,"40.038957, -75.084142",126515001-7230
2026,126515001,3738,7260,726,421899003738,Ellwood School,District,SDP K12 Schools,Elementary,Catchment,9,"40.05472609, -75.13894107",126515001-3738
2026,126515001,3739,7270,727,421899003739,Thomas K. Finletter School,District,SDP K12 Schools,Elementary-Middle,Catchment,9,"40.043608, -75.119176",126515001-3739
2026,126515001,7231,7280,728,421899010014,Benjamin Franklin Elementary School,District,SDP K12 Schools,Elementary-Middle,Catchment,9,"40.04215213, -75.10498859",126515001-7231
2026,126515001,4963,7290,729,421899004963,Allen M. Stearne School,District,SDP K12 Schools,Elementary-Middle,Catchment,7,"40.011752, -75.085112",126515001-4963
2026,126515001,3742,7300,730,421899003742,Francis Hopkinson School,District,SDP K12 Schools,Elementary-Middle,Catchment,7,"40.00771059, -75.10274511",126515001-3742
2026,126515001,3751,7310,731,421899003751,Feltonville Intermediate School,District,SDP K12 Schools,Elementary,Catchment,7,"40.02034002, -75.12102564",126515001-3751
2026,126515001,3743,7320,732,421899003743,Julia W. Howe School,District,SDP K12 Schools,Elementary,Catchment,9,"40.04113187, -75.14211131",126515001-3743
2026,126515001,3744,7330,733,421899003744,Henry W. Lawton School,District,SDP K12 Schools,Elementary,Catchment,6,"40.020648, -75.058976",126515001-3744
2026,126515001,7232,7350,735,421899003746,James R. Lowell School,District,SDP K12 Schools,Elementary,Catchment,9,"40.04086578, -75.12871963",126515001-7232
2026,126515001,3797,7360,736,421899003797,John Marshall School,District,SDP K12 Schools,Elementary,Catchment,7,"40.014546, -75.087158",126515001-3797
2026,126515001,7663,7370,737,421899000549,"Grover Washington, Jr. Middle School",District,SDP K12 Schools,Middle,Catchment,9,"40.035479, -75.117969",126515001-7663
2026,126515001,6534,7380,738,421899006534,Alexander K. McClure School,District,SDP K12 Schools,Elementary,Catchment,7,"40.015178, -75.137574",126515001-6534
2026,126515001,3749,7390,739,421899003749,Andrew J. Morrison School,District,SDP K12 Schools,Elementary-Middle,Catchment,8,"40.02843729, -75.12941126",126515001-3749
2026,126515001,3750,7400,740,421899003750,Olney Elementary School,District,SDP K12 Schools,Elementary-Middle,Catchment,9,"40.03058672, -75.12134354",126515001-3750
2026,126515001,3753,7430,743,421899003753,James J. Sullivan School,District,SDP K12 Schools,Elementary,Catchment,6,"40.01529786, -75.06706036",126515001-3753
2026,126515001,3755,7440,744,421899003755,Bayard Taylor School,District,SDP K12 Schools,Elementary,Catchment,7,"40.00753033, -75.13793972",126515001-3755
2026,126515001,7233,7460,746,421899003754,William H. Ziegler School,District,SDP K12 Schools,Elementary-Middle,Catchment,7,"40.03003725, -75.07570448",126515001-7233
2026,126515001,3745,7470,747,421899003745,Bridesburg School,District,SDP K12 Schools,Elementary-Middle,Catchment,6,"40.00030082, -75.06660471",126515001-3745
2026,126515001,6765,7490,749,421899006765,Prince Hall School,District,SDP K12 Schools,Elementary,Catchment,8,"40.04770742, -75.14956052",126515001-6765
2026,126515001,7368,7500,750,421899000054,Feltonville School of Arts and Sciences,District,SDP K12 Schools,Middle,Catchment,7,"40.019437, -75.121675",126515001-7368
2026,126515001,5183,7510,751,421899005183,Mary M. Bethune School,District,SDP K12 Schools,Elementary-Middle,Catchment,5,"40.00269526, -75.14872828",126515001-5183
2026,126515001,3724,7530,753,421899003724,William Rowen School,District,SDP K12 Schools,Elementary,Catchment,9,"40.05930676, -75.1486472",126515001-3724
2026,126515001,6767,7730,773,421899006767,Roberto Clemente Middle School,District,SDP K12 Schools,Middle,Catchment,7,"40.006819, -75.129736",126515001-6767
2026,126515001,3845,8010,801,421899003845,Abraham Lincoln High School,District,SDP K12 Schools,High,Catchment,6,"40.04310838, -75.04479221",126515001-3845
2026,126515001,3855,8020,802,421899003855,Northeast High School,District,SDP K12 Schools,High,Catchment,10,"40.05564409, -75.07118355",126515001-3855
2026,126515001,6527,8030,803,421899006527,George Washington High School,District,SDP K12 Schools,High,Catchment,10,"40.10598577, -75.02723013",126515001-6527
2026,126515001,8039,8040,804,421899006904,Arts Academy at Benjamin Rush,District,SDP K12 Schools,High,Criteria-Based,10,"40.08253275, -74.9752061",126515001-8039
2026,126515001,9999,8070,807,,OIC Career and Academic Development Institute,Contracted,Alternate Schools,Transition/Overage School,Alternative,1,"39.958322, -75.144801",126515001-9999
2026,126515001,9999,8080,808,,Excel Academy North,Contracted,Alternate Schools,Transition/Overage School,Alternative,5,"39.978134, -75.177658",126515001-9999
2026,126515001,7072,8090,809,421899000572,Swenson Arts and Technology High School,District,SDP K12 Schools,High,Citywide,10,"40.0921093, -75.01398863",126515001-7072
2026,126515001,9999,8100,810,,Gateway to College - Community College of Philadelphia,Contracted,Alternate Schools,Transition/Overage School,Alternative,5,"39.9629017, -75.16627046",126515001-9999
2026,126515001,7253,8120,812,421899003836,Castor Gardens Middle School,District,SDP K12 Schools,Middle,Catchment,9,"40.052367, -75.069086",126515001-7253
2026,126515001,8493,8130,,421899007703,Northeast Community Propel Academy,District,SDP K12 Schools,Elementary-Middle,Catchment,6,"40.04577529, -75.04413273",126515001-8493
2026,126515001,6824,8160,816,421899006824,Charles C.A. Baldi Middle School,District,SDP K12 Schools,Middle,Catchment,10,"40.09331609, -75.05217234",126515001-6824
2026,126515001,9999,8190,819,,One Bright Ray - Fairhill,Contracted,Alternate Schools,Transition/Overage School,Alternative,7,"39.99376434, -75.13801882",126515001-9999
2026,126515001,3758,8200,820,421899003758,Ethan Allen School,District,SDP K12 Schools,Elementary-Middle,Catchment,6,"40.0294252, -75.06268841",126515001-3758
2026,126515001,6529,8210,821,421899006529,Joseph H. Brown School,District,SDP K12 Schools,Elementary-Middle,Catchment,6,"40.04392183, -75.02460195",126515001-6529
2026,126515001,3762,8230,823,421899003762,Kennedy C. Crossan School,District,SDP K12 Schools,Elementary,Catchment,10,"40.06144841, -75.08155085",126515001-3762
2026,126515001,3763,8240,824,421899003763,Hamilton Disston School,District,SDP K12 Schools,Elementary-Middle,Catchment,6,"40.02836911, -75.04658904",126515001-3763
2026,126515001,3764,8250,825,421899003764,Edwin Forrest School,District,SDP K12 Schools,Elementary,Catchment,6,"40.03444, -75.035891",126515001-3764
2026,126515001,3765,8260,826,421899003765,Fox Chase School,District,SDP K12 Schools,Elementary,Catchment,10,"40.076307, -75.082129",126515001-3765
2026,126515001,3766,8270,827,421899003766,Thomas Holme School,District,SDP K12 Schools,Elementary-Middle,Catchment,6,"40.04649, -75.04517",126515001-3766
2026,126515001,3769,8300,830,421899003769,Mayfair School,District,SDP K12 Schools,Elementary-Middle,Catchment,6,"40.03945436, -75.05339332",126515001-3769
2026,126515001,3770,8310,831,421899003770,J. Hampton Moore School,District,SDP K12 Schools,Elementary,Catchment,9,"40.049135, -75.076912",126515001-3770
2026,126515001,3773,8340,834,421899003773,Solomon Solis-Cohen School,District,SDP K12 Schools,Elementary,Catchment,6,"40.044644, -75.064725",126515001-3773
2026,126515001,7234,8350,835,421899003774,Gilbert Spruance School,District,SDP K12 Schools,Elementary-Middle,Catchment,7,"40.03756142, -75.07232936",126515001-7234
2026,126515001,3771,8360,836,421899003771,Rhawnhurst School,District,SDP K12 Schools,Elementary,Catchment,10,"40.05869601, -75.05898166",126515001-3771
2026,126515001,3760,8370,837,421899003760,Watson Comly School,District,SDP K12 Schools,Elementary,Catchment,10,"40.12096486, -75.0091088",126515001-3760
2026,126515001,7235,8380,838,421899003779,Louis H. Farrell School,District,SDP K12 Schools,Elementary-Middle,Catchment,10,"40.06657162, -75.05241476",126515001-7235
2026,126515001,3781,8390,839,421899003781,Aloysius L. Fitzpatrick School,District,SDP K12 Schools,Elementary-Middle,Catchment,10,"40.080306, -74.976529",126515001-3781
2026,126515001,3803,8400,840,421899003803,Anne Frank School,District,SDP K12 Schools,Elementary,Catchment,10,"40.088288, -75.028222",126515001-3803
2026,126515001,3801,8410,841,421899003801,Robert B. Pollock School,District,SDP K12 Schools,Elementary-Middle,Catchment,6,"40.0457222, -75.0441466",126515001-3801
2026,126515001,4727,8420,842,421899004727,Stephen Decatur School,District,SDP K12 Schools,Elementary-Middle,Catchment,10,"40.095818, -74.970535",126515001-4727
2026,126515001,4726,8430,843,421899004726,Joseph Greenberg School,District,SDP K12 Schools,Elementary-Middle,Catchment,10,"40.09608652, -75.05771102",126515001-4726
2026,126515001,4961,8440,844,421899004961,William H. Loesche School,District,SDP K12 Schools,Elementary,Catchment,10,"40.11358364, -75.02386784",126515001-4961
2026,126515001,9999,8450,845,,YESPhilly,Contracted,Alternate Schools,Transition/Overage School,Alternative,5,"39.9944643, -75.1541276",126515001-9999
2026,126515001,8386,8460,846,421899007588,Philadelphia Learning Academy West,District,Alternate Schools,Transition/Overage School,Alternative,3,"39.96971371, -75.21013521",126515001-8386
2026,126515001,8385,8470,847,421899007603,Philadelphia Learning Academy North,District,Alternate Schools,Transition/Overage School,Alternative,7,"40.01425525, -75.12599679",126515001-8385
2026,126515001,9999,8540,854,,Pennypack House School,District,Alternate Schools,Transition/Overage School,Alternative,6,"40.032021, -75.019689",126515001-9999
2026,126515001,8328,8560,856,421899007548,The Workshop High School,District,SDP K12 Schools,High,Citywide,3,"39.95530589, -75.21855329",126515001-8328
2026,126515001,9999,8690,869,,Crossroads Accelerated Academy,District,Alternate Schools,Transition/Overage School,Alternative,3,"39.96971371, -75.21013521",126515001-9999
2026,126515001,5041,8770,877,421899005041,"Hancock, John Demonstration School",District,SDP K12 Schools,Elementary-Middle,Catchment,10,"40.06774728, -74.98842793",126515001-5041
2026,126515001,8298,8780,878,421899007506,Philadelphia Virtual Academy,District,Virtual,Elementary-Middle-High,Virtual,5,"39.96102159, -75.16264405",126515001-8298
2026,126515001,9999,8860,886,,One Bright Ray - Mansion,Contracted,Alternate Schools,Transition/Overage School,Alternative,5,"39.99074371, -75.18402464",126515001-9999
2026,126515001,9999,8870,887,,One Bright Ray - Mansion Evening,Contracted,Alternate Schools,Transition/Overage School,Alternative,5,"39.99074371, -75.18402464",126515001-9999
2026,126515001,9999,8890,889,,One Bright Ray - Simpson,Contracted,Alternate Schools,Transition/Overage School,Alternative,7,"40.00528, -75.10560096",126515001-9999
2026,126515001,9999,8891,,,One Bright Ray - Simpson Evening,Contracted,Alternate Schools,Transition/Overage School,Alternative,7,"40.00526093, -75.10560837",126515001-9999
2026,126515001,9999,8900,890,,Re-Engagement Center,District,Alternate Schools,Transition/Overage School,Alternative,5,"39.96102159, -75.16264405",126515001-9999
